-0.416938365,1.09554327,0.800000012,0,0,-0.73625356,0.676705778,-0.0996530578,-0.0011549854,0.00121834967,0.29883799,-0.188273892,-6.54515679e-05,-0.0996949598,0.00476152869,0.0012335591,0.299302578,-0.189785972,-0.000138935226,-0.000504884985,0.000717626361,0.00293808896,0.205678344,0.196357355,0.00498800911,0.890152633,0.207732186,-0.197022587,-0.00239024148,0.888173282
-0.416938365,1.09554327,0.799727559,-0.000579908723,9.879141e-05,-0.736256719,0.676702082,-0.099306114,-0.00230997079,0.00243669935,0.297675997,-0.176547796,-0.000130903136,-0.0993899181,0.00952305738,0.0024671182,0.298605174,-0.179571956,-0.000277870451,-0.00100976997,0.00143525272,0.00587617792,0.21135667,0.192714706,0.00997601822,0.880305231,0.215464383,-0.194045171,-0.00478048297,0.876346529
-0.416938365,1.09554327,0.799455166,-0.00115981721,0.000197582791,-0.736259639,0.676698148,-0.0989591703,-0.0034649563,0.00365504902,0.296514004,-0.164821699,-0.000196354711,-0.0990848765,0.0142845856,0.00370067731,0.29790774,-0.169357926,-0.000416805677,-0.00151465496,0.00215287902,0.00881426688,0.21703501,0.189072073,0.0149640264,0.870457888,0.223196566,-0.191067755,-0.00717072422,0.864519835
-0.416938365,1.09554327,0.799182773,-0.00173972535,0.000296374084,-0.736262321,0.676693976,-0.0986122265,-0.00461994158,0.00487339869,0.295352012,-0.153095588,-0.000261806272,-0.0987798274,0.0190461148,0.00493423641,0.297210336,-0.15914391,-0.000555740902,-0.00201953994,0.00287050544,0.0117523558,0.222713351,0.185429424,0.0199520364,0.860610485,0.230928764,-0.188090354,-0.00956096593,0.852693081
-0.416938365,1.09554327,0.79891032,-0.0023196328,0.000395165291,-0.736264706,0.676689565,-0.0982652828,-0.00577492686,0.00609174836,0.294190019,-0.141369492,-0.000327257847,-0.0984747857,0.023807643,0.00616779551,0.296512902,-0.148929879,-0.000694676128,-0.00252442504,0.00358813163,0.0146904448,0.228391692,0.181786776,0.0249400456,0.850763083,0.238660946,-0.185112938,-0.0119512072,0.840866327
-0.416938365,1.09554327,0.798637927,-0.00289953966,0.000493956381,-0.736266851,0.676684916,-0.0979183316,-0.0069299126,0.00731009804,0.293028027,-0.129643396,-0.000392709422,-0.098169744,0.0285691712,0.00740135461,0.295815498,-0.138715848,-0.000833611353,-0.00302930991,0.00430575805,0.0176285338,0.234070033,0.178144127,0.0299280528,0.84091574,0.246393144,-0.182135522,-0.0143414484,0.829039633
-0.416938365,1.09554327,0.798365533,-0.00347944535,0.000592747238,-0.736268699,0.676680088,-0.0975713879,-0.00808489788,0.00852844771,0.291866004,-0.117917284,-0.000458160997,-0.0978647023,0.0333307013,0.00863491371,0.295118093,-0.128501832,-0.000972546579,-0.00353419501,0.00502338447,0.0205666218,0.239748359,0.174501494,0.0349160619,0.831068337,0.254125327,-0.179158106,-0.0167316906,0.81721288
-0.416938365,1.09554327,0.798093081,-0.00405934965,0.000691537978,-0.736270368,0.676674962,-0.0972244442,-0.00923988316,0.00974679738,0.290704012,-0.106191188,-0.000523612543,-0.0975596607,0.0380922295,0.00986847281,0.29442066,-0.118287802,-0.0011114818,-0.00403907988,0.00574101089,0.0235047117,0.2454267,0.170858845,0.0399040729,0.821220934,0.26185751,-0.176180705,-0.0191219319,0.805386126
-0.416938365,1.09554327,0.797820687,-0.00463925302,0.000790328428,-0.736271739,0.676669657,-0.0968775004,-0.0103948684,0.0109651471,0.289542019,-0.0944650844,-0.000589064148,-0.097254619,0.0428537577,0.0111020319,0.293723255,-0.108073778,-0.00125041709,-0.00454396475,0.0064586373,0.0264427997,0.25110504,0.167216197,0.0448920801,0.811373591,0.269589722,-0.17320329,-0.0215121731,0.793559432
-0.416938365,1.09554327,0.797548294,-0.00521915453,0.000889118586,-0.736272871,0.676664054,-0.0965305567,-0.0115498537,0.0121834967,0.288380027,-0.0827389807,-0.000654515694,-0.0969495773,0.047615286,0.012335591,0.293025821,-0.0978597552,-0.00138935226,-0.00504885009,0.00717626326,0.0293808896,0.256783366,0.163573563,0.0498800911,0.801526189,0.277321905,-0.170225874,-0.0239024144,0.781732678
-0.416938365,1.09554327,0.797275841,-0.00579905417,0.000987908454,-0.736273706,0.676658273,-0.0961836129,-0.012704839,0.0134018464,0.287218034,-0.0710128769,-0.000719967298,-0.0966445357,0.0523768142,0.0135691501,0.292328417,-0.0876457319,-0.00152828754,-0.00555373495,0.00789389014,0.0323189758,0.262461722,0.159930915,0.0548680983,0.791678846,0.285054088,-0.167248458,-0.0262926556,0.769905984
-0.416938365,1.09554327,0.797003448,-0.00637895195,0.00108669803,-0.736274302,0.676652253,-0.0958366692,-0.0138598252,0.0146201961,0.286056012,-0.0592867769,-0.000785418844,-0.096339494,0.0571383424,0.0148027092,0.291630983,-0.0774317086,-0.00166722271,-0.00605861982,0.0086115161,0.0352570675,0.268140048,0.156288266,0.0598561056,0.781831443,0.29278627,-0.164271042,-0.0286828969,0.758079231
-0.416938365,1.09554327,0.796731055,-0.0069588474,0.00118548714,-0.73627466,0.676645994,-0.0954897255,-0.0150148105,0.0158385467,0.284894019,-0.0475606732,-0.00085087039,-0.0960344523,0.0618998706,0.0160362683,0.290933579,-0.0672176853,-0.00180615799,-0.00656350469,0.00932914205,0.0381951556,0.273818403,0.152645618,0.0648441166,0.771984041,0.300518483,-0.161293641,-0.0310731381,0.746252477
-0.416938365,1.09554327,0.796458602,-0.00753874052,0.0012842759,-0.736274779,0.676639438,-0.0951427817,-0.0161697958,0.0170568954,0.283732027,-0.0358345732,-0.000916321995,-0.0957294106,0.0666614026,0.0172698274,0.290236145,-0.0570036583,-0.00194509316,-0.00706839003,0.0100467689,0.0411332436,0.279496729,0.149002984,0.0698321238,0.762136698,0.308250666,-0.158316225,-0.0334633812,0.734425783
-0.416938365,1.09554327,0.796186209,-0.00811863039,0.0013830642,-0.73627466,0.676632702,-0.094795838,-0.017324781,0.018275246,0.282570034,-0.0241084713,-0.000981773599,-0.0954243615,0.0714229271,0.0185033865,0.289538741,-0.046789635,-0.00208402844,-0.0075732749,0.0107643949,0.0440713316,0.285175055,0.145360336,0.0748201311,0.752289295,0.315982848,-0.155338809,-0.0358536206,0.72259903
-0.416938365,1.09554327,0.795913815,-0.00869851839,0.00148185203,-0.736274242,0.676625729,-0.0944488943,-0.0184797663,0.0194935948,0.281408042,-0.0123823686,-0.00104722509,-0.0951193199,0.076184459,0.0197369456,0.288841337,-0.036575608,-0.00222296361,-0.00807815976,0.0114820218,0.0470094234,0.290853411,0.141717687,0.0798081458,0.742441893,0.323715031,-0.152361393,-0.0382438637,0.710772276
-0.416938365,1.09554327,0.795641363,-0.00927840266,0.00158063928,-0.736273587,0.676618516,-0.0941019505,-0.0196347516,0.0207119454,0.280246049,-0.00065626693,-0.00111267669,-0.0948142782,0.0809459835,0.0209705047,0.288143903,-0.0263615847,-0.00236189878,-0.00858304463,0.0121996477,0.0499475114,0.296531737,0.138075054,0.084796153,0.73259455,0.331447244,-0.149383977,-0.0406341031,0.698945582
-0.416938365,1.09554327,0.795368969,-0.00985828415,0.00167942606,-0.736272633,0.676611125,-0.0937550068,-0.0207897369,0.0219302941,0.279084027,0.0110698352,-0.0011781283,-0.0945092365,0.0857075155,0.0222040638,0.287446499,-0.0161475614,-0.00250083418,-0.0090879295,0.0129172746,0.0528855994,0.302210093,0.134432405,0.0897841603,0.722747147,0.339179426,-0.146406576,-0.0430243462,0.687118828
-0.416938365,1.09554327,0.795096576,-0.0104381628,0.00177821226,-0.736271501,0.676603436,-0.0934080631,-0.0219447222,0.0231486447,0.277922034,0.0227959361,-0.00124357978,-0.0942041948,0.09046904,0.0234376229,0.286749065,-0.00593353622,-0.00263976934,-0.00959281437,0.0136349006,0.0558236875,0.307888418,0.130789757,0.0947721675,0.712899804,0.346911609,-0.14342916,-0.0454145856,0.675292134
-0.416938365,1.09554327,0.794824123,-0.0110180369,0.00187699776,-0.73627007,0.676595509,-0.0930611193,-0.0230997074,0.0243669935,0.276760042,0.034522038,-0.00130903139,-0.0938991532,0.0952305719,0.024671182,0.286051661,0.00428048801,-0.00277870451,-0.0100977002,0.0143525265,0.0587617792,0.313566774,0.127147108,0.0997601822,0.703052402,0.354643792,-0.140451744,-0.0478048287,0.663465381
-0.416938365,1.09554327,0.79455173,-0.0115979072,0.00197578268,-0.736268342,0.676587403,-0.0927141756,-0.0242546927,0.0255853441,0.275598049,0.0462481417,-0.00137448299,-0.0935941115,0.0999921039,0.0259047411,0.285354227,0.0144945122,-0.00291763968,-0.010602585,0.0150701534,0.0616998672,0.3192451,0.123504467,0.104748189,0.693204999,0.362376004,-0.137474328,-0.0501950718,0.651638627
-0.416938365,1.09554327,0.794279337,-0.0121777738,0.0020745669,-0.736266434,0.676578999,-0.0923672318,-0.025409678,0.0268036928,0.274436057,0.0579742417,-0.0014399346,-0.0932890698,0.104753628,0.0271383002,0.284656823,0.0247085374,-0.00305657508,-0.0111074699,0.0157877803,0.0646379516,0.324923426,0.119861826,0.109736197,0.683357656,0.370108187,-0.134496927,-0.0525853112,0.639811933
-0.416938365,1.09554327,0.794006884,-0.0127576366,0.00217335043,-0.736264229,0.676570415,-0.0920202807,-0.0265646633,0.0280220434,0.273274034,0.0697003454,-0.00150538608,-0.0929840282,0.10951516,0.0283718593,0.283959419,0.0349225625,-0.00319551025,-0.0116123548,0.0165054053,0.0675760433,0.330601782,0.116219185,0.114724204,0.673510253,0.37784037,-0.131519511,-0.0549755543,0.627985179
-0.416938365,1.09554327,0.793734491,-0.0133374948,0.00227213325,-0.736261785,0.676561534,-0.0916733369,-0.0277196504,0.0292403921,0.272112042,0.0814264491,-0.00157083769,-0.0926789865,0.114276685,0.0296054184,0.283261985,0.0451365858,-0.00333444541,-0.0121172396,0.0172230322,0.0705141351,0.336280107,0.112576537,0.119712211,0.663662851,0.385572553,-0.128542095,-0.0573657937,0.616158426
-0.416938365,1.09554327,0.793462098,-0.0139173474,0.00237091514,-0.736259103,0.676552474,-0.0913263932,-0.0288746357,0.0304587428,0.270950049,0.0931525454,-0.00163628929,-0.0923739448,0.119038217,0.0308389775,0.28256458,0.0553506091,-0.00347338058,-0.0126221245,0.0179406591,0.0734522194,0.341958463,0.108933896,0.124700226,0.653815508,0.393304765,-0.12556468,-0.0597560368,0.604331732
-0.416938365,1.09554327,0.793189645,-0.0144971963,0.00246969634,-0.736256123,0.676543176,-0.0909794495,-0.030029621,0.0316770934,0.269788057,0.104878649,-0.00170174078,-0.0920688957,0.123799741,0.0320725366,0.281867146,0.0655646324,-0.00361231598,-0.0131270094,0.0186582841,0.0763903111,0.347636789,0.105291247,0.129688233,0.643968105,0.401036948,-0.122587271,-0.0621462762,0.592504978
-0.416938365,1.09554327,0.792917252,-0.0150770396,0.0025684766,-0.736252904,0.67653358,-0.0906325057,-0.0311846063,0.0328954421,0.268626064,0.116604753,-0.00176719239,-0.091763854,0.128561273,0.0333060957,0.281169742,0.0757786557,-0.00375125115,-0.0136318943,0.019375911,0.0793284029,0.353315115,0.101648606,0.134676248,0.634120762,0.408769131,-0.119609855,-0.0645365193,0.580678284
-0.416938365,1.09554327,0.792644858,-0.0156568773,0.00266725617,-0.736249447,0.676523805,-0.090285562,-0.0323395915,0.0341137908,0.267464072,0.128330857,-0.00183264399,-0.0914588124,0.133322805,0.0345396549,0.280472308,0.0859926865,-0.00389018632,-0.0141367801,0.0200935379,0.0822664872,0.358993471,0.0980059579,0.139664248,0.62427336,0.416501313,-0.116632447,-0.0669267625,0.568851531
-0.416938365,1.09554327,0.792372406,-0.0162367113,0.00276603457,-0.736245751,0.676513791,-0.0899386182,-0.0334945768,0.0353321396,0.266302049,0.140056953,-0.00189809559,-0.0911537707,0.138084322,0.035773214,0.279774904,0.0962067097,-0.00402912172,-0.0146416649,0.0208111648,0.0852045789,0.364671797,0.0943633169,0.144652262,0.614425957,0.424233526,-0.113655031,-0.0693169981,0.557024777
-0.416938365,1.09554327,0.792100012,-0.0168165378,0.00286481204,-0.736241758,0.676503539,-0.0895916745,-0.0346495621,0.036550492,0.265140057,0.151783064,-0.0019635472,-0.090848729,0.142845854,0.0370067731,0.27907747,0.106420733,-0.00416805688,-0.0151465498,0.0215287898,0.0881426632,0.370350152,0.0907206684,0.149640262,0.604578614,0.431965709,-0.110677622,-0.0717072412,0.545198083
-0.416938365,1.09554327,0.792100012,0.0168165378,-0.00286481204,0.736241758,-0.676503539,-0.0892447308,-0.0358045474,0.0377688408,0.263978064,0.16350916,-0.00202899869,-0.0905436873,0.147607386,0.0382403322,0.278380066,0.116634756,-0.00430699205,-0.0156514347,0.0222464167,0.091080755,0.376028478,0.0870780274,0.154628277,0.594731212,0.439697891,-0.107700206,-0.0740974844,0.533371329
-0.421082288,1.09888875,0.792470992,0.0173137374,-0.00357278693,0.73614347,-0.676594675,-0.0930315405,-0.0277436767,0.0356249027,0.265303224,0.163192183,-0.0020678821,-0.0996862128,0.1507231,0.0381838903,0.287062377,0.116863504,-0.0043297736,-0.0196998771,0.0237472169,0.0919002965,0.355194628,0.092870526,0.158789411,0.5884884,0.422044128,-0.126768738,-0.0831521899,0.530559361
-0.425135136,1.10297596,0.793008089,0.0179889705,-0.00561217684,0.736427188,-0.676254332,-0.100770712,-0.0176950824,0.0331914425,0.267933756,0.162833303,-0.00212958734,-0.115955517,0.152296484,0.04099245,0.301901191,0.117444247,-0.00435751909,-0.0252365824,0.0259850286,0.0920794308,0.325125635,0.0984708816,0.162406817,0.57885623,0.392149299,-0.14738743,-0.0936228707,0.526251137
-0.428413689,1.10760546,0.794234931,0.0195611194,-0.0104022706,0.738422871,-0.673973858,-0.112129897,-0.00359596219,0.0296357945,0.270465165,0.162438348,-0.00221760781,-0.147750616,0.143269092,0.048378218,0.316802353,0.117887393,-0.00446783798,-0.0310299546,0.0291797854,0.0929629132,0.285721987,0.107367083,0.166654095,0.568230212,0.351776809,-0.164633363,-0.103891507,0.522007644
-0.431006342,1.11306417,0.795533061,0.0199945252,-0.0158989858,0.742982864,-0.668822765,-0.124615118,0.0104933754,0.0265435427,0.27088657,0.162181422,-0.00232238439,-0.191924289,0.114501148,0.0598754957,0.321007967,0.115909465,-0.00491727842,-0.0333427563,0.0324639492,0.0956729129,0.23818031,0.119884849,0.172263637,0.558401644,0.300176054,-0.176478386,-0.112820998,0.517103493
-0.43431738,1.11900306,0.796188295,0.0181644317,-0.0189762376,0.749676764,-0.661282659,-0.135014847,0.0188596509,0.0256807879,0.269017875,0.16249685,-0.00244356692,-0.234414652,0.066363439,0.0739925727,0.311635554,0.112422161,-0.00560784247,-0.0276963785,0.0344092548,0.0983729511,0.182549328,0.127522975,0.177383393,0.550452352,0.240206882,-0.182897493,-0.122609526,0.512785256
-0.438060254,1.12450612,0.796772778,0.0168203358,-0.0210516676,0.757712841,-0.65203166,-0.142230526,0.0268646087,0.0252353698,0.267351598,0.163271874,-0.00254258141,-0.272424459,0.0091053294,0.0869326591,0.293224722,0.109683454,-0.00640040217,-0.0144881848,0.0357728973,0.101606913,0.120619513,0.130888477,0.181637898,0.542674184,0.179401487,-0.189928189,-0.135616377,0.508796573
-0.443129897,1.12920654,0.796724916,0.0141427293,-0.0212789048,0.766092658,-0.642222047,-0.148941293,0.0319095626,0.0257252268,0.268013269,0.164282635,-0.00262660463,-0.308264107,-0.0546703264,0.0983278602,0.271056861,0.109079167,-0.00727651129,0.00548922457,0.0375321545,0.104608111,0.0558456033,0.12985985,0.184182823,0.535435379,0.113037884,-0.193379402,-0.147289172,0.504039526
-0.449565649,1.13338649,0.796764016,0.0128474403,-0.0206903294,0.773755133,-0.633016467,-0.152381167,0.0392593518,0.0253618639,0.27172634,0.165272325,-0.00272224238,-0.338536084,-0.116738781,0.106681302,0.250432372,0.112083033,-0.0079596974,0.0295848493,0.0397279486,0.108623192,-0.00961633492,0.124057591,0.185179204,0.528711379,0.0473158248,-0.187460929,-0.152848706,0.499586791
-0.458480626,1.13597178,0.796713233,0.0114760622,-0.0187002439,0.780057192,-0.625323474,-0.151187539,0.0477961712,0.0242965464,0.277270526,0.166111872,-0.00285133347,-0.363959551,-0.1761076,0.113009214,0.235005051,0.118550159,-0.00850661844,0.0550119057,0.0409430377,0.112214364,-0.0723138526,0.110477723,0.183530748,0.523111105,-0.0124023827,-0.176933914,-0.15594545,0.496681064
-0.469710916,1.13781035,0.7967031,0.0111663966,-0.016297441,0.78463906,-0.619637966,-0.147413597,0.0593443066,0.0219364986,0.284509361,0.166536316,-0.00302421954,-0.382438421,-0.229237542,0.117380634,0.228372589,0.12813051,-0.00903087948,0.0809554309,0.0420833901,0.114740215,-0.127305642,0.0944256335,0.181774452,0.520507455,-0.0611203313,-0.164108485,-0.158096299,0.495464981
-0.483326882,1.13865864,0.79685849,0.0128106764,-0.0136220315,0.787760079,-0.615698338,-0.140597269,0.0752027258,0.0176248718,0.294995397,0.166492939,-0.00324992137,-0.390865386,-0.274500877,0.12024641,0.234627366,0.140412837,-0.00965850148,0.105923802,0.0421354063,0.115583606,-0.167158931,0.0797080249,0.182948396,0.523833513,-0.0950532705,-0.149343044,-0.159125596,0.496215492
-0.500272572,1.13775933,0.796631396,0.0150209023,-0.0102914171,0.789414644,-0.61359024,-0.130594134,0.0947812274,0.0114845969,0.309262484,0.165719375,-0.00349004474,-0.391541332,-0.311609954,0.12252672,0.254158288,0.1544649,-0.010519648,0.126418769,0.0420268066,0.113267988,-0.204190269,0.0611441694,0.179789096,0.525298655,-0.121142797,-0.13425988,-0.157762334,0.495708197
-0.520250916,1.13519585,0.796026349,0.0179208517,-0.0078974003,0.789618254,-0.61328584,-0.119470499,0.120842986,0.00272990833,0.326317757,0.163859934,-0.00375481229,-0.385167897,-0.336819559,0.123254694,0.284923881,0.168845013,-0.0115738502,0.143342137,0.0411017798,0.110194132,-0.232072964,0.0446545072,0.174651459,0.526209593,-0.141614228,-0.119728744,-0.153885275,0.493454635
-0.543733537,1.13163328,0.794366241,0.0211148243,-0.00656771474,0.787912011,-0.615390718,-0.109448254,0.153939709,-0.00857610349,0.345654726,0.160644114,-0.00406145817,-0.371298492,-0.347397625,0.122330226,0.324419528,0.18308039,-0.0126690362,0.155832469,0.0398302153,0.106389008,-0.253648937,0.0326347798,0.167878285,0.520291209,-0.158089995,-0.104911841,-0.147095546,0.487002373
-0.569921613,1.12772965,0.791451991,0.0251675639,-0.00743046449,0.784675598,-0.61935091,-0.104993433,0.19616434,-0.0230221674,0.368100226,0.155700177,-0.00445703743,-0.356433898,-0.333026856,0.119555518,0.365150154,0.196513548,-0.0125964824,0.160993665,0.0382427834,0.100612886,-0.267988294,0.0288570803,0.162295505,0.506818831,-0.165806711,-0.0890532136,-0.138432547,0.479591995
-0.598021567,1.12450135,0.78734529,0.0325288326,-0.0114359641,0.780650139,-0.624016404,-0.106179103,0.2525962,-0.042506922,0.395687103,0.148929,-0.00498681655,-0.334428668,-0.29797256,0.1122109,0.403556824,0.207900047,-0.0119662145,0.165502951,0.0371480733,0.0942714065,-0.272451609,0.0382782668,0.161096051,0.484179854,-0.163451046,-0.0662488192,-0.125226021,0.469757646
-0.623829126,1.1224792,0.781469464,0.041074954,-0.0178121105,0.776728749,-0.628242075,-0.114160903,0.318301171,-0.0644340888,0.427067906,0.140321225,-0.00542324642,-0.314026445,-0.252730817,0.101455629,0.440073878,0.214923695,-0.0110816536,0.170700312,0.0368305482,0.0866156593,-0.27286014,0.0618890971,0.163258195,0.447976679,-0.158354074,-0.0350324847,-0.107578151,0.455461681
-0.644880652,1.1234653,0.773254871,0.0461189151,-0.0229220837,0.773945153,-0.631155014,-0.132925004,0.376903683,-0.0811923444,0.459947914,0.130257815,-0.00580309192,-0.309520811,-0.219126567,0.0949707404,0.475011587,0.21649316,-0.0102460757,0.174103677,0.0347610041,0.0772592276,-0.26817739,0.0863999873,0.166099593,0.399613976,-0.1467994,-0.00654403772,-0.0903166234,0.43657434
-0.66264993,1.1251142,0.763269544,0.0439886786,-0.0249169115,0.772689462,-0.632767975,-0.164098576,0.417178929,-0.0862961113,0.495215744,0.119386844,-0.00658564782,-0.323096335,-0.206712276,0.0958054513,0.510681748,0.212403476,-0.00965680555,0.174601525,0.0321585648,0.0675901473,-0.259343594,0.100426607,0.168360695,0.340614736,-0.135307208,0.00511984993,-0.0788964257,0.407584369
-0.676886082,1.12775695,0.752638221,0.0404453278,-0.0262228232,0.772308528,-0.633416295,-0.202825859,0.451201051,-0.0844486803,0.537709832,0.108037196,-0.00782883633,-0.348122537,-0.20236145,0.0969252586,0.551866114,0.203170463,-0.00915522408,0.173241079,0.0320614018,0.060293328,-0.236416712,0.101374716,0.167527482,0.280254334,-0.121429577,0.00286159781,-0.0733602345,0.371750146
-0.688278675,1.13055789,0.740820885,0.0359738395,-0.0264828894,0.772476792,-0.633469939,-0.246499106,0.480845988,-0.0779442266,0.589727283,0.0960680023,-0.00935985334,-0.381738812,-0.203673974,0.0990536585,0.601780593,0.190002099,-0.00857800245,0.170446277,0.0335028693,0.0529919229,-0.203951344,0.0955702886,0.164669782,0.220405772,-0.102603227,-0.00631878432,-0.0719901249,0.332217932
-0.69672668,1.13430321,0.728031099,0.0300211478,-0.0273669101,0.77327615,-0.632766783,-0.299821138,0.50771451,-0.0694617033,0.650108993,0.0830288082,-0.0112267649,-0.432285517,-0.207961425,0.102703191,0.662687004,0.17331481,-0.00776806427,0.169286251,0.0348583311,0.046516154,-0.168475524,0.0841334015,0.160628304,0.162352726,-0.084930256,-0.0136058433,-0.0702970028,0.291908085
-0.701280653,1.13802254,0.714559615,0.0239944216,-0.0280874576,0.77457428,-0.631403267,-0.358501256,0.532729387,-0.0596358404,0.720882058,0.0691541433,-0.013162544,-0.494259804,-0.217255175,0.108413711,0.736918092,0.154716253,-0.00682920683,0.170310974,0.0362348743,0.0426612981,-0.130456433,0.068254292,0.156539589,0.108326904,-0.0685058013,-0.0178341065,-0.067785427,0.251503825
-0.704428732,1.14164317,0.699619234,0.0190010313,-0.0281746238,0.776282728,-0.629468203,-0.418987751,0.560857832,-0.0509744063,0.801582515,0.0550701544,-0.0150901927,-0.560734332,-0.228089437,0.114891797,0.823472321,0.135788158,-0.00580773037,0.172033131,0.0371130928,0.0376038402,-0.0883761272,0.0518047549,0.152073592,0.0564256608,-0.0521014668,-0.0176445916,-0.0638168752,0.209710121
-0.706962109,1.14537132,0.683175504,0.0145686911,-0.028344281,0.778675258,-0.626617193,-0.483370066,0.592927873,-0.0453353822,0.889430523,0.0411038138,-0.0170712024,-0.632572889,-0.238027021,0.122080661,0.91930145,0.117150411,-0.00468708994,0.17466709,0.0374700874,0.0328500569,-0.0419320166,0.0361997858,0.148854509,0.00104034238,-0.0309064258,-0.0169438738,-0.0604128167,0.167848736
-0.708966076,1.14836168,0.66523695,0.00994705688,-0.0281059686,0.781505704,-0.623185337,-0.548645318,0.62636131,-0.0424448177,0.983976305,0.0276843868,-0.0190242846,-0.708502114,-0.249548793,0.131647527,1.02189076,0.0993364379,-0.00362047181,0.179148421,0.0368235372,0.0280201044,0.00652039051,0.0191166364,0.145314276,-0.0581395179,-0.00861275755,-0.0143283643,-0.0565358289,0.125101164
-0.710693538,1.1500634,0.646127582,0.00911837723,-0.0282072034,0.7846843,-0.619186401,-0.611689746,0.665019393,-0.046842441,1.08273113,0.0151624028,-0.0210281182,-0.778747261,-0.256694317,0.139847502,1.12913549,0.0832701549,-0.00273511675,0.186378106,0.037703421,0.0214549117,0.0558370128,0.00110983255,0.141319677,-0.116444521,0.0116102137,-0.00503142644,-0.0520405918,0.0804834217
-0.712343395,1.15093017,0.627301693,0.00656563416,-0.0287443232,0.788041234,-0.614916027,-0.674314916,0.701175272,-0.0548762083,1.17808461,0.0041192756,-0.0225731097,-0.84926945,-0.260628939,0.149686143,1.23215985,0.0692530274,-0.0017083917,0.196595609,0.0367888175,0.0172574949,0.0960181877,-0.0180548746,0.135474339,-0.174250916,0.0269168727,0.00616911286,-0.04583342,0.0353579149
-0.713418603,1.15169406,0.61047405,0.00394526497,-0.0302170459,0.791120052,-0.610901237,-0.733653724,0.733770549,-0.0665782019,1.26313233,-0.0048491247,-0.0235485323,-0.914801121,-0.258831143,0.159505412,1.32403409,0.0579374954,-0.0007602197,0.209349945,0.03611359,0.0159675088,0.122098669,-0.03701232,0.127407238,-0.229167804,0.0436518863,0.0200189762,-0.0358270109,-0.00275518047
-0.714467883,1.15257406,0.596541762,0.00142928807,-0.0302522592,0.793792188,-0.607434511,-0.781053185,0.7587955,-0.0770781115,1.33251512,-0.0105928695,-0.0236481242,-0.96714294,-0.25352475,0.170647353,1.39805079,0.0501256846,-2.47417356e-05,0.220389888,0.0346994251,0.015090026,0.135479182,-0.0546154864,0.117718853,-0.278208226,0.0602390133,0.0311732814,-0.0262769237,-0.0355347842
-0.715256453,1.15329802,0.587132215,-0.000636617478,-0.0303086471,0.796011686,-0.604521573,-0.814590454,0.776099741,-0.0845633224,1.38119209,-0.0128777884,-0.0230891295,-1.00358951,-0.244874984,0.180590108,1.44916928,0.0457486883,0.00042107614,0.228150502,0.0340903625,0.0161148924,0.140554398,-0.0684044436,0.108454108,-0.318201333,0.0752349645,0.0367771126,-0.0209135339,-0.0606401637
-0.715961576,1.15390015,0.581942737,-0.0021076987,-0.0307891499,0.797759116,-0.602185965,-0.835312545,0.787243128,-0.0889820606,1.410025,-0.0123666357,-0.0221441705,-1.02569664,-0.233435124,0.187645286,1.47900021,0.0440791547,0.000684536761,0.23142083,0.033847481,0.0172808208,0.136851713,-0.0758099183,0.101599544,-0.349930286,0.0845247805,0.0384445861,-0.019833101,-0.0800931752
-0.716385603,1.1545248,0.580250502,-0.0024637389,-0.030287914,0.799245715,-0.60023576,-0.842319191,0.792132437,-0.0888581425,1.42353427,-0.00942477025,-0.0209228788,-1.03360832,-0.222184449,0.19311215,1.49197769,0.044557672,0.00083716365,0.231700316,0.0354707241,0.0193833187,0.136797935,-0.0770060197,0.0969826877,-0.36704725,0.0889435932,0.0402990803,-0.0182360392,-0.0950184315
-0.716403902,1.1550529,0.581218481,-0.00307681086,-0.0309391413,0.80050838,-0.598514557,-0.843236625,0.792945504,-0.0863912031,1.42531705,-0.00536787184,-0.0196846761,-1.03580463,-0.209467858,0.19639802,1.4927702,0.0460972451,0.000964316714,0.229552776,0.0352286659,0.020823665,0.13736178,-0.0743180439,0.0950931981,-0.374952912,0.086720489,0.0439086519,-0.0148031861,-0.108022347
-0.716288269,1.1558187,0.582736373,-0.0036532823,-0.0311644673,0.801789105,-0.596782684,-0.840293705,0.792421103,-0.0825985968,1.42216408,-0.000971830217,-0.0184882842,-1.03575981,-0.198244274,0.200071156,1.48879707,0.0480627567,0.00107943534,0.226580501,0.0349582024,0.0222104676,0.138049796,-0.0716715083,0.0947613046,-0.378547251,0.0824719891,0.0481007993,-0.00935660023,-0.118848264
-0.715883732,1.15664089,0.584303141,-0.00405590422,-0.0314899348,0.803297162,-0.594731569,-0.836541057,0.792006969,-0.0789141729,1.41786051,0.00316350209,-0.0174119622,-1.03586638,-0.18936348,0.203582078,1.4838022,0.0500831418,0.00116138393,0.225034177,0.0347059295,0.0233626701,0.137959197,-0.0705876872,0.093690224,-0.380059898,0.0790005848,0.0524577014,-0.00165984733,-0.127519876
-0.715122044,1.15753579,0.585587025,-0.00391770713,-0.0318510421,0.805102348,-0.592267215,-0.832802951,0.792555392,-0.0762030259,1.41456985,0.00681480719,-0.0164595582,-1.03648698,-0.182070732,0.206204072,1.47930992,0.0520296283,0.00123008993,0.224302396,0.0343492329,0.0245686658,0.138396233,-0.0705616176,0.0914748162,-0.380185574,0.0781921819,0.0559339263,0.00584394485,-0.133751467
-0.714114904,1.15835726,0.586365104,-0.00387799274,-0.0320845433,0.807172358,-0.589430451,-0.829355299,0.793797791,-0.0735628605,1.41314697,0.00999909546,-0.0155980773,-1.03855038,-0.17618078,0.208680928,1.47576749,0.0537923723,0.00130692357,0.224030331,0.0340263546,0.0253640767,0.138707325,-0.0715744495,0.0889966637,-0.379543364,0.0783394277,0.0584007539,0.0124466885,-0.138937652
-0.713026762,1.15904069,0.586604536,-0.00430723652,-0.031931594,0.809463739,-0.586285174,-0.825723171,0.795300245,-0.0699049756,1.4136827,0.0128482059,-0.0148057211,-1.04249752,-0.171840206,0.211824924,1.47346735,0.0553343892,0.00139155739,0.223496333,0.0335409045,0.0255713034,0.137705356,-0.0727987438,0.0869902596,-0.377851874,0.0784806013,0.0599429049,0.0175941233,-0.143893257
-0.711782694,1.15964782,0.586659133,-0.00473630754,-0.031584423,0.812093258,-0.582653046,-0.821679771,0.796824157,-0.0656398386,1.41556048,0.0154070184,-0.0140945837,-1.04723728,-0.168279827,0.215090394,1.47213185,0.0567463636,0.00147457933,0.22276026,0.0331026725,0.0255299583,0.135567203,-0.0729267672,0.0866893083,-0.375910848,0.07769759,0.0609095879,0.0212924629,-0.149723902
-0.710405886,1.16009939,0.586416841,-0.00505758682,-0.0310601983,0.815377116,-0.578074276,-0.816850543,0.798318446,-0.0613951795,1.41900063,0.0176787376,-0.0134650348,-1.05280721,-0.164880008,0.218388766,1.4718442,0.0580145866,0.00156157697,0.220927075,0.0326362401,0.024799481,0.131056875,-0.0713449493,0.0883808583,-0.374200404,0.0756501183,0.0624032244,0.0246071983,-0.156840712
-0.708960295,1.16021216,0.5856902,-0.00601674616,-0.0303219706,0.819306433,-0.572521925,-0.81080693,0.79954493,-0.0561617352,1.42433667,0.0197710861,-0.0128840869,-1.06084383,-0.160574406,0.222606912,1.47241986,0.0590223409,0.00167758507,0.214726895,0.0328939594,0.0242324732,0.122220732,-0.065443024,0.0924201384,-0.374515533,0.0706478134,0.0644570887,0.0281852949,-0.167720914
-0.707757592,1.16040313,0.584668279,-0.00757896295,-0.0294465031,0.823230684,-0.566892087,-0.80379647,0.801433444,-0.0495252796,1.43039429,0.0217783097,-0.0123315407,-1.07120752,-0.154230982,0.227670208,1.47348344,0.0598429814,0.00180255598,0.202063873,0.0344441049,0.0240192134,0.110972278,-0.0501308963,0.101207696,-0.375317365,0.0609803796,0.0674138814,0.0326897278,-0.185350195
-0.707325399,1.16072428,0.583718359,-0.0091728773,-0.0290027075,0.825292826,-0.563885212,-0.796904743,0.806612134,-0.0422803909,1.43470073,0.02362849,-0.0117966719,-1.08116937,-0.145257056,0.23220028,1.47461712,0.0607428215,0.00189519685,0.183236375,0.0381301567,0.0226982739,0.102166243,-0.0155425258,0.118854195,-0.370284051,0.0406397134,0.0676531643,0.0371346138,-0.221827924
-0.709122896,1.16129744,0.582933843,-0.00962571893,-0.0293381214,0.823094249,-0.567064762,-0.793031335,0.82056582,-0.0362238325,1.43353951,0.0249704197,-0.0112843197,-1.08500504,-0.135212034,0.233940154,1.47704077,0.0620460957,0.00188840274,0.164933667,0.0414565504,0.0207689814,0.0984356031,0.0416836366,0.145424813,-0.355537236,0.00552709773,0.0551810674,0.0376252569,-0.285112768
-0.714387536,1.16054738,0.582995236,-0.0070868209,-0.0314904153,0.815173447,-0.578316867,-0.794625163,0.846245468,-0.0353977233,1.42254949,0.0251839235,-0.0108669922,-1.07365489,-0.127370834,0.228768781,1.48213696,0.064098835,0.00172851491,0.160406813,0.0405902006,0.0192182269,0.0948500559,0.107136473,0.170059651,-0.337302417,-0.0582722425,0.0139917163,0.0345557928,-0.370151371
-0.719087005,1.15969467,0.586615682,0.00575655745,-0.0369010307,0.80194962,-0.596223116,-0.806245506,0.882873714,-0.0496644937,1.40022361,0.0231184848,-0.01071369,-1.03293729,-0.122728802,0.207411289,1.48552728,0.0677097291,0.00143831782,0.194236875,0.0371236466,0.0163500961,0.0857050568,0.17142576,0.178691581,-0.331231117,-0.157899037,-0.0708533302,0.0261391401,-0.44824332
-0.722965956,1.15863764,0.589913547,0.0201990008,-0.0366587229,0.78576529,-0.617107034,-0.819017351,0.906530142,-0.0633522868,1.37601638,0.020717714,-0.0105356257,-0.975937963,-0.131806016,0.186890602,1.48731625,0.0719003901,0.00125692447,0.274660259,0.0315796584,0.00988122355,0.0744538531,0.215800509,0.161591098,-0.35329321,-0.281526744,-0.216705859,0.00873705745,-0.509713292
-0.726470888,1.15672457,0.593364298,0.0304719266,-0.0357766487,0.767862558,-0.638888597,-0.837238491,0.911520302,-0.0756373852,1.35200143,0.0179789346,-0.0105820708,-0.922032773,-0.148526371,0.168308035,1.48596942,0.0750770941,0.00113392528,0.386408418,0.0250704736,0.00765178725,0.0716787428,0.235182166,0.129053235,-0.393453628,-0.402571291,-0.412532389,-0.029082641,-0.538628995
-0.729193091,1.15494037,0.596421599,0.0411933623,-0.03224748,0.749376953,-0.660073757,-0.854132295,0.900155544,-0.09120664,1.3324362,0.0153560722,-0.0108439028,-0.865638673,-0.167759255,0.14987573,1.48514128,0.077594772,0.00105189881,0.517230928,0.0152627593,0.0101710958,0.0879903883,0.239925444,0.0941013545,-0.442523777,-0.502601445,-0.619201183,-0.0663439035,-0.488890082
-0.731366217,1.15317023,0.598231435,0.0448709726,-0.0278015416,0.733401,-0.677743852,-0.870250285,0.867585897,-0.102975227,1.31823885,0.0134812752,-0.0110565815,-0.821677744,-0.194416255,0.137779713,1.48283863,0.0785409659,0.00103977218,0.658946157,0.0026453163,0.0169171784,0.117078736,0.233891681,0.0541851968,-0.492925495,-0.561522245,-0.780532062,-0.0879492685,-0.326755226
-0.733519435,1.15029705,0.600053489,0.0426516943,-0.0283679646,0.721636415,-0.690374494,-0.889611781,0.827797294,-0.1170725,1.30814099,0.0115786903,-0.0114141814,-0.798808515,-0.222307667,0.126343131,1.47904038,0.07733237,0.0010077965,0.783389091,-0.0013068004,0.0275005233,0.15323332,0.230994105,0.020662507,-0.541084051,-0.587675035,-0.894982696,-0.140948638,-0.0958298743
-0.736080647,1.14683914,0.599217653,0.0303941369,-0.0285908934,0.714293599,-0.698601067,-0.909205377,0.780543506,-0.125557065,1.30752075,0.0102275135,-0.0115590533,-0.804848313,-0.259918779,0.126052827,1.48005497,0.0731335506,0.00110299932,0.883032978,-0.000681266014,0.0299703348,0.197262943,0.21768406,-0.0176594164,-0.582010746,-0.616253674,-1.00389647,-0.24634777,0.0976944268
-0.737563848,1.14378405,0.597818613,0.0119075822,-0.0337378569,0.712825418,-0.700428367,-0.939030766,0.734755099,-0.133458316,1.31132233,0.00864972547,-0.01161745,-0.841819525,-0.301221699,0.13090311,1.48660028,0.0659851134,0.00124395918,0.954124928,0.000808314129,0.0203310531,0.235141262,0.197316706,-0.0598855168,-0.611940622,-0.631920397,-1.10341942,-0.322140008,0.245232075
-0.737021506,1.14245725,0.59369117,0.0056298757,-0.0367819034,0.716477811,-0.696616769,-0.951850653,0.715136349,-0.154430285,1.32444942,0.00858460646,-0.0114745712,-0.874544978,-0.325882465,0.126501605,1.49752927,0.0591961294,0.00135441101,0.935652494,-0.00352208619,0.0128696142,0.260325283,0.1847357,-0.0903404132,-0.633661807,-0.610827565,-1.1630789,-0.339274049,0.352642119
-0.736118793,1.14227402,0.589683473,0.00685448712,-0.034315303,0.723224819,-0.689725578,-0.947823167,0.70983994,-0.172330648,1.34344876,0.010351263,-0.0112421978,-0.889475346,-0.337619692,0.122751407,1.51096725,0.0544497967,0.00155870838,0.872407973,-0.00599959679,0.0304067228,0.221207798,0.186535329,-0.121358067,-0.653930604,-0.602974534,-1.17678845,-0.307736486,0.400875419
-0.736262739,1.14190006,0.587713301,0.00547177717,-0.0300783068,0.734917343,-0.677467287,-0.933997571,0.705916047,-0.176655635,1.36235142,0.0138212228,-0.0110338759,-0.905814528,-0.341238767,0.12643674,1.52110374,0.0501969531,0.00182294007,0.786954403,-0.00568182487,0.0425090082,0.116206557,0.208994851,-0.147933438,-0.663033307,-0.622480392,-1.14450109,-0.242513627,0.390721798
-0.733931422,1.14434052,0.585499525,0.00657502376,-0.0223294236,0.752796233,-0.657841921,-0.902455211,0.70764035,-0.169608653,1.38275874,0.0193535741,-0.0106328866,-0.923257411,-0.339507014,0.137070388,1.52566004,0.0466006882,0.0020270939,0.670877278,-0.00447408343,0.0490491278,-0.029512424,0.229778185,-0.171387106,-0.655206084,-0.660123348,-1.05553675,-0.160019949,0.335614473
-0.72880131,1.14610553,0.58267343,0.0106652342,-0.0165376496,0.773603022,-0.633364916,-0.85767287,0.723396957,-0.157377154,1.40275276,0.0260251388,-0.0101199085,-0.94086504,-0.327937931,0.146424368,1.52251685,0.0440026522,0.00211673579,0.515424907,-0.00255788141,0.0529967919,-0.206309706,0.25413996,-0.186022252,-0.615301907,-0.70094806,-0.906015635,-0.0690209046,0.244254053
-0.723634839,1.14613712,0.58102411,0.0136732943,-0.0108627519,0.793603718,-0.608184338,-0.804867268,0.746947289,-0.135056496,1.42049062,0.0332843103,-0.00952972099,-0.958200991,-0.311557323,0.15690887,1.51537442,0.0423274562,0.00223490805,0.34133172,0.00250475155,0.0586439297,-0.395945519,0.296105206,-0.178310364,-0.53110379,-0.731155932,-0.700572789,0.0376043096,0.110535167
-0.717872441,1.14539337,0.579219341,0.0179076456,-0.00883996394,0.809851289,-0.586295187,-0.752723873,0.777931452,-0.109155692,1.43305457,0.0399570912,-0.00904827751,-0.972136378,-0.286885649,0.16235657,1.50535083,0.0417621695,0.00233763293,0.161151946,0.0132546145,0.0656922162,-0.556584537,0.368398398,-0.136362776,-0.389738172,-0.720833838,-0.516237795,0.125685185,-0.0244918484
-0.711401105,1.14407837,0.579617381,0.0262542292,-0.0142386379,0.822582781,-0.567860544,-0.715292096,0.822089136,-0.0928123146,1.43995428,0.043875169,-0.00879811496,-0.97784698,-0.254953831,0.157372728,1.49618292,0.0424336269,0.00232346589,0.00172791223,0.0381196663,0.0826798379,-0.649570823,0.462769866,-0.0536707379,-0.207433373,-0.660726249,-0.36107865,0.190020487,-0.157475382
-0.707090318,1.14165366,0.579084873,0.026773911,-0.0256550461,0.833565414,-0.55117476,-0.700113893,0.873899221,-0.0765187442,1.4421047,0.0445376448,-0.00869203452,-0.996232986,-0.218403876,0.149202019,1.48642409,0.0425618403,0.00242713722,-0.1380018,0.058603093,0.0732978731,-0.690894306,0.598711371,0.0697342381,-0.0448035561,-0.566211522,-0.233928844,0.243469283,-0.286290437
-0.702902555,1.14124775,0.57529366,0.0267786104,-0.0358916558,0.840758681,-0.539554954,-0.703577101,0.933090746,-0.0614759438,1.45022213,0.0420767926,-0.00891219638,-1.02489591,-0.183461636,0.143911734,1.48503959,0.0420397967,0.00262172241,-0.246141985,0.0572523288,0.0622163117,-0.706130505,0.742241681,0.181748241,0.0953621417,-0.46476832,-0.138386101,0.279595524,-0.400920212
-0.699610233,1.14287376,0.571209252,0.0317816101,-0.0415114202,0.846219957,-0.530262709,-0.71945852,0.992948115,-0.0502019003,1.46599269,0.0376301482,-0.0095214434,-1.04056418,-0.157693982,0.14350003,1.49478972,0.0425536074,0.00260020047,-0.284528941,0.0599806532,0.062779516,-0.694434285,0.856446922,0.253056854,0.218461454,-0.3774876,-0.0683153048,0.29378441,-0.493442059
-0.698634744,1.14483106,0.566352785,0.0334784389,-0.0463474989,0.851718724,-0.520870745,-0.740604341,1.04512799,-0.0424586758,1.483374,0.0325208604,-0.0101447171,-1.05853212,-0.134724349,0.143014014,1.50637341,0.0431490876,0.00254065194,-0.279401779,0.0636054054,0.0649292618,-0.682712018,0.928725302,0.292219192,0.314364612,-0.31896022,-0.0158385374,0.303678006,-0.561493754
-0.696547091,1.14542222,0.561681509,0.0341004841,-0.0503484905,0.856322706,-0.512848496,-0.75693506,1.08791244,-0.0368549824,1.50050211,0.0278263483,-0.010470829,-1.07685053,-0.116264798,0.142453209,1.51556587,0.0440268442,0.00256718299,-0.250648767,0.0627099946,0.0697776973,-0.676386416,0.966213167,0.30341211,0.383020878,-0.280842185,0.0202071387,0.320140094,-0.603522956
-0.694218516,1.14627385,0.558175206,0.0344257876,-0.0523840003,0.860091209,-0.506274521,-0.767018139,1.12043643,-0.0295623299,1.5150913,0.0244059823,-0.0105161248,-1.09053063,-0.102074735,0.143898234,1.52095413,0.0456530862,0.00259854319,-0.207767785,0.0638613999,0.0739017949,-0.676299453,0.978935003,0.298639953,0.429580897,-0.253729016,0.0415323712,0.330814511,-0.622986078
-0.694489181,1.14680362,0.555010915,0.0339413658,-0.05324132,0.86320281,-0.500893474,-0.76978147,1.14696681,-0.0210241657,1.5249213,0.0225673523,-0.010425535,-1.10074687,-0.0867803842,0.145455986,1.52462208,0.0476616584,0.00260996167,-0.170317337,0.0647307262,0.0738772526,-0.681640983,0.978809536,0.287567109,0.461761981,-0.236700967,0.0536400974,0.335750967,-0.632984221
-0.696066618,1.14718175,0.552696884,0.0336010084,-0.0543943681,0.865683913,-0.496491313,-0.768930852,1.17159331,-0.0123542985,1.5293752,0.0216041952,-0.0103125926,-1.10801744,-0.0686343983,0.146374717,1.52761114,0.049852781,0.00260592974,-0.139232799,0.0656712949,0.0733110309,-0.691523612,0.973956466,0.276870847,0.483574092,-0.228074342,0.0613524579,0.337509453,-0.639445961
-0.697936594,1.14786077,0.550765455,0.0327878445,-0.0550053492,0.867881298,-0.492626995,-0.766000867,1.19399941,-0.00157057354,1.53103483,0.0213661995,-0.0101333596,-1.11434197,-0.0482715182,0.149040818,1.52998459,0.0520832948,0.00264092349,-0.115437306,0.066527538,0.0726631209,-0.704540789,0.970190823,0.26777184,0.499200821,-0.222706825,0.0653978884,0.337657005,-0.644067466
-0.699489832,1.14856839,0.549319386,0.0322058424,-0.0554212555,0.869988441,-0.488887966,-0.761092782,1.2146374,0.0105381235,1.53150678,0.0217410699,-0.00994035974,-1.11914027,-0.0276611298,0.153293565,1.5317508,0.0544156544,0.00265413802,-0.0973856226,0.0671338812,0.0719609186,-0.718436778,0.967628717,0.260074019,0.510946393,-0.219963267,0.067030713,0.336952925,-0.647112072
-0.700423002,1.14871383,0.548195302,0.0323079266,-0.0559620112,0.872060001,-0.485114306,-0.75395596,1.23411191,0.0227493364,1.53200042,0.0225650333,-0.00975442585,-1.12185264,-0.00886613782,0.158021674,1.53300095,0.0568673611,0.00263184193,-0.0827558413,0.0679503232,0.0712242573,-0.731920302,0.96511066,0.25296846,0.519680381,-0.218691498,0.0675195977,0.335038334,-0.648222685
-0.700891197,1.14842069,0.547178805,0.0327847153,-0.0565144122,0.874072194,-0.481382519,-0.745030642,1.2522434,0.0350562707,1.53309977,0.0237729065,-0.0095705064,-1.12325108,0.00697032828,0.162420735,1.53371859,0.0593398325,0.00258603389,-0.0694562197,0.0692257956,0.0703017861,-0.746240795,0.962426245,0.246327966,0.525122046,-0.218776897,0.0683597773,0.33258599,-0.64806062
-0.701082349,1.14813566,0.546054959,0.0333291963,-0.0564439557,0.87603128,-0.477778733,-0.734401822,1.26805496,0.0480040424,1.53531694,0.0254825689,-0.00936800148,-1.12421489,0.019458849,0.166693792,1.53428411,0.0617430583,0.00254065148,-0.0569043458,0.07062345,0.0695901215,-0.761087596,0.95666492,0.238706693,0.528138757,-0.221669331,0.070747897,0.330548882,-0.647469163
-0.701052308,1.14789426,0.54500711,0.033870548,-0.056013003,0.877895534,-0.474357307,-0.722486019,1.28133512,0.0613514744,1.53826237,0.0276463758,-0.00915597007,-1.12507665,0.0293795504,0.17061466,1.53472984,0.0640394911,0.0024996188,-0.0452508554,0.0718420669,0.0691101253,-0.7752406,0.94926393,0.231047735,0.53000623,-0.226132438,0.0742451176,0.328786731,-0.646543801
-0.700906515,1.14752126,0.544181228,0.03442128,-0.0555510931,0.879701674,-0.471014053,-0.709723294,1.29214954,0.0745348111,1.54127073,0.0301005915,-0.00894510746,-1.12566721,0.0372453742,0.173905328,1.53501129,0.066219762,0.00245817448,-0.0337792039,0.0727549568,0.0689666048,-0.788539827,0.942222416,0.224180087,0.531191707,-0.230772331,0.0778207481,0.327028364,-0.64444828
-0.700508356,1.14728677,0.543765545,0.0351655856,-0.0553747863,0.881405413,-0.4677836,-0.69702822,1.30098796,0.0868283436,1.54373538,0.0325328968,-0.00875722617,-1.12613928,0.0440929905,0.175989524,1.53465664,0.0682805777,0.00241785916,-0.0213452633,0.0738724992,0.0689817891,-0.800669432,0.936042964,0.218271255,0.531812727,-0.234919339,0.0815416276,0.325158775,-0.641617596
-0.700012743,1.14729619,0.543677449,0.0356830843,-0.0553086698,0.882866144,-0.464989305,-0.685138285,1.307392,0.0983738527,1.54545665,0.0348034166,-0.00858195685,-1.127038,0.0502180792,0.177363023,1.53348303,0.0702194795,0.002386312,-0.00650925795,0.0750459954,0.069256261,-0.810550392,0.930171311,0.211422905,0.531120598,-0.239359587,0.0848173797,0.323130369,-0.638374329
-0.699351311,1.14731514,0.544318557,0.03571821,-0.0559016392,0.883783638,-0.463169247,-0.675478816,1.31145644,0.109233126,1.54543889,0.0366299003,-0.0084378561,-1.12844169,0.055770494,0.177871332,1.53080738,0.0720797703,0.00236121821,0.0147228213,0.0757876039,0.0688241497,-0.816600561,0.923933625,0.200600848,0.526300251,-0.24523288,0.0833852217,0.318664402,-0.634262741
-0.697629094,1.14728618,0.546578467,0.0358377583,-0.0567016564,0.883923292,-0.462796062,-0.66741097,1.31045878,0.120226242,1.54316688,0.0382947512,-0.00824824534,-1.12651622,0.0604235902,0.178871825,1.52409244,0.074279435,0.00235449569,0.0430071205,0.0760447457,0.0670735985,-0.817903638,0.914665222,0.184396029,0.515017927,-0.251869023,0.0739239976,0.307109624,-0.624870658
-0.694552362,1.1469835,0.551351666,0.0347205848,-0.0575544313,0.883010089,-0.464515865,-0.660244584,1.29855692,0.133795902,1.5373311,0.0404673107,-0.00792386662,-1.12028134,0.0642144829,0.182639122,1.50944436,0.0770926252,0.00237875595,0.0759349242,0.0735117495,0.0643684566,-0.81283766,0.905958235,0.16484949,0.493872225,-0.25494507,0.05491025,0.284945488,-0.608486772
-0.689530432,1.14624393,0.559222102,0.0334548652,-0.0580964312,0.880637169,-0.46902433,-0.651756227,1.2734853,0.149413437,1.52677405,0.0434978679,-0.00746421702,-1.10604751,0.0672290027,0.190729216,1.48525393,0.0809365958,0.0024178063,0.110171899,0.0692115948,0.0603363216,-0.793124855,0.897228777,0.14673239,0.46219784,-0.251336932,0.0209324919,0.246983081,-0.579738379
-0.682684958,1.14533317,0.569939554,0.0315964743,-0.0558832437,0.876588702,-0.476939172,-0.637496054,1.22954154,0.16958034,1.51153708,0.0485410243,-0.00676762266,-1.08119321,0.0659638941,0.207197502,1.45112181,0.0862082243,0.00245596748,0.138871267,0.0625232458,0.0522871949,-0.755686283,0.880436599,0.127001077,0.416914523,-0.238790169,-0.0268947612,0.204034686,-0.548832834
-0.673435867,1.14433718,0.584402323,0.0292396322,-0.0520215034,0.871177971,-0.487327188,-0.617338479,1.16697407,0.194325447,1.48859715,0.055114463,-0.00600685459,-1.04525781,0.0581386685,0.231671661,1.40631652,0.0930056944,0.00246385252,0.166697949,0.0539029837,0.0413374826,-0.704651594,0.85499388,0.108084135,0.361633569,-0.212125555,-0.0832421109,0.169873148,-0.51987493
-0.661407232,1.14268565,0.60226649,0.02789478,-0.0489428677,0.865194619,-0.49826172,-0.594142795,1.09336555,0.218065724,1.45545292,0.0612728111,-0.005377769,-0.999448359,0.0471452698,0.258919656,1.35086811,0.101183109,0.00242827577,0.197599024,0.0458025075,0.0309913419,-0.635346174,0.820178628,0.0930100977,0.300842136,-0.158048019,-0.142053187,0.149810657,-0.481959134
-0.64661485,1.13975441,0.622372508,0.0260925461,-0.0479321703,0.858980656,-0.509091318,-0.572068512,1.01386333,0.239378676,1.41268694,0.0661049485,-0.00485116243,-0.948290765,0.036609374,0.287112534,1.28338087,0.110519268,0.00234051491,0.226559684,0.0407794639,0.0245763753,-0.552351952,0.778131247,0.080075942,0.240788311,-0.0835688338,-0.19989419,0.1330612,-0.437341839
-0.628767073,1.13569808,0.643466532,0.02271403,-0.0478081889,0.852815032,-0.51952368,-0.551678896,0.928937733,0.259868443,1.36245847,0.0698521137,-0.0043947245,-0.895301163,0.0246958956,0.318557888,1.20518756,0.121304058,0.00221719686,0.251405656,0.0370374061,0.0202336702,-0.46021542,0.734458625,0.0708987042,0.190952584,-0.00806430075,-0.254929036,0.114157364,-0.382147163
-0.607849002,1.13158476,0.664425194,0.0194590967,-0.0463062711,0.847314656,-0.528710663,-0.528945446,0.83847177,0.279376239,1.30684483,0.0731073096,-0.00400541164,-0.843814254,0.00864339527,0.353749514,1.12370777,0.134559914,0.0022395649,0.269340515,0.0339557789,0.0196479037,-0.360287786,0.685828686,0.0636873171,0.157134727,0.0579288565,-0.299348593,0.0921172351,-0.315001696
-0.584001184,1.12804985,0.684662044,0.0147506874,-0.043113403,0.8427338,-0.53639853,-0.505158007,0.740721583,0.299690962,1.24547362,0.0761403218,-0.00369232311,-0.802182496,-0.0129319029,0.393157423,1.04341662,0.150903001,0.00263556442,0.281189203,0.0319466069,0.0216524545,-0.258128345,0.633021235,0.0573922098,0.138224885,0.110089518,-0.332795322,0.0701205879,-0.239027932
-0.557463169,1.12559175,0.704102039,0.0108475182,-0.0413996987,0.838494062,-0.543227494,-0.484468669,0.644568086,0.314447224,1.17682099,0.0782714263,-0.00351416902,-0.77004385,-0.0318278,0.428992391,0.965518892,0.170306623,0.00326541183,0.288394719,0.0306775756,0.0260569975,-0.162545651,0.580549121,0.0530594699,0.13283062,0.150258064,-0.352873176,0.0528978519,-0.15814811
-0.532446325,1.12395775,0.720993102,0.00691762334,-0.0380750075,0.835234702,-0.54853034,-0.462498605,0.549667954,0.32286486,1.10230923,0.0802963674,-0.00341745024,-0.742279351,-0.0483026803,0.459425896,0.894109666,0.192116618,0.00380840548,0.292244047,0.029391313,0.0322089642,-0.0733554959,0.525089443,0.0472097211,0.137700871,0.183931887,-0.363566756,0.0375471264,-0.0799088702
-0.510274768,1.12281096,0.735359669,0.00383540499,-0.0343662277,0.832833529,-0.552442372,-0.438032299,0.461532414,0.322683394,1.02462208,0.082456179,-0.00341999903,-0.716573179,-0.0618711673,0.478306979,0.831206143,0.21297729,0.00391125819,0.293131083,0.0284089223,0.0371216051,0.0124001876,0.471643031,0.0430871062,0.152102843,0.211707368,-0.366390288,0.023072673,-0.00825684331
-0.491292715,1.12165439,0.747282863,0.00206281547,-0.0309983809,0.830395281,-0.556308031,-0.411865771,0.383591652,0.313919425,0.947096825,0.0848179832,-0.00352286431,-0.687710643,-0.0646670237,0.480933547,0.783249438,0.229776397,0.00298717758,0.290002167,0.0272717196,0.0404221267,0.0925524011,0.423141837,0.042209439,0.172179699,0.232342377,-0.356169313,0.0149419708,0.0565508418
-0.475626916,1.12029862,0.757489502,0.00218348717,-0.029661769,0.827680647,-0.560410738,-0.386320502,0.319518179,0.296839178,0.871870756,0.0873620138,-0.00371066597,-0.655747294,-0.051528465,0.469051927,0.75174731,0.243443489,0.00163985766,0.280934632,0.0262145307,0.0438042469,0.162767306,0.380236983,0.0459555909,0.193060488,0.243688703,-0.338481188,0.00939976703,0.112443767
-0.462926894,1.11872423,0.766088426,0.00267143757,-0.0296270512,0.824866712,-0.564544141,-0.362374127,0.266475886,0.275318712,0.800288677,0.0904686153,-0.00396610005,-0.627457082,-0.0307884403,0.449804962,0.734974265,0.25463888,0.000554576982,0.269458205,0.0248294212,0.04666356,0.221877247,0.34189111,0.0506354198,0.215858355,0.24992381,-0.316629529,0.00626608403,0.162414238
-0.452002168,1.11707008,0.772947669,0.00303571252,-0.0293455645,0.821906626,-0.568857729,-0.338260174,0.221429035,0.253776699,0.734044015,0.0943788812,-0.00426976336,-0.603094161,-0.00893185008,0.426656306,0.729915857,0.263693184,-0.000131117267,0.258424371,0.0231918991,0.0480822586,0.269326091,0.30577749,0.0568166152,0.240985945,0.258334488,-0.291157395,0.0039187246,0.207736269
-0.443193287,1.11572874,0.778481066,0.00243473565,-0.0296056513,0.818740726,-0.573394477,-0.316588372,0.1841456,0.233467385,0.672134101,0.0988303125,-0.00460871682,-0.582128346,0.0160060637,0.399682581,0.730326474,0.27040273,-0.000517640321,0.24773632,0.02166369,0.0497898459,0.305999339,0.269284755,0.065358676,0.268703789,0.265983284,-0.265848964,0.000399682001,0.247378349
-0.43648237,1.11484516,0.783071101,0.00221081241,-0.0308882631,0.815799117,-0.577505708,-0.297441512,0.15581727,0.213214889,0.615540028,0.103593104,-0.0049579828,-0.563485026,0.045468431,0.369707048,0.73196578,0.275297999,-0.000641769439,0.236275479,0.0205152165,0.0513273478,0.332664043,0.236238539,0.0754636824,0.296889544,0.273293823,-0.242522985,-0.00380308018,0.282540798
-0.430426896,1.11382616,0.786659658,0.00288500288,-0.0318074599,0.813193202,-0.581116736,-0.278564602,0.132947206,0.19447875,0.566275835,0.108675204,-0.00528484583,-0.544708014,0.0724421442,0.340373069,0.731819093,0.278860152,-0.000625974499,0.225732982,0.0195926875,0.0530654378,0.353740603,0.211401016,0.0872073174,0.324940532,0.281755716,-0.221327379,-0.0087337764,0.313249677
-0.424675882,1.11272037,0.789357424,0.00345260464,-0.0327881351,0.810516536,-0.584787071,-0.261742264,0.114308886,0.178101674,0.523404717,0.113712125,-0.00558243785,-0.525180757,0.0964516848,0.312637985,0.72700119,0.280591488,-0.00059670984,0.216803625,0.019122703,0.0547309704,0.368991017,0.191538647,0.0992054641,0.35169664,0.290672064,-0.2034733,-0.0145978006,0.340744764
-0.420188993,1.11174178,0.791215539,0.00387424929,-0.0332548581,0.807574451,-0.588814616,-0.247404635,0.0983340144,0.163913444,0.486898482,0.118616417,-0.00585270673,-0.502465129,0.119140096,0.287567288,0.717148244,0.280337363,-0.000671707792,0.209316477,0.0187509451,0.0562651455,0.379693419,0.176781371,0.111816496,0.376808226,0.300002247,-0.188121557,-0.0211692899,0.365289003
-0.416876346,1.11090469,0.79271698,0.00489705196,-0.0339291729,0.804709136,-0.592678726,-0.235030234,0.0866220295,0.150634825,0.456436127,0.123318344,-0.00609649858,-0.477070987,0.142413959,0.264436752,0.700145066,0.278439969,-0.000853224366,0.202432081,0.0190919619,0.0581267476,0.386605859,0.167454958,0.12439891,0.399612963,0.310122609,-0.172678038,-0.026882438,0.38683337
-0.414998472,1.11009264,0.793870032,0.00579538848,-0.034046106,0.80200237,-0.596321702,-0.223552138,0.0771383271,0.138731092,0.430942714,0.127935603,-0.00631805649,-0.449943095,0.162519932,0.245035678,0.67780596,0.274915636,-0.00110673392,0.194948569,0.0193975624,0.0605569743,0.391053796,0.160840586,0.13592042,0.419866979,0.320826858,-0.158527851,-0.0323974937,0.406036079
-0.413986623,1.10919535,0.794843853,0.00699985307,-0.0340991057,0.799167693,-0.600099444,-0.212802261,0.0701583698,0.128085613,0.409539461,0.132355675,-0.00650946377,-0.420902103,0.180295527,0.227745548,0.651102841,0.270170271,-0.00140739384,0.187625572,0.0202926546,0.0636534542,0.3932724,0.155491754,0.145874143,0.437459737,0.330699682,-0.145352632,-0.0374018289,0.422625303
-0.41346848,1.10827625,0.795686007,0.0086039165,-0.0339809433,0.796069324,-0.604189575,-0.202350184,0.0651807189,0.118729286,0.391498506,0.136499137,-0.00667332672,-0.39167729,0.198678717,0.211427882,0.623893857,0.264685273,-0.00174019358,0.17931968,0.021597458,0.0670492128,0.393693894,0.151891544,0.154572904,0.452461004,0.340338498,-0.131001547,-0.0399501957,0.437295139
-0.41382277,1.10741079,0.79635483,0.00977040362,-0.033620216,0.79276526,-0.608520746,-0.19287692,0.06121663,0.110772558,0.375451922,0.140365973,-0.00682060653,-0.36079371,0.218600914,0.196574226,0.597059965,0.257919014,-0.00217466708,0.169713899,0.0225890111,0.0702835098,0.392751336,0.148903504,0.16161485,0.465190828,0.347939014,-0.117699251,-0.0414368324,0.449952006
-0.414703161,1.10668385,0.796850204,0.01079934,-0.0330391079,0.789388537,-0.612909198,-0.18438229,0.0581646636,0.104109876,0.361375451,0.143904001,-0.00694252644,-0.329946727,0.238118678,0.184573904,0.569308519,0.249903381,-0.00262337201,0.158224776,0.0238306578,0.0738717541,0.391330361,0.144656524,0.166562393,0.476324886,0.354001671,-0.10600432,-0.0425799713,0.461060047
-0.416292012,1.10587108,0.797162533,0.0116722798,-0.0319316126,0.78620851,-0.617025316,-0.175991282,0.0553365797,0.0987585187,0.34922415,0.147094354,-0.00703606987,-0.299818844,0.251891404,0.176995099,0.5410707,0.24125056,-0.00298441364,0.144885674,0.0250578392,0.0770347863,0.391087651,0.138779193,0.169473216,0.486768603,0.359568805,-0.0959552303,-0.0432283096,0.471063882
-0.418605477,1.10462391,0.797287107,0.0122256596,-0.0301651228,0.783381581,-0.62068826,-0.166635722,0.0522715449,0.0947979763,0.338515162,0.149865925,-0.00709607592,-0.272424608,0.253461868,0.174058333,0.51076746,0.232319757,-0.00316744461,0.131398991,0.0265859459,0.0798568055,0.391832709,0.129446894,0.169213474,0.497189969,0.364222914,-0.0882254019,-0.0441317223,0.479802489
-0.420496166,1.1033144,0.797467232,0.0134142786,-0.0292814057,0.780517995,-0.624302983,-0.15836595,0.0519502722,0.0911938623,0.329722524,0.151871458,-0.00711588142,-0.247481957,0.249760106,0.171991065,0.479937673,0.223609999,-0.00323506258,0.117865048,0.0279203504,0.0831188634,0.392677873,0.120500043,0.168028831,0.50731349,0.367250144,-0.0794572979,-0.0439283736,0.487670481
-0.421862334,1.10236835,0.797712803,0.0148886908,-0.0281201415,0.777586997,-0.627969801,-0.151189566,0.0518218838,0.088374041,0.323511392,0.153270558,-0.0071318713,-0.22199446,0.244832128,0.168973684,0.448997974,0.215319663,-0.00331812189,0.107698791,0.0282200594,0.0859389156,0.393007338,0.112388879,0.166741714,0.517030776,0.370763212,-0.0688608512,-0.0420402139,0.495620102
-0.423002243,1.10104287,0.797973216,0.0157013144,-0.0264286958,0.77504009,-0.631163895,-0.144651428,0.0487400033,0.0868196115,0.319034755,0.154106453,-0.00710526109,-0.197223976,0.237639695,0.165270448,0.418674886,0.207453743,-0.00341178686,0.100609757,0.028006034,0.0878399909,0.392340004,0.101280764,0.16469726,0.526338875,0.375296563,-0.0599353053,-0.0402284339,0.504030108
-0.424087405,1.09910715,0.797699332,0.0163322948,-0.0239882395,0.772997797,-0.633744657,-0.138088942,0.0404990725,0.0863005444,0.3166278,0.154319927,-0.00697422633,-0.172102436,0.229017183,0.160530001,0.389842212,0.199720949,-0.00355155114,0.0948889852,0.0279200822,0.089684546,0.393313408,0.087563701,0.162364915,0.535642445,0.381124467,-0.0538731292,-0.0396661907,0.512003005
-0.425213039,1.09716332,0.797132194,0.0170817934,-0.0211033002,0.771181226,-0.636036515,-0.132059023,0.0328313001,0.0851285234,0.316467792,0.154072672,-0.00680205133,-0.148033991,0.219881624,0.154501423,0.363395721,0.191913351,-0.00371507904,0.0897545218,0.0282297898,0.0915086716,0.397298574,0.0744755119,0.160373971,0.545122325,0.387168258,-0.0505392812,-0.0404113606,0.518670142
-0.426058084,1.09562373,0.796376824,0.017454749,-0.0179859698,0.769374609,-0.638305962,-0.126806468,0.0269548148,0.0836667269,0.317808628,0.153559908,-0.00663081743,-0.127310917,0.210433647,0.147675321,0.340145856,0.183975339,-0.00389788719,0.0844293758,0.0283469539,0.0921685845,0.401724309,0.0626794696,0.158578143,0.554171145,0.392896861,-0.049653694,-0.0419985689,0.52408886
-0.426253557,1.09445751,0.795580924,0.0171225648,-0.01531645,0.767491162,-0.640647709,-0.122859843,0.0214558039,0.0826393366,0.31874615,0.152876243,-0.00647706585,-0.111699812,0.200801745,0.140522897,0.320231915,0.176066801,-0.004060179,0.078555584,0.0283906739,0.0926892906,0.404215991,0.0510259569,0.156353652,0.56197536,0.396549344,-0.050863795,-0.0440726653,0.528227746
-0.425738782,1.09344327,0.794812918,0.0167826097,-0.0127733564,0.765547335,-0.643033743,-0.118024662,0.0159607418,0.0820788592,0.318459153,0.152356267,-0.00634904671,-0.0987807885,0.190835863,0.133293152,0.303948909,0.168658942,-0.00417776173,0.0717627853,0.028228553,0.0929575562,0.406641185,0.0416397154,0.15446572,0.568643034,0.398620933,-0.0521407351,-0.0459536351,0.531318247
-0.425062031,1.09246743,0.794201016,0.0167378932,-0.0104840742,0.763568401,-0.645424843,-0.113502555,0.0102883326,0.0816274732,0.317311138,0.152052283,-0.00624453323,-0.087678574,0.182267278,0.125652835,0.290959418,0.161937699,-0.0042632469,0.0647627041,0.0277648773,0.0929756016,0.409052402,0.0356237851,0.153413549,0.573840022,0.39962104,-0.0528187528,-0.0475890599,0.53367871
-0.424661875,1.09172261,0.793698668,0.0167907346,-0.00852726586,0.761547327,-0.647835672,-0.110320993,0.00504434574,0.0809066147,0.316122919,0.151905492,-0.00615031645,-0.0781379044,0.174985155,0.117682382,0.280231655,0.155795887,-0.00434032036,0.0585747957,0.0272301361,0.0929841027,0.410424739,0.0325063057,0.153121963,0.577405572,0.399491161,-0.0534058958,-0.0490471497,0.535154045
-0.424461842,1.09117389,0.793296933,0.0169299934,-0.00702500017,0.759494722,-0.650255024,-0.108593717,0.000672941154,0.0797510073,0.31559974,0.151837945,-0.00605655974,-0.0699631944,0.168799579,0.109560668,0.271056503,0.150137424,-0.00441436935,0.0536330417,0.0270491708,0.0927999243,0.410328448,0.0313646458,0.153291836,0.579751432,0.397412539,-0.0541053563,-0.0503341779,0.535650253
-0.424388379,1.09073269,0.792983949,0.017095115,-0.00585204083,0.757403433,-0.652697206,-0.107578881,-0.00267437031,0.0781959891,0.315817207,0.151808918,-0.00596043235,-0.062787123,0.16361405,0.101453491,0.262896031,0.144951925,-0.00448393589,0.0494354963,0.0270312168,0.0926484466,0.408035249,0.0314350091,0.153731763,0.580782592,0.395388514,-0.0550815836,-0.0517261922,0.536147296
-0.424377739,1.09031808,0.792729259,0.0173099563,-0.00484007131,0.75527513,-0.655161381,-0.106935956,-0.00539408624,0.0763961524,0.316650957,0.151805595,-0.00586475432,-0.0563049577,0.159235403,0.0935069025,0.255698621,0.140236586,-0.00454865023,0.0458850488,0.0269086771,0.0926647037,0.404899865,0.0325414464,0.154645011,0.581215739,0.393768728,-0.0558092259,-0.0530806147,0.536681652
-0.424405158,1.08987761,0.792533517,0.017610481,-0.00395411579,0.753160894,-0.65758872,-0.106394835,-0.00766431214,0.0743939281,0.317880243,0.151821792,-0.00577027351,-0.0503526405,0.155428991,0.0858209059,0.24943988,0.135985941,-0.00460722763,0.042675931,0.0268594045,0.092630513,0.401149124,0.033658877,0.15560855,0.581455648,0.391697258,-0.0555855893,-0.054062929,0.537060261
-0.424426079,1.08942533,0.79238379,0.0179502424,-0.00318188104,0.751117587,-0.65991658,-0.105859496,-0.00956942979,0.0722477585,0.31926471,0.151846379,-0.00567658432,-0.0449614115,0.152198359,0.0784457251,0.244004384,0.132200375,-0.00465948973,0.0393980071,0.0269377492,0.0927768275,0.397392243,0.0344947092,0.156468689,0.581738055,0.389624119,-0.0550129414,-0.054859601,0.53745693
-0.424446791,1.08892143,0.79226023,0.0183124375,-0.00245339796,0.74918592,-0.662102044,-0.105221912,-0.0112525122,0.0700188726,0.320749938,0.1518711,-0.00558350421,-0.0399892814,0.149446055,0.0714446157,0.239352152,0.128853932,-0.00470837625,0.035778705,0.0269544739,0.0932983533,0.39417997,0.0349694714,0.15706256,0.582128644,0.388104498,-0.0547653995,-0.0556355715,0.537737429
-0.424403101,1.08835423,0.792145908,0.0186544154,-0.00179270282,0.74739027,-0.664120913,-0.104514308,-0.0128524778,0.0677908659,0.322230697,0.151880085,-0.00549062015,-0.0355260447,0.146954477,0.0648993179,0.235456675,0.125883356,-0.00475505926,0.0316783339,0.0269218776,0.0937055796,0.391655892,0.0348971225,0.157384455,0.582670093,0.386784524,-0.0544147715,-0.0563204065,0.537893713
-0.424266666,1.08787596,0.792004168,0.0190215837,-0.000999840559,0.745706856,-0.666001797,-0.103608124,-0.0146794822,0.0657126382,0.323753178,0.151889458,-0.00540006952,-0.0312042385,0.144246027,0.0589028224,0.232256025,0.12320406,-0.00480276532,0.0272615626,0.026920002,0.0937319845,0.389915437,0.0338868499,0.157205895,0.583415926,0.385433227,-0.0539483689,-0.0569836199,0.537999749
-0.424071491,1.08738554,0.791862726,0.0193739366,-0.000314598903,0.744098544,-0.667788804,-0.10288287,-0.016520638,0.0636853501,0.325226039,0.151883349,-0.00531205162,-0.0271134693,0.141708761,0.0533329882,0.229345977,0.120753616,-0.00484826788,0.0229424797,0.0269134007,0.0937536284,0.388604075,0.0319108851,0.156439617,0.584293425,0.384603649,-0.0532282181,-0.0574726164,0.538421869
-0.423817843,1.08687472,0.79173398,0.0196748134,0.000181004609,0.742564201,-0.669485927,-0.102451541,-0.0182356331,0.0616513565,0.326574415,0.151868835,-0.00522789173,-0.0234136768,0.139438093,0.0480990894,0.226482287,0.118573554,-0.00488910452,0.018936839,0.026849648,0.0938583761,0.387007922,0.0295867007,0.155319616,0.584943771,0.384161234,-0.0519049056,-0.0576522946,0.539155304
-0.423556775,1.08636737,0.791623592,0.019936936,0.000596651342,0.741122961,-0.67107302,-0.102083504,-0.0198749751,0.0596175343,0.327763647,0.151869521,-0.00514842058,-0.0203309786,0.137402683,0.0431612805,0.223980784,0.116745651,-0.00492758164,0.0150632672,0.0267849453,0.0940879956,0.385361463,0.0273581427,0.154045567,0.585412145,0.383667201,-0.0504457578,-0.0576953813,0.539956868
-0.423200965,1.08590269,0.79154855,0.0202780403,0.000969014247,0.739776433,-0.672546387,-0.101503633,-0.021357039,0.0575906448,0.328784376,0.151897073,-0.0050719711,-0.0178162679,0.135762095,0.0385216884,0.222186983,0.115220271,-0.00495967269,0.0110941036,0.0266856104,0.0942094028,0.383879781,0.0257757548,0.152947873,0.58582741,0.38296029,-0.0488548987,-0.0577159077,0.540749192
-0.422838897,1.08544695,0.791511893,0.0207061153,0.00140342396,0.738541245,-0.673888743,-0.100451969,-0.0226469785,0.0555677265,0.329670101,0.15196538,-0.00499890698,-0.0156165846,0.134502083,0.0342483148,0.221288621,0.113918237,-0.00498218928,0.00697693555,0.0265166759,0.0942953601,0.38282299,0.0249980204,0.15225473,0.586292684,0.382205695,-0.0472856984,-0.0577961504,0.541523337
-0.422514915,1.0849309,0.791512072,0.0211178288,0.00172730035,0.737414002,-0.675108612,-0.0993134379,-0.0237202402,0.0535480268,0.330285877,0.152055055,-0.00492884731,-0.013735882,0.133542284,0.0303712618,0.220961034,0.112799324,-0.00499791326,0.00272613647,0.0263435058,0.0944293514,0.381959796,0.0248320866,0.151899025,0.586728752,0.381076574,-0.0460943915,-0.0579484552,0.542111754
-0.422247589,1.08434939,0.791540325,0.0215335917,0.0019436673,0.73634851,-0.676256895,-0.098183915,-0.024555346,0.0515276566,0.330739975,0.152160168,-0.00486214086,-0.0122048324,0.132962778,0.0268592499,0.221123084,0.111854449,-0.0050073294,-0.00147351332,0.0261837225,0.0945327431,0.380844325,0.0250047501,0.151700228,0.586947262,0.379673332,-0.0452638231,-0.0581099615,0.542542398
-0.422045439,1.08375704,0.79156363,0.0219168123,0.00215204363,0.735276997,-0.677408874,-0.0971747339,-0.0253945496,0.0495796278,0.331179827,0.152283788,-0.00479958951,-0.0110449661,0.13257803,0.0237474479,0.221836001,0.111053482,-0.00501355669,-0.0054171849,0.0260428004,0.0945143104,0.379119337,0.0251521338,0.151444703,0.586780012,0.378284425,-0.0449575745,-0.0583003052,0.542865157
-0.421925694,1.08324718,0.791566491,0.0221228097,0.00235348055,0.734170973,-0.678600073,-0.0967099667,-0.0263416637,0.047732152,0.331751198,0.152423829,-0.00474236859,-0.0107543245,0.132123828,0.0210799892,0.223301589,0.110342421,-0.00501940865,-0.00883065909,0.0258214734,0.0941662416,0.376646459,0.0251710881,0.150971711,0.586062014,0.377053052,-0.0453001335,-0.0586072281,0.543118536
-0.421918929,1.08293319,0.791586399,0.0221187919,0.0022964126,0.733112991,-0.67974323,-0.0972140357,-0.0269574616,0.0458600931,0.332369357,0.152566716,-0.00469111465,-0.0118162325,0.131594524,0.0187758896,0.225530893,0.10970372,-0.00502285175,-0.0118469475,0.0254530869,0.0934968516,0.373626977,0.0254233815,0.150415972,0.585098863,0.37595436,-0.0473356768,-0.0595703498,0.543553174
-0.422445834,1.0828352,0.791704774,0.0219066665,0.00167940638,0.732368946,-0.680553496,-0.0989816263,-0.0261947941,0.0436262414,0.333007067,0.152677312,-0.00464594783,-0.014936083,0.131666422,0.0165553167,0.228750885,0.109166346,-0.00502099609,-0.0152837243,0.0248685461,0.0921277925,0.369815141,0.026849065,0.150782004,0.584228992,0.374157459,-0.0538838357,-0.0630333796,0.544029713
-0.422445834,1.0828352,0.791704774,-0.0219066665,-0.00167940638,-0.732368946,0.680553496,-0.0990155712,-0.0253216345,0.0421720333,0.331906825,0.140921399,-0.00449108286,-0.0177715477,0.127277538,0.0160034727,0.231125861,0.0988608003,-0.00485362951,-0.0147742666,0.0240395945,0.0890568644,0.364154637,0.0326207615,0.145755932,0.594754696,0.368352205,-0.0587543733,-0.0609322675,0.555895388
-0.422445834,1.0828352,0.791990817,-0.0211513788,-0.00162150466,-0.732375383,0.680570543,-0.099049516,-0.0244484749,0.0407178253,0.330806583,0.129165486,-0.00433621788,-0.0206070114,0.122888662,0.0154516287,0.233500823,0.088555254,-0.00468626292,-0.014264809,0.0232106429,0.0859859362,0.358494133,0.0383924618,0.140729874,0.605280399,0.362546951,-0.063624911,-0.0588311553,0.567761064
-0.422445834,1.0828352,0.792276859,-0.0203960799,-0.00156360201,-0.732381403,0.680587232,-0.0990834609,-0.0235753153,0.0392636172,0.329706371,0.117409579,-0.00418135291,-0.0234424751,0.118499778,0.0148997847,0.2358758,0.0782497153,-0.00451889634,-0.0137553522,0.0223816913,0.0829150155,0.352833629,0.0441641584,0.135703802,0.615806103,0.356741726,-0.0684954524,-0.0567300431,0.579626739
-0.422445834,1.0828352,0.792562902,-0.0196407698,-0.00150569843,-0.732387066,0.680603564,-0.0991174132,-0.0227021556,0.0378094092,0.328606129,0.105653673,-0.00402648794,-0.0262779389,0.114110902,0.0143479416,0.238250762,0.067944169,-0.00435152976,-0.0132458946,0.0215527397,0.0798440874,0.347173125,0.049935855,0.13067773,0.626331806,0.350936472,-0.0733659938,-0.0546289273,0.591492414
-0.422445834,1.0828352,0.792848945,-0.0188854467,-0.00144779403,-0.732392251,0.680619478,-0.099151358,-0.0218289942,0.0363552012,0.327505887,0.0938977599,-0.00387162319,-0.0291134026,0.109722018,0.0137960976,0.240625739,0.0576386228,-0.00418416318,-0.0127364369,0.0207237881,0.0767731592,0.34151262,0.0557075553,0.125651672,0.63685751,0.345131218,-0.0782365277,-0.0525278151,0.60335809
-0.422445834,1.0828352,0.793134987,-0.0181301143,-0.00138988881,-0.73239702,0.680634975,-0.0991853029,-0.0209558345,0.0349009931,0.326405644,0.0821418464,-0.00371675822,-0.0319488682,0.105333135,0.0132442536,0.243000701,0.0473330766,-0.00401679706,-0.0122269792,0.0198948365,0.073702231,0.335852116,0.0614792518,0.1206256,0.647383213,0.339325964,-0.0831070691,-0.0504267029,0.615223765
-0.422445834,1.0828352,0.79342103,-0.0173747707,-0.00133198267,-0.732401371,0.680650115,-0.0992192477,-0.0200826749,0.0334467851,0.325305432,0.0703859404,-0.00356189325,-0.0347843319,0.100944258,0.0126924096,0.245375678,0.0370275341,-0.00384943024,-0.0117175216,0.0190658849,0.0706313103,0.330191612,0.0672509521,0.115599535,0.657908916,0.33352071,-0.0879776105,-0.0483255908,0.627089441
-0.422445834,1.0828352,0.793707073,-0.0166194178,-0.00127407594,-0.732405305,0.680664837,-0.0992531925,-0.0192095153,0.031992577,0.32420519,0.0586300306,-0.0034070285,-0.0376197957,0.0965553746,0.0121405656,0.247750655,0.0267219879,-0.00368206389,-0.0112080649,0.0182369333,0.0675603822,0.324531108,0.0730226487,0.110573471,0.66843462,0.327715456,-0.0928481445,-0.0462244786,0.638955116
-0.422445834,1.0828352,0.793993115,-0.0158640556,-0.0012161684,-0.732408822,0.680679202,-0.0992871374,-0.0183363557,0.030538369,0.323104948,0.0468741171,-0.00325216353,-0.0404552594,0.0921664983,0.0115887215,0.250125617,0.0164164416,-0.00351469731,-0.0106986072,0.0174079817,0.064489454,0.318870604,0.0787943453,0.105547406,0.678960323,0.321910232,-0.0977186859,-0.0441233665,0.650820792
-0.422445834,1.0828352,0.794279158,-0.0151086831,-0.00115826016,-0.732411921,0.68069315,-0.0993210822,-0.0174631961,0.0290841609,0.322004706,0.0351182073,-0.00309729856,-0.0432907231,0.0877776146,0.0110368775,0.252500594,0.00611089775,-0.00334733073,-0.0101891495,0.0165790301,0.0614185296,0.3132101,0.0845660418,0.100521334,0.689485967,0.316104978,-0.102589227,-0.0420222543,0.662686467
-0.422445834,1.0828352,0.794565201,-0.0143533023,-0.00110035122,-0.732414603,0.680706739,-0.0993550271,-0.0165900365,0.0276299529,0.320904464,0.0233622976,-0.00294243358,-0.0461261868,0.0833887309,0.0104850335,0.254875571,-0.00419464707,-0.00317996414,-0.00967969187,0.0157500785,0.0583476014,0.307549596,0.0903377384,0.0954952687,0.700011671,0.310299724,-0.107459761,-0.0399211422,0.674552143
-0.422445834,1.0828352,0.794851243,-0.013597914,-0.0010424417,-0.732416868,0.680719912,-0.0993889794,-0.0157168768,0.0261757448,0.319804251,0.0116063878,-0.00278756861,-0.0489616506,0.0789998546,0.00993319042,0.257250518,-0.0145001924,-0.00301259756,-0.0091702342,0.0149211278,0.055276677,0.301889092,0.0961094424,0.0904692039,0.710537374,0.30449447,-0.112330303,-0.0378200263,0.686417818
-0.422445834,1.0828352,0.795137286,-0.0128425173,-0.000984531594,-0.732418716,0.680732667,-0.0994229242,-0.0148437163,0.0247215368,0.318704009,-0.000149522923,-0.00263270386,-0.0517971143,0.0746109709,0.0093813464,0.259625494,-0.0248057377,-0.00284523121,-0.00866077747,0.0140921762,0.0522057489,0.296228588,0.101881139,0.0854431391,0.721063077,0.298689216,-0.117200837,-0.0357189141,0.698283494
-0.422445834,1.0828352,0.795423329,-0.0120871132,-0.000926620909,-0.732420087,0.680745065,-0.0994568691,-0.0139705567,0.0232673287,0.317603767,-0.0119054336,-0.00247783889,-0.054632578,0.0702220947,0.00882950239,0.262000471,-0.035111282,-0.00267786463,-0.00815131981,0.0132632246,0.0491348244,0.290568084,0.107652836,0.0804170668,0.731588781,0.292883992,-0.122071378,-0.033617802,0.710149169
-0.422445834,1.0828352,0.795709372,-0.0113317017,-0.000868709642,-0.7324211,0.680757046,-0.0994908139,-0.0130973971,0.0218131207,0.316503525,-0.0236613434,-0.00232297392,-0.0574680418,0.0658332109,0.00827765837,0.264375448,-0.0454168282,-0.00251049805,-0.00764186215,0.012434273,0.0460638963,0.284907579,0.113424532,0.075391002,0.742114484,0.287078738,-0.126941919,-0.0315166898,0.722014844
-0.422445834,1.0828352,0.795995414,-0.0105762845,-0.000810797908,-0.732421696,0.680768669,-0.0995247588,-0.0122242374,0.0203589126,0.315403312,-0.035417255,-0.00216810894,-0.0603035055,0.061444331,0.00772581436,0.266750425,-0.0557223707,-0.00234313146,-0.00713240448,0.0116053214,0.0429929681,0.279247075,0.119196229,0.0703649372,0.752640188,0.281273484,-0.131812453,-0.0294155777,0.73388052
-0.422445834,1.0828352,0.796281457,-0.00982086081,-0.00075288571,-0.732421815,0.680779874,-0.0995587036,-0.0113510778,0.0189047046,0.31430307,-0.0471731648,-0.00201324397,-0.0631389692,0.057055451,0.00717397081,0.269125372,-0.066027917,-0.00217576488,-0.00662294729,0.0107763698,0.0399220437,0.273586571,0.124967925,0.0653388649,0.763165891,0.27546823,-0.136683002,-0.0273144636,0.745746195
-0.422445834,1.0828352,0.7965675,-0.00906543154,-0.000694973103,-0.732421577,0.680790722,-0.0995926484,-0.0104779173,0.0174504966,0.313202828,-0.0589290746,-0.00185837911,-0.0659744367,0.0526665673,0.00662212679,0.271500349,-0.0763334632,-0.00200839853,-0.00611348962,0.00994741824,0.0368511155,0.267926067,0.130739629,0.0603128001,0.773691595,0.269662976,-0.141553536,-0.0252133515,0.757611871
-0.422445834,1.0828352,0.796853542,-0.00830999762,-0.00063706009,-0.732420862,0.680801153,-0.0996265933,-0.00960475765,0.0159962885,0.312102586,-0.0706849843,-0.00170351425,-0.0688098967,0.0482776873,0.00607028278,0.273875326,-0.0866390094,-0.00184103195,-0.00560403243,0.00911846664,0.0337801911,0.262265563,0.136511326,0.0552867353,0.784217298,0.263857722,-0.14642407,-0.0231122393,0.769477546
-0.422445834,1.0828352,0.797139585,-0.00755455857,-0.000579146727,-0.732419729,0.680811226,-0.0996605456,-0.00873159803,0.0145420805,0.311002344,-0.0824408978,-0.00154864928,-0.0716453642,0.0438888073,0.00551843876,0.276250303,-0.0969445482,-0.00167366536,-0.00509457476,0.00828951504,0.0307092648,0.256605059,0.142283022,0.0502606668,0.794743001,0.258052498,-0.151294619,-0.0210111272,0.781343222
-0.422445834,1.0828352,0.797425628,-0.00679911487,-0.000521232956,-0.732418239,0.680820882,-0.0996944904,-0.00785843842,0.0130878724,0.309902132,-0.0941968039,-0.0013937843,-0.0744808242,0.0394999273,0.00496659521,0.27862528,-0.107250094,-0.00150629878,-0.0045851171,0.00746056391,0.0276383385,0.250944555,0.148054719,0.0452346019,0.805268705,0.252247244,-0.156165153,-0.0189100131,0.793208897
-0.422445834,1.0828352,0.79771167,-0.00604366744,-0.000463318953,-0.732416272,0.680830121,-0.0997284353,-0.00698527833,0.0116336644,0.308801889,-0.105952717,-0.00123891945,-0.0773162916,0.0351110473,0.00441475119,0.281000227,-0.117555641,-0.00133893231,-0.0040756599,0.00663161231,0.0245674122,0.245284036,0.153826416,0.0402085334,0.815794408,0.24644199,-0.161035687,-0.016808901,0.805074573
-0.422445834,1.0828352,0.797997713,-0.00528821675,-0.000405404659,-0.732413888,0.680839002,-0.0997623801,-0.00611211872,0.0101794563,0.307701647,-0.117708623,-0.00108405447,-0.0801517516,0.0307221655,0.00386290718,0.283375204,-0.127861187,-0.00117156573,-0.00356620224,0.00580266071,0.0214964841,0.239623532,0.159598112,0.0351824686,0.826320112,0.240636736,-0.165906236,-0.0147077888,0.816940248
-0.422445834,1.0828352,0.798283756,-0.0045327628,-0.00034749016,-0.732411087,0.680847466,-0.099796325,-0.00523895863,0.00872524828,0.306601405,-0.129464537,-0.000929189555,-0.0829872191,0.0263332836,0.0033110634,0.28575018,-0.138166726,-0.00100419926,-0.00305674481,0.00497370912,0.0184255578,0.233963028,0.165369809,0.0301564001,0.836845815,0.234831497,-0.17077677,-0.0126066757,0.828805923
-0.422445834,1.0828352,0.798569798,-0.00377730629,-0.00028957543,-0.732407928,0.680855572,-0.0998302698,-0.00436579902,0.00727104023,0.305501163,-0.14122045,-0.000774324639,-0.0858226791,0.0219444036,0.00275921938,0.288125157,-0.148472279,-0.000836832682,-0.00254728738,0.00414475752,0.0153546324,0.228302523,0.171141505,0.0251303334,0.847371519,0.229026243,-0.175647303,-0.0105055636,0.840671599
-0.422445834,1.0828352,0.798855841,-0.00302184769,-0.000231660539,-0.732404292,0.680863261,-0.0998642147,-0.00349263917,0.00581683218,0.304400951,-0.152976364,-0.000619459723,-0.0886581466,0.0175555237,0.0022073756,0.290500104,-0.158777818,-0.000669466157,-0.00203782995,0.00331580616,0.0122837061,0.222642019,0.176913202,0.0201042667,0.857897222,0.223220989,-0.180517837,-0.00840445049,0.852537274
-0.422445834,1.0828352,0.799141884,-0.00226638722,-0.000173745517,-0.732400239,0.680870593,-0.0998981595,-0.00261947932,0.00436262414,0.303300709,-0.164732262,-0.000464594777,-0.0914936066,0.0131666418,0.0016555317,0.292875081,-0.169083372,-0.000502099632,-0.00152837241,0.00248685456,0.00921277888,0.216981515,0.182684913,0.0150782,0.868422925,0.21741575,-0.185388386,-0.00630333787,0.86440295
-0.422445834,1.0828352,0.799427927,-0.00151092559,-0.0001158304,-0.732395768,0.680877507,-0.0999321118,-0.00174631958,0.00290841609,0.302200466,-0.176488176,-0.000309729861,-0.094329074,0.00877776183,0.0011036878,0.295250058,-0.179388911,-0.000334733078,-0.00101891498,0.00165790308,0.00614185305,0.211321011,0.18845661,0.0100521334,0.878948629,0.211610496,-0.19025892,-0.00420222525,0.876268625
-0.422445834,1.0828352,0.799713969,-0.00075546297,-5.79152183e-05,-0.732390821,0.680884063,-0.0999660566,-0.000873159792,0.00145420805,0.301100224,-0.188244089,-0.000154864931,-0.097164534,0.00438888092,0.000551843899,0.297625035,-0.189694449,-0.000167366539,-0.000509457488,0.000828951539,0.00307092653,0.205660507,0.194228306,0.00502606668,0.889474273,0.205805242,-0.195129454,-0.00210111262,0.888134301
-0.422445834,1.0828352,0.800000012,0,0,-0.732385516,0.680890203,-0.100000001,0,0,0.300000012,-0.200000003,0,-0.100000001,0,0,0.300000012,-0.200000003,0,0,0,0,0.200000003,0.200000003,0,0.899999976,0.200000003,-0.200000003,0,0.899999976
