0.369554877,-0.0993503481,0.800000012,0,0,-0.999641061,0.0267914068,-0.113374949,0.0137613444,-0.00176230655,0.316131324,-0.195357025,-6.79635777e-05,-0.117765114,-0.00298845349,0.00320549263,0.307153374,-0.190792829,3.62832043e-06,0.00170984806,0.00258480827,0.00271732197,0.170493752,0.19215332,-0.0132179381,0.857088327,0.187732771,-0.200550556,-0.0122652156,0.882617414
0.369554877,-0.0993503481,0.797226191,0.003218984,0.00166839443,-0.999634624,0.026786074,-0.126749903,0.0275226887,-0.0035246131,0.332262665,-0.190714061,-0.000135927155,-0.135530233,-0.00597690698,0.00641098525,0.314306736,-0.18158564,7.25664086e-06,0.00341969612,0.00516961655,0.00543464394,0.140987486,0.184306622,-0.0264358763,0.814176679,0.175465539,-0.201101124,-0.0245304313,0.865234792
0.369554877,-0.0993503481,0.794452429,0.00643747626,0.00333763403,-0.999615312,0.0267700665,-0.140124857,0.0412840322,-0.00528691942,0.348393977,-0.186071083,-0.000203890741,-0.153295338,-0.00896536093,0.00961647741,0.321460098,-0.172378466,1.08849608e-05,0.00512954406,0.00775442505,0.00815196615,0.111481234,0.176459938,-0.0396538153,0.77126503,0.163198307,-0.201651677,-0.0367956497,0.84785217
0.369554877,-0.0993503481,0.791678607,0.00965548586,0.00500759669,-0.999583185,0.0267433804,-0.153499797,0.0550453775,-0.0070492262,0.364525318,-0.18142812,-0.000271854311,-0.171060458,-0.011953814,0.0128219705,0.32861349,-0.163171291,1.45132817e-05,0.00683939224,0.0103392331,0.0108692879,0.0819749832,0.168613255,-0.0528717525,0.728353381,0.15093106,-0.202202246,-0.0490608625,0.830469549
0.369554877,-0.0993503481,0.788904786,0.0128730219,0.00667816121,-0.999538124,0.0267060101,-0.166874751,0.0688067228,-0.00881153252,0.38065663,-0.176785141,-0.000339817896,-0.188825563,-0.0149422679,0.0160274636,0.335766852,-0.153964117,1.81416017e-05,0.00854924042,0.0129240416,0.0135866096,0.0524687245,0.160766572,-0.0660896897,0.685441732,0.138663828,-0.202752799,-0.0613260791,0.813086927
0.369554877,-0.0993503481,0.786131024,0.0160900932,0.00834920444,-0.999480247,0.0266579501,-0.180249706,0.0825680643,-0.0105738388,0.396787971,-0.172142178,-0.000407781481,-0.206590682,-0.0179307219,0.0192329548,0.342920214,-0.144756928,2.17699217e-05,0.0102590881,0.0155088501,0.0163039323,0.0229624696,0.152919888,-0.0793076307,0.642530084,0.126396596,-0.203303352,-0.0735912994,0.795704365
0.369554877,-0.0993503481,0.783357203,0.0193067119,0.0100206062,-0.999409497,0.0265991967,-0.19362466,0.0963294134,-0.0123361452,0.412919283,-0.1674992,-0.000475745066,-0.224355787,-0.0209191758,0.0224384479,0.350073576,-0.135549754,2.53982416e-05,0.0119689358,0.0180936586,0.019021254,-0.00654378487,0.145073205,-0.0925255716,0.599618435,0.114129364,-0.20385392,-0.0858565122,0.778321743
0.369554877,-0.0993503481,0.780583441,0.0225228835,0.0116922436,-0.999325871,0.026529748,-0.2069996,0.110090755,-0.0140984524,0.429050624,-0.162856236,-0.000543708622,-0.242120907,-0.0239076279,0.025643941,0.357226968,-0.12634258,2.90265634e-05,0.0136787845,0.0206784662,0.0217385758,-0.0360500403,0.137226507,-0.105743505,0.556706786,0.101862133,-0.204404473,-0.098121725,0.760939121
0.369554877,-0.0993503481,0.77780962,0.0257386193,0.0133639947,-0.999229372,0.0264495984,-0.220374554,0.123852096,-0.0158607587,0.445181936,-0.158213273,-0.000611672236,-0.259886026,-0.0268960819,0.0288494341,0.36438033,-0.117135406,3.26548834e-05,0.0153886322,0.0232632738,0.0244558975,-0.0655562952,0.129379824,-0.118961446,0.513795137,0.0895949006,-0.204955041,-0.110386945,0.743556499
0.369554877,-0.0993503481,0.775035799,0.0289539304,0.0150357382,-0.999119997,0.0263587497,-0.233749509,0.137613446,-0.017623065,0.461313277,-0.153570294,-0.000679635792,-0.277651131,-0.0298845358,0.0320549272,0.371533692,-0.107928224,3.62832034e-05,0.0170984808,0.0258480832,0.0271732192,-0.0950625464,0.121533141,-0.132179379,0.470883518,0.0773276687,-0.205505595,-0.122652158,0.726173878
0.369554877,-0.0993503481,0.772262037,0.0321688242,0.0167073514,-0.998997808,0.0262571964,-0.247124448,0.151374787,-0.0193853714,0.477444589,-0.148927331,-0.000747599406,-0.295416236,-0.0328729898,0.0352604203,0.378687054,-0.0987210497,3.99115233e-05,0.0188083276,0.0284328908,0.029890541,-0.124568805,0.113686457,-0.14539732,0.42797187,0.0650604367,-0.206056148,-0.134917378,0.708791316
0.369554877,-0.0993503481,0.769488215,0.0353833102,0.0183787122,-0.998862684,0.0261449423,-0.260499418,0.165136129,-0.0211476777,0.493575931,-0.144284353,-0.000815562962,-0.31318137,-0.0358614437,0.0384659097,0.385840416,-0.0895138681,4.35398433e-05,0.0205181763,0.0310177002,0.0326078646,-0.154075056,0.105839767,-0.158615261,0.385060221,0.0527932011,-0.206606716,-0.147182599,0.691408694
0.369554877,-0.0993503481,0.766714394,0.0385973975,0.0200496987,-0.998714745,0.0260219872,-0.273874342,0.178897485,-0.022909984,0.509707272,-0.139641389,-0.000883526518,-0.330946475,-0.0388498977,0.0416714028,0.392993808,-0.0803066939,4.71681633e-05,0.0222280249,0.0336025096,0.0353251845,-0.183581308,0.0979930833,-0.171833202,0.342148572,0.0405259691,-0.207157269,-0.159447804,0.674026072
0.369554877,-0.0993503481,0.763940632,0.0418111011,0.0217201896,-0.998553872,0.0258883294,-0.287249297,0.192658827,-0.0246722903,0.525838554,-0.134998411,-0.000951490132,-0.34871158,-0.0418383516,0.0448768958,0.40014717,-0.0710995123,5.07964833e-05,0.0239378717,0.0361873172,0.0380425081,-0.213087574,0.0901464,-0.185051143,0.299236923,0.0282587335,-0.207707837,-0.171713024,0.65664345
0.369554877,-0.0993503481,0.761166811,0.0450244248,0.0233900603,-0.998380184,0.0257439725,-0.300624251,0.206420168,-0.0264345966,0.541969895,-0.130355448,-0.00101945375,-0.366476685,-0.0448268056,0.0480823889,0.407300532,-0.0618923381,5.44248032e-05,0.0256477203,0.0387721248,0.0407598279,-0.242593825,0.0822997093,-0.198269084,0.256325275,0.0159915015,-0.20825839,-0.183978245,0.639260828
0.369554877,-0.0993503481,0.758393049,0.0482373796,0.0250591915,-0.998193562,0.0255889203,-0.313999206,0.22018151,-0.0281969048,0.558101237,-0.125712469,-0.00108741724,-0.384241819,-0.0478152558,0.051287882,0.414453894,-0.0526851602,5.80531268e-05,0.027357569,0.0413569324,0.0434771515,-0.272100091,0.0744530261,-0.21148701,0.213413626,0.00372426747,-0.208808959,-0.19624345,0.621878266
0.369554877,-0.0993503481,0.755619228,0.0514499769,0.0267274603,-0.997994065,0.0254231747,-0.32737416,0.233942851,-0.0299592111,0.574232578,-0.121069498,-0.00115538086,-0.402006924,-0.0508037098,0.0544933751,0.421607286,-0.0434779823,6.16814432e-05,0.0290674176,0.0439417399,0.0461944714,-0.301606327,0.0666063428,-0.224704951,0.170501977,-0.0085429661,-0.209359512,-0.20850867,0.604495645
0.369554877,-0.0993503481,0.752845407,0.0546622239,0.0283947419,-0.997781754,0.0252467375,-0.340749115,0.247704193,-0.0317215174,0.59036386,-0.116426528,-0.00122334447,-0.419772029,-0.0537921637,0.0576988682,0.428760648,-0.0342708044,6.53097668e-05,0.0307772644,0.0465265475,0.048911795,-0.331112593,0.0587596521,-0.237922892,0.127590328,-0.0208101999,-0.209910065,-0.220773891,0.587113023
0.369554877,-0.0993503481,0.750071645,0.0578741357,0.030060919,-0.997556508,0.0250596181,-0.354124069,0.261465549,-0.0334838219,0.606495202,-0.111783557,-0.00129130797,-0.437537163,-0.0567806177,0.0609043613,0.43591401,-0.0250636283,6.89380831e-05,0.032487113,0.0491113588,0.0516291149,-0.36061883,0.0509129688,-0.251140833,0.0846786797,-0.0330774337,-0.210460633,-0.233039096,0.569730401
0.369554877,-0.0993503481,0.747297823,0.0610857159,0.0317258649,-0.997318327,0.02486182,-0.367498994,0.275226891,-0.0352461301,0.622626543,-0.107140593,-0.00135927158,-0.455302268,-0.0597690716,0.0641098544,0.443067372,-0.0158564504,7.25664067e-05,0.0341969617,0.0516961664,0.0543464385,-0.390125096,0.0430662818,-0.264358759,0.0417670272,-0.0453446656,-0.211011186,-0.245304316,0.552347779
0.369554877,-0.0993503481,0.744524062,0.0642969757,0.0333894603,-0.997067332,0.0246533491,-0.380873948,0.288988233,-0.0370084383,0.638757885,-0.102497622,-0.0014272352,-0.473067373,-0.0627575219,0.0673153475,0.450220764,-0.00664927345,7.61947304e-05,0.0359068103,0.054280974,0.0570637621,-0.419631362,0.0352195948,-0.277576715,-0.00114461978,-0.0576118976,-0.211561754,-0.257569522,0.534965217
0.369554877,-0.0993503481,0.74175024,0.0675079301,0.0350515805,-0.996803403,0.0244342107,-0.394248903,0.302749574,-0.0387707427,0.654889166,-0.0978546515,-0.00149519881,-0.490832478,-0.0657459795,0.0705208406,0.457374126,0.00255790399,7.98230467e-05,0.0376166552,0.0568657815,0.059781082,-0.449137598,0.0273729097,-0.290794641,-0.0440562665,-0.0698791295,-0.212112308,-0.269834757,0.517582595
0.369554877,-0.0993503481,0.738976419,0.070718579,0.0367121026,-0.996526599,0.0242044162,-0.407623857,0.316510916,-0.0405330509,0.671020508,-0.0932116807,-0.00156316231,-0.508597612,-0.0687344298,0.0737263337,0.464527488,0.0117650814,8.34513703e-05,0.0393265039,0.0594505891,0.0624984056,-0.478643864,0.0195262227,-0.304012597,-0.0869679153,-0.0821463689,-0.212662876,-0.282099962,0.500199974
0.369554877,-0.0993503481,0.736202657,0.0739289373,0.0383709073,-0.996236861,0.0239639711,-0.420998812,0.330272257,-0.0422953553,0.687151849,-0.0885687098,-0.00163112592,-0.526362717,-0.0717228875,0.0769318193,0.47168085,0.0209722593,8.70796866e-05,0.0410363525,0.0620354004,0.0652157292,-0.508150101,0.0116795376,-0.317230523,-0.129879564,-0.0944136009,-0.213213429,-0.294365197,0.482817352
0.369554877,-0.0993503481,0.733428836,0.07713902,0.0400278717,-0.995934248,0.0237128865,-0.434373766,0.344033599,-0.0440576635,0.703283191,-0.0839257389,-0.00169908954,-0.544127822,-0.0747113377,0.0801373124,0.478834242,0.0301794354,9.07080102e-05,0.0427462012,0.0646202043,0.0679330453,-0.537656367,0.00383285177,-0.330448449,-0.172791213,-0.106680833,-0.213763982,-0.306630403,0.46543476
0.369554877,-0.0993503481,0.730655015,0.0803488269,0.0416828692,-0.995618701,0.02345117,-0.447748721,0.35779497,-0.045819968,0.719414473,-0.0792827681,-0.00176705304,-0.561892927,-0.0776997954,0.0833428055,0.485987604,0.0393866152,9.43363266e-05,0.0444560498,0.0672050193,0.0706503689,-0.567162633,-0.00401383406,-0.343666404,-0.215702862,-0.118948065,-0.21431455,-0.318895608,0.448052138
0.369554877,-0.0993503481,0.727881253,0.0835583732,0.0433357842,-0.995290279,0.0231788363,-0.461123675,0.371556312,-0.0475822762,0.735545814,-0.0746397972,-0.00183501665,-0.579658031,-0.0806882456,0.0865482986,0.493140966,0.0485937893,9.79646502e-05,0.0461658984,0.0697898269,0.0733676925,-0.596668899,-0.0118605206,-0.356884331,-0.25861451,-0.131215304,-0.214865103,-0.331160843,0.430669516
0.369554877,-0.0993503481,0.725107431,0.0867676735,0.0449864864,-0.994948924,0.0228958931,-0.4744986,0.385317653,-0.0493445806,0.751677155,-0.0699968264,-0.00190298026,-0.597423196,-0.0836767033,0.0897537917,0.500294328,0.0578009672,0.000101592967,0.0478757434,0.0723746344,0.0760850161,-0.626175165,-0.0197072066,-0.370102286,-0.301526159,-0.143482536,-0.215415671,-0.343426049,0.413286924
0.369554877,-0.0993503481,0.72233367,0.0899767205,0.0466348603,-0.994594634,0.0226023532,-0.487873554,0.399078995,-0.0511068888,0.767808497,-0.0653538555,-0.00197094376,-0.615188301,-0.0866651535,0.0929592848,0.50744772,0.0670081452,0.00010522129,0.049585592,0.074959442,0.0788023323,-0.655681372,-0.0275538918,-0.383320212,-0.344437808,-0.155749768,-0.215966225,-0.355691254,0.395904303
0.369554877,-0.0993503481,0.719559848,0.093185544,0.048280783,-0.994227469,0.0222982317,-0.501248538,0.412840337,-0.0528691933,0.783939779,-0.0607108846,-0.00203890749,-0.632953405,-0.0896536112,0.0961647779,0.514601052,0.0762153268,0.000108849606,0.0512954406,0.0775442496,0.0815196559,-0.685187638,-0.0354005769,-0.396538168,-0.387349457,-0.168017,-0.216516793,-0.367956489,0.378521711
0.369554877,-0.0993503481,0.719559848,-0.093185544,-0.048280783,0.994227469,-0.0222982317,-0.514623463,0.426601678,-0.0546315014,0.80007112,-0.0560679138,-0.00210687099,-0.65071851,-0.0926420614,0.099370271,0.521754444,0.085422501,0.00011247793,0.0530052893,0.0801290572,0.0842369795,-0.714693904,-0.0432472639,-0.409756094,-0.430261105,-0.180284232,-0.217067346,-0.380221695,0.361139089
0.370102912,-0.104650289,0.721632004,-0.0935687721,-0.0486126132,0.994231999,-0.0196069553,-0.505206645,0.42031157,-0.0477638729,0.795482457,-0.0573452786,-0.00199245359,-0.654916406,-0.0966891572,0.103560306,0.523620069,0.0849556997,0.000207412144,0.0494411737,0.0876093283,0.0824534222,-0.713985145,-0.0449527539,-0.411616534,-0.430041015,-0.181620941,-0.217516646,-0.37807703,0.358776957
0.370333433,-0.110272385,0.723745048,-0.0942756161,-0.047742594,0.99427247,-0.0159690306,-0.492969513,0.411891699,-0.0425213128,0.783589423,-0.0584893376,-0.00165640889,-0.662334621,-0.101427361,0.108013287,0.525772393,0.0851498544,0.000435842754,0.0486890636,0.0917234048,0.0815698057,-0.712285995,-0.0405781418,-0.410772026,-0.42904079,-0.182067707,-0.214578778,-0.375680029,0.356916815
0.371502459,-0.116577156,0.725684881,-0.0936883613,-0.0457214154,0.994451463,-0.0140852593,-0.487508476,0.40284121,-0.0356522687,0.780361474,-0.0608334765,-0.00134322641,-0.667468429,-0.108496875,0.113489926,0.528975725,0.0854930952,0.000649025547,0.0516789183,0.0938557163,0.0831209719,-0.70901078,-0.0332241729,-0.408755392,-0.426703066,-0.177541912,-0.206992656,-0.373438507,0.356749713
0.371899992,-0.121899962,0.726454616,-0.0936449468,-0.0434137359,0.994574666,-0.0129318964,-0.48227644,0.394491702,-0.0271996409,0.78094089,-0.0635899976,-0.00104189594,-0.669935644,-0.116699733,0.119310871,0.531307042,0.0865442306,0.000738792529,0.0542588905,0.094879657,0.0812452883,-0.706829309,-0.023352718,-0.403997779,-0.425127417,-0.170473188,-0.200401708,-0.372916996,0.357600987
0.372165859,-0.127154514,0.726893723,-0.0934895799,-0.0415526368,0.994677305,-0.0122561539,-0.477257103,0.386132002,-0.0196570903,0.780046165,-0.0668071136,-0.0009179716,-0.671461046,-0.124712929,0.125003874,0.531902075,0.0878482759,0.000797908055,0.0568493158,0.0952508301,0.0790607929,-0.705142081,-0.0146567561,-0.397933811,-0.422891736,-0.162329867,-0.193128049,-0.370750755,0.357297391
0.371630251,-0.132227778,0.727652252,-0.0931658447,-0.0399167202,0.994777679,-0.0120052332,-0.474259019,0.377389312,-0.0136036891,0.781125665,-0.0702653974,-0.000895359728,-0.672121942,-0.132132858,0.130029008,0.532546222,0.0891704783,0.000851425633,0.0607741922,0.0949359611,0.0763456076,-0.704392433,-0.00958530884,-0.392192096,-0.421945095,-0.156397879,-0.185692489,-0.36695236,0.357100457
0.371622354,-0.136579245,0.728733778,-0.0929202214,-0.0383930281,0.994863391,-0.011769576,-0.472505897,0.368311465,-0.00902187545,0.783720016,-0.0738018677,-0.0009098273,-0.673234522,-0.137900606,0.134409785,0.533841193,0.0898613781,0.00091320317,0.0645634308,0.0946473777,0.0754823834,-0.702663779,-0.00701098749,-0.386644125,-0.422191262,-0.151940018,-0.183743849,-0.366658658,0.358855277
0.371269852,-0.140313894,0.72933054,-0.092938453,-0.0373605974,0.994903028,-0.0116046015,-0.470905721,0.360223502,-0.00632395223,0.786039352,-0.0771485344,-0.000931193645,-0.674811721,-0.143487766,0.137854457,0.534265876,0.0907944962,0.000925285509,0.0678324923,0.0932487249,0.0740554556,-0.7014696,-0.00591921248,-0.381691188,-0.423386544,-0.147544995,-0.185553566,-0.368232965,0.361637503
0.370870233,-0.143177181,0.72971046,-0.0937771499,-0.0363100246,0.994858682,-0.011985925,-0.471651852,0.353034824,-0.00525113614,0.787293136,-0.0802672356,-0.00092685211,-0.676281393,-0.148129642,0.140815869,0.533911705,0.0915014073,0.000903566892,0.0714126453,0.090378195,0.0733857378,-0.699991643,-0.00646060519,-0.37932384,-0.426320404,-0.144875422,-0.185089931,-0.367167264,0.362434447
0.369814456,-0.145304024,0.729626894,-0.0944728926,-0.0355279818,0.994821846,-0.0119241793,-0.471776813,0.347130477,-0.00538239162,0.78903091,-0.0830472559,-0.000908475544,-0.676578045,-0.151956171,0.143191516,0.533174992,0.0922997519,0.00085446873,0.0737948418,0.0873857439,0.0724211931,-0.698462367,-0.00624216115,-0.379394948,-0.427105665,-0.144804358,-0.183560789,-0.365382373,0.360663831
0.368693769,-0.147585094,0.729444385,-0.0951487422,-0.0347319618,0.994785964,-0.0118863927,-0.472228616,0.342232406,-0.0048847124,0.791045547,-0.0855871886,-0.000846541603,-0.677581787,-0.156205043,0.145242736,0.533168077,0.0930323601,0.000821813126,0.0737283975,0.0859818235,0.0723365024,-0.695574164,-0.00664753933,-0.380235106,-0.427367002,-0.144111857,-0.187104657,-0.366196722,0.359861195
0.367254376,-0.149350092,0.729321361,-0.0962567329,-0.0342349596,0.994706631,-0.0110155065,-0.472089052,0.338782638,-0.00464847311,0.792022586,-0.0879360959,-0.000776785833,-0.67894578,-0.160302788,0.146651834,0.534148097,0.093428731,0.000753173837,0.0726384297,0.0841508955,0.0719818249,-0.694093049,-0.00710190088,-0.382775962,-0.425833076,-0.145481586,-0.187151387,-0.364731789,0.357823074
0.365504861,-0.150386393,0.729348063,-0.0973934978,-0.0336985402,0.994636476,-0.0087846145,-0.470876336,0.336447686,-0.00471928483,0.793079615,-0.0902250633,-0.000706073362,-0.682633519,-0.164568141,0.147371992,0.537477374,0.0934460312,0.000673805131,0.070747681,0.0836401507,0.073140204,-0.692242086,-0.00702231284,-0.385233462,-0.421390802,-0.14741306,-0.188664943,-0.363991916,0.355633318
0.363929182,-0.150922447,0.730007529,-0.0984506533,-0.0335771628,0.994557858,-0.00590137765,-0.471713901,0.336479485,-0.00513838325,0.796021044,-0.0930162296,-0.000762301032,-0.691980064,-0.168881431,0.149190962,0.54875946,0.0918499157,0.000484809367,0.0688496679,0.0845960379,0.0766845495,-0.691353261,-0.00585224712,-0.386406243,-0.414180249,-0.151028901,-0.191536963,-0.363373697,0.352692872
0.361647278,-0.149651513,0.727969944,-0.0996369943,-0.033214774,0.994466484,-0.00234766188,-0.472885251,0.33860305,-0.00718660792,0.799780846,-0.0956393182,-0.000867023889,-0.709855318,-0.169892877,0.153017968,0.571742177,0.0889059752,0.0002899346,0.0654755607,0.0859364867,0.0814471766,-0.693994582,-0.00135858054,-0.383869976,-0.404767901,-0.155696079,-0.192585245,-0.36109668,0.348434925
0.357615381,-0.145640314,0.724478364,-0.100889884,-0.033460971,0.994334221,0.00104124949,-0.475135326,0.345689327,-0.0115520498,0.809351146,-0.0986844003,-0.00118640717,-0.734439313,-0.172510058,0.165015504,0.603592515,0.0815740824,-0.000761825126,0.0610888265,0.0868327469,0.086957939,-0.696808994,0.00546228047,-0.377611101,-0.392917246,-0.160269246,-0.189151511,-0.355435908,0.340276033
0.351166546,-0.138629928,0.719681382,-0.101734623,-0.0340028591,0.994226992,0.00258476799,-0.47484535,0.360358387,-0.0169678219,0.821911395,-0.10203018,-0.00138961198,-0.758586764,-0.18066223,0.178738907,0.634844363,0.0726805553,-0.00261947676,0.0548975132,0.0836067274,0.0897279009,-0.698331356,0.0163726881,-0.368973166,-0.379585057,-0.159728602,-0.182151824,-0.34694925,0.329497486
0.341328532,-0.127599806,0.714080572,-0.102709636,-0.0350228138,0.994090736,0.00277383346,-0.467587769,0.384278834,-0.0227919761,0.827894688,-0.104150698,-0.00147269736,-0.775213301,-0.196137741,0.183428571,0.657967508,0.0654249042,-0.00470343977,0.0491927676,0.0738249645,0.0864953771,-0.694922864,0.0281190611,-0.35945031,-0.365326107,-0.153027713,-0.171763957,-0.335562557,0.317137837
0.328700006,-0.109430619,0.710817873,-0.103963196,-0.0371826217,0.993881881,0.00281615276,-0.457207829,0.414091349,-0.0338939242,0.825606704,-0.10360527,-0.00223067869,-0.771303833,-0.195048705,0.165323555,0.674337327,0.0648372397,-0.00542479428,0.0458023921,0.0534193516,0.0802352056,-0.682234466,0.0443082005,-0.349601924,-0.351623446,-0.145899951,-0.162796438,-0.323055834,0.303224027
0.313455135,-0.0835176483,0.710937083,-0.103259109,-0.0432268307,0.993714154,0.00108702551,-0.447029829,0.446596205,-0.0566559322,0.822194397,-0.0991515815,-0.0042654546,-0.745134711,-0.161543652,0.12503542,0.690141857,0.0635417923,-0.00514329504,0.0527660213,0.0274768081,0.0726719573,-0.65207839,0.0666003078,-0.338527262,-0.338738501,-0.142574161,-0.155620053,-0.30895564,0.287938863
0.29582426,-0.0506463833,0.702351153,-0.0982911736,-0.0559212565,0.993564904,-0.00635627192,-0.448296726,0.487655878,-0.0854312479,0.843871593,-0.0906674266,-0.00797364116,-0.69704318,-0.112353206,0.0810312033,0.693367064,0.0611941926,-0.00548747554,0.0723387897,-0.00347190746,0.0672691688,-0.608502269,0.0968146101,-0.322321028,-0.32798481,-0.145824835,-0.154371649,-0.295532703,0.271808505
0.278748274,-0.0160525292,0.706250906,-0.088194035,-0.0751094371,0.993041575,-0.0211855546,-0.497017533,0.521862268,-0.0931323245,0.916529715,-0.0870466232,-0.017320171,-0.632304549,-0.0423172005,0.0303312894,0.680722117,0.0586401261,-0.00550201163,0.100786068,-0.0403953232,0.0772281587,-0.559515595,0.129511446,-0.303235352,-0.317926556,-0.164086655,-0.164128736,-0.28458944,0.255741835
0.264337599,0.0128858713,0.712165296,-0.0755633935,-0.0999939069,0.990881622,-0.0494466349,-0.605764627,0.506776273,-0.0606932156,1.03056896,-0.0987005532,-0.0396508612,-0.560385525,0.0321483873,-0.0169821084,0.652047515,0.0575868562,-0.00544038787,0.133394808,-0.0662817508,0.0945866928,-0.508387446,0.152966514,-0.283154756,-0.309741288,-0.187972248,-0.198935673,-0.284157395,0.23803544
0.24975121,0.0383420028,0.716462016,-0.0645965636,-0.129015237,0.98517698,-0.0927835256,-0.742755234,0.457686067,0.00307188928,1.14477456,-0.111111455,-0.0657835454,-0.486601681,0.110831372,-0.0634439066,0.606179535,0.0613791682,-0.00537170796,0.144566819,-0.0884734914,0.0995983556,-0.453136146,0.16631417,-0.27128312,-0.300581515,-0.179749757,-0.248912871,-0.282731771,0.228568181
0.229970291,0.0623062551,0.720482647,-0.056893345,-0.169234648,0.974837065,-0.133474723,-0.849307597,0.414712191,0.0665414557,1.17637455,-0.101442598,-0.0782095864,-0.431079566,0.20268102,-0.119289078,0.567156017,0.0740354955,-0.00618328666,0.117243402,-0.0953637138,0.0753360912,-0.397011042,0.186715558,-0.26652059,-0.288665086,-0.119113669,-0.271099031,-0.26822722,0.222373545
0.207124516,0.0783919469,0.743119061,-0.0489908829,-0.222470984,0.961154282,-0.155849159,-0.869151473,0.406276464,0.0908444449,1.08531582,-0.0703208223,-0.0717377812,-0.428694636,0.277031451,-0.171033055,0.592396259,0.0971997082,-0.00990050752,0.0533760376,-0.062563926,0.0459531359,-0.329546988,0.212563545,-0.268515885,-0.265757024,-0.0144310519,-0.22779274,-0.230654374,0.221190706
0.188771382,0.0883338451,0.754116416,-0.0387511998,-0.276328117,0.947573781,-0.155708328,-0.836102962,0.454678625,0.0610541925,0.951198816,-0.0562754832,-0.061958164,-0.472884446,0.269292802,-0.194161475,0.726770937,0.113387227,-0.0206884425,-0.0117010633,0.00671526976,0.032092087,-0.26044634,0.247216955,-0.264554739,-0.237480268,0.0884570628,-0.152961716,-0.188669726,0.232247815
0.174551472,0.0935549065,0.761683583,-0.0228165537,-0.321627229,0.934557676,-0.150456637,-0.805150926,0.555875719,-0.00107693241,0.868383944,-0.0564583875,-0.0532777235,-0.554768503,0.151484936,-0.170070112,0.929716468,0.0991128981,-0.0469409637,-0.052156847,0.087768577,0.0372171924,-0.199652761,0.288673908,-0.258610368,-0.204442024,0.160842806,-0.0929151028,-0.150436804,0.249136716
0.162729457,0.102594987,0.76875627,-0.00430231262,-0.351118863,0.923864603,-0.152221218,-0.80308634,0.668753386,-0.0403219052,0.837065101,-0.0657178313,-0.0459430106,-0.665424585,-0.0572246201,-0.0645148158,1.07428229,0.0845722258,-0.0639643744,-0.0763315037,0.143261611,0.0479112342,-0.148926288,0.32543698,-0.25081557,-0.169852018,0.202836856,-0.0559410602,-0.116519362,0.2609725
0.150274515,0.113930203,0.769863427,0.00742701162,-0.362513751,0.919810176,-0.149926037,-0.813557684,0.76035279,-0.042315647,0.835785568,-0.0801666304,-0.0383854173,-0.787519336,-0.294748962,0.111150898,0.948428631,0.103676319,-0.0477873534,-0.0913038626,0.148457363,0.04188722,-0.10602612,0.355399042,-0.244403601,-0.144230217,0.232658431,-0.023617493,-0.0744284913,0.256444842
0.138067409,0.113310955,0.764283419,0.016325742,-0.371323884,0.918241024,-0.136694834,-0.8110708,0.817627728,-0.0360975824,0.842037499,-0.0914095566,-0.0328833982,-0.919831514,-0.47722581,0.265991122,0.652653694,0.113568604,-0.0300021116,-0.0838453919,0.136463702,0.0256501604,-0.0528839454,0.371594131,-0.244025037,-0.128249079,0.246103495,-0.00784012768,-0.0386786908,0.229186848
0.124037884,0.12039718,0.769981086,0.0247212145,-0.372146785,0.919062614,-0.127356097,-0.805077195,0.851570606,-0.0393708721,0.854784489,-0.103482984,-0.0303097609,-1.02002084,-0.584845543,0.334137738,0.463867784,0.113793589,-0.025469698,-0.0440191887,0.0946407616,-0.00987153593,0.0258088317,0.393636763,-0.236366183,-0.115052365,0.249850124,-0.00438647252,-0.00299968384,0.185251534
0.113122754,0.135603279,0.775918245,0.0297442991,-0.381761134,0.91499269,-0.127130359,-0.797900617,0.885827601,-0.0680568069,0.826604187,-0.109319292,-0.0281802025,-1.05855894,-0.633402169,0.373033941,0.501413822,0.136533096,-0.0243680049,-0.00310841878,0.0444123745,-0.040243838,0.0961351022,0.407405704,-0.219889089,-0.0934899598,0.232971117,-0.00397560513,0.0372188613,0.128037125
0.0976071879,0.142636672,0.783664942,0.0344645455,-0.407392502,0.901259959,-0.143436432,-0.76342845,0.950147569,-0.111102603,0.745191455,-0.105652772,-0.0256238505,-1.08236766,-0.700527549,0.422427446,0.707706749,0.155979589,-0.0371761359,0.0183723234,0.0265321545,-0.0680526346,0.148624539,0.42148304,-0.212242648,-0.0790382624,0.215099081,-0.0147491489,0.0628497228,0.0842865333
0.078525655,0.14882414,0.791526437,0.0453384183,-0.440908551,0.878662288,-0.17747277,-0.727919042,1.03148985,-0.16053623,0.636624873,-0.100558102,-0.0245375782,-1.11151922,-0.788369,0.540209532,1.00368857,0.167807132,-0.064365305,0.0276719648,0.0414220504,-0.0876764357,0.18942149,0.434564352,-0.21613133,-0.0673571229,0.203421175,-0.039886564,0.0689208433,0.0544935204
0.0580854826,0.156944752,0.7965253,0.0626059845,-0.476082116,0.8513605,-0.211214557,-0.73051846,1.11904109,-0.210338965,0.500589073,-0.0980383605,-0.0248762015,-1.14020157,-0.857402444,0.762818336,1.30725169,0.169076368,-0.0921432897,0.0236747749,0.0903807282,-0.0739169791,0.216413796,0.426811308,-0.232977435,-0.0617792048,0.191155449,-0.0783794373,0.0597247407,0.0394432805
0.0426184386,0.17519401,0.789664745,0.0751384795,-0.507697582,0.831484079,-0.212677225,-0.771755338,1.20468903,-0.251164734,0.318312496,-0.0924685746,-0.0253339708,-1.1757468,-0.844034433,1.04700267,1.40811968,0.153943688,-0.0919916779,0.00780191366,0.141877204,-0.0198639892,0.213568747,0.41297552,-0.25851649,-0.0715253577,0.161742151,-0.113937706,0.045360785,0.0392233394
0.0361232236,0.187714472,0.777632713,0.0829539597,-0.526509941,0.823566079,-0.194022879,-0.801176488,1.27803397,-0.263909459,0.188951075,-0.0734810457,-0.024630079,-1.26002693,-0.776233256,1.2481482,1.1514703,0.165938437,-0.0668017939,0.0181937963,0.178283066,0.0348469988,0.186672166,0.404729515,-0.285812736,-0.104902633,0.109864056,-0.129648387,0.0372497402,0.0494284779
0.0309620835,0.191799775,0.769791007,0.0959960744,-0.535810649,0.824225843,-0.156024247,-0.807005703,1.34572065,-0.258590519,0.138791874,-0.0485028997,-0.0240347143,-1.37741244,-0.683753073,1.35183465,0.820118427,0.180932149,-0.0454006195,0.0413425341,0.188176796,0.0758853033,0.161245048,0.419807047,-0.306137681,-0.135495633,0.0703169703,-0.104545988,0.0509249605,0.0569382757
0.0307177901,0.202295899,0.771395862,0.106101818,-0.532943249,0.830008447,-0.125697508,-0.776886702,1.39565992,-0.231495366,0.151560992,-0.0167281982,-0.0245711729,-1.4716872,-0.607313991,1.29418635,0.632652879,0.198557705,-0.0369573459,0.0619576909,0.15348509,0.0961160958,0.135089383,0.461414397,-0.3136971,-0.152781188,0.0224893019,-0.0542331524,0.0618927553,0.0533999056
0.0339894705,0.210598707,0.772121787,0.105918519,-0.531925917,0.832271516,-0.11471764,-0.726754069,1.41441011,-0.191934615,0.185541019,0.0105346348,-0.0244349092,-1.48170125,-0.526148975,1.17225146,0.685823143,0.226687253,-0.0309691485,0.0405199155,0.116520353,0.0853105783,0.111005351,0.480316848,-0.314043134,-0.150732934,0.0065726717,-0.0349528715,0.0640403777,0.0391994976
0.0339534618,0.210357606,0.766631067,0.106210276,-0.53366977,0.830952227,-0.11590641,-0.673676193,1.43729413,-0.156364948,0.207616895,0.0249126814,-0.022752462,-1.49118412,-0.437088966,1.09220898,0.925824761,0.24839589,-0.0192258283,-0.00659021083,0.109046377,0.0689833537,0.0814402923,0.46874246,-0.31926468,-0.142353937,0.0255864263,-0.0611888245,0.0480548665,0.0314939953
0.031830173,0.208399668,0.764376521,0.11096473,-0.530685008,0.8307212,-0.126343071,-0.643208683,1.4396348,-0.120994851,0.219356298,0.0266638733,-0.0233597588,-1.49422789,-0.324603885,1.04278433,1.28210187,0.266991675,-0.00502219889,-0.0259389337,0.109492302,0.0566647202,0.0454224683,0.437009335,-0.323106647,-0.133999914,0.044811774,-0.103003316,0.0198149383,0.0463008434
0.0272686984,0.204713717,0.763425291,0.116454393,-0.524201632,0.831216156,-0.143981963,-0.628382266,1.42989802,-0.0874964893,0.227346748,0.0214062501,-0.0238878615,-1.47814262,-0.193552211,0.990656197,1.70957088,0.292787105,0.00582313724,-0.0262428541,0.103323586,0.044998683,0.0120099355,0.397164166,-0.32535851,-0.133933976,0.0647197664,-0.138274923,-0.00961748697,0.07261426
0.0195657238,0.201741338,0.765660167,0.123217955,-0.514201701,0.832482159,-0.165491655,-0.618075013,1.42375278,-0.055956535,0.253519326,0.0127741918,-0.0222955309,-1.43479896,-0.0912065729,0.88434875,2.13875937,0.330046058,0.00791459437,-0.0192086287,0.0882097334,0.0411179289,-0.0178333633,0.361930162,-0.330412835,-0.135198966,0.0833583251,-0.156578317,-0.0345706567,0.105098695
0.0114007136,0.196995899,0.772722781,0.133680195,-0.501520514,0.835488319,-0.180460736,-0.611883223,1.42162502,-0.023037916,0.295451909,0.00145338185,-0.0195438433,-1.36667562,-0.0374967046,0.699663699,2.47845173,0.370859742,-7.65400728e-07,-0.00219863304,0.0661582351,0.0404055715,-0.0453683026,0.341801882,-0.340293169,-0.134542346,0.0978154838,-0.144666627,-0.0482862964,0.145778865
0.0062742033,0.190023839,0.778172731,0.143843517,-0.485230446,0.840964735,-0.191412479,-0.609970152,1.42020071,0.016599698,0.364596516,-0.0119573493,-0.0165952481,-1.2938925,-0.0274355076,0.478257209,2.64595294,0.404925734,-0.00985014252,0.0234605856,0.0585338511,0.0496509671,-0.0783343464,0.322777301,-0.363042802,-0.138956636,0.095875062,-0.123670369,-0.0586545952,0.191675887
0.00491669076,0.181512758,0.782670736,0.150591627,-0.465431482,0.848861039,-0.200326294,-0.616946995,1.40678513,0.0665322691,0.460796207,-0.0270819813,-0.0147813922,-1.22391045,-0.0246804636,0.255447149,2.6425209,0.425904542,-0.0195075814,0.0418980569,0.0654539391,0.0613542609,-0.117989153,0.300142407,-0.394456923,-0.144069299,0.079337135,-0.115892179,-0.0737312436,0.230476707
0.00701974658,0.16957733,0.783000767,0.151912272,-0.444114476,0.857998729,-0.208622187,-0.628119349,1.38970792,0.118126683,0.574366331,-0.0412685312,-0.0119872866,-1.15326834,-0.00985246897,0.0720419288,2.50868392,0.432542861,-0.0280765705,0.041409757,0.0811929852,0.0674818009,-0.160901472,0.273140073,-0.42863068,-0.153638616,0.0581159443,-0.11394538,-0.089374423,0.255603999
0.0109900944,0.15800485,0.783191383,0.147784173,-0.422531068,0.867497206,-0.216969863,-0.637771845,1.36422968,0.164106607,0.691338718,-0.0528020337,-0.00859585125,-1.08140528,0.0272749774,-0.0450563133,2.30481696,0.429290563,-0.0320520215,0.0205946472,0.104719281,0.0684016943,-0.204498842,0.250688255,-0.455365777,-0.164386109,0.0433585867,-0.112877928,-0.106374905,0.268115848
0.0159537904,0.145762101,0.781283557,0.137466475,-0.400502771,0.876501441,-0.229010254,-0.633784235,1.31421387,0.206212834,0.793625832,-0.0577892065,-0.00575730763,-1.00424957,0.0742608085,-0.10997951,2.07383108,0.417360872,-0.0320736989,-0.0259427708,0.129682943,0.0545092262,-0.249408886,0.232865542,-0.468990624,-0.172992378,0.0364617556,-0.118997969,-0.126774937,0.256659806
0.0203244817,0.132112697,0.78141129,0.121359728,-0.37793687,0.885432959,-0.241752088,-0.601593852,1.21845579,0.247376889,0.856740713,-0.0539068505,-0.00368589628,-0.920090854,0.119315065,-0.15824984,1.83483768,0.402369946,-0.0309199728,-0.0856814608,0.156167477,0.0230789203,-0.293584466,0.224914566,-0.467351317,-0.187077016,0.0431278348,-0.142439798,-0.153169766,0.226197869
0.025778247,0.117150515,0.786423624,0.100170299,-0.351757377,0.895572364,-0.253343225,-0.544598877,1.07939219,0.288941741,0.870886981,-0.0424872488,-0.00195747707,-0.82851851,0.16092436,-0.193984047,1.58992839,0.386751831,-0.0297440793,-0.140958235,0.171522737,-0.0124590266,-0.327558517,0.227551609,-0.451845229,-0.20381768,0.0543665066,-0.179890186,-0.186413124,0.185778439
0.0299769677,0.101621866,0.797514617,0.0798588321,-0.317290276,0.907468438,-0.263534784,-0.480343312,0.922349215,0.327320755,0.858204961,-0.0266099125,-0.000495129672,-0.728126109,0.196926549,-0.213006482,1.35203862,0.372813433,-0.0300070308,-0.183263198,0.173178434,-0.0449548401,-0.346692711,0.237153426,-0.43085435,-0.222324654,0.0686209649,-0.229933009,-0.226442292,0.151485264
0.0323084407,0.0856942311,0.810492516,0.0641395077,-0.2755799,0.92120564,-0.267061889,-0.424915016,0.779238105,0.352845669,0.849977136,-0.00617978116,0.000975762436,-0.612318575,0.223503992,-0.213671014,1.13451207,0.361736208,-0.0317368247,-0.205026254,0.158814251,-0.0724486113,-0.350536048,0.247152403,-0.402345449,-0.238927051,0.078632772,-0.284591675,-0.272824198,0.128134981
0.0345534608,0.0733509436,0.824870288,0.0542427227,-0.228274956,0.935925007,-0.262664527,-0.395707846,0.668295145,0.354485869,0.881951511,0.0157330129,0.00311224046,-0.489212602,0.240630358,-0.200148523,0.94197464,0.352723151,-0.03375981,-0.205040142,0.129953086,-0.0849829167,-0.341409415,0.252642304,-0.377898812,-0.256504506,0.0796441734,-0.328733981,-0.316020846,0.121055849
0.038727954,0.0642055273,0.836393416,0.0471445546,-0.181191444,0.948600948,-0.255153596,-0.395476043,0.588451385,0.325112075,0.94390285,0.0299634561,0.00688987225,-0.375793964,0.246345878,-0.168932274,0.780045271,0.346749991,-0.0348061062,-0.191735074,0.094827272,-0.082144022,-0.331380993,0.250653446,-0.360640168,-0.279088795,0.0661998168,-0.364401609,-0.357183158,0.122231394
0.0450569429,0.0567192137,0.814019144,0.0381180942,-0.140035942,0.958165586,-0.246689335,-0.417391896,0.542746723,0.267424971,0.990745664,0.0327498913,0.012644235,-0.28831169,0.235141605,-0.12723951,0.66396755,0.337686777,-0.0332525149,-0.169628039,0.0687936097,-0.0638754666,-0.334465623,0.243111506,-0.346499354,-0.306649029,0.0386955626,-0.398414463,-0.396632284,0.131766543
0.0508191735,0.0488634184,0.791957557,0.0261490177,-0.108417206,0.964478254,-0.23946549,-0.445698559,0.535652101,0.18910858,0.986725688,0.0288823564,0.0181114823,-0.231649026,0.206429347,-0.0830693394,0.586898088,0.316198885,-0.0295569487,-0.152647942,0.0566717423,-0.038760066,-0.355029911,0.230223715,-0.335077643,-0.334762633,0.00210817391,-0.428090602,-0.430563271,0.141422331
0.0559395924,0.0415732972,0.782893002,0.0125738671,-0.0856374726,0.967956841,-0.235727936,-0.469621599,0.559288919,0.106294215,0.93234247,0.0258825067,0.0208786707,-0.198128372,0.166084304,-0.0407683775,0.52482909,0.283505589,-0.0259453338,-0.14494817,0.059262339,-0.0162659865,-0.390010208,0.214403689,-0.329371542,-0.363358974,-0.040006984,-0.451664865,-0.459208578,0.152088538
0.0616880655,0.0331950933,0.774379611,0.00190685794,-0.071781598,0.97039026,-0.230622008,-0.482843697,0.599638999,0.0315325074,0.847015023,0.0254899692,0.0209010057,-0.191296339,0.124289878,-0.00683778245,0.4962098,0.243905798,-0.0228128769,-0.145572379,0.0788930357,0.0106722023,-0.434297085,0.198243991,-0.323246509,-0.383906305,-0.0849755406,-0.470503211,-0.483050615,0.170481786
0.0699810833,0.0206335373,0.767423868,-0.00649793213,-0.065095976,0.972710669,-0.222607777,-0.488609105,0.633755803,-0.0208340585,0.756465673,0.0297205858,0.0192066524,-0.205342218,0.0844427422,0.0153691042,0.492607176,0.200103417,-0.0196823627,-0.151767462,0.111939028,0.0395097733,-0.472866625,0.180842385,-0.326117367,-0.399188817,-0.128911436,-0.487328768,-0.503210187,0.198103562
0.080033429,0.00456895446,0.761016667,-0.015315854,-0.0624612495,0.97525984,-0.211500019,-0.484898418,0.646740258,-0.0541527271,0.67702204,0.0391787253,0.0172386281,-0.238818929,0.046104297,0.0264600888,0.508714497,0.15511094,-0.016385017,-0.151242539,0.149840251,0.0683200508,-0.513997734,0.16585353,-0.334617794,-0.412973493,-0.167045698,-0.495494306,-0.517116249,0.228452891
0.092451185,-0.012917731,0.753047287,-0.0255527645,-0.0600596033,0.977039218,-0.202816278,-0.474069476,0.632891715,-0.073889181,0.618164301,0.050926853,0.0154052852,-0.283566833,0.00719731161,0.0360700302,0.535834551,0.114329807,-0.0131151322,-0.13814415,0.183098346,0.0908310637,-0.558812141,0.156508654,-0.345559061,-0.42738542,-0.20050025,-0.499430001,-0.526833475,0.262368053
0.105025932,-0.0344888233,0.74657011,-0.0359328687,-0.0549416319,0.979279757,-0.191576168,-0.458017588,0.602918029,-0.0783524141,0.603216112,0.05606132,0.0142086586,-0.332023263,-0.0387239009,0.0530721098,0.57167834,0.0787084252,-0.00999754202,-0.113555312,0.21202901,0.108924717,-0.605041921,0.142404258,-0.36523363,-0.442025959,-0.22480616,-0.492632717,-0.516168296,0.296807945
0.117847845,-0.0581275336,0.740511537,-0.0449755229,-0.0488851517,0.981374562,-0.180253655,-0.448736638,0.558717847,-0.0622183233,0.608850121,0.0540329441,0.0121335993,-0.38463521,-0.0838740468,0.0737959594,0.612866402,0.048953481,-0.00687098317,-0.100122467,0.225368217,0.11876303,-0.635769188,0.131408259,-0.381908596,-0.452480465,-0.236422583,-0.49006784,-0.526172638,0.331769407
0.130650803,-0.0792557448,0.734278679,-0.0542891249,-0.0385912471,0.983429074,-0.168614164,-0.451686531,0.509433687,-0.0342727676,0.62766397,0.044210434,0.0101059042,-0.434217602,-0.133526444,0.0991507769,0.648764908,0.0267464835,-0.00442014355,-0.0845369697,0.228682056,0.126291677,-0.667887688,0.125946254,-0.389075041,-0.458449244,-0.24734208,-0.48159951,-0.537658453,0.363252103
0.143396229,-0.0981881768,0.728330612,-0.0621550269,-0.0274747368,0.985514045,-0.155383319,-0.461098969,0.462478727,-0.00971906818,0.657117248,0.0332818404,0.00862061046,-0.480962306,-0.184023231,0.12466073,0.674289465,0.0111426869,-0.00268744165,-0.0634320155,0.221970186,0.132998154,-0.691679478,0.119106166,-0.399481744,-0.462816417,-0.254562318,-0.460545689,-0.542641878,0.391671002
0.15344508,-0.115556702,0.72338146,-0.0691480711,-0.016543692,0.987053216,-0.143773496,-0.471364468,0.421124876,0.0071641542,0.69247371,0.021476917,0.00790918805,-0.519997299,-0.230618268,0.145802796,0.687808573,0.00154432736,-0.00129702198,-0.0406682082,0.205591753,0.132663488,-0.7044276,0.11229904,-0.408649713,-0.464825362,-0.254745513,-0.433213025,-0.542821229,0.415643334
0.161483735,-0.130816534,0.718922794,-0.0739120021,-0.0076250853,0.988341868,-0.132888004,-0.475794792,0.381977975,0.0238730125,0.721659184,0.0102985054,0.00666140346,-0.549075305,-0.272429764,0.161761463,0.691171408,-0.0034115829,-0.000470426166,-0.0209853631,0.188201383,0.126373962,-0.705500543,0.102740586,-0.417759448,-0.466306299,-0.245860726,-0.407024443,-0.540560544,0.436360776
0.167948648,-0.143633038,0.719301224,-0.0771067888,-0.000210329905,0.989567757,-0.121697158,-0.475291759,0.346908748,0.0351474471,0.738094568,-0.000722575176,0.0054436326,-0.571264923,-0.307134241,0.172632143,0.684880972,-0.00482824072,0.00020283171,-0.00309417839,0.171224937,0.119565181,-0.700652182,0.09156055,-0.426856101,-0.465287447,-0.237912714,-0.385909051,-0.536859691,0.450906962
0.173723832,-0.154724985,0.720262051,-0.0782096684,0.00650166348,0.990574002,-0.112267494,-0.476735204,0.315517575,0.0419923216,0.756785035,-0.0111518204,0.00439915992,-0.586119652,-0.335269958,0.179579988,0.672685981,-0.00422543101,0.000830966572,0.0145092336,0.15513292,0.114231214,-0.690603256,0.0783142596,-0.436433464,-0.464262694,-0.228985831,-0.367803723,-0.533597052,0.464024991
0.178206235,-0.161631316,0.720612645,-0.0785019696,0.0116970781,0.991309583,-0.104909092,-0.475281954,0.290883064,0.0447732769,0.770176589,-0.0197563451,0.00339595065,-0.5950948,-0.355500251,0.182359025,0.657390654,-0.00204981468,0.00112201471,0.0258224774,0.137432501,0.110785313,-0.683340847,0.0680283234,-0.4430224,-0.461851805,-0.22212863,-0.353129268,-0.530216336,0.472359985
0.182895333,-0.167132288,0.72121346,-0.0785590708,0.0149449101,0.991868377,-0.0990063846,-0.473380685,0.272665411,0.0458995923,0.777709901,-0.0271403678,0.00258885114,-0.601730645,-0.369803995,0.183023199,0.641457319,0.00124134705,0.00132634013,0.0316331647,0.123646177,0.10784892,-0.680547535,0.0599713586,-0.448248684,-0.458277613,-0.220319778,-0.343613058,-0.527509451,0.474792421
0.186221987,-0.171412468,0.721684575,-0.077849865,0.0166777465,0.99224633,-0.095438391,-0.470637888,0.259816051,0.0450452901,0.78243798,-0.0333675742,0.00183073338,-0.604648471,-0.379141659,0.181823641,0.627337754,0.0054327012,0.00142756349,0.034291245,0.112253152,0.104629554,-0.678112209,0.0518731661,-0.453564614,-0.456296593,-0.214806199,-0.336789817,-0.524076819,0.476188958
0.189041272,-0.173834488,0.721577108,-0.0770842806,0.0176151339,0.992525339,-0.092958115,-0.46885407,0.251814157,0.043241635,0.784623742,-0.038811028,0.00117763411,-0.603998601,-0.384719968,0.179495499,0.614183843,0.0100640478,0.00144081202,0.0352401547,0.101422966,0.101385728,-0.675281882,0.0450559184,-0.458615124,-0.454817802,-0.212768361,-0.332242846,-0.523457468,0.475111276
0.191080555,-0.175400242,0.721834123,-0.0759906247,0.0177168623,0.992791355,-0.0909776539,-0.465604216,0.247625396,0.0412327833,0.784648955,-0.04318773,0.00062423019,-0.599859357,-0.388288081,0.175819576,0.602542162,0.0146525074,0.00136286812,0.0355877578,0.0939549357,0.0977856144,-0.669717968,0.0383903235,-0.461810678,-0.453119516,-0.209452644,-0.332090229,-0.524947345,0.473371983
0.193081006,-0.176342234,0.721461177,-0.0742183328,0.017341774,0.993066013,-0.0895035937,-0.461521059,0.24636513,0.039216619,0.78345114,-0.0467479341,0.000140896183,-0.593589187,-0.390286356,0.171171069,0.590984881,0.0188435502,0.00129661988,0.0353773944,0.088724345,0.0946855098,-0.664247453,0.033224836,-0.463464618,-0.451642811,-0.204558626,-0.33438307,-0.527035415,0.472696275
0.195049077,-0.176374123,0.721360505,-0.0727315918,0.01664651,0.993276,-0.0885196254,-0.459018946,0.24679938,0.037125729,0.78274554,-0.0498430245,-0.000324354594,-0.586772561,-0.391432315,0.166086048,0.579583764,0.0224110093,0.00117217028,0.0356233045,0.0846778601,0.0921384916,-0.659446001,0.030194534,-0.463560373,-0.450966656,-0.202335522,-0.338272899,-0.530195236,0.471793056
0.196945548,-0.17600733,0.721195698,-0.070943214,0.0157117955,0.993474424,-0.0879134387,-0.456452876,0.248567328,0.0344305299,0.782354414,-0.0526864044,-0.000678067969,-0.580600858,-0.390422285,0.160371065,0.570372403,0.0251016207,0.00115063414,0.0357358977,0.0825740397,0.0908932313,-0.655368447,0.0292238891,-0.462635756,-0.450374186,-0.19946146,-0.3427369,-0.532474279,0.470305741
0.198761195,-0.175102517,0.720883489,-0.0691660643,0.0144375507,0.993623257,-0.0878661796,-0.455134988,0.251440048,0.0314259678,0.782432556,-0.0550799407,-0.00106625143,-0.574656248,-0.387719512,0.154957384,0.5624789,0.0273355525,0.00112405652,0.0355858207,0.0814105868,0.0916603729,-0.654579878,0.0273493212,-0.46165061,-0.449555457,-0.197103396,-0.346908599,-0.533533216,0.470920324
0.20055297,-0.173796549,0.720999062,-0.0676045269,0.0129452087,0.993742406,-0.0879662782,-0.454925388,0.255673945,0.0283767991,0.783006549,-0.0572718494,-0.00136689772,-0.569583714,-0.38451162,0.149960577,0.556987703,0.0289884433,0.0010521058,0.0349917784,0.0802366063,0.0917791352,-0.653132081,0.0267867148,-0.460705131,-0.448966444,-0.196951166,-0.350667238,-0.53489399,0.469728291
0.202088773,-0.17248787,0.720612407,-0.0663750768,0.0111043984,0.99380964,-0.0883935168,-0.456302077,0.261302263,0.0251854677,0.784158766,-0.0591453426,-0.00162654417,-0.565725029,-0.380054325,0.145291179,0.552737534,0.0301846191,0.00101481448,0.0330956839,0.0793024525,0.0916005075,-0.653023362,0.027556207,-0.459809393,-0.447990477,-0.19630228,-0.352319181,-0.53596884,0.469084352
0.203548536,-0.171025604,0.720225513,-0.0653462261,0.00939831231,0.993828654,-0.0891408622,-0.458518654,0.267061412,0.0225377046,0.78581506,-0.0605887771,-0.0018395402,-0.562540114,-0.375811994,0.141619146,0.549883127,0.0311190337,0.000954044925,0.0309107732,0.0801770017,0.0918678939,-0.653962851,0.0286144111,-0.458902836,-0.446650684,-0.197065905,-0.3537516,-0.536296487,0.46824953
0.205266356,-0.16956459,0.720180333,-0.064570576,0.00735549675,0.993861556,-0.0895307735,-0.461800545,0.27292034,0.0198422056,0.786689579,-0.0615524575,-0.00205676397,-0.559626043,-0.370580763,0.138067216,0.547359467,0.0319048241,0.000906212605,0.028977083,0.0802673995,0.092538774,-0.653934777,0.0266566221,-0.459137678,-0.445597947,-0.197939157,-0.354716718,-0.537573457,0.467504829
0.206359312,-0.167911634,0.719673097,-0.0638888031,0.00548722548,0.993836761,-0.0904249027,-0.464444935,0.278980523,0.0168695133,0.787804663,-0.0620643236,-0.00222806539,-0.556956053,-0.364881516,0.134770632,0.545332015,0.0325061157,0.000880872307,0.0260358471,0.0805845559,0.09202604,-0.653990507,0.0271998942,-0.458697081,-0.444838107,-0.197842181,-0.355420172,-0.536596894,0.466298729
0.207603142,-0.166240096,0.719797134,-0.0633469373,0.0032674598,0.99381119,-0.0911911055,-0.46764043,0.285500675,0.013517905,0.788337588,-0.0620132908,-0.00235532061,-0.554050148,-0.358713806,0.131760135,0.543422461,0.0331344604,0.000819772424,0.0244187042,0.0807086155,0.0920595676,-0.652953267,0.0267382655,-0.459207296,-0.444574624,-0.196872354,-0.355318069,-0.536329269,0.465619266
0.208555698,-0.164564565,0.720105946,-0.0630708709,0.000842907757,0.993769169,-0.0918926746,-0.470825404,0.291950494,0.0100339046,0.787887812,-0.0615634173,-0.00252131419,-0.551615894,-0.351829886,0.128954813,0.541476667,0.0336367786,0.000769360689,0.0220290646,0.0807779953,0.0910443738,-0.653004587,0.027395973,-0.45944801,-0.444342375,-0.196181595,-0.355014592,-0.53645426,0.464483887
0.20927915,-0.162428603,0.720023215,-0.0629260167,-0.00149380951,0.993702829,-0.0926974639,-0.473714262,0.298686385,0.00607094914,0.786772251,-0.0610014945,-0.0026466446,-0.548947096,-0.344200164,0.12621659,0.538948357,0.0341628231,0.000724297366,0.019505078,0.0809365883,0.0909580737,-0.653368354,0.0293617435,-0.458833575,-0.44488588,-0.195571885,-0.35398227,-0.536059797,0.463510573
0.21035172,-0.160328209,0.719965339,-0.0629245639,-0.00394911133,0.993633091,-0.0933711603,-0.477607518,0.305293083,0.00213472894,0.785853207,-0.0605396181,-0.00276321103,-0.546189606,-0.336806387,0.123634659,0.535486758,0.0348573923,0.000659864512,0.0185441095,0.0817523673,0.0911290944,-0.654374242,0.0302277543,-0.458579749,-0.445272535,-0.195853949,-0.353517324,-0.535762191,0.462925464
0.210728005,-0.158930525,0.719688654,-0.0628733486,-0.00647933548,0.993532062,-0.0943345129,-0.480810761,0.312146485,-0.00175952457,0.785045266,-0.0598488227,-0.00280020805,-0.543314993,-0.329218835,0.121338144,0.531962276,0.0355804749,0.000673426897,0.0170801748,0.0828636438,0.0907345936,-0.654448688,0.0311504286,-0.458304644,-0.444714963,-0.196352839,-0.354508072,-0.536000192,0.462810874
0.211166218,-0.15752022,0.719880402,-0.0626872033,-0.00897218566,0.993406355,-0.0955699906,-0.483754277,0.318929106,-0.00545929372,0.784452796,-0.058983773,-0.00281018484,-0.540286362,-0.32191664,0.119333193,0.528800368,0.0363115631,0.000663953135,0.0160551257,0.0843536258,0.0910268798,-0.656429887,0.0324085057,-0.457498133,-0.443970352,-0.196311459,-0.355725527,-0.536324084,0.463181853
0.211582258,-0.156500176,0.719923139,-0.0622764118,-0.011394362,0.993280053,-0.0968838558,-0.486434609,0.325552523,-0.00830936711,0.783824503,-0.0582242273,-0.0028104682,-0.536383688,-0.314670593,0.117880516,0.525749862,0.0371708274,0.000685477164,0.0139617203,0.0854620188,0.0907184631,-0.657124996,0.0327659808,-0.45791173,-0.442348003,-0.197159916,-0.357756466,-0.537067831,0.463000238
0.211882263,-0.155632704,0.719741821,-0.0621794499,-0.0136734061,0.993102431,-0.0984596312,-0.489813536,0.332042992,-0.010874927,0.783630252,-0.0574172102,-0.00278846268,-0.532825708,-0.307931662,0.116726376,0.523125708,0.0379835553,0.00070396252,0.0117969904,0.0872929245,0.0912078544,-0.659405768,0.0327218398,-0.458563238,-0.441299677,-0.198267445,-0.359236687,-0.537700653,0.463288218
0.212505132,-0.154823571,0.720036387,-0.0621358976,-0.0157335494,0.992949426,-0.0997151509,-0.49399963,0.337252945,-0.0128870467,0.784503698,-0.0566618182,-0.00281180022,-0.53039664,-0.302175432,0.115846358,0.520854652,0.0386431068,0.000717723393,0.0105046472,0.0897408128,0.0926157236,-0.662193537,0.0334571414,-0.459624261,-0.440516412,-0.199925423,-0.360647976,-0.537966609,0.46399489
0.212790459,-0.154118672,0.720157981,-0.0622104481,-0.0177332424,0.992800355,-0.100810729,-0.497762471,0.342177898,-0.0153091699,0.785198689,-0.0560029522,-0.00281342422,-0.528398037,-0.296720237,0.115049414,0.519209564,0.0393424556,0.000716613664,0.00829285476,0.0913773999,0.0933680013,-0.66513145,0.0325765423,-0.460694671,-0.44034341,-0.20075655,-0.3614842,-0.538053334,0.464609027
0.212624893,-0.153722584,0.720017791,-0.0623054132,-0.0196695328,0.992618561,-0.102174081,-0.500576019,0.347000003,-0.0176072549,0.785669625,-0.0551570617,-0.00277675292,-0.52539891,-0.291739404,0.114466488,0.5172019,0.0402138494,0.000704885344,0.00601814315,0.0925237313,0.0926262587,-0.666499317,0.0326320045,-0.461026311,-0.439565539,-0.2012804,-0.362792403,-0.539258242,0.464707404
0.212398097,-0.153396994,0.720358968,-0.0623465255,-0.0212106146,0.992504299,-0.102947809,-0.502750814,0.350387365,-0.0193502139,0.785671294,-0.0540569238,-0.00276280288,-0.521282375,-0.287628204,0.113959797,0.514179707,0.0409786142,0.000700811099,0.00569391344,0.0943983048,0.0922169238,-0.667381227,0.0316730738,-0.460928679,-0.438376278,-0.201125607,-0.362348378,-0.538748205,0.465371341
0.211843476,-0.153509751,0.720328808,-0.0622435734,-0.0225851722,0.992367566,-0.104031183,-0.503841817,0.353646755,-0.0208894908,0.785251439,-0.0531187467,-0.00272266683,-0.517182231,-0.284922093,0.113778934,0.510896623,0.0417181067,0.000678432407,0.00431192527,0.0960272998,0.0906369612,-0.667316794,0.0305389855,-0.46037823,-0.437976182,-0.200479522,-0.364051014,-0.539438009,0.465699375
0.211731449,-0.153397009,0.72060287,-0.0621907413,-0.0236156527,0.992253423,-0.10491775,-0.505203426,0.355807453,-0.0218619164,0.784791589,-0.0522227809,-0.00271685678,-0.513940156,-0.282362491,0.113204792,0.507852793,0.0421350747,0.000709947606,0.00393460272,0.0977924466,0.090365611,-0.668562651,0.0302619915,-0.459927559,-0.43786025,-0.200173482,-0.364171356,-0.539133012,0.466077864
0.211357385,-0.153339133,0.720698833,-0.0622534901,-0.0245736968,0.992164195,-0.105503134,-0.506259263,0.357890457,-0.0229495484,0.784727275,-0.051443208,-0.00269216741,-0.511188388,-0.280629575,0.112678424,0.50542599,0.042518992,0.000705635408,0.0032825279,0.0990715027,0.0898630917,-0.670328677,0.0298084002,-0.459809542,-0.438489258,-0.200008333,-0.364720225,-0.539116204,0.466485679
0.211065337,-0.153490633,0.720616162,-0.0622799024,-0.0254926197,0.992043257,-0.106402978,-0.507845283,0.359986693,-0.0240051281,0.784705639,-0.0509322062,-0.00267321104,-0.508851051,-0.278930008,0.112021461,0.503058791,0.0427286848,0.000735556881,0.00239501614,0.0998350531,0.0904286578,-0.67246151,0.0293365996,-0.45967257,-0.43897453,-0.200335413,-0.365333468,-0.539504349,0.466815352
0.211088359,-0.153373197,0.72101748,-0.0623581,-0.0263615418,0.991943479,-0.107073478,-0.509484529,0.361709237,-0.0250297822,0.785018921,-0.0504816622,-0.00265662814,-0.506913126,-0.277234167,0.111079864,0.500898063,0.0427182317,0.000756152614,0.00207672687,0.100788847,0.0906488523,-0.674664021,0.0285902619,-0.459171832,-0.439593583,-0.200273082,-0.364718735,-0.539723933,0.467241168
0.210701779,-0.153433949,0.7208727,-0.0623898059,-0.0271239839,0.991869032,-0.107553259,-0.510661721,0.363189578,-0.0260832366,0.785521865,-0.0500963591,-0.00264924485,-0.505072594,-0.275947541,0.110352464,0.499562621,0.0427787155,0.000770953717,0.00131087331,0.101558529,0.0907454714,-0.675599515,0.0283127706,-0.458793014,-0.439854622,-0.199743256,-0.364758581,-0.540056229,0.4673931
0.210301772,-0.153600037,0.720602036,-0.0622285865,-0.0278614461,0.991749048,-0.108559415,-0.511431336,0.364642531,-0.0273800418,0.785573184,-0.0498551056,-0.00261499453,-0.502431512,-0.274177819,0.109445445,0.497491211,0.0429924875,0.000816261629,0.000273279264,0.101768568,0.0904704556,-0.676420569,0.0276488122,-0.4578183,-0.439161569,-0.199713588,-0.364432156,-0.540433407,0.467195898
0.209753737,-0.15368183,0.72092694,-0.0620794222,-0.0287233368,0.991656423,-0.109264962,-0.51150012,0.366041511,-0.0284919422,0.785240948,-0.0495028682,-0.00259234291,-0.499196529,-0.272441924,0.108523473,0.495336533,0.0432328992,0.00082939741,-0.000183681448,0.102520257,0.0908625945,-0.678052783,0.0265297908,-0.458047152,-0.438549012,-0.199901015,-0.36357519,-0.539913356,0.467632741
0.209384933,-0.153955758,0.720951617,-0.06183156,-0.0295634288,0.991569042,-0.109971873,-0.512133002,0.36790058,-0.0297513735,0.7849015,-0.0492888987,-0.00255285972,-0.497045398,-0.271380603,0.107823603,0.493824482,0.0433799736,0.000840539695,-0.00130686432,0.103357956,0.0912845433,-0.679447651,0.0258144829,-0.457924038,-0.438033998,-0.200107783,-0.363758951,-0.539751887,0.468049884
0.208777413,-0.154261425,0.721239865,-0.0619815364,-0.0302204937,0.991468608,-0.11061205,-0.5124861,0.368966848,-0.0305048916,0.78511256,-0.0490709618,-0.00251091598,-0.495176673,-0.270504564,0.1071053,0.492403984,0.0433111377,0.000859296531,-0.00209929422,0.103862181,0.0906782895,-0.680786252,0.0249598622,-0.458644122,-0.437802345,-0.200737014,-0.363270968,-0.540334225,0.468055904
0.208504766,-0.15421693,0.721316576,-0.0619875751,-0.0307529178,0.991421878,-0.110880606,-0.513480842,0.369772613,-0.0311530884,0.785188675,-0.0490034372,-0.00254399562,-0.493890196,-0.269804984,0.106531456,0.491414517,0.0433976762,0.0008552121,-0.00319872913,0.103963383,0.0901236683,-0.681297958,0.0244198088,-0.459162414,-0.438266814,-0.200715616,-0.363050401,-0.54113555,0.467650622
0.207787797,-0.154339343,0.721234262,-0.0621531233,-0.0312075578,0.991339922,-0.111393012,-0.513603389,0.370878577,-0.0321356915,0.785039544,-0.0488551557,-0.00250023184,-0.492448866,-0.269100189,0.106087781,0.490399867,0.0433848724,0.000856196217,-0.00530208973,0.103753559,0.0885281339,-0.681342602,0.0253580045,-0.459244996,-0.438669413,-0.200474083,-0.363037229,-0.542720139,0.465842873
0.207425177,-0.15452078,0.721526444,-0.0625281632,-0.0314477421,0.991288364,-0.111573555,-0.514347076,0.370782495,-0.0324304402,0.784996808,-0.0486966111,-0.00248400681,-0.491131902,-0.268990487,0.10585583,0.489248902,0.0433389246,0.000864313624,-0.00523019908,0.104407102,0.0873639882,-0.681177497,0.0247929413,-0.458971024,-0.440019011,-0.199649796,-0.363697916,-0.544449091,0.464685798
0.206682235,-0.154622853,0.721037865,-0.0625501648,-0.0314795896,0.991251349,-0.111880481,-0.513509393,0.370920777,-0.0322929882,0.784859717,-0.0483592451,-0.00248200749,-0.489293456,-0.268917382,0.105943285,0.487526596,0.0435794294,0.000879552623,-0.00784911681,0.105325602,0.0862921774,-0.682525635,0.0265798606,-0.456743538,-0.439041287,-0.200872242,-0.364791006,-0.544981241,0.463226736
0.206319049,-0.154823571,0.7214185,-0.0627518669,-0.03176089,0.991216123,-0.112000495,-0.513729393,0.370921999,-0.0325234309,0.784377337,-0.048099,-0.00249320269,-0.488174438,-0.268556744,0.105846576,0.485731184,0.0435744971,0.00090150279,-0.0087928893,0.105405435,0.0863289237,-0.683405995,0.0265879855,-0.455609918,-0.438893348,-0.202117756,-0.365246892,-0.545428038,0.462266088
0.206075862,-0.155008033,0.72162962,-0.062857762,-0.0317970552,0.991193116,-0.112134114,-0.513386965,0.370567143,-0.0326211378,0.783712089,-0.0479195081,-0.00247396249,-0.48698765,-0.268478453,0.105548948,0.48383072,0.0434939563,0.000938405108,-0.00932543725,0.106294885,0.0863852724,-0.684449255,0.0263494309,-0.454023093,-0.438884407,-0.20177041,-0.365179867,-0.546518087,0.462509274
0.205540001,-0.155487582,0.721705019,-0.0628290921,-0.0318650678,0.991170883,-0.112327442,-0.512616336,0.370324343,-0.0327409282,0.782286942,-0.0478788391,-0.00245041447,-0.485322416,-0.268808186,0.105405405,0.482257873,0.0434064791,0.000961160695,-0.00970017724,0.107101724,0.0856801495,-0.68533504,0.0269577596,-0.453125775,-0.438690364,-0.201704815,-0.365959495,-0.546769142,0.462762564
0.205167085,-0.155780032,0.721785367,-0.063208513,-0.031944599,0.991090596,-0.112799339,-0.512333632,0.369992316,-0.0326819904,0.781465709,-0.047852397,-0.00241944892,-0.484466225,-0.26900661,0.105060421,0.480377436,0.0434084125,0.000985975494,-0.0100751603,0.107678778,0.0860428065,-0.687078476,0.0264184028,-0.453148305,-0.438553393,-0.200947002,-0.366164505,-0.546857715,0.463325888
0.20478794,-0.155742019,0.721944869,-0.0636566579,-0.0319423564,0.991068602,-0.112741314,-0.513075769,0.369270414,-0.0328643247,0.780806839,-0.0477014259,-0.0024669678,-0.484518826,-0.269415557,0.104870744,0.479684472,0.0432548933,0.000986439642,-0.00923258066,0.108180709,0.0869041085,-0.689487696,0.0261973124,-0.453878582,-0.438695252,-0.201475725,-0.365204334,-0.544373453,0.463130683
0.20420213,-0.156037226,0.725244582,-0.064662233,-0.0322810858,0.997082829,-0.02454626,-0.513645649,0.369513541,-0.0332488306,0.780090988,-0.0476644896,-0.00242720428,-0.484730303,-0.269636452,0.104666993,0.478723139,0.0429716371,0.000991691137,-0.0102911405,0.107604988,0.086669296,-0.690287292,0.0262635425,-0.454375952,-0.439239383,-0.201335818,-0.365816712,-0.54423064,0.462397158
0.20420213,-0.156037226,0.725244582,0.0625778586,0.0312454216,-0.99724555,0.0246778857,-0.499857455,0.35719642,-0.0321405381,0.764087975,-0.0527423397,-0.00234629749,-0.471905947,-0.260648578,0.101178095,0.472765714,0.034872584,0.000958634773,-0.00994810276,0.104018152,0.0837803185,-0.660611033,0.0320547596,-0.439230084,-0.394598067,-0.187957957,-0.360289484,-0.526089609,0.476983905
0.20420213,-0.156037226,0.727822363,0.0604934059,0.0302090719,-0.997402966,0.0248052124,-0.486069262,0.344879299,-0.0310322419,0.748084903,-0.0578201897,-0.00226539071,-0.45908162,-0.251660675,0.0976891965,0.466808259,0.0267735273,0.00092557841,-0.00960506406,0.100431323,0.080891341,-0.630934834,0.0378459729,-0.424084216,-0.349956751,-0.174580097,-0.354762256,-0.507948577,0.491570681
0.20420213,-0.156037226,0.730400145,0.0584088638,0.0291720685,-0.997555017,0.0249282401,-0.472281098,0.332562178,-0.0299239475,0.73208189,-0.0628980398,-0.00218448392,-0.446257263,-0.242672801,0.0942002907,0.460850835,0.0186744742,0.000892522046,-0.00926202629,0.0968444869,0.0780023634,-0.601258576,0.04363719,-0.408938348,-0.305315435,-0.161202237,-0.349235028,-0.489807576,0.506157458
0.20420213,-0.156037226,0.732977927,0.0563242324,0.0281344429,-0.997701705,0.025046967,-0.458492905,0.320245057,-0.0288156532,0.716078877,-0.0679758936,-0.00210357714,-0.433432937,-0.233684927,0.0907113925,0.45489338,0.0105754184,0.000859465625,-0.00891898852,0.0932576582,0.0751133934,-0.571582317,0.0494284034,-0.39379248,-0.260674119,-0.147824377,-0.34370783,-0.471666545,0.520744205
0.20420213,-0.156037226,0.735555649,0.0542395152,0.0270962268,-0.997843087,0.0251613874,-0.444704711,0.307927966,-0.0277073588,0.700075805,-0.07305374,-0.00202267012,-0.42060858,-0.224697039,0.0872224942,0.448935956,0.00247636414,0.000826409261,-0.00857595075,0.089670822,0.0722244158,-0.541906059,0.0552196205,-0.378646612,-0.216032818,-0.134446517,-0.338180602,-0.453525543,0.535330951
0.20420213,-0.156037226,0.73813343,0.0521547049,0.026057452,-0.997979105,0.0252715014,-0.430916518,0.295610845,-0.0265990645,0.684072793,-0.0781315938,-0.00194176345,-0.407784253,-0.215709165,0.0837335959,0.442978501,-0.00562269054,0.000793352898,-0.00823291205,0.0860839933,0.0693354383,-0.51222986,0.0610108338,-0.363500774,-0.171391502,-0.121068656,-0.332653373,-0.435384512,0.549917698
0.20420213,-0.156037226,0.740711212,0.0500698052,0.0250181537,-0.998109758,0.0253773071,-0.417128325,0.283293724,-0.0254907701,0.66806978,-0.0832094401,-0.00186085666,-0.394959897,-0.206721276,0.0802446976,0.437021077,-0.0137217445,0.000760296534,-0.00788987428,0.0824971572,0.0664464608,-0.482553601,0.0668020472,-0.348354906,-0.126750186,-0.107690796,-0.327126145,-0.417243481,0.564504504
0.20420213,-0.156037226,0.743288994,0.0479848087,0.0239783581,-0.998235106,0.0254788026,-0.403340131,0.270976603,-0.0243824758,0.652066708,-0.0882872939,-0.00177994976,-0.38213557,-0.197733402,0.0767557919,0.431063622,-0.0218208004,0.000727240171,-0.00754683651,0.078910321,0.0635574833,-0.452877343,0.0725932643,-0.333209038,-0.0821088776,-0.0943129361,-0.321598917,-0.399102479,0.579091251
0.20420213,-0.156037226,0.745866776,0.045899719,0.0229381025,-0.998355091,0.0255759861,-0.389551967,0.258659482,-0.0232741814,0.636063695,-0.0933651403,-0.00169904297,-0.369311213,-0.188745514,0.0732668936,0.425106198,-0.0299198534,0.000694183807,-0.00720379828,0.0753234923,0.0606685057,-0.423201114,0.0783844814,-0.31806317,-0.0374675691,-0.0809350759,-0.316071689,-0.380961448,0.593677998
0.20420213,-0.156037226,0.748444557,0.0438145287,0.0218974147,-0.99846977,0.0256688576,-0.375763774,0.246342361,-0.0221658871,0.620060682,-0.0984429941,-0.00161813619,-0.356486857,-0.17975764,0.0697779953,0.419148773,-0.0380189084,0.000661127444,-0.00686076051,0.0717366561,0.0577795319,-0.393524855,0.0841756985,-0.302917302,0.00717374496,-0.0675572082,-0.310544461,-0.362820417,0.608264744
0.20420213,-0.156037226,0.751022339,0.0417292416,0.0208563302,-0.998579085,0.0257574115,-0.36197558,0.23402524,-0.0210575927,0.60405761,-0.10352084,-0.0015372294,-0.34366253,-0.170769751,0.0662890971,0.413191319,-0.0461179614,0.00062807108,-0.00651772227,0.0681498274,0.0548905544,-0.363848627,0.0899669081,-0.287771434,0.051815059,-0.0541793518,-0.305017263,-0.344679415,0.622851551
0.20420213,-0.156037226,0.753600061,0.0396438539,0.0198148768,-0.998683095,0.0258416515,-0.348187387,0.221708119,-0.0199492984,0.588054597,-0.108598694,-0.00145632261,-0.330838174,-0.161781877,0.0628001988,0.407233894,-0.0542170182,0.000595014659,-0.0061746845,0.0645629913,0.0520015769,-0.334172368,0.0957581252,-0.272625566,0.0964563712,-0.0408014916,-0.299490035,-0.326538384,0.637438297
0.20420213,-0.156037226,0.756177843,0.0375583619,0.0187730901,-0.998781741,0.025921572,-0.334399194,0.209391013,-0.018841004,0.572051585,-0.113676541,-0.00137541571,-0.318013847,-0.152793989,0.0593112968,0.401276439,-0.0623160712,0.000561958295,-0.00583164627,0.0609761588,0.0491125993,-0.304496139,0.101549342,-0.257479697,0.14109768,-0.0274236295,-0.293962806,-0.308397353,0.652025044
0.20420213,-0.156037226,0.758755624,0.0354727656,0.0177309997,-0.998875082,0.0259971749,-0.320611,0.197073892,-0.0177327096,0.556048512,-0.118754394,-0.00129450893,-0.30518949,-0.143806115,0.0558223948,0.395319015,-0.0704151243,0.000528901932,-0.0054886085,0.0573893264,0.0462236255,-0.274819881,0.107340559,-0.242333844,0.185738996,-0.0140457693,-0.288435578,-0.290256351,0.666611791
0.20420213,-0.156037226,0.761333406,0.0333870649,0.0166886393,-0.998963058,0.0260684602,-0.306822836,0.184756771,-0.0166244153,0.5400455,-0.123832248,-0.00121360214,-0.292365164,-0.134818226,0.0523334965,0.38936156,-0.0785141811,0.000495845568,-0.00514557026,0.053802494,0.043334648,-0.245143652,0.113131769,-0.227187976,0.230380312,-0.000667908811,-0.28290835,-0.27211532,0.681198597
0.20420213,-0.156037226,0.763911188,0.0313012525,0.0156460386,-0.99904573,0.0261354242,-0.293034643,0.17243965,-0.0155161209,0.524042487,-0.128910094,-0.00113269535,-0.279540807,-0.125830337,0.0488445982,0.383404136,-0.0866132379,0.000462789205,-0.00480253203,0.0502156615,0.0404456705,-0.215467408,0.118922986,-0.212042108,0.275021613,0.012709952,-0.277381122,-0.253974289,0.695785344
0.20420213,-0.156037226,0.766488969,0.029215334,0.0146032302,-0.999123037,0.0261980668,-0.279246449,0.160122529,-0.0144078266,0.508039415,-0.133987948,-0.00105178857,-0.26671645,-0.116842464,0.0453556962,0.377446681,-0.0947122872,0.000429732812,-0.00445949426,0.0466288291,0.0375566967,-0.185791165,0.124714203,-0.19689624,0.319662929,0.0260878131,-0.271853894,-0.235833272,0.71037209
0.20420213,-0.156037226,0.769066751,0.0271293037,0.0135602476,-0.999195039,0.0262563881,-0.265458256,0.147805423,-0.0132995322,0.492036402,-0.139065802,-0.000970881723,-0.253892124,-0.107854582,0.041866798,0.371489257,-0.102811344,0.000396676449,-0.00411645602,0.0430419967,0.0346677192,-0.156114921,0.130505413,-0.181750387,0.364304245,0.0394656733,-0.266326696,-0.217692256,0.724958837
0.20420213,-0.156037226,0.771644473,0.0250431597,0.0125171207,-0.999261677,0.026310388,-0.251670063,0.135488302,-0.0121912379,0.47603336,-0.144143641,-0.000889974879,-0.241067782,-0.0988667011,0.038377896,0.365531832,-0.110910401,0.000363620085,-0.00377341826,0.0394551605,0.0317787416,-0.126438677,0.13629663,-0.166604519,0.40894556,0.0528435335,-0.260799468,-0.19955124,0.739545643
0.20420213,-0.156037226,0.774222255,0.0229569022,0.0114738829,-0.99932301,0.0263600666,-0.237881884,0.12317118,-0.0110829435,0.460030317,-0.149221495,-0.000809068093,-0.22824344,-0.0898788199,0.0348889977,0.359574378,-0.119009458,0.000330563722,-0.00343038025,0.0358683281,0.028889766,-0.0967624336,0.142087847,-0.151458651,0.453586876,0.0662213936,-0.255272239,-0.181410208,0.75413239
0.20420213,-0.156037226,0.776800036,0.0208705273,0.0104305642,-0.999378979,0.026405422,-0.224093691,0.110854059,-0.00997464918,0.444027305,-0.154299349,-0.000728161307,-0.215419084,-0.0808909386,0.0314000994,0.353616953,-0.127108514,0.000297507329,-0.00308734225,0.0322814956,0.0260007884,-0.06708619,0.147879064,-0.136312783,0.498228192,0.0795992538,-0.249745011,-0.163269192,0.768719137
0.20420213,-0.156037226,0.779377818,0.018784035,0.0093871979,-0.999429643,0.026446458,-0.210305512,0.0985369459,-0.00886635482,0.428024262,-0.159377202,-0.000647254463,-0.202594742,-0.0719030574,0.0279111974,0.347659498,-0.135207564,0.000264450966,-0.00274430425,0.0286946632,0.0231118128,-0.0374099463,0.153670281,-0.121166922,0.542869508,0.092977114,-0.244217783,-0.145128176,0.783305883
0.20420213,-0.156037226,0.7819556,0.0166974217,0.0083438158,-0.999474943,0.0264831688,-0.196517318,0.0862198249,-0.00775806047,0.41202122,-0.164455041,-0.000566347677,-0.189770401,-0.0629151687,0.0244222991,0.341702074,-0.143306613,0.000231394602,-0.00240126601,0.0251078308,0.0202228352,-0.00773370126,0.159461498,-0.106021054,0.587510824,0.106354974,-0.23869057,-0.126987144,0.79789269
0.20420213,-0.156037226,0.784533381,0.0146106873,0.00730044954,-0.999514937,0.0265155602,-0.182729125,0.0739027113,-0.00664976612,0.396018207,-0.169532895,-0.000485440862,-0.176946059,-0.0539272912,0.020933399,0.335744619,-0.151405677,0.000198338224,-0.00205822801,0.0215209983,0.0173338596,0.021942541,0.165252715,-0.0908751935,0.63215214,0.119732834,-0.233163342,-0.108846128,0.812479436
0.20420213,-0.156037226,0.787111163,0.0125238299,0.00625713076,-0.999549627,0.0265436303,-0.168940946,0.0615855902,-0.00554147176,0.380015165,-0.174610749,-0.000404534047,-0.164121717,-0.0449394099,0.0174444988,0.329787195,-0.159504727,0.000165281861,-0.00171519013,0.017934164,0.014444883,0.0516187847,0.171043918,-0.0757293254,0.676793456,0.133110702,-0.227636114,-0.0907051042,0.827066183
0.20420213,-0.156037226,0.789688885,0.0104368469,0.00521389116,-0.999578953,0.026567379,-0.155152753,0.0492684729,-0.00443317741,0.364012122,-0.179688603,-0.000323627231,-0.151297376,-0.0359515287,0.0139555987,0.32382974,-0.167603776,0.000132225483,-0.00137215212,0.0143473316,0.0115559064,0.0812950283,0.176835135,-0.0605834611,0.721434772,0.146488562,-0.222108901,-0.0725640878,0.84165293
0.20420213,-0.156037226,0.792266667,0.00834973808,0.00417076284,-0.999602914,0.0265868083,-0.14136456,0.0369513556,-0.00332488306,0.348009109,-0.184766442,-0.000242720431,-0.138473034,-0.0269636456,0.0104666995,0.317872316,-0.17570284,9.91691122e-05,-0.00102911401,0.0107604992,0.00866692979,0.110971272,0.182626352,-0.0454375967,0.766076088,0.159866422,-0.216581672,-0.054423064,0.856239736
0.20420213,-0.156037226,0.794844449,0.00626249984,0.00312777795,-0.99962157,0.026601918,-0.127576381,0.0246342365,-0.00221658871,0.332006067,-0.189844295,-0.000161813616,-0.125648692,-0.0179757643,0.00697779935,0.311914861,-0.183801889,6.61127415e-05,-0.000686076062,0.0071736658,0.00577795319,0.140647516,0.188417569,-0.0302917305,0.810717404,0.173244283,-0.211054444,-0.0362820439,0.870826483
0.20420213,-0.156037226,0.79742223,0.00417513214,0.00208496791,-0.999634922,0.0266127083,-0.113788188,0.0123171182,-0.00110829435,0.316003025,-0.194922149,-8.09068079e-05,-0.112824343,-0.00898788217,0.00348889967,0.305957437,-0.191900939,3.30563707e-05,-0.000343038031,0.0035868329,0.0028889766,0.170323759,0.194208786,-0.0151458653,0.85535866,0.186622143,-0.205527231,-0.018141022,0.885413229
0.20420213,-0.156037226,0.800000012,0.00208763289,0.00104236463,-0.999642909,0.0266191829,-0.100000001,0,0,0.300000012,-0.200000003,0,-0.100000001,0,0,0.300000012,-0.200000003,0,0,0,0,0.200000003,0.200000003,0,0.899999976,0.200000003,-0.200000003,0,0.899999976
