2.18347049,-1.70015812,0.768208563,0.00609349413,0.0844500288,-0.376824796,0.922406733,-0.408277035,0.00911686756,-0.0238161255,0.323354721,0.028290147,0.000665615778,-0.376579911,-0.00049003138,0.0470214151,0.348125339,0.0492867045,0.00145583355,0.0508442447,0.0357640348,-0.0223121252,0.248662174,0.276162058,0.0646542907,0.638195634,0.237541303,-0.237620294,-0.0516102687,0.493086696
2.18115616,-1.70203662,0.768519282,0.0047821179,0.082464613,-0.376686484,0.922650516,-0.405888021,0.0130346613,-0.0254438967,0.326723993,0.0279307421,0.000639745442,-0.37035659,0.00529045286,0.0448124334,0.349134564,0.0488187373,0.0014059511,0.0464083515,0.0364355594,-0.0219907835,0.241147056,0.275331259,0.0651586205,0.636148512,0.23550415,-0.232248709,-0.0493893996,0.493477345
2.17976117,-1.70115137,0.767499864,0.00658924691,0.0795923546,-0.378562301,0.92212379,-0.403632373,0.00544881215,-0.0226188321,0.327762365,0.0279063471,0.000561835826,-0.369653255,0.00119981624,0.0468508303,0.349498421,0.0479052402,0.00142771029,0.0455517955,0.0381328091,-0.0203324016,0.238623813,0.262729466,0.0603542067,0.639279425,0.230120718,-0.232307181,-0.0501929149,0.490781188
2.17750359,-1.70282733,0.767938972,0.00726749795,0.0764325932,-0.379018337,0.922198653,-0.399096876,0.00467560487,-0.0227722991,0.330279589,0.0278275628,0.000549179676,-0.366464108,0.00121168292,0.0474220365,0.352196038,0.0468611717,0.00137002743,0.0431352295,0.0381862484,-0.0182202365,0.235341966,0.255471796,0.0579422005,0.641415477,0.228383392,-0.232158527,-0.0513779856,0.489969641
2.17547202,-1.70690024,0.768851042,0.00646776659,0.072826162,-0.378991395,0.922507465,-0.391019017,0.00893157255,-0.025022259,0.33525148,0.0275493432,0.000576631865,-0.356936574,0.00445283996,0.0468442477,0.356308967,0.0461182222,0.00118175708,0.0389245227,0.038676966,-0.0197847486,0.234036997,0.251925021,0.0567433275,0.643031597,0.228830978,-0.230218366,-0.051551681,0.489679784
2.17252588,-1.70918429,0.769261122,0.0067848051,0.0700428337,-0.379844129,0.922369957,-0.387149125,0.0114854341,-0.0263404939,0.33876276,0.0268020723,0.000589869334,-0.352481633,0.00644581998,0.0467584841,0.358405322,0.0448247641,0.00107652845,0.0335731097,0.0391752385,-0.0165523775,0.231874987,0.248339221,0.0546134077,0.642729282,0.227347225,-0.22804077,-0.0509754531,0.488744944
2.16986728,-1.71161759,0.76928407,0.00737142889,0.0676190853,-0.380316943,0.922351539,-0.384761661,0.0130773978,-0.0274140704,0.34275201,0.0259892922,0.000579214015,-0.348691702,0.0073195016,0.0468558818,0.3597821,0.0433865935,0.000956268574,0.0311035328,0.0400335379,-0.0191051438,0.228758603,0.246203348,0.052901499,0.641195357,0.227147296,-0.227161467,-0.0510646813,0.489305556
2.16721892,-1.71448886,0.769276857,0.00790877454,0.0650390685,-0.381083012,0.922216415,-0.38080126,0.0149127711,-0.0286764447,0.34682864,0.0253813639,0.000555741601,-0.343680054,0.00886084884,0.0465664975,0.360476494,0.0418325625,0.00085046055,0.0283581018,0.0404120795,-0.0214443393,0.22722365,0.242959738,0.0510384589,0.639636219,0.228107497,-0.225887492,-0.0509814024,0.492144316
2.16432929,-1.71709871,0.769587398,0.00805726368,0.0617039502,-0.382086217,0.922029197,-0.374820054,0.0161924772,-0.0297122914,0.349722654,0.0247492306,0.000499481102,-0.337078899,0.0109211467,0.0460749306,0.360463291,0.0403799489,0.000772488012,0.0254888404,0.0403218977,-0.015790198,0.228387848,0.240370244,0.0495142788,0.637494445,0.227213144,-0.225203276,-0.0514622405,0.493313044
2.16142559,-1.71951318,0.769609392,0.0100630037,0.0597604066,-0.383542448,0.92153275,-0.371053934,0.0143970177,-0.0297340974,0.348551005,0.0243562721,0.000407399639,-0.334327787,0.0107936133,0.0466416515,0.357931852,0.0388198309,0.000742430391,0.0233553126,0.0405223183,-0.0161777772,0.229254648,0.235433802,0.0471387729,0.636565864,0.226519391,-0.224637479,-0.0523613095,0.494851321
2.15877652,-1.72206104,0.769852579,0.0110307047,0.0581463799,-0.384904802,0.921056807,-0.365258604,0.0148751289,-0.0303385258,0.345540673,0.0242756028,0.000330955518,-0.329684466,0.0124546755,0.0465949662,0.35490033,0.0376611426,0.000684689323,0.0199521501,0.0401482321,-0.0165871363,0.232641608,0.232801497,0.0461805202,0.636735022,0.224946886,-0.225794002,-0.0542017221,0.496995717
2.15627694,-1.72375679,0.770068288,0.0122535918,0.0568609238,-0.386422068,0.920486093,-0.359759897,0.0149692204,-0.0305175688,0.339826912,0.0243587308,0.000280166714,-0.327477843,0.0134359943,0.0468342528,0.350941181,0.0365095362,0.000678813842,0.0163041689,0.0401192755,-0.0147459535,0.235671908,0.228597149,0.044726409,0.637477815,0.222980276,-0.227115676,-0.05638358,0.499195933
2.15406132,-1.72588122,0.770475924,0.0125283897,0.0554931462,-0.387372345,0.920166433,-0.352175564,0.0177254304,-0.0313252695,0.333111495,0.0245693717,0.000263408758,-0.323881418,0.0161594953,0.0464363471,0.347882062,0.0356179774,0.000656077173,0.0120139737,0.0405678526,-0.0104617942,0.238894641,0.224941358,0.0436651781,0.639133394,0.221584916,-0.22719568,-0.0581210889,0.501728714
2.15197635,-1.72837305,0.770991445,0.0132685155,0.0542237386,-0.388845861,0.919610023,-0.344153613,0.0196612626,-0.0314380303,0.325171322,0.0249521099,0.000221554175,-0.320262969,0.0181110557,0.0463593081,0.345128268,0.0350427069,0.000618456455,0.00693604257,0.0402349532,-0.00774268573,0.243534207,0.220536143,0.0421127528,0.642581463,0.219685405,-0.225758582,-0.0590452328,0.505352378
2.15007949,-1.72968841,0.771228671,0.0144368848,0.0532149486,-0.390609354,0.918903708,-0.3379471,0.0205004234,-0.030592734,0.315839112,0.0251839384,0.000210578946,-0.320322037,0.0182861388,0.046930965,0.343113303,0.0342425816,0.0005967014,0.00142954674,0.0409466177,-0.00860529393,0.246316776,0.21855779,0.0418226123,0.645513058,0.21694842,-0.225379318,-0.0601219758,0.508167446
2.14822412,-1.73139262,0.771418095,0.0149286315,0.0523286387,-0.391469717,0.918580592,-0.332407504,0.0226838216,-0.0299559832,0.307856202,0.0254913941,0.000184859309,-0.319941193,0.0202654526,0.0468573421,0.342487544,0.0336496308,0.00057481823,-0.00210576225,0.0408897176,-0.00728307152,0.247972757,0.216813698,0.0418229289,0.648512542,0.21430859,-0.22438781,-0.061147593,0.51108259
2.14693689,-1.73346114,0.77178669,0.0154841105,0.0509186797,-0.391971827,0.918436527,-0.326066524,0.0240885224,-0.0288985912,0.301812768,0.0259007812,0.00017148105,-0.317134112,0.0212772321,0.0471030883,0.342867941,0.0330342799,0.000526555988,-0.00268552545,0.0414927937,-0.00412129657,0.248517975,0.21450986,0.0412402116,0.651016593,0.213997096,-0.222158998,-0.0615575388,0.513745785
2.14630675,-1.73573232,0.772041619,0.0155538972,0.0495826602,-0.392384708,0.9183321,-0.318860769,0.0260612704,-0.0279397871,0.296460479,0.0262329057,0.000161458549,-0.31259504,0.0226781666,0.0472282022,0.342907071,0.0324557014,0.000467368227,-0.00333350128,0.0427167937,-0.00414527254,0.248394459,0.213677272,0.0411788151,0.652774334,0.215360254,-0.219439149,-0.0616909787,0.516533434
2.14575863,-1.73817432,0.772018075,0.0146446545,0.0485406891,-0.392165303,0.91849643,-0.311838001,0.0299406368,-0.0276115574,0.291808575,0.0264736321,0.000143242258,-0.306667715,0.0261422172,0.046475552,0.341864139,0.0319760405,0.00041307573,-0.0024319808,0.0415677354,-0.00472016679,0.248551577,0.215038553,0.0422993526,0.653672993,0.217947856,-0.216010302,-0.0612464733,0.519851685
2.1455729,-1.7403121,0.772115409,0.0141979456,0.04698525,-0.392643541,0.918380022,-0.303535014,0.0318818167,-0.0265856851,0.28691414,0.0266022217,0.000126484636,-0.300171554,0.0281835105,0.0462536775,0.340026408,0.0315228999,0.000390283967,-0.00252889399,0.0426911153,-0.00466322899,0.248590663,0.213315308,0.0421132818,0.654597223,0.22014685,-0.212285027,-0.0600490384,0.523310363
2.14578438,-1.74237299,0.772256374,0.0138618769,0.0449434444,-0.393159509,0.918266594,-0.293588012,0.0330507122,-0.0252860188,0.282189041,0.0267850365,0.000125644816,-0.291655838,0.0292589571,0.0463907756,0.337561011,0.0311789699,0.000372954732,-0.00177794881,0.0448103845,-0.00388055225,0.247135937,0.212218925,0.0420929082,0.653879523,0.221652523,-0.208888814,-0.058794748,0.525823355
2.14592719,-1.74461973,0.772822261,0.0143964021,0.0427536853,-0.39394483,0.918026328,-0.284193486,0.0324391872,-0.0233607721,0.276567161,0.0268744472,0.000106843661,-0.284428149,0.0286575519,0.0470916703,0.334774733,0.0304979794,0.000358984515,-0.00135787472,0.0471103117,-0.00197025016,0.246981382,0.208781689,0.0408621915,0.653827488,0.221510783,-0.205999926,-0.0579746626,0.52660948
2.14667749,-1.74605834,0.772586882,0.0130455149,0.0407976545,-0.394389391,0.91794467,-0.274283946,0.03471867,-0.0221768823,0.271746278,0.0269307606,0.000119398072,-0.276118577,0.0299929176,0.0470528305,0.332512677,0.0300706122,0.000322163687,-0.00166499615,0.0480182655,-0.00136201805,0.24627848,0.204697445,0.0391418152,0.653609216,0.220461965,-0.204271674,-0.0570036843,0.528416455
2.14725995,-1.74781227,0.772734463,0.0125439204,0.0387657508,-0.394484848,0.917998672,-0.265714407,0.0359062217,-0.0207218099,0.267622948,0.0269668996,0.00012154346,-0.268145591,0.0308546312,0.0470442809,0.329712212,0.0296240915,0.000334067241,1.42595063e-05,0.0496530831,0.00369422766,0.243081152,0.201316535,0.0374879055,0.652458727,0.219392672,-0.201722726,-0.0555552319,0.529861748
2.14811921,-1.74956238,0.773011744,0.0117376065,0.0352228843,-0.394989401,0.917935133,-0.252870977,0.0364831612,-0.0191158466,0.264746547,0.0270639695,0.000144889462,-0.255738825,0.0304805748,0.0473837219,0.327207774,0.0292476732,0.000317256723,0.000883876521,0.0508749522,0.0113929193,0.239558786,0.194429368,0.03375341,0.651701629,0.216298163,-0.199466795,-0.0544633716,0.52978611
2.14930844,-1.75094759,0.77320081,0.0104692047,0.0333694629,-0.395553231,0.917776942,-0.242854699,0.0378203839,-0.01769148,0.260276973,0.0270754602,0.000120690631,-0.245431498,0.0313730501,0.0473052077,0.322461784,0.0289236773,0.000307801092,0.000747181883,0.0513659641,0.0142194815,0.235832363,0.189328477,0.0307304692,0.652109742,0.212626204,-0.197536379,-0.0533727072,0.52968055
2.1506567,-1.75199699,0.773450792,0.00969879236,0.0311391111,-0.396372288,0.91751039,-0.2319704,0.0379887633,-0.0158109013,0.255383104,0.027280435,0.000122844387,-0.235016108,0.0308287386,0.0476335548,0.316930026,0.0286311321,0.000322611333,0.00031116794,0.0513290055,0.0163370948,0.232449368,0.186396644,0.0287210345,0.652037859,0.207509205,-0.198330596,-0.0531584509,0.529098928
2.15200067,-1.75314605,0.773702025,0.00973809045,0.0300488882,-0.396670967,0.917417228,-0.223924398,0.0366094969,-0.0135123692,0.248713821,0.0273243822,9.17951547e-05,-0.227262914,0.0297211297,0.0478966795,0.31051439,0.0283081029,0.000351117575,0.00206836732,0.0516488776,0.0162024554,0.229653686,0.182818651,0.0264649522,0.652052462,0.203377679,-0.198467568,-0.0529832803,0.529184639
2.15289545,-1.75384331,0.773895442,0.00766747678,0.0273035374,-0.397457689,0.917182207,-0.211464107,0.0383804664,-0.0120340968,0.242913008,0.027399851,8.42949448e-05,-0.216207683,0.0312527083,0.0470701009,0.305585504,0.0280923918,0.000362372433,0.000411730929,0.0524640046,0.0228753444,0.226581886,0.182272121,0.0256045815,0.651192486,0.196980059,-0.199497461,-0.0532160588,0.527946234
2.1545496,-1.75461411,0.774249077,0.0060317968,0.0247133542,-0.398222595,0.91693604,-0.198186934,0.0389088579,-0.0101553593,0.236504406,0.0275005419,8.23886294e-05,-0.204293117,0.031596154,0.0467201546,0.300352067,0.0280255359,0.000389607128,-0.000832804653,0.0538549088,0.0303666089,0.223794967,0.181723163,0.0245295018,0.650083363,0.189835221,-0.202326193,-0.0541468374,0.526129782
2.15634179,-1.75550795,0.774359047,0.004768488,0.0227793213,-0.398695976,0.916787803,-0.186055526,0.0399408787,-0.00834933855,0.229326978,0.0276318714,0.000105606749,-0.193429112,0.0322825238,0.0460963361,0.294077009,0.0280414093,0.000438816089,-0.00145194877,0.0540496744,0.0355714597,0.221102923,0.182993382,0.024525864,0.649291933,0.184193507,-0.204400957,-0.0543356538,0.525488794
2.15796709,-1.75629175,0.774426877,0.00322601525,0.0204960238,-0.398453057,0.916954041,-0.173926488,0.0402024314,-0.00622238964,0.222283244,0.0276699457,9.28951777e-05,-0.180608243,0.0324988477,0.0454739779,0.287118971,0.0282045677,0.000442314922,-0.000140699573,0.0561274849,0.043131873,0.217519268,0.185509667,0.0245543122,0.64841193,0.17825672,-0.206212461,-0.0549744666,0.52467376
2.15948462,-1.75644445,0.774786353,0.00126091519,0.0179850832,-0.397882998,0.917258978,-0.162158236,0.0413516797,-0.00417916849,0.215088695,0.0277364198,9.57484299e-05,-0.167624563,0.0330817401,0.0444887429,0.279447138,0.0284691267,0.000468354236,0.00132450229,0.0579025708,0.0515750498,0.211722717,0.188552886,0.0254290719,0.646933377,0.172401845,-0.207616791,-0.0554803535,0.524283826
2.16133094,-1.75693905,0.775177181,-0.000628496811,0.015746519,-0.396918416,0.917718589,-0.1506235,0.0425101817,-0.0022056594,0.208774969,0.0278244428,0.000106790372,-0.15415509,0.0336569361,0.0433575958,0.271218002,0.0287442897,0.00048403602,0.00361389667,0.0598061122,0.0585369617,0.206427276,0.19088757,0.0261993073,0.646091402,0.169197828,-0.209498271,-0.0559760556,0.525321066
2.16310787,-1.75679159,0.775083125,-0.00150954828,0.013854607,-0.39547652,0.918370366,-0.141822219,0.0406736434,0.000664520834,0.201838225,0.0276719052,9.85656516e-05,-0.142611608,0.0315278061,0.0427905694,0.262540668,0.0288558938,0.000484092336,0.00746633857,0.0628976077,0.0660582706,0.200551137,0.191470578,0.0260373149,0.644870758,0.165817723,-0.211531863,-0.0563659593,0.525214016
2.1646347,-1.75700283,0.775478542,-0.00357874413,0.0122762667,-0.392988265,0.919454575,-0.133431301,0.0422782302,0.00238011777,0.196061879,0.0276668333,8.09576595e-05,-0.130196273,0.0327684544,0.0407712013,0.253527492,0.0291906483,0.000500862196,0.012542068,0.0646596923,0.074307397,0.192891523,0.1929463,0.0260497294,0.642487168,0.164488718,-0.211778343,-0.0558166578,0.526173949
2.16597438,-1.75700855,0.775451839,-0.00469993567,0.010458014,-0.389849782,0.920807064,-0.126265824,0.0419623405,0.00442471122,0.190704659,0.0276256409,8.18154658e-05,-0.118700035,0.0319933295,0.0391537547,0.245304942,0.0295095742,0.00050350331,0.0191044994,0.066601485,0.0821252018,0.185794413,0.193415597,0.0258145705,0.640455246,0.163874194,-0.212670386,-0.0557070337,0.527990043
2.1672883,-1.75682294,0.775816321,-0.0060961335,0.00905882102,-0.38683784,0.92208308,-0.120050244,0.0421436429,0.0061863875,0.185728505,0.0276897401,7.19414966e-05,-0.109049946,0.0315944329,0.0370703824,0.237714723,0.0297681671,0.000506961951,0.0237474758,0.068819575,0.0885249302,0.181147635,0.193622291,0.0251384228,0.63876462,0.163524762,-0.212231949,-0.0539951548,0.528851628
2.16881609,-1.75679791,0.775933683,-0.0071143941,0.0078883227,-0.382955015,0.923705935,-0.114494257,0.0422845334,0.00777635071,0.181429014,0.0277343467,8.61944063e-05,-0.0996263251,0.0303507205,0.0350199528,0.231169328,0.0300963968,0.000492213992,0.0298462827,0.0708366483,0.0930457786,0.177450389,0.193604007,0.0242330562,0.636894763,0.164707944,-0.211298868,-0.0522364713,0.530765653
2.16998076,-1.75645638,0.775991917,-0.00774994725,0.00702635339,-0.378774852,0.925429702,-0.111417755,0.0408958159,0.00962005369,0.177235931,0.0277152956,6.82378013e-05,-0.0914410576,0.0283276029,0.0329645351,0.224774539,0.0302164014,0.000459614967,0.0362238735,0.0723920316,0.0991143733,0.174076661,0.193486646,0.0232519563,0.634662807,0.164862663,-0.213003129,-0.051844988,0.529997706
2.17101479,-1.75613773,0.775628269,-0.00792564917,0.00626386236,-0.374089211,0.927337646,-0.109145924,0.0391659625,0.011250386,0.173233524,0.0278174039,6.1309358e-05,-0.084071666,0.0261068568,0.0306598023,0.218180358,0.0303369034,0.000460175623,0.0431011505,0.0730087161,0.104196079,0.17095542,0.192543253,0.0224956237,0.632732391,0.166134685,-0.21439971,-0.0501794517,0.529178798
2.17213821,-1.7562561,0.775622785,-0.00846635364,0.00586291682,-0.368541569,0.929554224,-0.10759107,0.0386656448,0.0121944677,0.169924453,0.0279848054,5.27302254e-05,-0.0761595964,0.0249732211,0.0278796889,0.212026745,0.0302846245,0.000438010378,0.051221583,0.07306692,0.108031832,0.169494659,0.189698786,0.020850366,0.632199883,0.169291377,-0.215530336,-0.0461674035,0.52891165
2.17329168,-1.7559036,0.775509715,-0.00897070579,0.0047966619,-0.362932861,0.931759775,-0.105797395,0.0369938873,0.0131332688,0.167575091,0.0282474775,4.43785684e-05,-0.0674826503,0.0231083743,0.0250722617,0.206120446,0.0301919691,0.000440784614,0.0587094873,0.0736619458,0.112912893,0.169316307,0.185650095,0.0187993515,0.632816315,0.17162855,-0.217810273,-0.0427489467,0.528585851
2.17422867,-1.755741,0.775516093,-0.00946799573,0.00460106833,-0.356393546,0.93427664,-0.106298737,0.0362479761,0.0134323565,0.165934473,0.0285557508,3.39519975e-05,-0.0593598932,0.021953769,0.0217005871,0.199358895,0.0302048679,0.000422270154,0.0684136748,0.0743612722,0.114861049,0.167457432,0.18261607,0.0169471819,0.633370221,0.17557092,-0.220444128,-0.0395078622,0.528853178
2.17546129,-1.75573409,0.77542752,-0.00975944567,0.0048563364,-0.349920183,0.93671608,-0.107186258,0.035595715,0.0133283651,0.164919555,0.0288888309,4.64841432e-05,-0.0515825674,0.0209019538,0.0180606283,0.191979989,0.0300338939,0.000411428016,0.0765683949,0.0750843063,0.115922034,0.168555945,0.179988593,0.0163269304,0.635509908,0.178461343,-0.223548546,-0.0369395241,0.527482688
2.17673874,-1.75585032,0.775423765,-0.0102202157,0.00491474522,-0.342862427,0.939317226,-0.108818389,0.0347478911,0.0127914371,0.164165109,0.0290495008,3.56505807e-05,-0.0428000987,0.0202933401,0.0139477234,0.184579507,0.0299342163,0.000408926076,0.08549238,0.0756623968,0.11652039,0.170762315,0.176570639,0.0152205732,0.638066471,0.181774035,-0.226987451,-0.0349451825,0.52729404
2.1776371,-1.75654995,0.77521795,-0.0108369691,0.00523892324,-0.335725516,0.941882968,-0.11026489,0.0355292447,0.0114169801,0.164186016,0.0292681828,3.39114122e-05,-0.0345213898,0.0210972801,0.00904439017,0.176521823,0.0298266839,0.000404128223,0.0929863378,0.0759140179,0.116792992,0.174119741,0.174821213,0.0152246831,0.641535282,0.184594229,-0.230178997,-0.0336139463,0.526745081
2.1784308,-1.75619662,0.775073826,-0.0110810306,0.00565559557,-0.328749955,0.944335043,-0.113886796,0.0345223248,0.0103377374,0.164251804,0.0294434708,2.40430581e-05,-0.0285471007,0.0200967174,0.00440698443,0.16853632,0.0297822636,0.000419317919,0.0993405581,0.0764520019,0.117533267,0.17818211,0.171621442,0.0149281481,0.645011485,0.186153203,-0.233992949,-0.0331645347,0.526388705
2.17929602,-1.75650048,0.774962664,-0.0114257215,0.00601590471,-0.321461678,0.946834564,-0.116954803,0.0343128107,0.00858069677,0.164921865,0.0296584833,2.18985442e-05,-0.0223191977,0.0198150668,-0.000600242114,0.161763936,0.0298006665,0.000418524578,0.105088331,0.0767024457,0.116716541,0.182732224,0.169575095,0.0156297348,0.649177969,0.18736136,-0.237407714,-0.0331627429,0.525772214
2.17985582,-1.75610757,0.774998665,-0.0113338288,0.007044008,-0.314477146,0.949171245,-0.122434966,0.0329719186,0.00699819531,0.165717736,0.0298144054,1.32052764e-05,-0.0188345537,0.0185981952,-0.00549008884,0.155582428,0.029643856,0.000424184778,0.108551204,0.0770011321,0.115907565,0.189632505,0.168217987,0.0170044806,0.654889345,0.18662931,-0.241071373,-0.0339784361,0.524258614
2.18076038,-1.75613821,0.775239289,-0.0112998951,0.0076553598,-0.306664675,0.951719761,-0.125140563,0.0309074484,0.00530112721,0.165568382,0.0300806388,-2.28880253e-05,-0.0144201331,0.0173588805,-0.0103799803,0.151150063,0.0296448115,0.000438278716,0.11231631,0.0779459327,0.112421021,0.194054142,0.168306082,0.0191229489,0.659342766,0.186954692,-0.244729474,-0.0354576297,0.523662746
2.18141389,-1.75625825,0.775092304,-0.0110555729,0.0081647709,-0.299640387,0.953953266,-0.127790362,0.0286248177,0.00343526527,0.164919436,0.0303533934,-4.22933554e-05,-0.00999306422,0.0159245934,-0.0152745098,0.14689365,0.0296000354,0.000433114416,0.113537833,0.0775804669,0.111155927,0.198707283,0.167625174,0.0206830259,0.663073838,0.185639948,-0.247532055,-0.0366116092,0.522424459
2.18087101,-1.75624704,0.774961829,-0.010844022,0.00908145122,-0.292618752,0.956124544,-0.132851318,0.0279663727,0.00115699461,0.163244277,0.0307782497,-6.81647289e-05,-0.00933411438,0.015972795,-0.0207673647,0.142645821,0.0295219235,0.000471345731,0.113622755,0.0781366602,0.112301484,0.201200962,0.167576969,0.0220930502,0.666438699,0.182328671,-0.247885898,-0.0373238139,0.519275725
2.18210983,-1.75665939,0.775166035,-0.0107713686,0.00928955339,-0.286179215,0.958070576,-0.134127378,0.0264557078,-0.00109129818,0.163564876,0.031312041,-6.69424262e-05,-0.00470958231,0.0145494379,-0.0253814347,0.140980378,0.0295147151,0.000463902776,0.111610569,0.0777662098,0.111158945,0.205697954,0.16840148,0.0239004027,0.669427931,0.179747611,-0.249286279,-0.0390895903,0.517017305
2.18270612,-1.75690353,0.775237441,-0.0106862774,0.00965597481,-0.280151099,0.959847867,-0.136612043,0.0249096602,-0.00352928066,0.164121076,0.0316504836,-7.48210441e-05,-0.00185892405,0.0136080896,-0.0301083699,0.139193609,0.029392913,0.000461472926,0.10863892,0.0774874613,0.110437617,0.209992275,0.169638723,0.0256258678,0.67228204,0.177477792,-0.24935995,-0.04014761,0.515215635
2.1827414,-1.75689411,0.775317252,-0.0104988664,0.0101935938,-0.274689853,0.961421549,-0.140584037,0.0237511043,-0.00603980012,0.164076254,0.0320782885,-9.35274729e-05,-0.00159205648,0.0126091568,-0.0347197913,0.137783691,0.029218005,0.000494505977,0.103994049,0.0777658597,0.110596783,0.212003976,0.17029275,0.0268112067,0.674089491,0.173608422,-0.248291433,-0.0406192504,0.512526214
2.18309569,-1.75721002,0.77533716,-0.0102090454,0.0107212858,-0.269540936,0.962875128,-0.143767208,0.0227288157,-0.00867867284,0.164981753,0.0325829685,-9.12573669e-05,-0.000358811318,0.0118451072,-0.0391669534,0.137152761,0.0290955324,0.000511686434,0.0988890454,0.0775110498,0.109860733,0.213763773,0.171491981,0.0282012261,0.67538625,0.170726717,-0.246520579,-0.0405976288,0.510396481
2.18547583,-1.75778842,0.775386214,-0.00956412591,0.00982369576,-0.264695615,0.964234531,-0.141949058,0.0186066739,-0.0106755858,0.167326525,0.0332548916,-8.41079382e-05,0.00683023641,0.0077810334,-0.042082075,0.137446567,0.0288059115,0.000486907142,0.0942264944,0.0777026266,0.106098108,0.217134386,0.17238833,0.0296015106,0.677049994,0.171820045,-0.245199874,-0.0411101989,0.509082377
2.18637824,-1.75825226,0.775502086,-0.00929916743,0.00946574192,-0.260547698,0.965369761,-0.14250885,0.0158591531,-0.0130868051,0.168949574,0.0337999389,-0.000112587863,0.0123292878,0.0061213444,-0.0458596721,0.135171771,0.0283406433,0.000499992806,0.0893151909,0.0776830241,0.104625374,0.218150049,0.172532454,0.0304255541,0.677566051,0.171846852,-0.243599981,-0.0413635969,0.506936133
2.1863842,-1.75852597,0.775670767,-0.00887437351,0.00934113096,-0.257402897,0.966218293,-0.146276698,0.0140425758,-0.0157475434,0.172347471,0.0343409665,-0.000124289683,0.0153673943,0.00469643297,-0.049713809,0.131830111,0.0276831742,0.000537143322,0.0836874992,0.0775654241,0.1035254,0.217769623,0.172696769,0.0308666695,0.677344322,0.171564639,-0.240351349,-0.0409346335,0.504896402
2.18623161,-1.75885403,0.77566421,-0.00842075236,0.0094831204,-0.254886419,0.966887832,-0.150703385,0.0120488266,-0.0184505899,0.176590115,0.035030473,-0.000153626315,0.0175731648,0.00339705683,-0.0534845591,0.128690258,0.0270806383,0.000569092168,0.0776808634,0.0761652961,0.102459013,0.216351196,0.173016295,0.031279061,0.676495194,0.171166465,-0.238323882,-0.0403604694,0.503373504
2.18339157,-1.75878751,0.775808513,-0.00787707604,0.0112353032,-0.253089756,0.967345476,-0.161570489,0.0119109321,-0.021564642,0.180396467,0.035549961,-0.000209219434,0.0116944779,0.00438543456,-0.0582282282,0.124721579,0.0263058487,0.000637730525,0.0709018633,0.0747516677,0.103014998,0.211250499,0.173216626,0.0310430713,0.674168766,0.167971805,-0.234049171,-0.0389414132,0.50243926
2.18259406,-1.75914741,0.775893927,-0.00733954506,0.011370399,-0.252229482,0.967572808,-0.167150542,0.0103753936,-0.0244439337,0.186615765,0.0363458842,-0.000238190871,0.0108501203,0.00370221608,-0.0617346354,0.123594448,0.0257863924,0.000687663676,0.0627380386,0.072619684,0.100545235,0.208371639,0.173953071,0.0311990026,0.672970533,0.165402949,-0.231654584,-0.0381573439,0.502888799
2.18300128,-1.75919151,0.776060045,-0.00642952975,0.0112559693,-0.252496064,0.967511117,-0.169751436,0.00683353236,-0.0268025659,0.193182036,0.0372146219,-0.000238499939,0.0113681694,0.000478440925,-0.0639937147,0.123275198,0.0252581835,0.00070907583,0.053020291,0.068924211,0.0925250724,0.208341122,0.174253315,0.0319193378,0.673256636,0.163732529,-0.231867567,-0.0386505425,0.50540632
2.18130946,-1.75949478,0.7755301,-0.00643859245,0.0127935233,-0.252665162,0.967447758,-0.177299991,0.00784548745,-0.0302525181,0.197805598,0.0376389846,-0.000255741819,0.00711507583,0.00176274392,-0.0674654543,0.12175592,0.0248150714,0.000712829176,0.0426105596,0.0657348409,0.0838103592,0.207187206,0.17693004,0.033047542,0.672946513,0.161386117,-0.229367673,-0.038132336,0.508621991
2.18086457,-1.75973153,0.775881231,-0.00509482389,0.0132385632,-0.254010886,0.967097342,-0.180926025,0.00454784092,-0.0323608629,0.202585965,0.0381060056,-0.000260248897,0.00411612401,-0.000471302978,-0.0694897696,0.121635862,0.0241386816,0.000771699182,0.0317806192,0.0616594069,0.0747185349,0.207319826,0.1775105,0.0335451923,0.673401952,0.161547557,-0.228038073,-0.0387155525,0.512559175
2.18061662,-1.76115167,0.775495768,-0.00436175754,0.0134893321,-0.255687445,0.966655552,-0.181788638,0.00462533487,-0.0353154652,0.206818193,0.038435787,-0.000236451568,0.00403805124,-0.000968161679,-0.0715822503,0.12230619,0.0238334071,0.000742619741,0.0198789109,0.0558124781,0.0650817901,0.208886877,0.179756105,0.0346892327,0.673942685,0.16200912,-0.226484194,-0.0395453945,0.51648283
2.18088698,-1.76156473,0.775845766,-0.00274516991,0.0136512434,-0.258114398,0.966014028,-0.182246193,0.000642745988,-0.0367770456,0.209410384,0.0387513824,-0.000225862284,0.00333294063,-0.00496772164,-0.0723444521,0.12166483,0.0230981261,0.000741571246,0.00866123475,0.0500391386,0.0562559441,0.212520465,0.180928841,0.0353066958,0.674640894,0.165028751,-0.226580024,-0.040842697,0.519980252
2.18050075,-1.76216173,0.775695562,-0.00168700621,0.0141888084,-0.261898875,0.964989543,-0.183046505,-0.000571571465,-0.0386135839,0.211243227,0.0390050076,-0.000208912184,0.0010307479,-0.0069482387,-0.0734154657,0.12075638,0.0225622263,0.000755832705,-0.00527719548,0.0444954596,0.0520762354,0.216627166,0.182912692,0.0360336974,0.674459755,0.165560097,-0.226385489,-0.0420811847,0.521593988
2.17933989,-1.76204562,0.775930107,-0.000339121209,0.0149897123,-0.26626578,0.963783026,-0.185889736,-0.00265010563,-0.0396946929,0.212329462,0.0392264239,-0.000202280193,-0.00360975554,-0.00960691087,-0.0740724355,0.119384639,0.0217965674,0.000779601163,-0.0186569095,0.0395317115,0.0498986244,0.21949929,0.182993069,0.0360172205,0.673958063,0.165719986,-0.226634428,-0.0429101214,0.523112535
2.17855597,-1.7621249,0.776082516,0.0011445774,0.0149886757,-0.270928055,0.962482214,-0.186017722,-0.00518425414,-0.0402086526,0.213371694,0.039553605,-0.000180286937,-0.00660156924,-0.0129212467,-0.0741253123,0.118387826,0.0209620856,0.000797908055,-0.0309931152,0.0346471108,0.0468732305,0.220797971,0.183168456,0.0360027105,0.67270714,0.167183325,-0.227634802,-0.0439623967,0.525316775
2.17738008,-1.76184058,0.776164889,0.00273818383,0.0153825786,-0.275825381,0.96108079,-0.187211543,-0.0078591248,-0.0402113646,0.213356465,0.0400849395,-0.000170277592,-0.0109050628,-0.0159992445,-0.0739998594,0.11700172,0.0201999303,0.000834268925,-0.0422669202,0.0305154398,0.0468908735,0.223237917,0.184525341,0.0364662707,0.672394991,0.168718204,-0.228248537,-0.044688385,0.527649164
2.17623186,-1.7614243,0.776313901,0.00397934439,0.0157860406,-0.281490415,0.959425926,-0.1897185,-0.00931023527,-0.0402751118,0.215076715,0.0406952016,-0.000144511228,-0.0161610115,-0.0186139345,-0.0736813173,0.116043299,0.0194327366,0.000865945942,-0.0535519645,0.027362084,0.0492293723,0.226219803,0.184735179,0.0368823372,0.672528625,0.169923723,-0.229719058,-0.0458617993,0.530048907
2.17495632,-1.76102233,0.776024163,0.00506439665,0.0167093761,-0.286675662,0.957868636,-0.192466795,-0.00995958317,-0.0402634665,0.216046855,0.0413724706,-0.000115129988,-0.0224879663,-0.0200818107,-0.0734101012,0.115368426,0.0189415254,0.000893167977,-0.0630676225,0.0250950847,0.0495768674,0.226921171,0.186419874,0.0377330109,0.672309577,0.17188935,-0.23061797,-0.0471122675,0.533286512
2.17399526,-1.76086855,0.776124716,0.0059301923,0.016890645,-0.29218173,0.956195235,-0.192666724,-0.0108369719,-0.0399970375,0.216664493,0.0420688875,-9.69106695e-05,-0.0267187674,-0.0208688732,-0.0728941783,0.115432866,0.0186414327,0.000938203535,-0.072266154,0.0223237574,0.0514674634,0.227793574,0.187746674,0.0381442383,0.671945095,0.174231946,-0.231042594,-0.0480889454,0.536216676
2.17267919,-1.76023102,0.77628392,0.00705136126,0.0175755825,-0.297802538,0.95443964,-0.193752319,-0.0117523111,-0.0392808579,0.215522557,0.0427739732,-6.40677172e-05,-0.0340338498,-0.0229261387,-0.0718864501,0.115567602,0.01816779,0.00094806758,-0.0811640844,0.0210698731,0.0540705919,0.228069499,0.188369274,0.0383479893,0.67146486,0.177022949,-0.232403934,-0.0494132154,0.539859354
2.17161012,-1.75982857,0.776065826,0.00762216188,0.0180207044,-0.303129673,0.952748418,-0.193970606,-0.011460796,-0.0386911407,0.21436435,0.0435503349,-3.60805316e-05,-0.0404987559,-0.0236812644,-0.0707986653,0.117213517,0.0181379355,0.000954549527,-0.0889420658,0.0201471858,0.0564460941,0.227333918,0.19080165,0.0385603532,0.671157897,0.17905359,-0.233219594,-0.0504688919,0.542075813
2.17116046,-1.75992167,0.776276708,0.00816998538,0.0180926844,-0.308263272,0.951093912,-0.19238472,-0.0106673082,-0.0379670672,0.213819966,0.0443719551,1.17038908e-05,-0.0451889746,-0.024066437,-0.0693428963,0.120186277,0.0181795731,0.000953141949,-0.0956537202,0.0195065439,0.0577832535,0.227655873,0.193424851,0.038762562,0.671159744,0.182258055,-0.23318103,-0.0514716469,0.545740604
2.16995263,-1.75881648,0.776366413,0.00931726862,0.0187416784,-0.313450009,0.94937402,-0.194180802,-0.0121229002,-0.0362096094,0.211601093,0.0450273156,3.85328276e-05,-0.0544441044,-0.0260615498,-0.067416288,0.123125814,0.0179892033,0.000966640422,-0.101487994,0.020041991,0.0599567853,0.226596504,0.194330886,0.0384518467,0.670664668,0.186582282,-0.232724503,-0.0531232059,0.548000932
2.16909528,-1.75746059,0.776796639,0.0107601304,0.0192432441,-0.318023413,0.947826505,-0.195872828,-0.0145562533,-0.0339021645,0.210213527,0.0458991192,6.26731053e-05,-0.0632444173,-0.0297093615,-0.0646174252,0.127555862,0.0177709274,0.000957306998,-0.104226775,0.0207052752,0.0611465573,0.223000363,0.194272339,0.0379933864,0.669684887,0.19148469,-0.232097954,-0.0553354621,0.55085808
2.16849041,-1.75684762,0.776980996,0.0114236921,0.0194024649,-0.322235316,0.946391761,-0.196186215,-0.0155171836,-0.0320614167,0.209741637,0.0467785522,8.40789435e-05,-0.0699207187,-0.0313134566,-0.0619505867,0.133087233,0.0176348761,0.000922592531,-0.105781838,0.021045519,0.0621414967,0.219764531,0.194618285,0.0378825553,0.668473125,0.197490305,-0.231314018,-0.0567752346,0.553765774
2.16778064,-1.75676644,0.777133465,0.0116734607,0.0191743448,-0.326214463,0.945029199,-0.195215687,-0.0145886922,-0.0307767801,0.209683001,0.0476357564,0.000121300553,-0.0754191428,-0.031272281,-0.0595504567,0.139046535,0.0174970068,0.000896974467,-0.106633343,0.021497434,0.0631587654,0.217771173,0.196105897,0.0382236242,0.666903913,0.203469381,-0.229232535,-0.0574804507,0.556607783
2.16661811,-1.75609839,0.777023315,0.0119310133,0.0194657613,-0.329908818,0.943736672,-0.196118668,-0.0135614322,-0.0293476637,0.209020182,0.0482617281,0.000147213257,-0.0818031952,-0.0308349896,-0.0571805798,0.14409478,0.017423654,0.000877444749,-0.106069162,0.0223977547,0.0646534041,0.214085326,0.196816325,0.0379648767,0.665133893,0.208559364,-0.225870043,-0.0571649261,0.559648752
2.16558099,-1.75542939,0.777073264,0.0125748897,0.0198906809,-0.333926141,0.942305446,-0.197323263,-0.0131799895,-0.0276115648,0.208267599,0.0488933921,0.000169734354,-0.0880943909,-0.0309613403,-0.0544985607,0.148245126,0.0173165295,0.000866926217,-0.105440505,0.0229249876,0.0662503988,0.210352048,0.196612895,0.0373057164,0.662837386,0.21126993,-0.222917512,-0.0567262918,0.561821103
2.16436315,-1.75458658,0.776832461,0.0129580963,0.0201902408,-0.337813973,0.94090718,-0.198503032,-0.012860042,-0.0257869326,0.207571208,0.0495172404,0.000191141706,-0.0952398628,-0.030927442,-0.0517720506,0.152520865,0.0172382072,0.000846542476,-0.104709916,0.0235206392,0.0666204989,0.206376716,0.196438953,0.0364757553,0.660290062,0.211973161,-0.220205873,-0.0565240644,0.562876701
2.16335464,-1.75398159,0.776886582,0.013407385,0.0207250901,-0.341380864,0.939600885,-0.199292496,-0.0118171731,-0.0240510348,0.20648174,0.0500666797,0.000214622662,-0.101853468,-0.0301411897,-0.0491226502,0.156847641,0.0172289498,0.000847804418,-0.103319101,0.0239468217,0.0670299828,0.204096824,0.195475996,0.0353973694,0.658486664,0.21274741,-0.217043579,-0.0557645597,0.563591421
2.16187382,-1.75363207,0.776884794,0.0134372944,0.0211956911,-0.344657511,0.938392997,-0.200511768,-0.00943632144,-0.0227376688,0.205207407,0.050542172,0.000221765426,-0.108856671,-0.0279274993,-0.0469601601,0.161105365,0.0172551684,0.000842282199,-0.10146942,0.0239420626,0.0677149668,0.201897845,0.19496271,0.0344453268,0.656780243,0.211201176,-0.214746445,-0.0551208556,0.562411666
2.16051078,-1.75259984,0.776568532,0.0141490325,0.0229215212,-0.348379076,0.936966598,-0.204688042,-0.00826669112,-0.0209126119,0.203251645,0.0508995019,0.000234490086,-0.119395539,-0.0270184297,-0.0444493666,0.164952412,0.0173812285,0.000833879516,-0.100250602,0.0240323693,0.0655983537,0.20108147,0.194405362,0.0338073932,0.655930221,0.208633691,-0.212468952,-0.0540294722,0.560889482
2.15896606,-1.75216973,0.776703238,0.014462118,0.0231637582,-0.351631254,0.935740232,-0.205535799,-0.0066133989,-0.0191908982,0.202304825,0.0514286831,0.000239449204,-0.126835614,-0.0254176091,-0.0419352502,0.17061606,0.0176179856,0.000821811962,-0.0982339159,0.0243982188,0.0667541996,0.200256303,0.192999378,0.0328191444,0.655126512,0.205084696,-0.209633753,-0.0526453108,0.557919025
2.15711045,-1.75126505,0.776505589,0.0145445615,0.0239739623,-0.354425997,0.934663475,-0.208161682,-0.0038978667,-0.0176842827,0.200821564,0.0519276001,0.00025251077,-0.135981396,-0.0231874119,-0.0395943485,0.176422074,0.0179308187,0.000798140536,-0.0952779725,0.0238865335,0.0680219308,0.199720532,0.192123741,0.0319238789,0.654749632,0.201793849,-0.207231134,-0.05105225,0.554909229
2.15550804,-1.75092459,0.776471615,0.0148105016,0.0243200194,-0.357669502,0.933413982,-0.208880946,-0.00143548229,-0.0161194578,0.199901745,0.0524455607,0.000267513591,-0.144679159,-0.0213696752,-0.0368984453,0.183665648,0.0183011536,0.000760463707,-0.0946352184,0.0249619875,0.0657224804,0.201548323,0.19164139,0.031110879,0.655540943,0.196982875,-0.206129521,-0.0494082235,0.550965369
2.15370107,-1.7506907,0.776463687,0.0149021028,0.0242850613,-0.359639913,0.93265605,-0.209319457,0.000992050976,-0.0146123143,0.198466703,0.0528325774,0.000267236785,-0.152173519,-0.0192188211,-0.0342344046,0.191955715,0.0186854377,0.000706032733,-0.0904757902,0.0251281746,0.0675452501,0.201981321,0.192376316,0.0307185538,0.655625224,0.19417721,-0.205949724,-0.0485000834,0.547344685
2.15161443,-1.75050414,0.77664417,0.0156092793,0.024252452,-0.361819327,0.931801975,-0.21065782,0.00275560282,-0.0130095938,0.197299957,0.0532511547,0.000267851574,-0.15995504,-0.0178681947,-0.0313255638,0.200179964,0.0187866762,0.000652724353,-0.0857804045,0.0248692036,0.0697094351,0.203105822,0.192248166,0.0299769752,0.655962229,0.190526828,-0.207135111,-0.0481192991,0.543076754
2.14893508,-1.75021029,0.776418328,0.0160378609,0.0247936845,-0.363878161,0.930978417,-0.214171097,0.00514152041,-0.0116506442,0.196710944,0.053860601,0.00023584289,-0.169289902,-0.0151529089,-0.0289223269,0.207851768,0.0188631248,0.00059560081,-0.0809881166,0.0251028091,0.067962952,0.204865009,0.192488,0.0294670984,0.656899929,0.18742235,-0.207642689,-0.0474565551,0.540783226
2.14659286,-1.75068688,0.77641511,0.0163547173,0.0246321466,-0.365141749,0.930482328,-0.216944471,0.00781705882,-0.0106877601,0.198212743,0.0543771833,0.00021423478,-0.175014704,-0.0116679613,-0.0266100056,0.215393335,0.0189702567,0.00054526818,-0.0729212463,0.025305666,0.0701897815,0.206901252,0.192952782,0.0290042851,0.657597661,0.186908975,-0.209397361,-0.0472575985,0.539529979
2.14386201,-1.75122643,0.775988042,0.0166273061,0.0247795265,-0.366989344,0.929746389,-0.220687479,0.0108750034,-0.0100316433,0.200932488,0.0548701957,0.000171489024,-0.179470047,-0.00847548433,-0.0242429711,0.220665604,0.0193197038,0.000436281494,-0.0664364472,0.0248885788,0.0680349991,0.209200412,0.194828108,0.0296796616,0.658685088,0.184940428,-0.211341545,-0.0473517887,0.538766682
2.14078259,-1.75161242,0.775600791,0.0170124639,0.0249513015,-0.367797464,0.929415405,-0.226831421,0.0141311735,-0.00967804715,0.205242157,0.0552618243,0.000132385467,-0.183554322,-0.00581973046,-0.021907825,0.223943993,0.0196772106,0.000325429748,-0.0570022129,0.0250650756,0.068975158,0.211010829,0.194518194,0.0294095315,0.659116983,0.184102133,-0.213481113,-0.0480869077,0.53901732
2.13820052,-1.7521807,0.775494337,0.0177248996,0.0245865118,-0.368229121,0.929240942,-0.230855882,0.0164235402,-0.00943548512,0.210052177,0.0558065437,0.000113939459,-0.185611367,-0.00453949347,-0.0191694815,0.226242393,0.0199535489,0.000229779384,-0.0472423136,0.0243086219,0.0695877448,0.212948546,0.194582582,0.0294108205,0.659677565,0.184269711,-0.216447622,-0.0490026921,0.540095568
2.13530207,-1.75301683,0.775210261,0.0178418308,0.0248733833,-0.368521929,0.929114938,-0.234940052,0.0203795116,-0.00991766527,0.21358557,0.0562931597,6.87591673e-05,-0.188437402,-0.000440663309,-0.0173779484,0.227044836,0.02036543,0.000189594124,-0.0404965915,0.0235145576,0.0679359287,0.216025159,0.193602532,0.029407531,0.661073744,0.183956847,-0.219343767,-0.0502241924,0.541300714
2.13265014,-1.75405753,0.775161207,0.0177386608,0.024205992,-0.368206173,0.929259717,-0.236305699,0.0237011202,-0.0104785981,0.216649219,0.0568376519,2.41642156e-05,-0.188413888,0.00300561078,-0.0155410832,0.228081882,0.02091977,0.000134550326,-0.0331333317,0.0238950774,0.0706339851,0.217454836,0.191703603,0.0287769735,0.661901295,0.18365939,-0.221189022,-0.0510429144,0.542860448
2.13081241,-1.75482047,0.77481401,0.0179246813,0.0241366886,-0.368150204,0.929280162,-0.237803608,0.0260621738,-0.0108761173,0.218241394,0.0571718328,6.03804119e-06,-0.190079495,0.00603757473,-0.0136768296,0.228834778,0.0214545019,0.000122098281,-0.0281252936,0.0232649241,0.0707199499,0.22090973,0.189455092,0.0284758303,0.663800299,0.182585061,-0.225142777,-0.0530764945,0.544835567
2.12890053,-1.75580084,0.774578154,0.0179697648,0.0234085694,-0.367532372,0.929542422,-0.236973405,0.0280461404,-0.011169848,0.218841732,0.0576507598,-2.92499026e-05,-0.190578237,0.00890573487,-0.0120199183,0.230474755,0.0221901406,0.000102409351,-0.0233235061,0.0231860578,0.0724835023,0.224158198,0.185919315,0.0276266932,0.665848494,0.180961668,-0.226505652,-0.0543320291,0.545902133
2.12716413,-1.75658739,0.774558306,0.0180256888,0.023225598,-0.367096663,0.929718077,-0.236837149,0.0301309116,-0.0115414402,0.217750117,0.0580166057,-6.38079582e-05,-0.192672506,0.0116552375,-0.0105121052,0.232280776,0.0228828657,7.95674496e-05,-0.0202223677,0.0230967849,0.0740274042,0.225796118,0.183679208,0.027036408,0.667272508,0.178297967,-0.228025004,-0.0557014197,0.546381235
2.12607956,-1.75783265,0.774458587,0.0176538639,0.0227620248,-0.366331637,0.930038393,-0.23422502,0.0329549685,-0.0120853316,0.216293871,0.0582997017,-8.15218009e-05,-0.19262594,0.0146207931,-0.00908570644,0.235363021,0.0237595588,3.25578258e-05,-0.0180244129,0.0227727294,0.0743593723,0.22830528,0.182204247,0.0267422423,0.669050395,0.176551312,-0.229014173,-0.0567968301,0.547222912
2.12523532,-1.7590102,0.774303257,0.0169599168,0.0219998769,-0.365719825,0.930310369,-0.231062934,0.0361392759,-0.0126595283,0.214935556,0.0583856478,-8.89591538e-05,-0.191760063,0.0180545431,-0.00788358413,0.238492385,0.0245806258,-1.40642055e-06,-0.0169985332,0.0225920863,0.0741698965,0.231738508,0.181569889,0.026739385,0.671036899,0.175309896,-0.228427976,-0.0570694879,0.547191501
2.12470841,-1.76045418,0.774112701,0.0158167183,0.0209261272,-0.365156829,0.930576384,-0.226875305,0.0399015956,-0.0134294452,0.214054644,0.0582484901,-9.66091393e-05,-0.188472673,0.0222745258,-0.00703374948,0.241092861,0.0253761634,-3.91335743e-05,-0.0162027925,0.0226053745,0.0740957931,0.233932197,0.1814491,0.0267123636,0.672709227,0.174569696,-0.226981685,-0.0566583313,0.547104657
2.1239059,-1.76136637,0.773942769,0.0148584116,0.0206261445,-0.364919931,0.930691838,-0.225511566,0.043705143,-0.0140924864,0.213234797,0.0580778159,-0.000116547904,-0.187773243,0.0263379868,-0.00634804228,0.242491797,0.0260254536,-6.58668432e-05,-0.0160144269,0.0225882195,0.0743758157,0.235411882,0.181833372,0.0266643316,0.673401833,0.172838524,-0.224861845,-0.0556036904,0.546891987
2.12398267,-1.76218772,0.774018407,0.0139875431,0.0200837348,-0.365017354,0.930678964,-0.223324314,0.0457668155,-0.0143028973,0.213434696,0.0577794686,-0.000137876064,-0.186480746,0.0288435109,-0.00511173718,0.244551599,0.0266269241,-9.60256366e-05,-0.0162633732,0.0226354543,0.0744470209,0.236249611,0.18165724,0.0265456606,0.674076319,0.170882374,-0.222551525,-0.0542120598,0.545752287
2.12446022,-1.76294065,0.774105072,0.0132632693,0.0195961669,-0.36498937,0.930710912,-0.22057797,0.0470115654,-0.0142119899,0.213808179,0.0573685877,-0.000147705287,-0.184490323,0.0303739831,-0.00361502031,0.24700065,0.0271726139,-0.000142359539,-0.0158621799,0.0227037314,0.0751129612,0.235921562,0.181848988,0.0263970569,0.673733056,0.169741228,-0.220352411,-0.0531641282,0.543672502
2.12481046,-1.76335967,0.774099171,0.0126478206,0.019524591,-0.365286142,0.930604577,-0.219579995,0.0485138707,-0.0141521422,0.21407865,0.0568653606,-0.000153025263,-0.18498221,0.0323016793,-0.00232890388,0.249463096,0.0275683273,-0.000151286251,-0.0164949801,0.0230727829,0.0753544569,0.234937519,0.182817698,0.0264350865,0.672782004,0.16928862,-0.218426183,-0.0521601103,0.542775989
2.12506175,-1.76360655,0.774150193,0.0120019736,0.0202318989,-0.36551851,0.930506766,-0.220008552,0.0508739464,-0.0143579822,0.214211956,0.0563491844,-0.000156027934,-0.187739879,0.0348272249,-0.00128634437,0.252453804,0.0278924685,-0.000149501619,-0.0173339043,0.023684049,0.075294733,0.232356578,0.184372142,0.0262822714,0.671771705,0.168586314,-0.216352344,-0.0504007116,0.542073309
2.12599897,-1.76372313,0.774258435,0.0115889739,0.0205228031,-0.366145879,0.93025893,-0.219025671,0.0517585091,-0.0141249681,0.214641109,0.0558193438,-0.000148750332,-0.188734457,0.0357228592,0.000322436739,0.255647451,0.0281892437,-0.000159738964,-0.018275382,0.0243982095,0.075267598,0.228735417,0.18559362,0.0262871496,0.67009443,0.168398991,-0.214733213,-0.0489154421,0.541256547
2.12675023,-1.76327908,0.774223089,0.0115552526,0.0207299925,-0.366992503,0.929921091,-0.218779325,0.0516114607,-0.0135625042,0.214710996,0.055248782,-0.000137744515,-0.190860927,0.0356856212,0.00212936453,0.25835675,0.0283958167,-0.000144472244,-0.0187466983,0.0246661119,0.0761866197,0.224785119,0.18752417,0.0264953021,0.66841495,0.168729827,-0.212943822,-0.0470616631,0.539829969
2.12769747,-1.76319969,0.77426672,0.0113086188,0.0209459383,-0.368005931,0.9295187,-0.218353525,0.0519799814,-0.013238769,0.215483069,0.0546191633,-0.000132249188,-0.192059666,0.0360135324,0.00376630761,0.261241853,0.0286232661,-0.000144272359,-0.0193254519,0.0246824604,0.0767702386,0.221342638,0.189934134,0.0269831195,0.666866004,0.169178694,-0.211830571,-0.045531638,0.539264083
2.12819719,-1.76274669,0.774205923,0.0110842306,0.0216792636,-0.369139105,0.929055154,-0.219261155,0.0534518883,-0.0131264497,0.216110513,0.0541185737,-0.00011233909,-0.194747716,0.0372553132,0.00496090762,0.263078332,0.0287285149,-0.000120848796,-0.0200185124,0.024893133,0.0770732313,0.217276692,0.193249702,0.0279066879,0.664717257,0.168674752,-0.210954219,-0.0442919694,0.538136661
2.12851572,-1.76193976,0.774023175,0.0111498749,0.0227058232,-0.370474756,0.92849803,-0.222329542,0.053655412,-0.012630499,0.216542184,0.0536424927,-0.000125530249,-0.198870495,0.0377742015,0.00625032978,0.264157236,0.0288588256,-9.5743344e-05,-0.0200489704,0.0253441948,0.0785281882,0.212557927,0.196445063,0.0288072843,0.661968052,0.16903545,-0.211627066,-0.0433439463,0.53719604
2.12910199,-1.76146841,0.774011374,0.0111399312,0.0235469639,-0.371690691,0.927991092,-0.224004805,0.0533553474,-0.0121239526,0.217521921,0.0532701947,-0.000148160892,-0.201793388,0.0383427478,0.00759542221,0.265668005,0.0291601233,-7.78070171e-05,-0.0198660344,0.0257140622,0.0796360746,0.207740799,0.2005485,0.0299342964,0.659133255,0.169553116,-0.212408721,-0.0427518748,0.536326587
2.12999845,-1.76099813,0.773986995,0.0113542099,0.0242915638,-0.372930437,0.927471757,-0.224862918,0.0526085272,-0.0114245461,0.217906266,0.0528715886,-0.000148782099,-0.203844994,0.0379158445,0.00925890915,0.267158896,0.0295238364,-7.91873681e-05,-0.0194457397,0.0255753193,0.0785559863,0.205209106,0.20342131,0.0309817493,0.657351494,0.170696124,-0.213650003,-0.042877961,0.535808265
2.13079238,-1.75999153,0.774114668,0.0119596813,0.0248050988,-0.374738514,0.926721513,-0.225206628,0.0507034883,-0.0103129223,0.217625961,0.0526120402,-0.000143328958,-0.206806183,0.036189191,0.0112031158,0.267894208,0.029802246,-5.52880847e-05,-0.0195410084,0.0260640364,0.0790512487,0.202161059,0.207302764,0.0330549963,0.654662311,0.170987025,-0.215822458,-0.0436521322,0.534956813
2.13134909,-1.75895655,0.774349809,0.012522744,0.0255353507,-0.376597047,0.925940514,-0.226691306,0.0489654392,-0.00922293775,0.217131108,0.0524328724,-0.000147727638,-0.210882902,0.0347124338,0.0130030755,0.2690337,0.029911058,-4.32937668e-05,-0.0192844495,0.0263914932,0.0793295503,0.199882597,0.209720656,0.0344324224,0.652675211,0.171098128,-0.218049452,-0.044650577,0.534921288
2.13144016,-1.75756478,0.774486244,0.0137154832,0.0266630705,-0.37865907,0.925050378,-0.230610952,0.0459772535,-0.00763555011,0.216060966,0.0525376499,-0.000171369407,-0.21885024,0.0330122411,0.0148484102,0.271572351,0.029960148,6.37911671e-06,-0.0187648255,0.026159741,0.0806741044,0.19731006,0.210701585,0.0349505916,0.650430083,0.170781061,-0.22016719,-0.0451759063,0.533572018
2.13103247,-1.75584471,0.77447319,0.0150469858,0.0282144472,-0.381146461,0.92396152,-0.237705618,0.0433117636,-0.00585456286,0.215162247,0.052800674,-0.000184819961,-0.232700765,0.0315520279,0.0166851059,0.277801186,0.0298636016,5.05385105e-05,-0.0202016644,0.0277505405,0.0787282214,0.197150528,0.210942224,0.0352413282,0.649764776,0.169092566,-0.223284557,-0.046085503,0.533819735
2.12935162,-1.75326395,0.774902642,0.0170509685,0.0313380323,-0.383112669,0.923012376,-0.250632584,0.0408109277,-0.00399708515,0.214141503,0.0532022566,-0.000225064723,-0.256498545,0.0305668507,0.0184610188,0.289024234,0.0295354351,0.000127939173,-0.0204974879,0.0285405423,0.0793593749,0.195667222,0.211869091,0.0353322029,0.647933245,0.164536759,-0.226628125,-0.0468867198,0.532622695
2.12566566,-1.75016463,0.773555458,0.0193117149,0.0372204557,-0.383680135,0.922513545,-0.272874802,0.0424177051,-0.00323803001,0.213348776,0.0535598658,-0.00024731335,-0.292559415,0.0305657871,0.0201633852,0.306398362,0.028654106,7.22748664e-05,-0.0170473456,0.028190691,0.0801636577,0.193226755,0.214913294,0.0356492102,0.642764211,0.15964821,-0.230457738,-0.0478586927,0.531169772
2.12022543,-1.74592626,0.771147549,0.02333574,0.0441024713,-0.38466993,0.92170465,-0.302178502,0.0420834683,-0.00173868833,0.21487996,0.0542224571,-0.000288976764,-0.340118647,0.0280390102,0.023175694,0.330242932,0.0276018996,-3.63567437e-06,-0.0113043208,0.0300014485,0.0805939957,0.191013917,0.218168437,0.0352041088,0.636372805,0.152311802,-0.236012235,-0.0489456467,0.527934015
2.11315417,-1.74081206,0.768227696,0.0292748455,0.0529480763,-0.384914964,0.920966804,-0.341263026,0.0399720967,0.000352840754,0.218145415,0.0553003736,-0.000351599359,-0.397077501,0.023100106,0.0277639218,0.358800501,0.0266401935,-0.000171476408,0.001749182,0.031737946,0.0839557201,0.188243032,0.221374437,0.0344776548,0.628455997,0.144946337,-0.245538101,-0.0519468077,0.523798227
2.10379577,-1.7339927,0.764249384,0.0369031578,0.0641031563,-0.384637237,0.920099497,-0.392669439,0.0372639336,0.00262385327,0.222792029,0.0570108965,-0.000442120683,-0.466593385,0.0178337693,0.03387646,0.390055984,0.0262861177,-0.00029317179,0.0187084191,0.033123292,0.0894668624,0.183666095,0.222618803,0.0329882093,0.619139314,0.135023713,-0.258977264,-0.0562175065,0.516385496
2.09255195,-1.72577739,0.760249794,0.0468549468,0.0779674575,-0.383098543,0.919217706,-0.457998574,0.0337282009,0.00483843172,0.229986936,0.0595018677,-0.000535259082,-0.546178043,0.0122772716,0.0415307246,0.423319966,0.0273332037,-0.000287709525,0.040975064,0.0343795717,0.0969598815,0.179119512,0.222774848,0.0316102728,0.609377861,0.125578389,-0.277796984,-0.0608946532,0.509816229
2.0790453,-1.71541452,0.755541861,0.0591574349,0.093663469,-0.381291837,0.917793036,-0.539113998,0.0311211329,0.00609787693,0.242074057,0.0632337034,-0.000563333801,-0.635188758,0.00656364439,0.0492838509,0.456172705,0.0292184558,-8.20303685e-05,0.0646261945,0.0348101854,0.106913753,0.175426736,0.219619438,0.0294426586,0.598232508,0.114477895,-0.299831778,-0.0649681687,0.502297699
2.06512308,-1.70395255,0.750967741,0.0721058771,0.109636575,-0.378524333,0.916242242,-0.627871037,0.0309940279,0.00536408182,0.262766957,0.0682551563,-0.000443058409,-0.722183049,-0.000287967938,0.0563485101,0.488540232,0.031919118,8.10451311e-05,0.0863094255,0.0350918621,0.115161799,0.173568353,0.217031419,0.0285377558,0.586084723,0.105291739,-0.326530606,-0.0701433718,0.496937245
2.05016327,-1.69178641,0.741940379,0.0834367573,0.123770721,-0.374796271,0.915011942,-0.71135813,0.0310452431,0.00223798701,0.290621817,0.0735455081,-0.000350357062,-0.807147622,-0.00796436518,0.0626669973,0.520673752,0.0350411609,6.39639766e-05,0.100797489,0.0347636454,0.12435694,0.175772309,0.213758677,0.0263715852,0.574189484,0.101395667,-0.352058232,-0.0759951994,0.496153802
2.03602052,-1.67950487,0.733465791,0.0929795727,0.13324289,-0.370633602,0.914457142,-0.770557404,0.0194296576,0.0015124823,0.335268617,0.0753112212,-0.000668908469,-0.88157922,-0.0189791638,0.0700308308,0.555792153,0.0394650586,-1.40946968e-05,0.10968145,0.0332968272,0.128598556,0.179904372,0.21015273,0.0231043939,0.564761519,0.106918812,-0.373639494,-0.0840747356,0.50056535
2.02506399,-1.6679287,0.728135526,0.100644641,0.134855881,-0.366501689,0.915074348,-0.791775882,-0.00170384475,0.00960224029,0.416173637,0.0747183338,-0.00147762231,-0.935667336,-0.0359048098,0.0795414969,0.595432699,0.0457535461,-6.94340415e-05,0.108499415,0.0288853701,0.129203543,0.184926912,0.210744143,0.0235418063,0.55771786,0.12374559,-0.389237553,-0.095757097,0.510777473
2.01404142,-1.657323,0.736586869,0.105029479,0.129017994,-0.361568093,0.917383075,-0.782698989,-0.0281672161,0.0290188976,0.529093802,0.0751241744,-0.0025946754,-0.967414916,-0.0499527603,0.0880474001,0.631813347,0.0533617884,4.21290097e-05,0.097201921,0.0277817901,0.120180428,0.191742539,0.214422956,0.0259715803,0.553244293,0.155909345,-0.390610933,-0.102674998,0.526492536
2.00409484,-1.64690554,0.742702901,0.106882952,0.117208131,-0.358564764,0.919929087,-0.750610232,-0.0529195555,0.0535355397,0.663267612,0.0758692548,-0.0032130098,-0.978054702,-0.0635252818,0.0970697254,0.662508607,0.0621366054,0.000146976163,0.079043299,0.0272654034,0.104862094,0.201729253,0.221014738,0.0305178445,0.547765672,0.197514668,-0.385504812,-0.106358677,0.544317424
1.99390745,-1.63523006,0.741792798,0.105517305,0.102190115,-0.358115137,0.922050357,-0.704762816,-0.0711747259,0.0749637708,0.803683221,0.0773288906,-0.00353459502,-0.973545492,-0.0724213794,0.104652055,0.683963597,0.0719409958,0.000251757534,0.0571979731,0.0266727842,0.089052774,0.210799932,0.230826944,0.0371501334,0.534817338,0.246271849,-0.37438941,-0.105191819,0.56139797
1.98386514,-1.62295115,0.734604895,0.101244241,0.0843180194,-0.361790657,0.92290175,-0.640905917,-0.0822838396,0.0878525525,0.930011332,0.0794416666,-0.0035455937,-0.955780149,-0.074634321,0.109961689,0.695883811,0.0826336816,0.000357316749,0.0345503688,0.0270677917,0.0729799643,0.217107892,0.241875485,0.0439454578,0.513451934,0.299895138,-0.359564781,-0.101371095,0.576147974
1.97164547,-1.60965788,0.724736512,0.0935069323,0.066845201,-0.367828429,0.922762394,-0.562317908,-0.0866481289,0.0893962234,1.02285063,0.081704326,-0.00342726312,-0.930936217,-0.0667877421,0.111922517,0.695400834,0.0940017924,0.000456733687,0.0116546834,0.0280418415,0.0568090379,0.213603109,0.256452471,0.0505751409,0.479481071,0.355597258,-0.343146652,-0.096088022,0.587867677
1.95798957,-1.59451509,0.715947926,0.0833868161,0.04880004,-0.376375377,0.921415627,-0.475534946,-0.0879372135,0.084500879,1.07119596,0.0814958438,-0.00309137185,-0.899156988,-0.0512858033,0.112237208,0.68179971,0.106335126,0.000535924919,-0.0130780665,0.0288135819,0.0409466103,0.202121466,0.27561897,0.0582540631,0.435775161,0.410832137,-0.328145683,-0.0907365382,0.596046627
1.94111681,-1.57644033,0.71308279,0.0708177239,0.0321429558,-0.385382175,0.919473886,-0.397659153,-0.0865419209,0.0754281357,1.07417512,0.0777068883,-0.00278942566,-0.861312985,-0.0298277307,0.110829741,0.65125072,0.119948775,0.000603088294,-0.0403294638,0.0286447667,0.0292464178,0.181222662,0.296611071,0.0657984316,0.387342334,0.459117383,-0.313813835,-0.0859566852,0.600064635
1.91951919,-1.55335689,0.718523502,0.0575090759,0.0189260151,-0.392688483,0.917676568,-0.35452196,-0.084529534,0.0662407801,1.04103351,0.0699676201,-0.0027383063,-0.825052142,-0.00792145822,0.109717064,0.600615978,0.134912938,0.000732935267,-0.0675539821,0.0272223856,0.0291368905,0.1465756,0.320787281,0.0733494386,0.334857672,0.491730213,-0.29923293,-0.0817321315,0.595762849
1.89749062,-1.52673161,0.733410001,0.0463926382,0.0091963103,-0.39711678,0.916548669,-0.341378421,-0.0817217529,0.0603814274,0.974702358,0.0591841266,-0.00283526722,-0.797800958,0.00470361812,0.111773416,0.540534079,0.149391323,0.00108327728,-0.0863754228,0.0265278574,0.0294574965,0.105121233,0.346416205,0.0784818307,0.285822839,0.513975382,-0.292762101,-0.0814885646,0.585281074
1.87286794,-1.49775231,0.738018334,0.0367041901,0.00521117356,-0.398259073,0.916523516,-0.33658734,-0.0713393539,0.0533999354,0.937654555,0.0455772802,-0.00275098835,-0.793734312,0.0105103767,0.112726547,0.487586379,0.160089433,0.0016674489,-0.0937648937,0.0263560992,0.0315717645,0.058960747,0.374727964,0.0814215764,0.239090428,0.517279208,-0.2924878,-0.0871521607,0.569365978
1.84457839,-1.46470547,0.738185048,0.0299085118,0.00878143311,-0.396230251,0.917621911,-0.371908307,-0.0556315333,0.0474465601,0.913770854,0.0265368558,-0.00259605097,-0.825879335,0.00980720017,0.112655826,0.457270414,0.165179387,0.00220007892,-0.0872735754,0.0283739734,0.0451910123,0.00732538803,0.403229952,0.0778008476,0.193142489,0.487259924,-0.295161456,-0.0946106389,0.543187678
1.81408274,-1.43189216,0.737458646,0.0240767635,0.0151035795,-0.392745137,0.91920805,-0.432693571,-0.0382979959,0.0455127954,0.907822013,0.00418028887,-0.00278687244,-0.873109043,0.00804493017,0.109321371,0.467283964,0.165261045,0.00230956101,-0.0722014308,0.0300815552,0.0608884469,-0.0301732328,0.432627082,0.067853637,0.154346287,0.423392892,-0.312122852,-0.106727943,0.507292092
1.78092313,-1.39760566,0.733539104,0.0195187591,0.0234401003,-0.38950941,0.920517266,-0.525270343,-0.0189444367,0.0462837368,0.916943014,-0.0187942497,-0.00298919971,-0.915688992,0.00963336043,0.103502043,0.532153845,0.164897993,0.00162579096,-0.0491227023,0.0314144418,0.0697198585,-0.0424563922,0.468473107,0.0594395772,0.131034702,0.331882924,-0.345884413,-0.123725928,0.461112708
1.74924541,-1.36445189,0.724843979,0.0139977979,0.0276958067,-0.387685478,0.921269238,-0.614504039,-0.000299638632,0.0466841273,0.934612751,-0.0370165035,-0.00295844418,-0.929094195,0.0156709608,0.0918506682,0.668516934,0.167053804,0.000198530572,-0.0107912375,0.0296937898,0.0752771944,-0.0215027854,0.503847599,0.046155531,0.116367929,0.227846384,-0.397883981,-0.147083685,0.404346824
1.72032344,-1.3335557,0.714901567,0.00773193035,0.0243858974,-0.387436152,0.921541512,-0.676431596,0.00908386894,0.0490663461,0.947743118,-0.0474223718,-0.00303081283,-0.899412692,0.0198681913,0.0727227926,0.874643266,0.178304598,-0.00237934245,0.0449180529,0.027826352,0.0672132,0.0386013687,0.541573942,0.0316237286,0.107944839,0.127957344,-0.466510564,-0.178849429,0.341451108
1.69376326,-1.30397332,0.705752313,0.00264805998,0.0113721648,-0.386069715,0.922395706,-0.700739801,0.00423097285,0.0541246869,0.943350494,-0.0486366712,-0.00294292509,-0.81915319,0.0115690455,0.0538338833,1.12158847,0.198177919,-0.00545286527,0.116987281,0.0267239381,0.0571229383,0.134477749,0.580272675,0.0147298276,0.0969617665,0.0464932211,-0.542109907,-0.214308396,0.276470035
1.66927147,-1.27527463,0.701642752,-0.000666715496,-0.00969270151,-0.38109535,0.92448467,-0.689091086,-0.0156294033,0.0611749664,0.910559416,-0.0395952798,-0.00262170238,-0.687425792,-0.010668044,0.0435133614,1.33581865,0.217764035,-0.0069148941,0.200388983,0.0266675539,0.036693994,0.248762056,0.622814655,-0.00220077345,0.0781001896,-0.00959896483,-0.620836258,-0.250018805,0.215650141
1.6396066,-1.2434938,0.701562583,-0.000141496421,-0.0305916592,-0.375028402,0.926508367,-0.658586562,-0.0437864549,0.0653325766,0.835203946,-0.0196351483,-0.00214991369,-0.539877474,-0.0272445399,0.038247332,1.43562329,0.228398085,-0.0064383531,0.278626561,0.0250311475,0.0184844546,0.362560421,0.668721914,-0.0125218229,0.0523006469,-0.0481407158,-0.6891222,-0.275978386,0.158592075
1.60773408,-1.21012342,0.706149101,1.45862566e-06,-0.0494228676,-0.371560961,0.927092135,-0.610411406,-0.064849928,0.0588254407,0.717509508,0.00904418062,-0.00227339985,-0.399742693,-0.0294894259,0.0378433131,1.41244256,0.228048548,-0.00597339822,0.331925392,0.0248824526,0.0154592991,0.459887773,0.702135444,-0.0172595009,0.0269077662,-0.0723696798,-0.737275958,-0.282759547,0.101338774
1.57079601,-1.17577159,0.734421134,0.000545543851,-0.0586965792,-0.369626075,0.927324653,-0.570951521,-0.068516165,0.0405354649,0.601257205,0.0314972773,-0.00315898983,-0.304377317,-0.0120032048,0.0383331031,1.30968904,0.218852818,-0.00575811369,0.341976196,0.022605842,0.0245113038,0.527181983,0.70383811,-0.027215546,-0.00382933556,-0.0883442461,-0.755535126,-0.266712904,0.0357791372
1.52835739,-1.13715613,0.750983119,0.00154469791,-0.0545308851,-0.363843888,0.929861128,-0.548349023,-0.0612369925,0.025399901,0.538832963,0.0428175591,-0.00342673692,-0.2776272,0.0160325672,0.0488999635,1.17680609,0.204728156,-0.00568421604,0.308811694,0.0237041507,0.0339519791,0.5413481,0.665836751,-0.0528213382,-0.043284025,-0.0907505974,-0.736298919,-0.235545695,-0.0314002037
1.48306978,-1.09554911,0.751947582,0.00418414781,-0.042333357,-0.353842527,0.934337139,-0.541082621,-0.0513792671,0.0198232271,0.55860734,0.0465728752,-0.00273981621,-0.306325883,0.0434823185,0.0689777061,1.0706917,0.186976731,-0.00582640059,0.246201128,0.0246820748,0.0491986275,0.4992809,0.602837443,-0.0887410417,-0.0928948671,-0.0687388107,-0.689986706,-0.198194087,-0.0905543342
1.43918824,-1.05368268,0.753793776,0.00850555208,-0.0320929699,-0.345415801,0.937862277,-0.525057912,-0.04080249,0.0203481913,0.664125562,0.0474187955,-2.22189065e-05,-0.362277865,0.0551291928,0.0952568054,1.01737988,0.166218027,-0.0061976593,0.165847227,0.0296511073,0.0615775362,0.419457138,0.536105514,-0.119024701,-0.14503932,-0.0217044633,-0.629747629,-0.154512361,-0.131094649
1.39690745,-1.01190233,0.74976939,0.0133042485,-0.0272975881,-0.342772484,0.938927531,-0.486350805,-0.0213419143,0.0206695199,0.836920321,0.0541279018,0.00502516376,-0.437996119,0.0534597933,0.122692928,0.998612225,0.143432558,-0.00667996332,0.0832684338,0.0372764878,0.0648282766,0.315423816,0.482803345,-0.134451732,-0.198299587,0.0497752018,-0.575717628,-0.1130815,-0.146453619
1.35776675,-0.973655701,0.742348552,0.0141453827,-0.0289007872,-0.346418411,0.937528074,-0.406541049,0.0121393139,0.0157496687,1.04719806,0.068590425,0.010318771,-0.518348157,0.0559584983,0.141834497,0.997546196,0.122069739,-0.00658687949,0.0107260067,0.0476431511,0.0567129366,0.200808674,0.460302562,-0.119371384,-0.250774056,0.160155222,-0.528676748,-0.0729979053,-0.135334849
1.31935561,-0.937728822,0.73189342,0.0103371171,-0.0356748141,-0.356909007,0.933400452,-0.291027576,0.0475004017,0.00990068167,1.22577536,0.0828363821,0.0125853047,-0.590016842,0.0734308288,0.153345928,1.00039947,0.106040388,-0.00587183144,-0.0586240329,0.0549659804,0.0457939543,0.0994460657,0.472143859,-0.0700815096,-0.298737586,0.303070486,-0.493849993,-0.0428614914,-0.111967601
1.2825985,-0.899935663,0.722128987,0.00295657152,-0.0435253233,-0.369525343,0.928196013,-0.159435704,0.0657750741,0.00998404156,1.29603565,0.0889184028,0.0119992988,-0.631953537,0.0999800935,0.163730204,0.9812029,0.099297516,-0.00492069265,-0.128988996,0.0561630577,0.0396872982,0.0158749595,0.516537726,-0.00481586764,-0.344289094,0.453652322,-0.482322812,-0.0274494085,-0.0914805755
1.2431637,-0.855705202,0.716721654,-0.00486199232,-0.0520258248,-0.377625287,0.924483001,-0.0476396531,0.0551412664,0.011834125,1.24472713,0.0874225721,0.0108948573,-0.640756249,0.119986847,0.179620385,0.916005433,0.103684403,-0.00423046155,-0.182000026,0.0552686639,0.0465088934,-0.0448361896,0.57660526,0.0526993833,-0.382526606,0.585186422,-0.48861745,-0.0283589754,-0.080022186
1.20269954,-0.805480123,0.717169166,-0.00899154786,-0.0568887517,-0.380964667,0.922793984,0.0216759499,0.0250587277,0.0120889321,1.12686372,0.0811819881,0.0102325063,-0.627806604,0.116687663,0.204539359,0.802930832,0.116750926,-0.00333724497,-0.194363594,0.0559817739,0.0497398153,-0.0858983025,0.63311553,0.0872869492,-0.412156433,0.685127497,-0.49911043,-0.0419249572,-0.074515827
1.15971529,-0.753473043,0.751208782,-0.0117126694,-0.0555751696,-0.380792886,0.922914386,0.0465856828,-0.000793663145,0.00366638228,0.990680754,0.0721735358,0.00985132437,-0.610531092,0.0962524414,0.232501611,0.690912127,0.124931999,-0.00230177888,-0.154836923,0.0598989502,0.0610896759,-0.0950006172,0.680206358,0.0914633647,-0.438086659,0.742531717,-0.498105854,-0.0580531098,-0.073215127
1.11148608,-0.698334754,0.762874365,-0.0117943091,-0.0483803265,-0.381122828,0.923182309,0.0130741494,-0.0229774304,-0.00324991741,0.862901986,0.0623017326,0.00923402235,-0.593701482,0.0649471879,0.255470544,0.63852787,0.128989249,-0.00215475564,-0.0844664201,0.0665665269,0.0797597766,-0.0694462061,0.714447618,0.0765210167,-0.451969117,0.730888903,-0.498248279,-0.0734400451,-0.0796754062
1.06246293,-0.64111644,0.770126343,-0.0113859652,-0.0357092321,-0.383794963,0.922657371,-0.0615126379,-0.0369212814,-0.011673253,0.773832858,0.0487864055,0.00861474965,-0.566146731,0.0361248478,0.26588276,0.662195206,0.132209525,-0.00262576342,-0.00220533949,0.0705032125,0.0873994231,-0.0141531117,0.728176832,0.0534714721,-0.437933028,0.657414556,-0.505911589,-0.0867391452,-0.0985033959
1.01338971,-0.584736943,0.771933615,-0.0124354018,-0.0256013628,-0.382604539,0.923473716,-0.142642006,-0.0366147459,-0.0213519316,0.731527925,0.0322027989,0.00839384552,-0.526236773,0.00968093611,0.263321698,0.764940083,0.138340533,-0.00324654672,0.0876246393,0.0722042397,0.0871752277,0.0538388342,0.727068007,0.0302062109,-0.397356331,0.553358316,-0.533699453,-0.111458726,-0.117160879
0.965924799,-0.530817449,0.769702554,-0.0160586722,-0.0207947604,-0.376951903,0.925860107,-0.232823595,-0.0331779867,-0.0278736874,0.719278097,0.0107954117,0.00816838164,-0.460993379,-0.00770688383,0.242236331,0.93164891,0.152785853,-0.00266236952,0.172713295,0.071875006,0.0763895065,0.131400868,0.722625375,0.0129924798,-0.346357793,0.439819068,-0.582072079,-0.150201485,-0.13337411
0.920862079,-0.478833616,0.761557758,-0.0206337478,-0.019894056,-0.366785645,0.92986387,-0.33862716,-0.0387154892,-0.0290429611,0.722239614,-0.0120946728,0.00738354679,-0.364244968,-0.0153657226,0.201777831,1.12511194,0.17374444,-0.000921266968,0.252179176,0.0674469247,0.046901498,0.227005109,0.718798161,0.00315551506,-0.293978184,0.328094155,-0.641257107,-0.197696045,-0.151057854
0.877436936,-0.428726643,0.747678697,-0.0236188695,-0.0249923691,-0.353065878,0.934966326,-0.443541676,-0.058841981,-0.0250465591,0.735245824,-0.0300486647,0.00620425586,-0.233295426,-0.0114858495,0.142456621,1.28137898,0.192347735,0.00219197315,0.335274875,0.063545078,0.0182306468,0.343030572,0.717869997,-0.00174736558,-0.247631833,0.234867632,-0.699184,-0.247748688,-0.172490045
0.834076762,-0.379650325,0.731772065,-0.0245450381,-0.0361332782,-0.341793329,0.938759327,-0.519224405,-0.0863649622,-0.0199074708,0.741335332,-0.0352085717,0.00526585989,-0.0803725198,0.0148000764,0.0729156509,1.32242823,0.19997479,0.00468097208,0.415125459,0.0589636415,-0.00943326019,0.462585509,0.721684635,-0.00111602701,-0.212790519,0.160217628,-0.753390968,-0.292006671,-0.197824642
0.786078632,-0.328055561,0.717092454,-0.0246924311,-0.0465300418,-0.333237797,0.941370189,-0.570209444,-0.110303409,-0.0176624823,0.710422397,-0.0244677551,0.00479023904,0.0431849547,0.0619368479,0.0208249688,1.24685955,0.196673632,0.00472588697,0.471385181,0.0548770204,-0.0283446871,0.56751281,0.721595228,0.00353399036,-0.190715179,0.109937198,-0.79186964,-0.310372174,-0.227497205
0.730662644,-0.273556739,0.705389857,-0.0256574657,-0.051427044,-0.327679187,0.943039417,-0.605040014,-0.110774666,-0.0280556846,0.62352252,0.000688403845,0.00357494457,0.100666508,0.114700764,-0.00137796043,1.11660099,0.186866537,0.00397365214,0.475872755,0.050643485,-0.0329318903,0.640089333,0.6922822,0.00127640681,-0.176808923,0.0896668881,-0.799314976,-0.294883788,-0.263483495
0.670962036,-0.218185902,0.726555884,-0.0244081933,-0.0469153784,-0.325206637,0.944163024,-0.638708591,-0.087086983,-0.0510301627,0.527649462,0.018081842,0.00135201483,0.0939570963,0.161254928,-0.00430717831,0.981709242,0.174794316,0.00345789036,0.425363719,0.0459504165,-0.027222788,0.665113926,0.621863663,-0.0205033235,-0.170254245,0.0962468311,-0.769035399,-0.24725835,-0.304400086
0.607746601,-0.155543104,0.734295666,-0.0178373083,-0.029836297,-0.324056149,0.945398986,-0.678306639,-0.0602777004,-0.0723706558,0.479491591,0.0279720947,0.000298320083,0.0109903021,0.182804793,0.0110460743,0.868465364,0.159742787,0.00316955242,0.340707153,0.0433437899,-0.0149299651,0.626715064,0.522808135,-0.0588717721,-0.173078075,0.123347253,-0.712335885,-0.187415406,-0.336172342
0.542213738,-0.0916002393,0.751822531,-0.00744067924,-0.00838738959,-0.322598338,0.946469545,-0.715078652,-0.0351128131,-0.09017203,0.513187766,0.0315463878,0.00123460952,-0.10373129,0.184913144,0.0352557898,0.814460695,0.136775583,0.00205246056,0.232181802,0.0426107161,0.0109852795,0.527738929,0.424167514,-0.0973665118,-0.181057394,0.162837714,-0.64761126,-0.127513781,-0.343197882
0.477669507,-0.0282458328,0.759765506,0.00360532384,0.00912686251,-0.323888928,0.946044207,-0.723659337,-0.00212702923,-0.104076132,0.630982399,0.0344720967,0.00485556945,-0.235662386,0.166548371,0.063666828,0.791074097,0.109153047,-0.000101504033,0.10552901,0.0432787985,0.0362970866,0.390755326,0.353736877,-0.118668571,-0.196591094,0.206030533,-0.589553297,-0.0760745481,-0.325209111
0.417363167,0.0326633751,0.764908433,0.0151787698,0.0179745685,-0.332025647,0.942976952,-0.68386209,0.0398005769,-0.111664079,0.82160753,0.0460111424,0.0122822579,-0.38184464,0.137857333,0.0908412561,0.784659684,0.0804947466,-0.00183106738,-0.0258713383,0.0461412892,0.0502276421,0.241461873,0.324111849,-0.114143714,-0.220350102,0.256768912,-0.549827993,-0.0376631282,-0.296179384
0.361083418,0.089969933,0.759484231,0.0239657518,0.0212474652,-0.348903805,0.936611116,-0.598196805,0.079779461,-0.110711835,1.05647612,0.0667852461,0.0177662335,-0.525058031,0.114886463,0.112261668,0.785153091,0.0578259751,-0.00247441325,-0.144297436,0.0468260944,0.0530245826,0.104456872,0.338445097,-0.0804766119,-0.25107941,0.329437971,-0.529893279,-0.0133960163,-0.263092488
0.30785045,0.143927246,0.744705915,0.0252102353,0.0165120177,-0.370698601,0.928264201,-0.473555148,0.101839304,-0.0927353948,1.26632071,0.0875978395,0.0174140818,-0.627091706,0.110833213,0.124839328,0.780347407,0.0472328588,-0.00219486514,-0.248255834,0.0455678701,0.0455157012,-0.0101307184,0.391543984,-0.023730915,-0.288361043,0.424083799,-0.532788098,-0.000190762672,-0.232539639
0.255850255,0.197916433,0.731028795,0.0216865428,0.00805471186,-0.38727349,0.921674609,-0.338595748,0.0900007412,-0.0606618188,1.35062015,0.0975703225,0.0151636582,-0.676710248,0.122592367,0.133357301,0.742264092,0.052209843,-0.00149247469,-0.329909176,0.0456640497,0.033843603,-0.101728015,0.468754768,0.0388832353,-0.328779876,0.526924789,-0.558461964,-0.00234921207,-0.206535339
0.202482045,0.254734516,0.724466383,0.0201123133,-0.000560849789,-0.398148596,0.917100251,-0.229046538,0.0447620302,-0.0294125304,1.30333662,0.0967812315,0.0138654104,-0.68825388,0.126624316,0.147765607,0.656294167,0.0692962036,-0.00104577676,-0.377306551,0.041803062,0.0216959808,-0.163934946,0.54866451,0.0903983414,-0.365867943,0.619482934,-0.589122534,-0.0176645182,-0.187935635
0.147538677,0.31458208,0.748872995,0.0214823075,-0.00579890516,-0.404153556,0.914420485,-0.152886301,-0.00452396739,-0.0086088907,1.1902113,0.0928996056,0.0130846472,-0.678382516,0.116095141,0.165660009,0.58297354,0.0807618946,-0.000645859458,-0.37394914,0.0384138823,0.0259694122,-0.202203989,0.614717901,0.115863279,-0.401532799,0.68801713,-0.601593852,-0.0383285359,-0.175021574
0.088724263,0.37799266,0.765292227,0.0241037924,-0.00427715015,-0.410733253,0.911426842,-0.130752832,-0.045782458,0.00140303373,1.05998456,0.0883579329,0.0121790608,-0.65436548,0.0995319188,0.179453701,0.566554129,0.0869630352,-0.000618943246,-0.333636463,0.0373793431,0.0347014032,-0.205333233,0.654873967,0.121345401,-0.430694103,0.708200812,-0.589024782,-0.0480428748,-0.171841264
0.0272472072,0.444171309,0.746213496,0.0259692669,0.00337354629,-0.4193362,0.907453239,-0.168201089,-0.0738564804,0.00454596104,0.937349796,0.0819335058,0.0110713057,-0.630242884,0.0875181779,0.183094725,0.627297878,0.0887346864,-0.000992251793,-0.277207285,0.0358631611,0.0476859957,-0.167052522,0.655495346,0.112434193,-0.441683948,0.664039373,-0.555468023,-0.0397164151,-0.187953502
-0.0341644436,0.510055184,0.74459964,0.026180461,0.0113360677,-0.423702985,0.905351758,-0.218729228,-0.0768220425,-0.00548472581,0.860521615,0.0709847212,0.0105568962,-0.60040313,0.075400278,0.179976523,0.766662955,0.0960683078,-0.00273698755,-0.206060216,0.0320348404,0.0584273674,-0.103081666,0.622540474,0.0905427039,-0.43140009,0.574293435,-0.517175138,-0.0223112572,-0.216273919
-0.0929256529,0.57230407,0.74509418,0.0241140816,0.0165817011,-0.419441581,0.907310486,-0.290394068,-0.0636072904,-0.0215972364,0.81638366,0.0531983413,0.0107534435,-0.548289418,0.0564999357,0.17353192,0.969690084,0.114238694,-0.00572924688,-0.123444632,0.0261996053,0.0606074743,-0.0232206807,0.571238756,0.0611945875,-0.4056741,0.460464895,-0.48231706,-0.00853783265,-0.253536999
-0.150347441,0.63105458,0.749205709,0.0207363572,0.0195753817,-0.405187696,0.913788676,-0.403477013,-0.0541377813,-0.031384889,0.792789817,0.0302331019,0.0102895284,-0.460701317,0.0315954909,0.161712036,1.19447184,0.139751136,-0.00786709134,-0.0353408605,0.021116795,0.0441059805,0.083164297,0.519621491,0.0315387845,-0.370395392,0.332875311,-0.460077673,-0.00975799374,-0.296189487
-0.205964804,0.686062694,0.741129756,0.0194578581,0.0151482513,-0.382059515,0.923808694,-0.522112787,-0.0560175925,-0.0363591649,0.782559514,0.0116244331,0.0096625844,-0.329713225,0.00667199912,0.138323456,1.37424719,0.163056061,-0.00732580153,0.0689378455,0.0180624928,0.020508131,0.220791414,0.482990324,0.00376267824,-0.333124787,0.204527646,-0.456820846,-0.0301294811,-0.344096035
-0.262066364,0.740073085,0.726750314,0.0195254628,0.00422039721,-0.358678967,0.933247209,-0.615039408,-0.078292802,-0.0342208408,0.766554952,0.00478908326,0.00857498311,-0.174162,-0.000968147535,0.100791819,1.4292984,0.175014451,-0.00521057425,0.189452335,0.0166715719,0.0108881816,0.364072144,0.485210866,-0.0102297431,-0.304115117,0.0925616398,-0.488983184,-0.0709471926,-0.391893744
-0.322801471,0.795335233,0.712117791,0.0202945098,-0.00770353107,-0.342592597,0.939233303,-0.67109853,-0.105136283,-0.032755468,0.716017485,0.0141707659,0.00790447928,-0.0408321507,0.0126957977,0.0710160732,1.35131478,0.174454764,-0.0043124212,0.294216365,0.0137158576,0.00699800253,0.485406011,0.523746967,-0.00381418131,-0.28592366,0.00853079278,-0.550431788,-0.118958831,-0.430410177
-0.388787031,0.850587368,0.704162419,0.0202182755,-0.015693197,-0.333521962,0.942394853,-0.702070117,-0.112324856,-0.0419865996,0.615675151,0.0365287326,0.00671190117,0.044503767,0.0377786532,0.0589991845,1.20446789,0.16651313,-0.00435038982,0.352729619,0.0112756686,0.0115114907,0.575969338,0.567397118,0.0173928831,-0.272833347,-0.0459473021,-0.618962348,-0.154501155,-0.459411085
-0.457726002,0.906852424,0.720775962,0.0200359467,-0.0159288179,-0.328451008,0.944174111,-0.723104835,-0.0987318233,-0.0638824403,0.515867889,0.0498664565,0.00471455092,0.0804398805,0.0652078763,0.0614767671,1.0438205,0.156383321,-0.00465211971,0.348092765,0.00677386532,0.0252733454,0.631125152,0.584520161,0.0328029878,-0.266264945,-0.0696523041,-0.679325104,-0.165403008,-0.488202989
-0.530676007,0.968177497,0.72699213,0.022689674,-0.00734021887,-0.320836842,0.946834266,-0.733042121,-0.0727152377,-0.0861937031,0.467709213,0.0554311797,0.0033578719,0.0496440679,0.0894010589,0.0731629208,0.904535532,0.14645426,-0.00475916779,0.29408139,0.0046411301,0.0392641388,0.630036831,0.560400546,0.0197139252,-0.271200866,-0.0593607984,-0.712014019,-0.156326875,-0.513010621
-0.606461942,1.03058445,0.738711178,0.0251543783,0.00614998769,-0.310822546,0.950115144,-0.733457267,-0.0458395258,-0.102346078,0.488844246,0.0560049228,0.00349680404,-0.0261153039,0.111740828,0.0830544755,0.817326725,0.130388096,-0.00481554866,0.209671423,0.00424078899,0.0519314222,0.56494689,0.507106423,-0.0147440713,-0.283226192,-0.0218484383,-0.701820612,-0.130679488,-0.527605414
-0.681350112,1.09180486,0.750879169,0.0274600517,0.0170089863,-0.302235633,0.952685833,-0.719046056,-0.0183830634,-0.113954194,0.582114398,0.0572090447,0.00539209088,-0.118180566,0.112920724,0.0987252221,0.775778234,0.105868801,-0.00598132377,0.105560318,0.00737122586,0.0637442246,0.457257092,0.447841644,-0.0486740917,-0.298873872,0.0307505447,-0.665632606,-0.0966260433,-0.521121025
-0.752217174,1.15006399,0.761568546,0.0295871757,0.0210675038,-0.297898948,0.953906178,-0.669934928,0.0136981327,-0.121350072,0.738430321,0.0646101162,0.00854158122,-0.234707192,0.104069062,0.113281734,0.76437825,0.0755515993,-0.0075108544,-0.00572115229,0.0142356744,0.0678508952,0.325315088,0.399560392,-0.0669256747,-0.317464978,0.098538436,-0.620925128,-0.0619378351,-0.49753499
-0.818305135,1.20507014,0.764742494,0.0298123825,0.0203356203,-0.301126361,0.952901185,-0.580773413,0.0499468036,-0.125191346,0.934066594,0.0789211243,0.0112679964,-0.367720574,0.100107796,0.121662468,0.767488718,0.0456937179,-0.00795901287,-0.110115431,0.0272441655,0.0621848218,0.188468397,0.373966366,-0.064555198,-0.340978265,0.183860421,-0.573516786,-0.0277501624,-0.46217671
-0.881153345,1.2570411,0.757678986,0.0253461339,0.0149738593,-0.314179897,0.948906958,-0.449549526,0.0849956796,-0.124166906,1.12500143,0.0961921588,0.0117705064,-0.494028389,0.102030843,0.127410918,0.779137671,0.0231197178,-0.00808712561,-0.207883254,0.0385370031,0.053133335,0.062418364,0.376544476,-0.0346825607,-0.364910245,0.288699389,-0.534757793,-0.00096218579,-0.421827734
-0.943135858,1.3084408,0.74292922,0.019343501,0.0083652297,-0.331164807,0.9433375,-0.298685461,0.0977734849,-0.107306346,1.237391,0.107899696,0.0103169838,-0.592656732,0.116943441,0.128545389,0.77935183,0.0140403993,-0.00722144591,-0.295224518,0.045195315,0.0534366891,-0.0492311753,0.409293681,0.00842904486,-0.395778269,0.406846583,-0.513498366,0.0212516021,-0.385811865
-1.00609744,1.36348748,0.72680366,0.014754286,0.00407859543,-0.34597221,0.938119888,-0.165461808,0.0788699985,-0.0847523883,1.23171675,0.111426942,0.00932672061,-0.666642547,0.132905483,0.133362323,0.738671839,0.0219121706,-0.0061435462,-0.363457859,0.0484772101,0.0561754629,-0.136352599,0.466738373,0.0545795858,-0.428347409,0.513539076,-0.51653254,0.0301407464,-0.356312245
-1.06898451,1.42308247,0.717081189,0.0127846869,0.00240189186,-0.35477066,0.934862852,-0.0703508779,0.0374201462,-0.0672691911,1.14937246,0.109917492,0.00918999687,-0.707894623,0.13600795,0.146628812,0.650071204,0.043148756,-0.00488730334,-0.392647803,0.0491482168,0.0584801733,-0.200246736,0.532902241,0.0839581713,-0.457615256,0.592613757,-0.526546955,0.0245964807,-0.332164943
-1.13364935,1.48357034,0.74504143,0.0112355463,0.00523109501,-0.357852578,0.933695853,-0.0184943974,0.000750351173,-0.0659147501,1.0334934,0.10546682,0.00946690049,-0.726481378,0.127401531,0.164010271,0.56860882,0.0548085943,-0.00372902048,-0.361932129,0.0521591417,0.0646369532,-0.241779208,0.592262805,0.0894114003,-0.484483927,0.637198269,-0.525509059,0.014938172,-0.317656636
-1.20323622,1.54509544,0.743175805,0.0103712138,0.0130232936,-0.360976279,0.932426333,-0.018226184,-0.0243197829,-0.0714674667,0.911738992,0.0990559235,0.00930623524,-0.719054639,0.115280524,0.174828753,0.536545932,0.0624762066,-0.003243546,-0.300269425,0.0517454147,0.0729552582,-0.245121554,0.630792022,0.0753077492,-0.504199505,0.630098224,-0.519638956,0.00582397403,-0.312464714
-1.27526474,1.6095686,0.740723908,0.00954868644,0.0258752555,-0.362669945,0.931509435,-0.0646443367,-0.0360881835,-0.0789748505,0.808712304,0.0887864903,0.00873019081,-0.699861526,0.103468627,0.177888662,0.570407569,0.0661887974,-0.00341976108,-0.214292094,0.0519558974,0.0869761482,-0.212036818,0.645393908,0.0520995371,-0.505485892,0.565817237,-0.506596029,0.0019879695,-0.318767071
-1.34637964,1.67213821,0.747482598,0.00787238684,0.0375493653,-0.361640692,0.931527853,-0.122398764,-0.0264024623,-0.0920457691,0.742586792,0.070602715,0.00868022069,-0.665215373,0.0961581245,0.173418194,0.675011396,0.0713930279,-0.00405206904,-0.117264241,0.0508984812,0.093988359,-0.149219349,0.636453509,0.0233798027,-0.48360163,0.466840476,-0.504220903,-0.0112950746,-0.328701347
-1.41486621,1.73119414,0.757422209,0.00397406518,0.044403486,-0.356608838,0.933189452,-0.222482443,-0.00752987759,-0.103417583,0.707488656,0.0431396738,0.00892894063,-0.603016973,0.0903745145,0.161933407,0.836963177,0.0840807483,-0.00448115822,-0.0161392018,0.0487592071,0.096443288,-0.0665480271,0.614167392,-0.00504886173,-0.446851283,0.35158056,-0.513383985,-0.0363724716,-0.339565307
-1.48000789,1.78644156,0.763816595,-0.000562126981,0.0476017036,-0.344323874,0.93764323,-0.358558595,0.00548645156,-0.110137485,0.694904506,0.0128909359,0.00862530991,-0.507528961,0.083755441,0.144456252,1.0211153,0.10260123,-0.00478602899,0.081186913,0.0474292636,0.0814197659,0.0424807929,0.588857055,-0.0304739792,-0.402950406,0.234504461,-0.530472696,-0.0732448772,-0.352636665
-1.54132628,1.8378365,0.756795645,-0.00232465263,0.0452527404,-0.321647555,0.945774615,-0.49556905,0.00182341947,-0.11044962,0.695350409,-0.0115919355,0.0079590138,-0.373624027,0.0749572963,0.12127655,1.17941821,0.121490344,-0.0045836363,0.183777004,0.0471713878,0.0608974472,0.172478497,0.5671134,-0.050234478,-0.355980456,0.133139715,-0.555506885,-0.123998903,-0.365699857
-1.60234869,1.8870852,0.74060595,-0.00222179014,0.0383795872,-0.297676593,0.95389241,-0.606328964,-0.0237387139,-0.10264945,0.691924334,-0.02286423,0.00673475116,-0.224305913,0.0799261332,0.0883744732,1.24635363,0.133027032,-0.00333144073,0.281657606,0.0505764596,0.0362467207,0.312806636,0.557302773,-0.0635239929,-0.309754461,0.0463551544,-0.592855752,-0.177852318,-0.381017268
-1.66772342,1.9368453,0.723159969,-0.000474650966,0.0329516381,-0.279064685,0.959706664,-0.688006878,-0.0545718037,-0.0940832645,0.658024669,-0.0167908054,0.00587041769,-0.108627118,0.0996612459,0.0652518496,1.20753193,0.135408536,-0.00291265827,0.353346676,0.0537568107,0.0207524709,0.442507923,0.554532111,-0.0614733212,-0.266980171,-0.0239152219,-0.642304718,-0.224720448,-0.399092942
-1.73764968,1.98660457,0.708595097,0.00159847422,0.0323608182,-0.2681624,0.962828696,-0.741017461,-0.0681069195,-0.0939353034,0.573369324,0.00545026828,0.00489188405,-0.0502940603,0.126712367,0.0559306666,1.10390019,0.131502703,-0.00306021306,0.381132901,0.055748865,0.0150038572,0.534387529,0.545771718,-0.0457880162,-0.234296679,-0.0702493042,-0.69187808,-0.251445293,-0.420950055
-1.8108331,2.03760242,0.727272511,0.00472969469,0.0366124511,-0.261447191,0.964511573,-0.773134351,-0.0629932433,-0.103287131,0.487873286,0.0220415462,0.00325786066,-0.0376250632,0.148362979,0.0595422834,0.985379934,0.125664011,-0.00329129072,0.360827476,0.0574126951,0.0201873835,0.582293808,0.516522169,-0.0336796716,-0.219526082,-0.0837734267,-0.728133917,-0.25221169,-0.443402499
-1.88665688,2.09422207,0.730340064,0.0115037393,0.0460446067,-0.257419497,0.965133548,-0.787231505,-0.0530298464,-0.111720465,0.453793317,0.03205828,0.00231454102,-0.0769039169,0.149893045,0.0817869082,0.881693184,0.118074827,-0.00371164922,0.300302565,0.0616756976,0.0252250601,0.572975278,0.464756221,-0.0357538126,-0.22606495,-0.0645897985,-0.738137066,-0.235339805,-0.460328072
-1.96274996,2.15214157,0.740447581,0.0202724021,0.0558738746,-0.252268344,0.965830088,-0.779731989,-0.0458122827,-0.117014088,0.486673504,0.0368156396,0.00242491928,-0.149532527,0.135660753,0.112994857,0.818559289,0.101671003,-0.00484097656,0.218430936,0.0657747686,0.0332965851,0.511250377,0.405753851,-0.0483850278,-0.243041053,-0.0167024992,-0.722572505,-0.210750163,-0.456047714
-2.03817439,2.20710325,0.754910052,0.0273120366,0.0602465719,-0.248538807,0.966360629,-0.747206688,-0.0313545987,-0.122938029,0.586750746,0.0410827845,0.00349168316,-0.248016521,0.110995151,0.143099681,0.801270306,0.0757154673,-0.00701885298,0.119428404,0.0690820888,0.0404173583,0.415929288,0.357396722,-0.0575988255,-0.25981921,0.0475666486,-0.68765378,-0.182561174,-0.426230133
-2.10737228,2.25913143,0.765380919,0.0330555178,0.0598121509,-0.251790494,0.965365946,-0.678360581,-0.00536429323,-0.129772395,0.738773048,0.0511842966,0.00545051647,-0.382417738,0.0828417465,0.16786772,0.815722823,0.0439369753,-0.00914053433,0.0134032685,0.0735448971,0.0399139933,0.302545637,0.329705745,-0.0540277734,-0.273878515,0.123772182,-0.645962656,-0.15488793,-0.383302122
-2.17214799,2.30765629,0.761932731,0.0356255844,0.0549786314,-0.266004652,0.961742997,-0.568322003,0.0214077178,-0.131595984,0.916550875,0.0666126013,0.00608313037,-0.524436474,0.0607292131,0.187099606,0.846340239,0.0162139703,-0.0102503793,-0.0877325386,0.0770047903,0.0358951576,0.190959558,0.331037045,-0.0297505893,-0.291021377,0.223905668,-0.599316835,-0.128675342,-0.335434139
-2.23299623,2.35354114,0.748076797,0.0332975127,0.0463051833,-0.28774786,0.956006408,-0.420313537,0.0362001583,-0.12046776,1.07513201,0.0822282061,0.00512019917,-0.646322966,0.0623574182,0.19339706,0.880477488,-0.00207161345,-0.00971589331,-0.180085257,0.0765614286,0.0193253905,0.0911957324,0.363574594,0.0141825816,-0.314076453,0.346019864,-0.563430488,-0.111417994,-0.284369797
-2.29172087,2.40068984,0.729572773,0.0276123341,0.0349224433,-0.310021251,0.949686706,-0.255565584,0.0200206116,-0.0907484069,1.15628028,0.0919111818,0.00353419874,-0.737978399,0.0756064579,0.194291636,0.895648479,-0.00731375022,-0.00865830295,-0.255323529,0.0740570724,0.00486245286,0.00482970476,0.422171265,0.0701314434,-0.34145695,0.47373718,-0.567369223,-0.110029995,-0.2317352
-2.35409927,2.45321417,0.710980892,0.0243264958,0.0276219454,-0.3301799,0.943200111,-0.12086612,-0.0269481093,-0.0531961247,1.14257085,0.0951573327,0.00292520574,-0.810683727,0.0890041888,0.197484195,0.865323305,0.00226049451,-0.00749842357,-0.308403641,0.0720237121,-0.000425299339,-0.0660365671,0.489509583,0.121361323,-0.368362546,0.594224393,-0.57603085,-0.114287645,-0.19084239
-2.41470289,2.50854397,0.698459446,0.0231069494,0.0210111272,-0.348218143,0.936893165,-0.0189452581,-0.0882468224,-0.0214437936,1.06479192,0.0961548015,0.00320637994,-0.850488424,0.0873666778,0.211700648,0.777200639,0.0236205999,-0.00589280715,-0.333990365,0.0664957985,-0.00619167881,-0.105642319,0.545592785,0.154753,-0.390331537,0.703502774,-0.578918517,-0.125308275,-0.165662766
-2.47968483,2.56579614,0.711369574,0.0228996221,0.0231586266,-0.364498496,0.93063426,0.033584103,-0.143566877,-0.00201396085,0.9562307,0.0950169489,0.00344764977,-0.87930876,0.0710340738,0.235520095,0.693689167,0.0341995656,-0.00439999299,-0.313001573,0.0613542534,-0.0108837942,-0.117163993,0.583053291,0.167488083,-0.409490258,0.774638176,-0.565719843,-0.141344085,-0.149101242
-2.5500071,2.62694407,0.704477251,0.0229399763,0.0332375355,-0.380612969,0.923852146,0.0157468729,-0.180143893,0.00595418457,0.837165654,0.0913610458,0.00311177224,-0.895461977,0.0519356169,0.25395456,0.665157557,0.0404666662,-0.00389865832,-0.262164325,0.0562069677,-0.00529806362,-0.0997352973,0.593258321,0.162858173,-0.422289461,0.791497231,-0.533863783,-0.151656374,-0.143521413
-2.62087893,2.6909821,0.700378299,0.0234174877,0.0488879234,-0.394257009,0.917400122,-0.0357509218,-0.200929925,0.00760625303,0.745061576,0.0815722421,0.00268101622,-0.904941142,0.0422790274,0.262385726,0.723748922,0.0458630286,-0.00427223835,-0.191068038,0.0543722399,0.00536535122,-0.0616453663,0.572287202,0.148048311,-0.418767542,0.745184004,-0.488947511,-0.145633653,-0.149682671
-2.69087505,2.75334811,0.714149773,0.0214681383,0.0640726388,-0.399942428,0.91404587,-0.117299408,-0.194566414,-0.000296682847,0.689145923,0.0580414832,0.00311071472,-0.895443022,0.0334970318,0.261699647,0.869370103,0.0564555116,-0.00403399393,-0.10047356,0.0479983464,0.0159603357,-0.0155503182,0.530205429,0.126675531,-0.39669314,0.658705831,-0.444396049,-0.129477903,-0.167384058
