0.474989802,0.258436531,0.165584996,0.728259325,-0.0365525186,-0.672188044,-0.128317907,-0.139281824,-0.0574873798,-0.0270498358,0.233058646,0.12817654,-0.000995353912,-0.257582158,-0.000438910443,0.187285304,0.377856731,0.10991165,0.00154300756,0.0839063749,-0.0173557904,0.000914067728,0.557020545,0.454586506,0.596460223,-0.415752828,0.296800733,-0.647110939,-0.804412305,-0.452507675
0.476354778,0.257643729,0.181931347,0.727132142,-0.0449102148,-0.672600687,-0.129885659,-0.147841066,-0.0693377703,-0.0249041971,0.240984976,0.128100187,-0.00105024176,-0.25599581,-0.0118555315,0.190723553,0.380896986,0.108637653,0.00150431402,0.111913249,-0.0114895171,0.0253710281,0.532834291,0.493345737,0.623267233,-0.407104552,0.302087426,-0.637786388,-0.796306491,-0.449178427
0.476897478,0.257554829,0.16539073,0.728078187,-0.0461511128,-0.670344353,-0.135686114,-0.152910918,-0.0779292062,-0.0261010826,0.249056771,0.123538695,-0.00106613478,-0.262891293,-0.0173209701,0.191983059,0.382125884,0.106634989,0.00150726922,0.117218263,-0.00969961658,0.0256942827,0.517574251,0.502155006,0.636250019,-0.396893829,0.317940533,-0.623648405,-0.776834965,-0.449968338
0.480011046,0.26017192,0.176038295,0.72865957,-0.0503266118,-0.669036686,-0.13752234,-0.162611797,-0.0911805034,-0.0267620943,0.257774562,0.119055837,-0.00110363495,-0.27320981,-0.0259789471,0.194092214,0.389526606,0.102314815,0.00169135665,0.129210934,-0.0165084656,0.0354667976,0.513070405,0.4922584,0.631926417,-0.382927835,0.337962985,-0.614907026,-0.769130468,-0.446776509
0.480012208,0.260021567,0.176978245,0.729026675,-0.04916583,-0.66843158,-0.138931721,-0.167307734,-0.0942085162,-0.0299214032,0.266311467,0.115371779,-0.00112855074,-0.27948758,-0.0270653199,0.193939194,0.397132337,0.0987374336,0.00180577685,0.135808602,-0.0169972479,0.0360107683,0.50809598,0.488825411,0.629231095,-0.374749303,0.349304765,-0.61263299,-0.764767766,-0.44677937
0.47993356,0.259927273,0.181635559,0.729774117,-0.0479800217,-0.6686638,-0.134225249,-0.170179904,-0.0955171809,-0.0330512114,0.272960573,0.112144575,-0.00113870995,-0.284135967,-0.0266578943,0.193492264,0.40375489,0.0958111882,0.00194603787,0.141192526,-0.0168445464,0.0360167995,0.503985882,0.488021523,0.627331436,-0.369606912,0.355806023,-0.612442851,-0.762080371,-0.447477013
0.476839811,0.262078673,0.177881777,0.732282937,-0.043551445,-0.666336358,-0.133644626,-0.177088305,-0.0805355757,-0.0399885811,0.274330556,0.11028108,-0.00122113468,-0.289264053,-0.0108503504,0.188452438,0.402009994,0.0960882828,0.00193392031,0.135889977,-0.0133470111,0.0274852738,0.502053201,0.497265905,0.630900621,-0.36705941,0.352339476,-0.612992167,-0.75188005,-0.459093839
0.477118015,0.262433141,0.178546637,0.732661664,-0.0429343991,-0.665965438,-0.133617446,-0.179567546,-0.0774892494,-0.0425695069,0.277035564,0.108678825,-0.00120058213,-0.290893972,-0.00668138219,0.188380763,0.402736872,0.0967318416,0.00197571912,0.135146469,-0.0124502452,0.0267277975,0.501760244,0.502093732,0.632980108,-0.364372998,0.350193352,-0.612056434,-0.744126737,-0.465683192
0.476816922,0.262669116,0.179082215,0.732890487,-0.0427212976,-0.665729344,-0.133607388,-0.181208432,-0.0769440904,-0.0440781303,0.279406279,0.107264914,-0.00120248261,-0.292063773,-0.00520967506,0.189291731,0.403765887,0.0973865613,0.00199230714,0.134972826,-0.0121833896,0.0264701769,0.502176642,0.504481256,0.634140491,-0.362243086,0.349300325,-0.611313581,-0.738824069,-0.469770074
0.476650596,0.262640059,0.17945531,0.733086169,-0.0425653495,-0.665527999,-0.13358672,-0.182477817,-0.0768425912,-0.045231998,0.281295985,0.10602428,-0.00120183185,-0.293076843,-0.00423801271,0.190307736,0.404663444,0.0979948863,0.00200344692,0.134839863,-0.0120690595,0.0262431595,0.502715766,0.505671144,0.63476336,-0.36065191,0.348973334,-0.610940993,-0.735210717,-0.472333848
0.476712555,0.262628168,0.179975092,0.733230174,-0.0424490497,-0.665379107,-0.133575022,-0.183560178,-0.0768825412,-0.0461805128,0.282728285,0.104937933,-0.00120228389,-0.293961585,-0.00356656616,0.191264763,0.405398309,0.0985545143,0.00199962338,0.134735778,-0.0119978553,0.026022397,0.503201187,0.506245673,0.63506788,-0.359508812,0.348946035,-0.610786557,-0.732717216,-0.473935544
0.476620972,0.262643665,0.18006222,0.733407378,-0.0423676148,-0.665199935,-0.133520097,-0.184630767,-0.0769743323,-0.0470233187,0.283858448,0.103987448,-0.00120627938,-0.294888645,-0.00301786885,0.192184865,0.406010062,0.0990444645,0.00199837284,0.134595603,-0.0119549539,0.0258294009,0.503731251,0.506585538,0.635288417,-0.358765006,0.349187016,-0.610783637,-0.731053054,-0.474954098
0.476645976,0.262622088,0.180280417,0.733562887,-0.0422760956,-0.665035248,-0.133515373,-0.185482159,-0.076998122,-0.0477486737,0.28476873,0.103166148,-0.0012084567,-0.295669734,-0.00244277786,0.192949757,0.406503588,0.0995014533,0.00199519284,0.134443253,-0.011942775,0.025654722,0.504140615,0.506731391,0.635363281,-0.358257592,0.349447876,-0.610883713,-0.729902208,-0.475597799
0.476695389,0.262617558,0.180528298,0.733754158,-0.0422114953,-0.664844394,-0.133435383,-0.186382219,-0.0770760477,-0.0483651832,0.285443515,0.102450743,-0.0012110346,-0.2964921,-0.00205221656,0.193677455,0.406899303,0.0999122486,0.00198995299,0.134268582,-0.0119270971,0.0254578665,0.504570067,0.506815493,0.635412335,-0.357927054,0.349817932,-0.610945404,-0.729098797,-0.47599262
0.47643739,0.262545705,0.180486828,0.733912468,-0.0421719141,-0.664678991,-0.133400634,-0.18720524,-0.0770633817,-0.0489190929,0.286041677,0.10183049,-0.00121679099,-0.297248274,-0.00160728069,0.194321632,0.40725252,0.100278415,0.0019965095,0.13423717,-0.0119283516,0.0252934024,0.505026042,0.506857395,0.635476589,-0.357748002,0.350209743,-0.611062706,-0.72859472,-0.476273775
0.476601213,0.262471527,0.180679977,0.734048486,-0.0421491191,-0.664526701,-0.133418262,-0.187872916,-0.0771381184,-0.049368158,0.286516666,0.101304919,-0.00121649948,-0.297847807,-0.00130098942,0.194884673,0.407566965,0.100625768,0.00199100305,0.134214297,-0.0119253155,0.0251261797,0.50535053,0.506851912,0.635475218,-0.357610494,0.350525558,-0.611121595,-0.72819376,-0.476418287
0.476515442,0.262580752,0.180677906,0.734214842,-0.042200584,-0.664351106,-0.133361444,-0.18858844,-0.0773281157,-0.0497639365,0.28691557,0.10085693,-0.00122300431,-0.298536032,-0.00119592983,0.195444509,0.407855153,0.100918949,0.00198556739,0.134276927,-0.0119170733,0.0249717999,0.505734682,0.506883442,0.635545075,-0.357570052,0.350925028,-0.611131668,-0.727939665,-0.476512879
0.476350248,0.262595385,0.180678219,0.734358132,-0.0421908312,-0.664183795,-0.133409023,-0.18919602,-0.0773297027,-0.0501325876,0.287278116,0.100475103,-0.00122832099,-0.299121797,-0.000877470593,0.195851773,0.408090562,0.101190612,0.00198785495,0.134314492,-0.0119321402,0.0248165969,0.506081343,0.50684154,0.63556844,-0.357548445,0.351274371,-0.611182868,-0.727785826,-0.476593286
0.476590008,0.262618273,0.180826932,0.734506905,-0.0422029123,-0.664020836,-0.133397207,-0.189736277,-0.0774613842,-0.050427597,0.287562221,0.100156941,-0.00122712855,-0.299675077,-0.000728017185,0.196245179,0.408301383,0.101440117,0.00198021741,0.134295896,-0.0119227488,0.0246554837,0.5063591,0.50682199,0.635583699,-0.357527256,0.351594567,-0.611142635,-0.727632821,-0.476606727
0.47634232,0.262644798,0.180706531,0.73467654,-0.0422118008,-0.663833678,-0.13339214,-0.190328076,-0.0775363222,-0.0506984256,0.287834406,0.0998829603,-0.00123336737,-0.300277352,-0.000483033073,0.196581781,0.40848878,0.101655275,0.00198669871,0.134351298,-0.0119245844,0.0245064273,0.506744564,0.506803513,0.635655046,-0.357561648,0.351983875,-0.611137867,-0.727591217,-0.476656556
0.476351976,0.262675554,0.180920765,0.734821141,-0.0422019921,-0.663686097,-0.133332714,-0.190763727,-0.0777655914,-0.0508699715,0.28806138,0.0996652916,-0.00123745308,-0.300730288,-0.000263553608,0.196834996,0.408665091,0.101868622,0.00198492291,0.134429798,-0.0119123897,0.0243555289,0.50702101,0.506796539,0.635699928,-0.357584238,0.35227704,-0.611126006,-0.727536619,-0.476678073
0.476459891,0.262660772,0.181013539,0.734977841,-0.0421118848,-0.663533747,-0.133256271,-0.191231951,-0.0779494867,-0.0510329604,0.288239032,0.0994818136,-0.00124071969,-0.30124411,7.56499285e-05,0.197029367,0.40876919,0.102063738,0.00197989983,0.134395286,-0.0119159445,0.0241911057,0.50734216,0.506744266,0.635725439,-0.357593387,0.352611274,-0.611146092,-0.727534115,-0.476695091
0.47622931,0.2627635,0.181203246,0.735088408,-0.0419840701,-0.663437605,-0.133165538,-0.191649511,-0.0780711323,-0.0511722304,0.288406253,0.0993229747,-0.00125162851,-0.301697791,0.000522645307,0.197134882,0.408848077,0.102255434,0.00198050216,0.134279549,-0.0119281728,0.0240545515,0.507649779,0.506661952,0.6357283,-0.357640445,0.352975696,-0.611271262,-0.727607906,-0.476738185
0.476076096,0.262907237,0.181479812,0.735188782,-0.0418249555,-0.663364768,-0.133023769,-0.192029998,-0.078184031,-0.0512857586,0.288536489,0.0991874635,-0.0012623053,-0.302092224,0.00102940435,0.19719024,0.408890516,0.102453016,0.00197678804,0.134070575,-0.0119399466,0.0239163637,0.507930517,0.506579876,0.635701358,-0.357693881,0.353339612,-0.611480057,-0.727723062,-0.476762116
0.475686014,0.263082832,0.180355549,0.735033751,-0.0415836088,-0.663077652,-0.135367006,-0.192506492,-0.0782266706,-0.0513683967,0.288593262,0.0990605652,-0.00127825048,-0.302516222,0.00173571892,0.197161466,0.408848673,0.102660976,0.00197847537,0.133694097,-0.0119682252,0.0237334426,0.508290291,0.506519973,0.63564539,-0.357772827,0.353810787,-0.611894846,-0.727912128,-0.476791888
0.475901634,0.261691064,0.175385833,0.734919608,-0.0401563495,-0.663217247,-0.135732904,-0.190811232,-0.0839329511,-0.0487863086,0.28924498,0.0994072258,-0.00127106975,-0.303422034,0.000624889857,0.198502347,0.410115004,0.102863178,0.00203559361,0.128926456,-0.0121842558,0.00905555673,0.517715752,0.514444053,0.631623149,-0.359101266,0.361145586,-0.633477092,-0.726428151,-0.469699681
0.475374222,0.261987895,0.17619893,0.734720349,-0.0399048328,-0.663245857,-0.136742413,-0.190177381,-0.0845331624,-0.0479726493,0.289014608,0.0995855331,-0.00128956302,-0.303662628,0.000270986784,0.198950648,0.411039025,0.103066012,0.00201755972,0.128417999,-0.0124783861,0.00802197121,0.523697019,0.519102454,0.627299607,-0.359807372,0.365522236,-0.646426022,-0.723201513,-0.46358031
0.474895179,0.261543423,0.175395131,0.733230591,-0.038850937,-0.664794743,-0.137519047,-0.185706377,-0.0853274465,-0.0469287448,0.289530069,0.100301892,-0.00128837023,-0.300440609,0.000676248397,0.199311092,0.412166685,0.103789531,0.00204678904,0.126182318,-0.0144052319,0.000234318402,0.525263488,0.539922714,0.628382087,-0.3572945,0.366311997,-0.672015786,-0.720434844,-0.45143044
0.475176245,0.261712819,0.173589051,0.73360014,-0.038687259,-0.664337695,-0.137802765,-0.186203212,-0.0860184655,-0.0459676795,0.288154215,0.100649655,-0.00129080506,-0.302276611,0.000306629139,0.199950293,0.411900759,0.104075976,0.00202821475,0.12431781,-0.0140108792,-0.00424814457,0.52993834,0.555472732,0.626296639,-0.355076194,0.373258978,-0.686745942,-0.709871173,-0.446236044
0.474744797,0.261932403,0.175344437,0.732715487,-0.0384664312,-0.665004075,-0.139348164,-0.184504464,-0.0858010501,-0.0452195443,0.287722975,0.101007909,-0.00130568421,-0.301049799,0.000845753239,0.199945509,0.412547708,0.104455598,0.00203531818,0.123958245,-0.0142756253,-0.00413537445,0.532537937,0.564691722,0.622884452,-0.352893919,0.376717508,-0.696665466,-0.701276541,-0.442076474
0.475355059,0.262095332,0.176629901,0.729484141,-0.0383454673,-0.668383241,-0.140165135,-0.176428124,-0.0888916105,-0.0434617512,0.289668679,0.102332987,-0.00130379747,-0.293615699,-0.000590639655,0.20028618,0.415183395,0.105114989,0.00202479516,0.125365496,-0.0175230429,-0.00784687698,0.531052411,0.597090244,0.61817193,-0.348923475,0.373008013,-0.725673795,-0.69233489,-0.431474864
0.475262582,0.262014002,0.175440997,0.725573957,-0.0377179682,-0.672634184,-0.140296265,-0.163445756,-0.0901601687,-0.0424422845,0.292145312,0.103787713,-0.00129335211,-0.280375123,-0.00199220888,0.2000999,0.418118596,0.105960444,0.00200013351,0.127507105,-0.0184464622,-0.0076026977,0.528581917,0.625553489,0.611909449,-0.343671888,0.370351404,-0.749558866,-0.682492852,-0.41955483
0.476304173,0.263448775,0.17564404,0.722974956,-0.0368793346,-0.674934387,-0.14286612,-0.156991944,-0.0879514217,-0.042486079,0.291899562,0.104497701,-0.00129974016,-0.274281651,0.00113092351,0.198451415,0.417953998,0.106056206,0.00195691385,0.12655659,-0.0189971291,-0.00778841507,0.52375406,0.651981294,0.602887392,-0.338796198,0.367074519,-0.774055243,-0.670064807,-0.408886045
0.476628661,0.261863321,0.174464837,0.718786776,-0.0374157168,-0.679251313,-0.143399164,-0.143886894,-0.0927409828,-0.0387660563,0.292932987,0.103497595,-0.00127929775,-0.261506826,-0.00597660709,0.200362742,0.419905335,0.106299713,0.0019469054,0.127993599,-0.0210197549,-0.00779946521,0.51739651,0.675912917,0.590893567,-0.333447367,0.361752063,-0.803280532,-0.657126725,-0.398001164
0.477947205,0.262034953,0.175431728,0.715283632,-0.0358539782,-0.682687938,-0.144986361,-0.132655859,-0.09239351,-0.0377907939,0.291601449,0.103525721,-0.00127071701,-0.25176537,-0.00388272246,0.198456243,0.420823693,0.106039062,0.00191700622,0.125463158,-0.0210558195,-0.00475960691,0.512891054,0.705509245,0.584019482,-0.327858925,0.358634114,-0.836323082,-0.641651511,-0.387821823
0.479026049,0.261657715,0.177601278,0.711571574,-0.0356626995,-0.686149061,-0.146947294,-0.124493182,-0.0948016569,-0.0363983586,0.289975971,0.104480758,-0.00128028332,-0.243417159,-0.00483155577,0.197463736,0.422191143,0.1057491,0.00193291216,0.12630567,-0.0216813814,-0.00403165584,0.502926707,0.735508263,0.575549364,-0.321431607,0.353303879,-0.872991323,-0.627037883,-0.374235213
0.481045991,0.260501862,0.183948562,0.70925343,-0.0356427208,-0.687975824,-0.149594262,-0.124895908,-0.0979758129,-0.0347110331,0.288119286,0.104958825,-0.0012945144,-0.245093703,-0.00592627935,0.196639836,0.42351675,0.104754746,0.00197073771,0.125901654,-0.0233340729,0.00183966756,0.487694681,0.761626184,0.56569308,-0.314676821,0.34349218,-0.911596417,-0.611761987,-0.360888332
0.482980818,0.258615643,0.192348391,0.707715333,-0.0354602076,-0.689212501,-0.151220739,-0.130212665,-0.103210568,-0.032171797,0.287305474,0.1051879,-0.00131139311,-0.251765668,-0.00854215212,0.196397394,0.426598221,0.103396378,0.00202246569,0.125215128,-0.0245102383,0.00818537828,0.467215687,0.784342051,0.555781543,-0.308964044,0.326835632,-0.950106025,-0.594994545,-0.347468048
0.485819489,0.256347239,0.200407282,0.707380354,-0.0355430543,-0.689142346,-0.153076887,-0.144411623,-0.106142253,-0.0301649272,0.289401084,0.104358368,-0.00132958195,-0.267819613,-0.00950001553,0.195698157,0.430662543,0.101566359,0.00205924199,0.1253196,-0.0245558657,0.0134478733,0.442280084,0.805446267,0.542772055,-0.304115772,0.302961081,-0.985305905,-0.577619195,-0.333748072
0.488695771,0.255302548,0.209029838,0.706204772,-0.0356866792,-0.689928353,-0.154919907,-0.15698117,-0.108999006,-0.0284915846,0.296384186,0.102966338,-0.0013478609,-0.283061236,-0.00923899654,0.194635749,0.441025674,0.0995354652,0.00208911742,0.126089081,-0.0241227355,0.0199480485,0.413848042,0.827753961,0.530785203,-0.297389805,0.272836179,-1.01652753,-0.559022307,-0.320676565
0.491805047,0.25330168,0.22017996,0.704957306,-0.0347661749,-0.690723777,-0.157248974,-0.17173709,-0.110068843,-0.0269934181,0.305862397,0.100644991,-0.00134402083,-0.299983203,-0.00785478018,0.193462461,0.454342812,0.0971497223,0.00213146303,0.125209719,-0.0239970591,0.0286531262,0.383960277,0.850006342,0.520148098,-0.289573282,0.236250371,-1.04515469,-0.538055122,-0.310600966
0.495064288,0.251944304,0.2268911,0.702935576,-0.0345053002,-0.6922369,-0.159684598,-0.185669631,-0.113571316,-0.0251820087,0.318591118,0.0988358036,-0.00135983515,-0.315750062,-0.00729279406,0.192347482,0.470827729,0.0949001387,0.00218043942,0.128011912,-0.0218772199,0.0332261771,0.350195408,0.874925196,0.50742209,-0.279882759,0.193603322,-1.06877303,-0.516058326,-0.296923816
0.499314636,0.248605564,0.237020105,0.701625764,-0.034647245,-0.692967474,-0.162224904,-0.205209598,-0.118017033,-0.0223989617,0.331206411,0.0958725736,-0.00136367104,-0.339943767,-0.00776269799,0.191879258,0.490137249,0.0915437862,0.00229382375,0.130690888,-0.0213382449,0.0416718423,0.31251508,0.901188254,0.491675615,-0.270176589,0.145261496,-1.09047759,-0.493541986,-0.284445494
0.503963947,0.245923117,0.246885344,0.700135767,-0.0341029316,-0.693900347,-0.164770335,-0.225117907,-0.12183442,-0.019719746,0.347590089,0.0919552818,-0.00139232061,-0.365387142,-0.00687111448,0.190026939,0.514268816,0.0879064873,0.0023763068,0.133887202,-0.0213552732,0.0496115647,0.269886822,0.926027894,0.476035446,-0.259288341,0.092438668,-1.1063416,-0.470820397,-0.269862056
0.509057879,0.243365154,0.255975008,0.698169172,-0.0331548452,-0.695315182,-0.167324439,-0.245442957,-0.126641884,-0.0164983105,0.366185695,0.088062413,-0.00149417482,-0.391187578,-0.00422668457,0.18685025,0.541766107,0.0842145681,0.00250707241,0.138741061,-0.0195375122,0.0586036406,0.22027275,0.947247565,0.456680626,-0.248639688,0.0353937969,-1.11910021,-0.446015924,-0.254377544
0.514404356,0.239964411,0.267292857,0.696803153,-0.0312270839,-0.696115434,-0.170039877,-0.267228156,-0.129526854,-0.0133935828,0.385908663,0.0841851458,-0.00155846612,-0.419643402,0.0013635807,0.182875305,0.572044194,0.080154866,0.00277301343,0.140877798,-0.0184818339,0.0662788525,0.175060868,0.963424802,0.438850552,-0.236004621,-0.0164522156,-1.12649882,-0.418041974,-0.242291287
0.521755874,0.236591741,0.27848208,-0.69464004,0.0299719907,0.69763577,0.172861829,-0.291923255,-0.131295174,-0.00917531457,0.409117699,0.07831572,-0.00163715635,-0.45245564,0.00733995019,0.177410468,0.607471704,0.0754382387,0.00310349232,0.144710436,-0.0191663429,0.0787894279,0.122460969,0.981089592,0.422064036,-0.223962441,-0.0756674185,-1.13195443,-0.390064448,-0.229550093
0.528254747,0.232911855,0.290114731,-0.693109989,0.0281491987,0.698231101,0.176860005,-0.318467528,-0.132378593,-0.00500613777,0.432538927,0.0731597394,-0.00174243527,-0.488336146,0.0144303124,0.171299934,0.645602703,0.0713134333,0.0034427268,0.147851333,-0.0194960572,0.0876930878,0.0701779202,1.00024545,0.406013072,-0.210127279,-0.139232621,-1.1365608,-0.363014668,-0.213652074
0.536519527,0.228774294,0.302221298,-0.691760182,0.0258903522,0.697957098,0.183448642,-0.354905546,-0.132447571,-0.000600077154,0.460626721,0.0663661063,-0.00185559213,-0.533626676,0.0239006653,0.162975088,0.68870914,0.0669660121,0.00395350438,0.150398433,-0.0204645302,0.100059964,0.012704459,1.01970732,0.388836265,-0.196370319,-0.211405605,-1.14189649,-0.333958507,-0.196451828
0.544384956,0.22386615,0.318092674,-0.689676404,0.0232496895,0.696068466,0.198228851,-0.389238775,-0.134740844,0.00597812934,0.487819344,0.0605259053,-0.00189643726,-0.585746408,0.0286472272,0.152983606,0.740281999,0.0620106086,0.00450415211,0.15868406,-0.0211455245,0.108860649,-0.0435805172,1.03457046,0.371255159,-0.180762738,-0.286337763,-1.14561069,-0.301200181,-0.176858768
0.551154852,0.21909149,0.335618436,-0.686824799,0.0189083572,0.694411099,0.213792995,-0.420799047,-0.142707378,0.0158845894,0.519672871,0.0576702207,-0.00188650342,-0.643703282,0.0269610602,0.138535485,0.805611253,0.0581716858,0.00562253362,0.175887987,-0.0309226755,0.128138334,-0.0939957127,1.05044806,0.354778737,-0.166025966,-0.359765351,-1.14084256,-0.268269956,-0.160752654
0.560680032,0.211753517,0.349487275,-0.686052203,0.0121485805,0.69069618,0.228305846,-0.464318454,-0.147417262,0.0271202717,0.551276088,0.0530037619,-0.00206639431,-0.724635839,0.0238015894,0.115982965,0.884424329,0.0523954667,0.00672848988,0.199995846,-0.0340480208,0.138646215,-0.142830148,1.06245971,0.339049399,-0.150387347,-0.439200491,-1.13553393,-0.237028927,-0.144335672
0.570349574,0.204266757,0.362254977,0.686555445,-0.00345438113,-0.684440136,-0.245298669,-0.511066973,-0.14297156,0.0387202352,0.581682444,0.0480512343,-0.00233955239,-0.824905038,0.0238792747,0.0817792341,0.97997278,0.0439810976,0.00794088189,0.22893624,-0.0340815,0.144050628,-0.195263088,1.07127428,0.323961914,-0.133403331,-0.525581658,-1.12586153,-0.205108449,-0.122618526
0.580846608,0.196810573,0.373796403,0.686166883,0.00565150892,-0.67882961,-0.26140666,-0.557096899,-0.136845812,0.0530837625,0.617419779,0.0424608998,-0.00258178217,-0.941918969,0.0233114865,0.0423739366,1.10183382,0.0322046913,0.00942461472,0.262320846,-0.036611326,0.151340872,-0.247598216,1.07821214,0.310320526,-0.115182474,-0.615102053,-1.10725307,-0.17381914,-0.100412704
0.591991365,0.189644679,0.38331753,0.686962843,0.0142345671,-0.672948718,-0.273896754,-0.60508734,-0.125252858,0.0694137365,0.656038284,0.0361958705,-0.00284611201,-1.07870817,0.022147052,0.00225454988,1.25275576,0.0177683011,0.0104270782,0.29516837,-0.0378293917,0.155908123,-0.302428246,1.08255434,0.297379941,-0.0966267511,-0.706958175,-1.08179569,-0.144535288,-0.075657621
0.604329705,0.183104575,0.392546654,0.687561989,0.0207186248,-0.669014752,-0.281510949,-0.648650646,-0.107875824,0.0880960748,0.698577881,0.0288501978,-0.00303134415,-1.23024762,0.0212877709,-0.030694345,1.42713654,0.00105520128,0.0104797604,0.32091853,-0.0387759842,0.159242675,-0.357724041,1.08506322,0.284919947,-0.0768122748,-0.797995508,-1.05010021,-0.11800269,-0.0476081297
0.617116153,0.178991199,0.399989545,0.68811506,0.023876071,-0.667192936,-0.284220278,-0.692180932,-0.0875212029,0.107288286,0.747186005,0.0202009808,-0.00335962558,-1.39201701,0.0271166377,-0.0545927174,1.61069715,-0.0175352041,0.00959067326,0.332689047,-0.0390194692,0.160752743,-0.413113475,1.08612025,0.274905443,-0.0538330078,-0.88915664,-1.01060045,-0.093330808,-0.0183043964
0.630468547,0.176282316,0.404368222,0.68879813,0.021718923,-0.668416739,-0.279829383,-0.734789848,-0.0696825534,0.129278541,0.803100228,0.0107116252,-0.00366866984,-1.56157255,0.0410902128,-0.0668798834,1.79061139,-0.0380282551,0.0088188462,0.331656128,-0.0396317355,0.16351001,-0.468687624,1.08538842,0.265901834,-0.0294412412,-0.979507864,-0.969787002,-0.0731076598,0.0145128975
0.643239498,0.176251173,0.408068299,0.689409733,0.0155408876,-0.672626555,-0.268414229,-0.774595201,-0.0528703667,0.15079397,0.864435792,0.00123104523,-0.00431586476,-1.72414315,0.0626467317,-0.0688125342,1.95133293,-0.0580708981,0.00715024117,0.313708276,-0.0389798284,0.163316309,-0.522807062,1.08198488,0.25733453,-0.00202344963,-1.06196475,-0.925041437,-0.0546116084,0.052373223
0.655845463,0.180063143,0.412200928,0.688919485,0.00407374837,-0.680116475,-0.250629127,-0.807759702,-0.0370104164,0.169686735,0.927970588,-0.00738164689,-0.00485220412,-1.86731112,0.0898409784,-0.0640244335,2.08411264,-0.0771829113,0.00508060306,0.280744761,-0.0398191363,0.165817559,-0.577652454,1.08127916,0.250518948,0.0283261985,-1.13443601,-0.882778943,-0.040553052,0.092806749
0.670186937,0.185969323,0.408969015,-0.686335087,0.00986617059,0.690131903,0.229270235,-0.835011005,-0.0241584405,0.184539363,0.991905332,-0.0154413255,-0.00554793654,-1.98582411,0.120473504,-0.0558206178,2.1884656,-0.093788676,0.0029657397,0.237869591,-0.0391462706,0.166377187,-0.633541763,1.08165348,0.241994813,0.0566985421,-1.19303775,-0.844670057,-0.0319803655,0.133839682
0.680744588,0.193186253,0.406171799,-0.682181776,0.0267095268,0.70092988,0.206426576,-0.85342145,-0.0194636378,0.197553381,1.05218065,-0.0207484569,-0.00621823641,-2.06471014,0.148157015,-0.0405607745,2.25396872,-0.105281807,0.00125398277,0.188527405,-0.0376899317,0.168735072,-0.688210905,1.07993484,0.231133714,0.0874645561,-1.241238,-0.809960604,-0.0281635467,0.174120337
0.690921009,0.201372355,0.403367907,-0.677263439,0.0433252305,0.711206734,0.183363438,-0.869116247,-0.0176902413,0.206191257,1.10992491,-0.0247755144,-0.00699077407,-2.10976791,0.170776144,-0.0119306436,2.28284597,-0.109240927,-0.00099725381,0.138886318,-0.0375642516,0.171073437,-0.741602182,1.07491481,0.216987953,0.117643721,-1.27310848,-0.780232787,-0.0283759385,0.210164711
0.700525403,0.210359454,0.40000996,-0.67190671,0.059648551,0.720342457,0.161524713,-0.884489238,-0.0167922843,0.205577537,1.15995228,-0.0276100319,-0.00725654187,-2.12608981,0.192907348,0.0212866869,2.28599191,-0.10238184,-0.00285597704,0.0919756442,-0.0381618477,0.173410311,-0.795537472,1.06819618,0.202945784,0.146694601,-1.29868674,-0.758860886,-0.0324929506,0.241149917
0.709557295,0.220521852,0.396915644,-0.667513371,0.0727917254,0.727720261,0.139823154,-0.89802593,-0.0153454216,0.199136972,1.20632231,-0.0287747439,-0.00769846281,-2.12228346,0.213952884,0.0498838462,2.30264091,-0.0877824649,-0.00505865319,0.047656741,-0.0379143767,0.173497334,-0.845960736,1.05848372,0.191667125,0.174878642,-1.31600821,-0.739490926,-0.0358567946,0.264303684
0.71927011,0.231211424,0.399161786,-0.661991894,0.0842648372,0.73539263,0.117745407,-0.908306122,-0.012318505,0.189423591,1.25070369,-0.0294918679,-0.00815838017,-2.11272049,0.227430522,0.0697860271,2.33859253,-0.0741891861,-0.00702085299,0.0119407689,-0.0377209708,0.176325932,-0.899038672,1.04953992,0.185450628,0.200092793,-1.32492733,-0.727106094,-0.0414161459,0.281061649
0.728959322,0.242851421,0.39441362,-0.655069768,0.0957723781,0.742830336,0.0995709077,-0.916080594,-0.00892271381,0.178675637,1.29072464,-0.0299561899,-0.00857910328,-2.09606147,0.233744547,0.0728762075,2.3643949,-0.0631571487,-0.00757512124,-0.0260654148,-0.0355541222,0.177529782,-0.94700712,1.03186166,0.177705348,0.225289568,-1.33084309,-0.713301599,-0.044293981,0.291584074
0.738192201,0.255067468,0.389216691,-0.648229182,0.107045062,0.749275386,0.0832266957,-0.918517411,-0.00566557329,0.17097187,1.32606161,-0.0299888104,-0.00881498028,-2.08043957,0.236176848,0.0767862871,2.38113475,-0.0535872169,-0.00819821469,-0.0613310933,-0.0386391245,0.175776154,-0.989854157,1.01884592,0.173311368,0.251970947,-1.3322947,-0.696358204,-0.0428483747,0.297482997
0.745352983,0.265191942,0.390596747,-0.641741157,0.117324308,0.754940569,0.0668442547,-0.924608588,-0.0030739035,0.164000422,1.35448837,-0.0286392812,-0.00877246819,-2.07640624,0.225433961,0.0767151564,2.40532207,-0.0451418646,-0.00849051028,-0.0856509507,-0.0361339487,0.186913401,-1.0335505,1.00734222,0.172476843,0.275540441,-1.3422569,-0.691030562,-0.0437179655,0.299023062
0.755031943,0.279149532,0.385815263,-0.635836184,0.127297923,0.759580493,0.0504475683,-0.936334968,0.00426481571,0.153588474,1.3876375,-0.0276430454,-0.00911651924,-2.08163548,0.214713588,0.060952805,2.42763519,-0.039122995,-0.00880534668,-0.115600191,-0.0323728472,0.184998497,-1.06789374,0.996697426,0.175053731,0.300249577,-1.35331595,-0.67491734,-0.0363384932,0.300555766
0.764126956,0.291497022,0.381627083,-0.627543807,0.136920854,0.765658855,0.0347558111,-0.946020424,0.0103518181,0.142900348,1.42762375,-0.0271975417,-0.00925361086,-2.07870197,0.199557602,0.0444206968,2.44601965,-0.0329960622,-0.00875606108,-0.13717702,-0.0339037701,0.190494239,-1.10093856,0.986794472,0.174429983,0.314944655,-1.35948181,-0.663331807,-0.0343344137,0.303148508
0.772595346,0.304288208,0.380669266,-0.618599832,0.146481991,0.771753073,0.0165660679,-0.956232131,0.0140815964,0.129103139,1.46279573,-0.0258943588,-0.00924810488,-2.07054567,0.184722602,0.0320874676,2.46359706,-0.0263314899,-0.00896549877,-0.143392816,-0.0335428007,0.196069553,-1.12864876,0.969842017,0.16837734,0.319395959,-1.36074913,-0.661386967,-0.0380346179,0.307354808
0.782673776,0.318596184,0.371922344,-0.607649028,0.15478988,0.778970897,0.00265057827,-0.966907024,0.0220549796,0.107122697,1.50173748,-0.0252383314,-0.00928899832,-2.06589389,0.174509764,0.0120610129,2.48601079,-0.0201022811,-0.00955229253,-0.144094214,-0.0313581452,0.194916353,-1.13848424,0.93984735,0.153840601,0.315412104,-1.34955359,-0.664089799,-0.0469734333,0.315948963
0.788944662,0.328394711,0.374091834,-0.595746517,0.164491937,0.786076427,-0.0106033115,-0.977059305,0.0186025314,0.0870759562,1.53607345,-0.022358628,-0.00835731998,-2.05256319,0.158441976,0.00282516261,2.49932647,-0.0139543125,-0.00934348162,-0.125948295,-0.0332150087,0.203411758,-1.11461091,0.893266618,0.12865667,0.304155648,-1.33230555,-0.679763913,-0.0655725449,0.324872166
0.794681013,0.336372405,0.375226647,-0.583211005,0.174389869,0.793109894,-0.0207286011,-0.992348671,0.0131483274,0.0655338541,1.57244146,-0.0177409649,-0.00716046942,-2.03973985,0.139394507,0.00822585355,2.50874543,-0.0103777461,-0.00941970572,-0.0951185375,-0.0357229561,0.211243764,-1.05236089,0.827502668,0.0938294455,0.285146654,-1.30926692,-0.712354243,-0.094460398,0.337811261
0.798548996,0.339642376,0.379880428,-0.57072711,0.185185477,0.7989766,-0.0401656553,-1.01738393,0.00270492374,0.0546140037,1.61514068,-0.0106450589,-0.00557785574,-2.01602888,0.11332228,0.0339979418,2.51403761,-0.00516103487,-0.00892276969,-0.0527916327,-0.0455765352,0.224239588,-0.962260067,0.75764221,0.0591870174,0.252453119,-1.28111231,-0.763489127,-0.13313283,0.356324494
0.805706084,0.344396025,0.378218561,-0.554654539,0.193532467,0.806608319,-0.0654720664,-1.05975103,0.0112833632,0.0388136767,1.68264389,-0.0062553389,-0.00469699362,-1.99309492,0.0849898234,0.0541658886,2.52713346,0.00143408787,-0.00895207189,-0.0168031994,-0.0539727658,0.237300664,-0.853204846,0.689665139,0.0243932046,0.214647219,-1.23609066,-0.825467348,-0.177566156,0.384001851
0.814446807,0.347860396,0.376026452,-0.537461519,0.199249804,0.813974977,-0.0942310244,-1.12523127,0.0358410962,0.0181813948,1.76502907,-0.00777833164,-0.00352557958,-1.97081959,0.0480367467,0.0646321401,2.53648019,0.00886008888,-0.00853664428,0.013033608,-0.0590936318,0.24579221,-0.734327078,0.63103205,-0.00870044343,0.183019012,-1.18315494,-0.891329706,-0.224696264,0.419727623
0.823961318,0.352142423,0.383526802,-0.520806432,0.201892197,0.820311129,-0.122840323,-1.21578681,0.0720207095,-0.00732199149,1.84497464,-0.0138024641,-0.0025257091,-1.94602799,0.00580522232,0.06883654,2.5419724,0.0178611074,-0.00815882534,0.038653329,-0.0622276999,0.250072598,-0.610123098,0.586147189,-0.0366549082,0.16642341,-1.11855769,-0.95512563,-0.269403487,0.457954228
0.832908928,0.355413467,0.401077658,-0.503668487,0.20053494,0.826968729,-0.149085388,-1.32166111,0.114071719,-0.0366993397,1.9166764,-0.0238095708,-0.00185564812,-1.91865563,-0.0391084664,0.0660626665,2.54918814,0.0287113786,-0.00777336629,0.0551939122,-0.0643721819,0.246838674,-0.481760859,0.561183214,-0.0542214811,0.171978191,-1.04641283,-1.00458062,-0.306486994,0.487113357
0.841104627,0.357823074,0.422011673,-0.48801136,0.196255729,0.832916141,-0.171986088,-1.44077086,0.153323323,-0.0653654113,1.97415709,-0.0364062488,-0.00164570112,-1.8948704,-0.0834130049,0.0581297688,2.55432487,0.0371544249,-0.00729679549,0.0650927275,-0.0641474351,0.239321217,-0.355927497,0.551470995,-0.0607492924,0.197308093,-0.97435236,-1.03978562,-0.335817695,0.505017638
0.84867084,0.35865438,0.427221239,-0.472533733,0.190007433,0.838639975,-0.19311133,-1.56187999,0.185004205,-0.0861652419,2.01989245,-0.050954368,-0.00202341494,-1.8644532,-0.125101462,0.0504942238,2.55524802,0.0458280221,-0.00674675684,0.0733825713,-0.0641715303,0.233825296,-0.23992829,0.547570229,-0.0581897385,0.235396549,-0.894286215,-1.05997288,-0.360376656,0.525420785
0.855244398,0.359523535,0.432090104,-0.458615094,0.18266882,0.843786776,-0.210542873,-1.68042266,0.210334301,-0.099130474,2.05524516,-0.0651785657,-0.00285076117,-1.83356822,-0.163578361,0.0383477136,2.55191588,0.0530515984,-0.0062785293,0.0785934031,-0.0631666407,0.227045327,-0.138557091,0.546618283,-0.0489865541,0.281547308,-0.799393952,-1.05776584,-0.373698026,0.547418296
0.86056453,0.358851761,0.436550856,-0.446078986,0.173256695,0.848723531,-0.22508648,-1.80056334,0.226506189,-0.0928752571,2.08232403,-0.080075331,-0.00516748289,-1.79877079,-0.198537439,0.0236311164,2.54673338,0.0606766976,-0.00582676474,0.0897225216,-0.0597161017,0.21847187,-0.0539098158,0.543959737,-0.0357311219,0.331080645,-0.701165199,-1.03956044,-0.379439473,0.56708467
0.865323842,0.358351946,0.440432787,-0.434955269,0.163448468,0.853786647,-0.234833613,-1.91011131,0.237484053,-0.0739362389,2.09601259,-0.0931229666,-0.0081546111,-1.76613009,-0.2271709,0.00190915633,2.54059267,0.0670002624,-0.00538124656,0.101505846,-0.0552106574,0.212052122,0.015775688,0.537108839,-0.0216114502,0.379873067,-0.609424889,-1.0133276,-0.38111639,0.58004719
0.869229734,0.355908632,0.4430632,-0.424946487,0.154635668,0.858047664,-0.24343881,-2.00530148,0.248773292,-0.0428749397,2.0921576,-0.105571538,-0.0114197424,-1.73140407,-0.248930097,-0.0102902828,2.5354085,0.0735266954,-0.00498387869,0.118543446,-0.0514439195,0.205932811,0.074744381,0.524737298,-0.00909600873,0.426686823,-0.52288866,-0.983708441,-0.382004261,0.589261949
0.872144818,0.35481739,0.443765342,-0.416126817,0.14472723,0.862876892,-0.247660771,-2.08644032,0.258203924,-0.00971840695,2.07022643,-0.116902374,-0.0152427284,-1.69925451,-0.266144454,-0.0323348753,2.53065062,0.0801360309,-0.00468745967,0.132812738,-0.0464888997,0.19863452,0.124551192,0.510745823,0.00287778466,0.472558826,-0.447864026,-0.946419895,-0.379636645,0.594207942
0.87538141,0.352022707,0.443991423,-0.407432616,0.135932744,0.867611527,-0.250541985,-2.15100956,0.266903222,0.0280974619,2.04300952,-0.126212448,-0.0189123377,-1.67213976,-0.281386316,-0.0512448475,2.52821922,0.0850663185,-0.00443980796,0.147344276,-0.0413145646,0.191454709,0.170334667,0.492527753,0.0114363804,0.516031325,-0.386770219,-0.907846987,-0.374935329,0.595823407
0.878615558,0.349625587,0.444157124,-0.400457799,0.126876533,0.871854484,-0.251804918,-2.20317698,0.276678473,0.0685224682,2.01624417,-0.131822199,-0.0222734511,-1.64980888,-0.291684657,-0.0701007545,2.52696466,0.0896781608,-0.00424231868,0.158685088,-0.0368155241,0.183739781,0.210763603,0.470363289,0.0163220633,0.555635393,-0.335764349,-0.870907664,-0.370824784,0.596915781
0.88184911,0.347169966,0.442542672,-0.394095957,0.118158914,0.876014352,-0.251646012,-2.24281383,0.284015149,0.109483868,1.99391913,-0.134538904,-0.025404891,-1.62925279,-0.297789514,-0.0876318961,2.52808142,0.094118543,-0.00407202821,0.168780997,-0.0331600495,0.176905975,0.247727349,0.445543408,0.0185176581,0.591468811,-0.295532435,-0.837154388,-0.366909862,0.596619964
0.885540009,0.343674392,0.440795183,-0.388361782,0.11071606,0.879303694,-0.252472132,-2.27271414,0.288490534,0.143590346,1.98281372,-0.134836599,-0.0272248313,-1.61370707,-0.302699596,-0.0998238251,2.53181958,0.0981003717,-0.00387739693,0.176146924,-0.0312334765,0.170628041,0.279258579,0.416014135,0.0183214881,0.62155962,-0.262639701,-0.806132972,-0.362330168,0.595860422
0.889117301,0.341485888,0.438891411,-0.382864028,0.103977174,0.882339835,-0.253140837,-2.29271722,0.288121939,0.164849445,1.97900212,-0.132468924,-0.0276005808,-1.60282624,-0.306526363,-0.115009636,2.53592396,0.101541005,-0.00379283703,0.179604307,-0.0306986645,0.165674746,0.30540213,0.387794226,0.0167898498,0.646025062,-0.234531984,-0.779664695,-0.359523803,0.596656978
0.892983079,0.338303179,0.434559286,-0.37761727,0.0975628644,0.885016203,-0.254230231,-2.30748916,0.27948615,0.166625738,1.98078477,-0.128859356,-0.0260638744,-1.5922929,-0.311342061,-0.132016882,2.54491591,0.105762176,-0.00369237782,0.180295736,-0.0311674811,0.161269233,0.329489499,0.357018262,0.0133937784,0.664865017,-0.210556149,-0.756624222,-0.356178075,0.597673357
0.897365689,0.33619225,0.43199712,-0.373357892,0.0907800943,0.887394369,-0.254743099,-2.3228848,0.263059705,0.153935671,1.98483706,-0.126028016,-0.0236792564,-1.58700716,-0.313902646,-0.142527282,2.55335426,0.109383605,-0.0036795144,0.178829223,-0.0308120251,0.157923639,0.345248669,0.329069257,0.0104847914,0.67873776,-0.190109,-0.736614943,-0.354203761,0.599116147
0.902335227,0.333655983,0.428650349,-0.369915217,0.0830269009,0.889864266,-0.253792971,-2.33931327,0.239114091,0.137007818,1.98942292,-0.123951629,-0.0214249603,-1.5844388,-0.314454377,-0.155412808,2.56234097,0.112760305,-0.00363221462,0.180786952,-0.0304745547,0.155746311,0.353777438,0.303064525,0.00721670827,0.687317491,-0.171738937,-0.719856024,-0.352547377,0.600800931
0.907348752,0.331254542,0.425066888,-0.36742574,0.0754685551,0.891960084,-0.252408475,-2.35150909,0.216968298,0.122341663,1.98981142,-0.123540401,-0.0195076726,-1.58546185,-0.313527316,-0.172448844,2.5696733,0.115274355,-0.00356621784,0.185477465,-0.0301588047,0.154674575,0.356123269,0.281610698,0.00506382575,0.69161123,-0.155981034,-0.706643045,-0.352241755,0.603209734
0.912028134,0.329343736,0.42087853,-0.365202785,0.0675829947,0.894247472,-0.249761641,-2.35777354,0.197284639,0.110450462,1.98730743,-0.124551304,-0.0179360788,-1.58872724,-0.310193539,-0.193490639,2.57803941,0.117551647,-0.00358421332,0.192650139,-0.0292971116,0.154035255,0.355087936,0.262703151,0.00359037309,0.693350971,-0.14416419,-0.695045233,-0.35153082,0.605785906
0.917066693,0.326515406,0.417150289,-0.36279133,0.0603465289,0.896569848,-0.246786058,-2.36314607,0.180244252,0.101102658,1.98667967,-0.127961263,-0.0162901711,-1.59428883,-0.306405365,-0.21607475,2.58805704,0.119857505,-0.00351939839,0.198960215,-0.0280466247,0.152090356,0.349722743,0.250048339,0.00396082643,0.692583501,-0.137905866,-0.685298681,-0.350808203,0.607772946
0.922319949,0.323906749,0.41432932,-0.36024043,0.0535273701,0.898831248,-0.243852496,-2.37146235,0.167809919,0.0934770405,1.98908758,-0.133400157,-0.0146452151,-1.60221577,-0.303114504,-0.22784628,2.59861588,0.121087983,-0.00355455582,0.206695661,-0.02606594,0.152328402,0.343536556,0.243654147,0.0061800126,0.69066304,-0.133746296,-0.678154528,-0.350703776,0.610594571
0.927249312,0.32127279,0.411013603,-0.358714402,0.0471494608,0.900525153,-0.241154,-2.38286948,0.157421216,0.086645484,1.99159396,-0.140438125,-0.0128794536,-1.60961139,-0.299225152,-0.237755671,2.60906506,0.122914545,-0.00350988144,0.214288771,-0.0250665732,0.153230324,0.334470689,0.241862804,0.0101090567,0.686739624,-0.130983815,-0.672633231,-0.351288587,0.613654494
0.932208002,0.319621205,0.410336494,-0.358264834,0.0411239713,0.902323723,-0.236150578,-2.39516425,0.147686422,0.076759249,1.99365973,-0.148133978,-0.0108608622,-1.62041223,-0.296328247,-0.247445554,2.6172502,0.123448424,-0.00348025491,0.219088688,-0.0242157076,0.157777488,0.322945207,0.243574262,0.0146411164,0.681520402,-0.133370444,-0.668283403,-0.351753265,0.615694582
0.938268781,0.313540012,0.406730652,-0.357421845,0.0372698158,0.903421164,-0.233860478,-2.41137552,0.138214096,0.0697580054,2.00199819,-0.156239867,-0.00825103838,-1.63274312,-0.295829892,-0.248785704,2.63017344,0.123625852,-0.0032151565,0.22479941,-0.024023613,0.160093412,0.314813197,0.246470064,0.0203342121,0.677095473,-0.138029397,-0.669500768,-0.353831768,0.616930544
0.941805363,0.311683238,0.403836578,-0.356794983,0.031830959,0.9044469,-0.231646255,-2.4257381,0.129230082,0.0611538924,2.00822449,-0.163823873,-0.00647882046,-1.64095497,-0.294385523,-0.256065547,2.63892889,0.124289379,-0.003264945,0.226840466,-0.0229674876,0.163069561,0.304810435,0.254480511,0.0279359855,0.672893226,-0.14433004,-0.66708678,-0.354921907,0.618178606
0.944750428,0.309335589,0.400699317,-0.356190234,0.0269483142,0.905541658,-0.228902951,-2.43973827,0.120294169,0.052258864,2.01548743,-0.170973465,-0.00475000404,-1.64740908,-0.293063134,-0.259960771,2.64624071,0.124601133,-0.00333441957,0.229834244,-0.0227476042,0.166466609,0.295036107,0.263526112,0.0360249281,0.668136954,-0.149178162,-0.664948761,-0.355946273,0.619911253
0.947614312,0.306977987,0.398717403,-0.355485588,0.0226811208,0.906715453,-0.225793436,-2.45129609,0.111252822,0.0448828451,2.02079821,-0.177713141,-0.00327559863,-1.65398121,-0.291074932,-0.265144408,2.65450788,0.125179902,-0.00335571053,0.233988255,-0.0216396283,0.16767779,0.288058996,0.272586793,0.044479467,0.665061951,-0.1541394,-0.663579881,-0.357271165,0.621530592
0.949554741,0.303946316,0.396297634,-0.354327202,0.0194932465,0.907979846,-0.222811505,-2.46012664,0.105090044,0.0386297181,2.02789354,-0.183720946,-0.00175606983,-1.65718758,-0.289457977,-0.271699697,2.66311669,0.126583412,-0.00335072493,0.238184273,-0.0212744139,0.169075474,0.282555699,0.281318516,0.0531143136,0.661832154,-0.157774836,-0.663513899,-0.35965699,0.622984767
0.951263309,0.301366717,0.393800318,-0.353095084,0.0164278094,0.909407735,-0.219161004,-2.46872377,0.101680681,0.0329890475,2.0365603,-0.189067155,-0.000431026187,-1.65781796,-0.287301511,-0.273411125,2.66924167,0.128175676,-0.00340131973,0.243085906,-0.019967977,0.169579521,0.278451353,0.28943634,0.0609892458,0.657984018,-0.160991699,-0.663147986,-0.36161989,0.624816716
0.952471614,0.298381478,0.392056525,-0.351709396,0.0137755722,0.910944521,-0.215152934,-2.47654486,0.100339346,0.0279464386,2.04707217,-0.194174409,0.000769624137,-1.65977812,-0.286093593,-0.2729249,2.67670894,0.130026713,-0.0034675831,0.247666895,-0.0188801903,0.170529082,0.275065035,0.295263499,0.068028301,0.655531108,-0.163404286,-0.662710607,-0.363011748,0.626539409
0.954251468,0.295382529,0.391199231,-0.350758076,0.0117096156,0.912243783,-0.211288631,-2.48395991,0.0978710949,0.0240557194,2.05597305,-0.199146807,0.00187960907,-1.66590583,-0.283419967,-0.272771984,2.68706775,0.132267445,-0.00346709345,0.251551747,-0.0182137657,0.171266958,0.273120433,0.300106764,0.0741533488,0.653570652,-0.166391551,-0.663589239,-0.36413452,0.627622008
0.954834938,0.292431027,0.389622658,-0.349758774,0.0102510331,0.913635492,-0.206963569,-2.48889804,0.0979353935,0.0199188329,2.06606555,-0.203926474,0.00303186546,-1.66869783,-0.28103599,-0.268035382,2.69401002,0.134266913,-0.00351349777,0.255039424,-0.0174128078,0.171517849,0.270448864,0.304324925,0.0800060183,0.652361274,-0.170403838,-0.664496124,-0.364874214,0.62871623
0.955662131,0.289001256,0.388262749,-0.349297911,0.00936614443,0.914778769,-0.202689528,-2.49443555,0.0986290053,0.0176362004,2.07610559,-0.208367869,0.00410662591,-1.67198849,-0.279961288,-0.263338983,2.70118928,0.13631314,-0.00348265911,0.259585083,-0.0166061018,0.171837315,0.267623693,0.305652976,0.0841175765,0.651213229,-0.172528327,-0.666848123,-0.365786672,0.629670441
0.956283987,0.285815239,0.387458891,-0.34848237,0.00895875692,0.916022956,-0.198448405,-2.49720931,0.100458629,0.0157791153,2.08538866,-0.212263167,0.00513864635,-1.67449903,-0.277843773,-0.25861901,2.707412,0.138403103,-0.00344504439,0.261573464,-0.0169650037,0.174557209,0.266380668,0.305937648,0.0872993022,0.650191426,-0.176908717,-0.668903053,-0.366428345,0.63016814
0.956674516,0.282457352,0.386879891,-0.347749323,0.00888173282,0.917200387,-0.19425492,-2.49881577,0.105768308,0.0158311706,2.09543014,-0.2158463,0.00611466356,-1.67624724,-0.277685493,-0.249297082,2.71287417,0.139572054,-0.00342786242,0.265574723,-0.0168420319,0.174585655,0.263357818,0.306069046,0.0903336406,0.649035931,-0.179483548,-0.671145201,-0.367622137,0.630877137
0.957075596,0.279278666,0.386290044,-0.346551687,0.00940859504,0.918339193,-0.190962464,-2.49918342,0.110230416,0.0172524415,2.10489273,-0.219403446,0.00686438847,-1.6770463,-0.275336802,-0.238423854,2.719069,0.141474515,-0.00338948937,0.268716037,-0.0169396736,0.175150156,0.261426151,0.305203199,0.0924394652,0.647481441,-0.181610927,-0.673202753,-0.368528992,0.63162154
0.957089603,0.276300579,0.386131406,-0.345836729,0.0101636956,0.91910255,-0.188531816,-2.49921966,0.114499278,0.0191578716,2.11361313,-0.222750291,0.0076047997,-1.67986834,-0.272721082,-0.228172392,2.72396111,0.142950505,-0.00337118446,0.27148065,-0.0172376521,0.176349059,0.259187281,0.304939985,0.0939585716,0.644595206,-0.181747675,-0.675633073,-0.369690001,0.632589698
0.957487583,0.273743778,0.385359675,-0.345075637,0.0104861455,0.919941366,-0.185797587,-2.50077128,0.117569052,0.0219551474,2.12075949,-0.225998327,0.00816070382,-1.68231666,-0.269598067,-0.218502477,2.7293222,0.144389912,-0.00335664302,0.273524731,-0.0168618206,0.177495569,0.257331699,0.303430587,0.0935052037,0.641629696,-0.181014955,-0.678682506,-0.371536434,0.634392083
0.957886755,0.270899296,0.385751724,-0.34492135,0.0108575635,0.920531631,-0.183119819,-2.50137424,0.12040969,0.0250500739,2.12613893,-0.228928566,0.00869372673,-1.68499994,-0.267151535,-0.207639873,2.73299193,0.145805299,-0.0032809074,0.27585727,-0.0163622219,0.177027062,0.256306976,0.30152151,0.0923048481,0.639339387,-0.182509392,-0.680992126,-0.372436225,0.635455251
0.957720876,0.268760741,0.386820793,-0.344673991,0.0113011273,0.921164632,-0.180354849,-2.49963665,0.125874788,0.0268330295,2.13170171,-0.231633767,0.00919598248,-1.6876446,-0.267149031,-0.196005687,2.73640442,0.147047967,-0.00327576371,0.2776182,-0.0163073055,0.177623257,0.254751325,0.301266342,0.0915993303,0.637320042,-0.183861509,-0.682856917,-0.373508364,0.636438191
0.957625806,0.266257286,0.387403786,-0.344098717,0.0123087233,0.92179352,-0.178160697,-2.49812603,0.129367515,0.0294797476,2.13793302,-0.234364584,0.00966745894,-1.68963277,-0.266648412,-0.183837593,2.7396152,0.148130193,-0.00322705158,0.280156285,-0.0166051127,0.180093974,0.252480179,0.29983139,0.090618968,0.63519311,-0.186379567,-0.681656182,-0.371897906,0.635254264
0.957549453,0.264118493,0.38688302,-0.343827516,0.0130288694,0.922145426,-0.176806971,-2.49826598,0.131598815,0.0321418792,2.14324379,-0.237030432,0.00997609086,-1.69112039,-0.2648983,-0.172773913,2.74303889,0.14954479,-0.00318790972,0.281425565,-0.0166620873,0.180470437,0.251239657,0.300285846,0.0900021195,0.632865906,-0.187534451,-0.683084428,-0.371617764,0.634442747
0.957141578,0.262762666,0.386719286,-0.343399972,0.0134659214,0.92264092,-0.175011039,-2.49735284,0.132894158,0.0329221785,2.14866757,-0.239484787,0.0102950651,-1.69241357,-0.263749212,-0.164407462,2.7456367,0.150553584,-0.00321308244,0.281140029,-0.0167386308,0.180665061,0.250185549,0.30159232,0.0899105892,0.631264925,-0.188340634,-0.683489501,-0.371601194,0.634450674
0.957047224,0.261182129,0.387064904,-0.343326092,0.0140038431,0.922829688,-0.174116269,-2.49733162,0.132194892,0.0341023616,2.15254116,-0.242038816,0.0105675748,-1.69501007,-0.26232329,-0.156591237,2.74908257,0.151689187,-0.0031893109,0.281401068,-0.0164500773,0.181044221,0.249685973,0.301617563,0.089126952,0.629577935,-0.187480032,-0.686774969,-0.373755157,0.636795163
0.956410885,0.260164142,0.386851579,-0.342930883,0.0143043362,0.923166394,-0.173082799,-2.49630523,0.132179186,0.0345303975,2.15658641,-0.244373783,0.01082897,-1.69687533,-0.262071759,-0.150430888,2.74969912,0.151353672,-0.00324426754,0.281291336,-0.0164886285,0.181355968,0.248277307,0.303786129,0.089077048,0.627910972,-0.187765121,-0.687880754,-0.374787003,0.638654888
0.955864906,0.259617507,0.386488616,-0.342974097,0.0144452108,0.923259974,-0.172485262,-2.49599028,0.132943511,0.0340259075,2.15947843,-0.246596545,0.0110056857,-1.69468021,-0.261547923,-0.145713091,2.75091505,0.153017744,-0.00323254289,0.280467808,-0.0167615134,0.181022257,0.245294869,0.306283504,0.0898262858,0.626131356,-0.189962342,-0.687802017,-0.374603868,0.638712704
0.955544412,0.259340614,0.386436641,-0.343216956,0.0144101009,0.923229814,-0.172166109,-2.49595308,0.133924857,0.0341373943,2.16084456,-0.248507276,0.011116392,-1.69424844,-0.260921627,-0.142486647,2.75100207,0.154473796,-0.00322431582,0.279365957,-0.0166273229,0.181233659,0.243804663,0.308886468,0.0905288085,0.625288069,-0.191263974,-0.688514709,-0.374777436,0.63904494
0.955322385,0.25910157,0.386806011,-0.343345582,0.0144197559,0.923294723,-0.171559647,-2.49528003,0.133943886,0.0340965614,2.16191936,-0.250191122,0.011266876,-1.69421232,-0.2601749,-0.140964776,2.75077438,0.155796796,-0.00321545964,0.278112054,-0.0169177279,0.18283537,0.243769005,0.310788512,0.0904028565,0.62450844,-0.192269251,-0.68919903,-0.374332905,0.639230728
0.954865873,0.258642554,0.386739433,-0.343282878,0.0145823816,0.923343301,-0.171409696,-2.4945395,0.13670668,0.034590248,2.16316414,-0.251695216,0.0114008449,-1.69372702,-0.259928912,-0.137534857,2.75012565,0.156417295,-0.00321934256,0.276665747,-0.0167117976,0.18383874,0.243308499,0.311917156,0.0900374129,0.623583972,-0.193751156,-0.690652311,-0.373868436,0.639484763
0.954244196,0.258774102,0.386523604,-0.342932492,0.0147018572,0.923467934,-0.171429902,-2.49333215,0.138870507,0.0346066654,2.16465616,-0.252990752,0.0114254644,-1.69233751,-0.26044789,-0.136801615,2.75047708,0.157495335,-0.00326458993,0.275206685,-0.0169689767,0.184262305,0.242402852,0.313207895,0.0898314938,0.622747719,-0.194616839,-0.691176534,-0.373470843,0.640065372
0.953728616,0.258826911,0.386034012,-0.342805356,0.0148184085,0.923458099,-0.171726674,-2.49248242,0.140269294,0.0342767388,2.16673183,-0.254234612,0.0115644727,-1.69070101,-0.260515094,-0.136559308,2.75051737,0.158497453,-0.00328809489,0.272585064,-0.0172414649,0.185253635,0.239146695,0.313093454,0.0890106112,0.620411396,-0.196113512,-0.69092387,-0.372674704,0.639502645
0.953148067,0.259007901,0.385578156,-0.342672467,0.0149330422,0.923526824,-0.171612039,-2.49207902,0.141402915,0.0344846994,2.16742444,-0.25531894,0.0115353335,-1.6903013,-0.261035264,-0.137720987,2.7510829,0.159215435,-0.00334927114,0.27109614,-0.0176193547,0.185500622,0.240528151,0.314791501,0.0885019004,0.619741023,-0.196940944,-0.690703154,-0.372205347,0.63948679
0.95323956,0.258919299,0.38619706,-0.342794538,0.0151019618,0.923539579,-0.171285078,-2.49151731,0.141879469,0.0350468419,2.16722918,-0.25619778,0.011585393,-1.68993926,-0.261047035,-0.137879759,2.75121903,0.160471186,-0.00331092067,0.270778805,-0.0176125113,0.186259657,0.238284349,0.314886212,0.0877034515,0.617986202,-0.198369086,-0.690988004,-0.371644348,0.639435172
0.953310668,0.258732766,0.386258662,-0.342676014,0.0152864195,0.923585534,-0.171257958,-2.49083757,0.141984612,0.0354101807,2.16774273,-0.257047266,0.0116284313,-1.68988359,-0.261079729,-0.137332186,2.75089574,0.161397159,-0.00329335406,0.270342946,-0.0176613946,0.186690703,0.238634378,0.315193444,0.0873111933,0.618142128,-0.199041963,-0.691309869,-0.371179283,0.639478683
0.953089595,0.25857237,0.386309087,-0.342832357,0.0153340995,0.923639596,-0.170648009,-2.49070311,0.142181545,0.0359331816,2.16752887,-0.257903039,0.0116080856,-1.69078648,-0.261121094,-0.136944145,2.75050402,0.161640182,-0.00331847998,0.270155817,-0.0175173227,0.186796665,0.238594875,0.315838903,0.0872112438,0.618360758,-0.199759066,-0.692459643,-0.371218324,0.639734685
0.953143299,0.258116573,0.38612929,-0.34270218,0.015433751,0.923845768,-0.169782728,-2.49075341,0.14185594,0.0361872986,2.16907668,-0.258937061,0.0116670895,-1.69035423,-0.260755867,-0.135649279,2.7518568,0.162384972,-0.00330275297,0.269582331,-0.0175126586,0.186679408,0.238761917,0.314806134,0.0863874704,0.61830312,-0.200921029,-0.693095326,-0.371038467,0.639700055
0.953301609,0.257773161,0.385888696,-0.342875242,0.0153887579,0.923874915,-0.169277787,-2.49167848,0.141080528,0.0362959579,2.1691885,-0.260013551,0.0116379736,-1.69048119,-0.260796338,-0.133620977,2.75264573,0.16286774,-0.00327952486,0.269803286,-0.0173200853,0.186564654,0.23927252,0.314755082,0.0861635059,0.619130075,-0.202162012,-0.693897367,-0.370813012,0.639566481
0.953385532,0.257706016,0.38595736,-0.342949748,0.0155307008,0.923932493,-0.168799013,-2.4920733,0.140794158,0.0357129052,2.170017,-0.260873944,0.0117293531,-1.69173598,-0.260909975,-0.132330388,2.75299191,0.163142189,-0.00328299543,0.269270122,-0.0174006317,0.187435746,0.239208251,0.313853502,0.0851126388,0.618927956,-0.203404382,-0.694760382,-0.370500982,0.639509559
0.953394413,0.257376343,0.385963947,-0.342736542,0.015674945,0.924067259,-0.168480679,-2.49249196,0.140030771,0.0355423875,2.17144895,-0.261775881,0.0118267825,-1.69462729,-0.260756999,-0.131183043,2.75422502,0.162304908,-0.00332110585,0.268485218,-0.0173008088,0.187064409,0.239811346,0.313158423,0.0842045397,0.618687809,-0.203812554,-0.694751918,-0.369974494,0.639473975
0.953373313,0.257383078,0.385626405,-0.342952907,0.0157405697,0.924100161,-0.167852357,-2.49262261,0.13965252,0.0356459729,2.17124486,-0.262572587,0.0118366256,-1.69375777,-0.259313613,-0.130439028,2.75457621,0.163034588,-0.00329851056,0.268002927,-0.0172783695,0.187039807,0.239693254,0.314027756,0.0841275975,0.618500412,-0.20486261,-0.69526279,-0.369765788,0.639332116
0.953309,0.257104188,0.38561219,-0.342752069,0.0158556141,0.924200296,-0.167700514,-2.49226403,0.13895753,0.0349560976,2.17243528,-0.263424158,0.0119745983,-1.69316077,-0.258764505,-0.128971949,2.75484991,0.163513884,-0.0032859114,0.267643064,-0.0170128345,0.187321916,0.239420727,0.313677669,0.0836687833,0.618342519,-0.20532994,-0.695387363,-0.369510651,0.639284074
0.953180611,0.257119477,0.385476023,-0.342602372,0.0159991179,0.924275041,-0.167580649,-2.49179816,0.138414085,0.0345516838,2.173311,-0.264039725,0.0120680463,-1.69293571,-0.258019507,-0.128376827,2.75493979,0.163910374,-0.00329417386,0.26749751,-0.0168556403,0.187646821,0.239706561,0.314135432,0.0837104172,0.618376732,-0.205459416,-0.695347488,-0.369318485,0.639392316
0.952972651,0.25740397,0.385644853,-0.34257862,0.0161936805,0.924361944,-0.167130619,-2.49116969,0.138570249,0.0337595344,2.17324281,-0.264533341,0.0121096112,-1.69306362,-0.25798732,-0.128349245,2.75426555,0.163946599,-0.00331337214,0.267198205,-0.0168671086,0.187512651,0.23849766,0.314490318,0.0834846869,0.617630064,-0.206097543,-0.694440782,-0.368692696,0.639472365
0.953035593,0.257143021,0.385864973,-0.342224389,0.0165178087,0.924451351,-0.167329952,-2.49020743,0.139023438,0.0336485319,2.17426705,-0.265000403,0.0122566279,-1.6925391,-0.257495344,-0.127386436,2.75511146,0.164698258,-0.0032929075,0.267627239,-0.0168358479,0.187585443,0.237522468,0.314591438,0.0832527354,0.61713177,-0.205712602,-0.694234848,-0.368178636,0.639301717
0.952837288,0.257234544,0.417770654,-0.343968123,0.0166651402,0.929665744,0.13088046,-2.48989844,0.13924019,0.0341003947,2.17444015,-0.265360445,0.0122369044,-1.69351554,-0.257291675,-0.127476215,2.75497794,0.164193943,-0.00334010622,0.268013805,-0.0167402066,0.18783538,0.237407357,0.315243393,0.083231017,0.616861105,-0.205120459,-0.694559157,-0.368205309,0.639405191
