-0.390134126,0.425062776,0.776087761,-0.0109932208,0.0119013926,0.686363995,0.727077723,-0.0072418917,0.0338424072,0.135313645,0.00779476669,0.0813108981,-0.000237824148,-0.0111429142,-0.00205506803,-0.0395491198,0.0401560254,0.0651072115,0.000506667537,-0.0313052163,0.019583093,0.133705169,0.0775256157,0.16095461,0.0372463204,0.684325874,0.06388174,-0.147039458,0.0013764383,0.590846419
-0.390031308,0.425125688,0.776683033,-0.0105005652,0.0133896545,0.686724186,0.726718843,-0.0100448523,0.0306968037,0.136035278,0.00719515374,0.0816555843,-0.000290869852,-0.0129849482,-0.00460513681,-0.039087452,0.0395744406,0.0651568174,0.000547567382,-0.0276422203,0.0195285566,0.119315535,0.0746768862,0.161350027,0.0369531959,0.687469661,0.0678050369,-0.15064089,-0.000489334459,0.595546663
-0.389698982,0.425057381,0.776248097,-0.0116963536,0.0138097247,0.686701059,0.726714611,-0.0116393911,0.035314586,0.135047957,0.00604333356,0.0822097883,-0.000267735333,-0.0155287804,-0.00297665503,-0.0396543369,0.0388304777,0.065718174,0.000561059103,-0.0283738803,0.0199545361,0.116668999,0.0785936639,0.155576736,0.0323862247,0.693721056,0.0689621493,-0.150819361,9.27867659e-05,0.598419666
-0.389716208,0.425017148,0.776613653,-0.0115992026,0.0138060786,0.686740398,0.726679146,-0.0117358956,0.0350480415,0.134953961,0.00601563789,0.0826247707,-0.000281719316,-0.0156913809,-0.0031144775,-0.0397621058,0.0389423147,0.0662219599,0.000570313248,-0.0273502097,0.0200533252,0.116180457,0.0788096264,0.153939977,0.0295375399,0.69752419,0.0693012401,-0.151331663,0.000394756324,0.600715876
-0.389758229,0.425075799,0.776682615,-0.011360134,0.0137792695,0.686712563,0.726709664,-0.0113193868,0.0349120088,0.134839207,0.00621409249,0.0829862952,-0.000281462999,-0.0153813073,-0.0036182371,-0.0396458209,0.0392457731,0.0667069405,0.000569542986,-0.0270335134,0.0199392755,0.116079353,0.0780511498,0.153714493,0.0274756681,0.700014293,0.069266133,-0.15231134,0.000429759442,0.602345824
-0.389841586,0.425013453,0.776730835,-0.0111936079,0.013939538,0.6866467,0.726771414,-0.0111218914,0.0341914333,0.134798393,0.00610361248,0.0833803937,-0.000294472004,-0.0157219153,-0.00410164241,-0.0396481641,0.0396748595,0.0670649931,0.000580248598,-0.0265303049,0.0200443156,0.115733042,0.0773857534,0.154279903,0.0260105543,0.702030241,0.0686689168,-0.153470203,0.000197861285,0.603650033
-0.389793336,0.425126076,0.776584327,-0.0111758374,0.013836666,0.686586916,0.726830184,-0.0109212175,0.0340509489,0.134630084,0.0060076532,0.0837289989,-0.000301387714,-0.0156733301,-0.00468390156,-0.0396380648,0.0399042256,0.0672917366,0.000554928789,-0.0263924599,0.0200690888,0.115867816,0.076272428,0.154391587,0.0244964734,0.703425884,0.0680620074,-0.153956696,0.000229876125,0.604643881
-0.389765233,0.425152004,0.776910543,-0.0109941578,0.0137630394,0.686579764,0.726841092,-0.0106635587,0.0340191759,0.134519786,0.00615872722,0.0839698166,-0.00031032617,-0.0153647289,-0.00412305444,-0.0396750681,0.0405373052,0.0676092356,0.000582488778,-0.0258578155,0.0201471075,0.115990765,0.0756784678,0.15501669,0.0233924314,0.704775512,0.0677697062,-0.154006794,0.000259944587,0.605518043
-0.389851063,0.425133884,0.776970565,-0.0108238803,0.0138422707,0.686499357,0.726918042,-0.01041706,0.0334483832,0.134507939,0.00626997696,0.0842154175,-0.000316129124,-0.015476089,-0.00456264755,-0.0395779796,0.0406867526,0.067747362,0.000592408702,-0.025521148,0.0201481301,0.115934387,0.0750156268,0.155657873,0.0223452952,0.705670357,0.0674345717,-0.154414177,0.000198033973,0.606036603
-0.389746547,0.425293207,0.776885927,-0.0107113719,0.0136761451,0.686442494,0.726976573,-0.00979345944,0.0336747989,0.134359032,0.00640514493,0.084413141,-0.000312493125,-0.0149183832,-0.00465601124,-0.0395237654,0.0409975164,0.067881681,0.000578528561,-0.0253868904,0.0200853683,0.115997441,0.0745171905,0.155874744,0.0212336462,0.706360161,0.0672012344,-0.154569,0.00028324392,0.606435418
-0.389956623,0.425201327,0.777080238,-0.0104865795,0.0137706604,0.686407387,0.727011263,-0.00953243952,0.0329674147,0.134537786,0.00630256813,0.0845969245,-0.000320177496,-0.0149466237,-0.00534661487,-0.0393334217,0.0410191268,0.0680311546,0.000592781638,-0.0250463057,0.0199189577,0.116149895,0.0741111264,0.156540558,0.0203549527,0.70686543,0.0672200993,-0.154540882,0.000479212991,0.606843114
-0.389865071,0.425392985,0.777029335,-0.0102262804,0.0136489281,0.686397135,0.72702688,-0.00883711223,0.0326464586,0.134535521,0.00637970027,0.0847824514,-0.000322213018,-0.0141362203,-0.00589234056,-0.0391972549,0.0411479138,0.0680927932,0.000576953753,-0.024645824,0.0202040039,0.116432972,0.0736660212,0.156817406,0.0194602907,0.707261145,0.066960156,-0.154407144,0.000690674584,0.607139587
-0.389783442,0.425551802,0.777027488,-0.0101831034,0.0135202324,0.68635422,0.727070332,-0.0080286609,0.0329475775,0.134388342,0.00630758889,0.0849345177,-0.000320989959,-0.0133751603,-0.00493013766,-0.0392215662,0.0412909836,0.0682033822,0.000601754291,-0.0244154595,0.0201313794,0.116709322,0.0738937631,0.157714874,0.0188776366,0.707562387,0.0670209751,-0.154316217,0.000876233797,0.607152462
-0.389784634,0.425659746,0.777256787,-0.0100315074,0.0135444282,0.686261117,0.727159977,-0.00768392347,0.0327202342,0.134330302,0.00617448566,0.0850223824,-0.000330160867,-0.0133606717,-0.0060745622,-0.0391840562,0.041200608,0.0681411847,0.000583253626,-0.0241397787,0.0201885402,0.116364755,0.0741372257,0.158196107,0.0182470344,0.70794934,0.0670628324,-0.154138818,0.001132312,0.607192218
-0.389777184,0.425606042,0.777137697,-0.00999572594,0.0135475444,0.686217368,0.727201819,-0.00750533352,0.032615494,0.134338453,0.0060242638,0.0851517692,-0.000331201882,-0.0132213309,-0.00535687245,-0.0392859839,0.0412739478,0.0682013482,0.000606218644,-0.024081517,0.0200730693,0.116608992,0.0742573738,0.158252165,0.0174909402,0.708042741,0.0668147802,-0.1537029,0.00154478673,0.607109427
-0.389845341,0.425463676,0.777085066,-0.0100317085,0.013686263,0.686210155,0.727205396,-0.00786668155,0.0325692892,0.134313717,0.00572905084,0.0853027031,-0.000335527147,-0.0137492223,-0.00571574736,-0.0391982943,0.0411440171,0.0682463273,0.000605877896,-0.0237894356,0.0202005357,0.116851725,0.0741829872,0.158778489,0.0169366654,0.708021998,0.0666114464,-0.153677896,0.00169635355,0.607047439
-0.389821619,0.425746948,0.777246356,-0.00982150529,0.0136193968,0.686214328,0.727205575,-0.00705733709,0.0323262922,0.134323925,0.00589132588,0.0854357406,-0.000338429265,-0.0129191149,-0.00599468686,-0.0390642956,0.0414252393,0.0682350025,0.000604041154,-0.0234849863,0.0198858287,0.116458192,0.0744875371,0.158672586,0.0163759105,0.708291531,0.0669056401,-0.153962478,0.00168818329,0.607019544
-0.389840871,0.425802499,0.777145207,-0.00978766568,0.0136096571,0.686218202,0.727202594,-0.00678392639,0.0322797336,0.134347603,0.00572971813,0.0855273455,-0.000335730991,-0.0126570184,-0.00587921683,-0.0390201434,0.0413720272,0.0682119504,0.000607395195,-0.0232689623,0.0199105311,0.116365768,0.0746848509,0.158584133,0.0158462189,0.708463073,0.0671392381,-0.154051214,0.00176855305,0.606978953
-0.389954716,0.425822705,0.777263105,-0.00964023266,0.0136926584,0.686224103,0.727197349,-0.00655938406,0.031780228,0.134429023,0.00560035324,0.0856308341,-0.000344180909,-0.0126172351,-0.00718988758,-0.0387935452,0.0411668532,0.068023935,0.000590728596,-0.0228213985,0.0201063659,0.115811177,0.0751094297,0.158737853,0.0155221168,0.708826661,0.0673465133,-0.154552162,0.00156211294,0.607149065
-0.389928818,0.425798416,0.777166128,-0.009615127,0.0137605583,0.686212301,0.727207541,-0.00674729561,0.0313967429,0.134475023,0.00541735254,0.0857264623,-0.000348884001,-0.0125394827,-0.00701956637,-0.0388767086,0.0409167744,0.0679035112,0.000598468934,-0.0223325603,0.0201430265,0.115720317,0.0752698481,0.158768028,0.0150037697,0.70889169,0.0676882192,-0.154677361,0.00153916224,0.607456625
-0.389892727,0.425734133,0.777225673,-0.00965824351,0.0137434611,0.68620944,0.727210045,-0.00659003807,0.031704355,0.134406835,0.00514252717,0.0857602954,-0.000348564208,-0.0126302969,-0.00631408952,-0.0389521904,0.0408821367,0.067940712,0.000619014143,-0.0224290639,0.0201001316,0.115696721,0.0752755105,0.159086198,0.01471138,0.708841562,0.0678119138,-0.1547236,0.00160313735,0.607730746
-0.389904886,0.425549537,0.777269006,-0.00963979214,0.0137018263,0.686231852,0.727189898,-0.00683746766,0.0317538455,0.134452134,0.00506341457,0.0858335719,-0.000358746067,-0.0129267331,-0.00725286594,-0.038911894,0.0408729538,0.0678194836,0.000593220291,-0.0220265575,0.0202782601,0.116029114,0.0751625896,0.159481436,0.0144727696,0.708822668,0.0677086636,-0.154476643,0.00174821215,0.607922554
-0.389835507,0.425572664,0.77715677,-0.00958553515,0.0139039997,0.68621403,0.727203608,-0.00696108583,0.0313126631,0.134532958,0.00490229903,0.0859452486,-0.000359136,-0.0130935814,-0.00675841887,-0.038903188,0.0409299955,0.067888312,0.000619294762,-0.0218454693,0.0201444179,0.115449421,0.0751420707,0.159683555,0.0143262669,0.709010422,0.0675090998,-0.154399484,0.00177401991,0.607918143
-0.389882863,0.425600022,0.777238548,-0.00959402975,0.0140230227,0.686181962,0.727231443,-0.00705431448,0.0310133975,0.134658739,0.00478044897,0.0860763416,-0.00036622904,-0.0132793728,-0.00714863557,-0.0387624986,0.0409074128,0.0678995252,0.000623864762,-0.021772461,0.0201713704,0.115356945,0.0752956197,0.160051882,0.0142548922,0.709155798,0.0677226484,-0.15433763,0.00181688624,0.608000159
-0.389867067,0.425605386,0.777211785,-0.00949694309,0.0139573235,0.686197042,0.72721982,-0.00676842686,0.0309915002,0.134705186,0.00478555867,0.08619041,-0.000364660344,-0.013040998,-0.00719952118,-0.0387067273,0.0410341881,0.067897208,0.000624519424,-0.0216509122,0.0200671908,0.115497448,0.0751456618,0.16007936,0.0140387807,0.709114134,0.0676693246,-0.154309854,0.00183837884,0.607969224
-0.389727443,0.425656199,0.777077854,-0.00947595388,0.0137897162,0.686216116,0.727205217,-0.00614271825,0.0315874591,0.134562001,0.00460653985,0.0863214806,-0.00036148759,-0.0125492159,-0.00688331714,-0.0387680754,0.0410524122,0.0678238422,0.000620058738,-0.0214903597,0.0199802015,0.115628615,0.0751767084,0.160455942,0.0140507547,0.70915246,0.0679264665,-0.153783277,0.00208690716,0.608051062
-0.389800429,0.425608605,0.777191877,-0.00938703772,0.0138030397,0.686182261,0.727238178,-0.0059912405,0.031337291,0.134681061,0.00433764514,0.0864141881,-0.000367170782,-0.0124783237,-0.00764330663,-0.0387499779,0.040903125,0.0676981583,0.000608896837,-0.0212662145,0.0200521201,0.115701303,0.075283289,0.160686731,0.0139773805,0.709137678,0.0680313706,-0.153879404,0.00207123556,0.60802722
-0.389665842,0.425596118,0.777294934,-0.00945540611,0.013686005,0.686139464,0.727279842,-0.00601600762,0.0318834297,0.134666443,0.00430128863,0.0864014179,-0.000367162225,-0.0123372553,-0.00694469409,-0.0389203615,0.0409666896,0.0677642971,0.000617504818,-0.021393314,0.0198504981,0.11562518,0.075359188,0.161004275,0.0140241608,0.709092855,0.0679985061,-0.154132366,0.00198896555,0.60798049
-0.389695287,0.425491154,0.777239859,-0.00947734248,0.0138022015,0.68612361,0.727292299,-0.00610405207,0.0316843465,0.134739876,0.00401336467,0.0864472464,-0.000371152681,-0.0127257518,-0.00737642683,-0.0389505886,0.0407009497,0.0676544681,0.000614175398,-0.0213053599,0.0200883392,0.115555391,0.0753706247,0.160828099,0.0137566933,0.708974421,0.0682275519,-0.154003933,0.00215846975,0.608070612
-0.38963148,0.425415754,0.777223229,-0.00949215796,0.0138007635,0.686094761,0.7273193,-0.00634192536,0.0316047296,0.134818062,0.00389701407,0.0865011066,-0.000376673619,-0.0129599078,-0.00738190161,-0.0391184464,0.0406639837,0.0675835609,0.000610743125,-0.0210800208,0.019874407,0.115529813,0.0751345456,0.160697103,0.0134967025,0.708780825,0.0681414232,-0.154174522,0.00209446484,0.608155131
-0.3897098,0.425358772,0.777070224,-0.00949426927,0.013662247,0.686036229,0.727377117,-0.00627202913,0.031927716,0.134843603,0.00404149387,0.086566925,-0.000368456997,-0.0129330661,-0.0070462455,-0.0392026864,0.0408477858,0.0676187351,0.000615769706,-0.0211639665,0.0199267901,0.115487114,0.0753188357,0.160508037,0.01335127,0.708919048,0.0681605563,-0.154455438,0.00194415718,0.608281612
-0.38973406,0.425117075,0.777168036,-0.0095705986,0.0137662087,0.685979187,0.727427959,-0.00678974018,0.0316545069,0.13499704,0.00379756163,0.0865758508,-0.000377182558,-0.0136042722,-0.00735346507,-0.0392565094,0.0407290533,0.067604959,0.000611633644,-0.0212748516,0.0200250093,0.1156919,0.0752151906,0.160147786,0.0131702926,0.708929777,0.0680668652,-0.154257253,0.00196901103,0.608332634
-0.389784157,0.424788028,0.777029335,-0.00966207869,0.013874446,0.685937822,0.727463722,-0.00777796842,0.0314685218,0.135188922,0.00382464356,0.0866772607,-0.000382023456,-0.0146170082,-0.00722020073,-0.0393076427,0.0407928638,0.0676176772,0.000621922372,-0.0212169476,0.0200360119,0.115938298,0.074783884,0.160034314,0.0131190494,0.708955407,0.0672972575,-0.154660389,0.00179682253,0.608204782
-0.389748544,0.424919248,0.77708751,-0.0095204981,0.0138737913,0.685897052,0.727503955,-0.00719899405,0.0313882604,0.135202363,0.00403244654,0.0867543966,-0.000374819414,-0.0144417938,-0.00758407079,-0.0392293744,0.0412423499,0.0676544458,0.000610459305,-0.0212543178,0.0196657926,0.115725696,0.0749177635,0.159951106,0.0129971001,0.709020734,0.067604363,-0.154622376,0.00179192447,0.608382761
-0.3898004,0.424775153,0.777186632,-0.00951244961,0.0138353091,0.685837448,0.727561057,-0.00723345065,0.0313837864,0.135253116,0.00401807856,0.0867986083,-0.000378366123,-0.0145508694,-0.00766354706,-0.0392021686,0.041443035,0.067685172,0.000611173105,-0.0211471226,0.0197789948,0.115956284,0.0747790337,0.159861699,0.0128541877,0.70904386,0.067550838,-0.154856995,0.00181811117,0.608395159
-0.389681011,0.424857289,0.777115226,-0.0093578482,0.0136054913,0.685783386,0.727618337,-0.00664795702,0.0316876285,0.135203376,0.00442189723,0.0869205296,-0.000377268065,-0.0140052345,-0.00733998558,-0.0391634554,0.0418609306,0.0677587092,0.000611600059,-0.0211844817,0.0196957346,0.116273426,0.074511528,0.159695879,0.0127077457,0.709007978,0.0671909004,-0.155158758,0.00177766348,0.608234167
-0.389740199,0.424801886,0.777253509,-0.00928218756,0.0134608364,0.68568325,0.727716327,-0.00630254345,0.0319554061,0.135146931,0.00445179036,0.0869961083,-0.000379475299,-0.0137370825,-0.00742877461,-0.0390882343,0.0419675075,0.0677721053,0.000613253331,-0.0211329684,0.0197509136,0.116186261,0.0746137649,0.16025652,0.0128269168,0.708954632,0.0672087297,-0.155234814,0.00180408719,0.608204424
-0.389912397,0.424239546,0.777169943,-0.00927180424,0.0136847487,0.685607553,0.72778368,-0.00741250254,0.031092599,0.1354734,0.00414515659,0.0870553702,-0.000382296072,-0.0148930075,-0.00779589312,-0.0389519371,0.0417021737,0.0678052455,0.000621049374,-0.0212045256,0.0196629968,0.116842464,0.0735848695,0.160356179,0.0127583193,0.708511472,0.0659183487,-0.156000718,0.00158539787,0.607517004
-0.389951885,0.424109459,0.777183056,-0.00926932972,0.013414572,0.685637772,0.727760315,-0.00728035206,0.0314920917,0.135481149,0.00423909258,0.0871585459,-0.000385016785,-0.0149906548,-0.00759049784,-0.0388850309,0.0420824327,0.0679054558,0.000621369283,-0.021034874,0.0196444187,0.117080152,0.072801277,0.160717845,0.0127018932,0.7081604,0.0654773414,-0.156496242,0.00144500914,0.607226551
-0.39011842,0.42394802,0.777186275,-0.0091884546,0.0133767175,0.685612321,0.727785945,-0.00733349286,0.031139873,0.135663643,0.00431172037,0.0872464776,-0.000382912171,-0.0152877606,-0.00800038967,-0.038724523,0.0422540158,0.0679992959,0.000618992315,-0.020741906,0.0193982106,0.117007926,0.0717905983,0.161301896,0.0126943188,0.707697988,0.0652983561,-0.157145947,0.00129996648,0.607024074
-0.390181631,0.423622429,0.777184606,-0.00914382376,0.0135453446,0.685536861,0.72785449,-0.00790175144,0.030626012,0.13590084,0.00419571577,0.0874174535,-0.000387836073,-0.015679732,-0.00816220324,-0.0385493711,0.0423908979,0.0681548864,0.000628316251,-0.0205773339,0.0192165077,0.117444962,0.0706372783,0.161933184,0.0127910478,0.707494676,0.0645937473,-0.158070937,0.0010010394,0.606538475
-0.390477002,0.423278511,0.777316391,-0.00898686331,0.0135279419,0.685418487,0.727968216,-0.00829185918,0.0299845245,0.136233687,0.00436562486,0.0876220316,-0.000391942158,-0.0161085594,-0.00896979775,-0.038330663,0.0424564704,0.0682330132,0.000632450392,-0.0202521812,0.0191064123,0.118290305,0.069548972,0.162244976,0.0125972405,0.707119882,0.0638721064,-0.158678383,0.000924415886,0.606355309
-0.390528679,0.422963709,0.777368605,-0.00894335471,0.0133440746,0.685252666,0.728128254,-0.00846578274,0.0301431902,0.136311606,0.0046792645,0.0878047273,-0.000389226916,-0.0164247435,-0.00881533138,-0.0382086411,0.0426704437,0.0684949383,0.000639562379,-0.0203765687,0.0190009512,0.119103588,0.0687506348,0.162800744,0.0123847006,0.706759453,0.0632042587,-0.159011766,0.000971530913,0.606124103
-0.390638292,0.422568977,0.7771523,-0.00907107722,0.0132623259,0.685034156,0.728333712,-0.00902058184,0.0301563628,0.136455387,0.00481153606,0.088069424,-0.000387545471,-0.0171827618,-0.0085288221,-0.038069278,0.0427699946,0.0687193051,0.000648881018,-0.0204617027,0.0192321483,0.119882204,0.0680170357,0.163349375,0.0122901509,0.70646137,0.0624268353,-0.159306288,0.00107538875,0.605758786
-0.390686691,0.422075719,0.777241528,-0.00911880843,0.013102157,0.684703171,0.728647172,-0.00976521149,0.0305210706,0.136552334,0.00520653324,0.0883533731,-0.00039152251,-0.0180521682,-0.00822092686,-0.0379882418,0.0429696105,0.0689464733,0.000661823608,-0.0207413901,0.0192306805,0.12082608,0.0673484877,0.164177224,0.0123241832,0.706008971,0.0610845834,-0.159576938,0.00138693501,0.604900599
-0.390550315,0.421477169,0.777030647,-0.00944107119,0.0132664479,0.684346139,0.728975534,-0.0120433979,0.0315770842,0.136356518,0.00585225318,0.0888011232,-0.000394474133,-0.020868713,-0.0079138875,-0.0377316996,0.0433977917,0.0692582354,0.000673522823,-0.0212454759,0.0192580856,0.121558189,0.0662193596,0.165239722,0.0124781961,0.705360115,0.0591356903,-0.15955472,0.00190153287,0.604098201
-0.390699983,0.420517176,0.777170777,-0.00989222061,0.0140706189,0.683935523,0.729339659,-0.0160408318,0.0312033221,0.13648808,0.00690705515,0.0894368067,-0.000414627488,-0.0261309072,-0.00830246881,-0.0370147824,0.0445068926,0.0696842447,0.00071631762,-0.0214034542,0.0192801505,0.122791335,0.064651154,0.166286081,0.0124753257,0.704179168,0.0562053621,-0.159832701,0.00234604347,0.6028561
-0.390237421,0.41952914,0.777341843,-0.0102629354,0.0155793102,0.683339417,0.729862511,-0.0220441017,0.0306433812,0.136417821,0.0092535913,0.0905883536,-0.000452520762,-0.0328159705,-0.00994147174,-0.035778366,0.0464688465,0.0699784756,0.000734995236,-0.0208830293,0.0189884901,0.124229833,0.0628717691,0.168814793,0.0127761457,0.703127086,0.0518229865,-0.16220434,0.00177548523,0.601501226
-0.389187187,0.418025434,0.777416706,-0.0118472744,0.0172183011,0.68250674,0.730580449,-0.0315827318,0.0329712853,0.13555491,0.012620314,0.091929704,-0.000485485129,-0.0420204997,-0.00854424573,-0.0351251364,0.0485666282,0.0702097565,0.000758248789,-0.0200400818,0.0185803659,0.127710268,0.0584591404,0.171458706,0.0130294096,0.700655818,0.0447058864,-0.163851708,0.00170236744,0.599421859
-0.388052881,0.416511804,0.777857184,-0.0131890913,0.0195664838,0.681168377,0.731746435,-0.0439201817,0.0344697535,0.134472415,0.0189136285,0.093762368,-0.000539054803,-0.0500904769,-0.00939826574,-0.0345086232,0.0495854653,0.0700740144,0.000752692344,-0.0162302069,0.018581517,0.130644366,0.052882541,0.174138576,0.0126977498,0.697861433,0.035661865,-0.166619048,0.00144414289,0.597155392
-0.386417925,0.413455129,0.778245151,-0.0157122053,0.0233298149,0.679263353,0.733355403,-0.0641030297,0.0360025316,0.133241147,0.0271833315,0.0961783007,-0.000626658089,-0.0596260391,-0.0141688073,-0.0355193019,0.0486835428,0.0689717531,0.000575097976,-0.00883595832,0.0195429362,0.136371195,0.04309389,0.179946914,0.0140146194,0.693806648,0.0215708707,-0.171765804,0.000104961553,0.593502939
-0.384843439,0.412065446,0.779018462,-0.0175723135,0.0274748784,0.677327514,0.734958351,-0.0824462026,0.037022315,0.131259397,0.0393243283,0.0989820808,-0.000669271161,-0.0635077357,-0.0213564131,-0.0383783504,0.0478061363,0.0667146146,0.000336730795,0.00186208275,0.0196018163,0.140259236,0.0333256796,0.184358269,0.0152718741,0.689737499,0.00824786723,-0.178614974,-0.00177673029,0.589622974
-0.382435083,0.410745263,0.779579639,-0.0194996372,0.031933412,0.675690889,0.736235023,-0.1004401,0.038155403,0.128586173,0.0512416326,0.101978019,-0.000735669339,-0.0669883192,-0.0290294066,-0.0439695977,0.0456815809,0.0638156906,7.2768009e-05,0.0139849782,0.0201822277,0.144429132,0.0226445906,0.18781276,0.0161524713,0.68561995,-0.0056444956,-0.185375437,-0.00336215179,0.585502744
-0.379223049,0.409371108,0.779629648,-0.0213737804,0.036410626,0.674516499,0.737051487,-0.116202675,0.0395173505,0.125464499,0.0615107715,0.104895577,-0.000787607976,-0.071819447,-0.0359251574,-0.0514164008,0.0433213599,0.0608445182,-0.000170822866,0.0258436464,0.0214331169,0.149863571,0.0117048491,0.191014975,0.0170017723,0.680916369,-0.0202377643,-0.19333598,-0.00515733007,0.580910921
-0.37574476,0.4076401,0.779662311,-0.0240151044,0.0424743034,0.673637807,0.737449229,-0.133873478,0.0389472023,0.123057783,0.0669879988,0.107583202,-0.000871636847,-0.0843296051,-0.0401827656,-0.0596269332,0.0385108255,0.0583302565,-0.000159705363,0.0358444974,0.022218274,0.153753996,0.000177092268,0.19209452,0.0167752411,0.676024139,-0.0358254239,-0.201292098,-0.00674020546,0.575379431
-0.371285588,0.406024933,0.77964282,-0.0272506438,0.0494886599,0.672934651,0.737541258,-0.15287438,0.0385666862,0.120863467,0.0692377687,0.110088743,-0.000962209248,-0.103070155,-0.0420034714,-0.0678293407,0.0348657109,0.0567593724,-6.83975231e-05,0.0430437326,0.0226129424,0.158580452,-0.00995453633,0.193091318,0.016378196,0.671009362,-0.0528504439,-0.208287135,-0.00778024411,0.569059551
-0.366533726,0.403867245,0.779623806,-0.031982407,0.0576899871,0.672596693,0.737063527,-0.175273553,0.0394157358,0.118986532,0.0684295371,0.112640589,-0.00107939332,-0.128821641,-0.0422400869,-0.0754487067,0.0332005061,0.0568068735,4.28299645e-05,0.0472663306,0.0240032095,0.162586659,-0.0213563479,0.193926036,0.0160160083,0.665595889,-0.0717682987,-0.213486746,-0.00813581608,0.562952816
-0.361670554,0.400934726,0.779649019,-0.0376215503,0.0675366595,0.672715187,0.735851705,-0.201262817,0.0410097316,0.117608003,0.0648779646,0.115010105,-0.00118872395,-0.161601618,-0.0455418006,-0.0818453059,0.035377413,0.0583826117,4.12050213e-05,0.0507190041,0.0245483536,0.168131143,-0.0359270982,0.193817437,0.0145824524,0.658654869,-0.0930490643,-0.217914358,-0.00816384796,0.556046546
-0.356557131,0.397733033,0.779666126,-0.0443364382,0.0785896555,0.673500299,0.73365891,-0.232442617,0.0435562618,0.116433911,0.0607246608,0.117550828,-0.00133342785,-0.20119442,-0.0487021543,-0.0869037211,0.0420701578,0.0604046173,2.85367678e-05,0.0532019511,0.0247820206,0.17513451,-0.0571477041,0.19247213,0.0127977133,0.650586367,-0.115837552,-0.22027123,-0.00729760248,0.548873961
-0.351363868,0.392667681,0.778317094,-0.0544655249,0.093407318,0.673748434,0.731007218,-0.278100461,0.047212258,0.11451067,0.0579535067,0.121346265,-0.00158307608,-0.256118596,-0.0504543073,-0.0909314901,0.0513455048,0.062663734,0.000139624462,0.0589499362,0.0255892146,0.172229707,-0.083098039,0.191483974,0.008034206,0.645968676,-0.13923344,-0.225329295,-0.00313891866,0.543454051
-0.346582502,0.388076752,0.777706802,-0.0641807094,0.108322121,0.673373878,0.728501797,-0.328130096,0.0514327064,0.111571178,0.0623027235,0.125634402,-0.00181333325,-0.315978199,-0.053558521,-0.0931174308,0.0678299442,0.0645454228,0.000235307729,0.0647076517,0.0255214181,0.180710867,-0.121214159,0.18840687,0.00286307,0.637156248,-0.168103367,-0.227971256,0.00152919989,0.53711164
-0.342183203,0.382683963,0.776103199,-0.0761963055,0.124571212,0.672551394,0.725500345,-0.385866165,0.0599964224,0.107790269,0.0731906742,0.129396513,-0.0020125024,-0.383139849,-0.0552900061,-0.0943386331,0.0886983946,0.0659515113,0.000251468009,0.0698130578,0.0260425434,0.190774277,-0.167662427,0.185282007,-0.00307936897,0.624101877,-0.201540321,-0.226827383,0.00733132754,0.529897213
-0.337506533,0.377079666,0.774077356,-0.0896700174,0.140823454,0.670911431,0.722499728,-0.446002573,0.0738820136,0.103595488,0.0894308314,0.132280812,-0.00217722612,-0.456655145,-0.056038294,-0.0943880528,0.115262046,0.0663942993,0.000147078914,0.0723238289,0.0265152361,0.202599674,-0.223798424,0.179842487,-0.0111307483,0.605523825,-0.241024256,-0.223615155,0.0136923902,0.522527695
-0.333435744,0.370880246,0.770688951,-0.104942843,0.158170074,0.667316735,0.720178843,-0.510309279,0.0898321196,0.100774549,0.109431453,0.133615553,-0.00229820702,-0.537882805,-0.0575801916,-0.0927794129,0.145567268,0.0654633641,-9.54557618e-05,0.0721439645,0.0274433997,0.213309854,-0.28333199,0.176510334,-0.0195464324,0.584411919,-0.286695689,-0.216641143,0.0218167137,0.512750208
-0.330410331,0.364296466,0.766584933,-0.121616207,0.175933585,0.661966026,0.718371749,-0.578138411,0.107062556,0.0989389941,0.132549569,0.133877248,-0.0024637254,-0.626312613,-0.057593096,-0.0906800702,0.180924013,0.0625747293,-0.00035997454,0.0696282387,0.0294919871,0.219151124,-0.342557579,0.171528876,-0.0304740723,0.563111067,-0.337349415,-0.204537913,0.0317801461,0.503011882
-0.328094691,0.357442021,0.7603845,-0.139122665,0.193267673,0.655334771,0.716818631,-0.65002358,0.128338233,0.0969537422,0.15708895,0.133162811,-0.00263849436,-0.720148087,-0.0558218881,-0.0891698971,0.221328825,0.0575114526,-0.000645042106,0.0682852268,0.0308997445,0.226010412,-0.403258443,0.168718681,-0.0418659225,0.540703475,-0.388700008,-0.18816705,0.0427226648,0.491777241
-0.326828122,0.350285381,0.749648631,-0.157283589,0.210627809,0.647938132,0.714894354,-0.728122532,0.150513202,0.0939673036,0.18202129,0.130689546,-0.0029567522,-0.818505347,-0.0535992756,-0.0887859464,0.267038673,0.0505503491,-0.000977945863,0.0680463985,0.0329776518,0.230716169,-0.462033421,0.165263191,-0.0531400032,0.520976484,-0.438721895,-0.168196157,0.0546206236,0.481413603
-0.325904191,0.344977766,0.740268469,-0.175961599,0.226755753,0.640652359,0.712168455,-0.809811771,0.176875338,0.0893777981,0.215079814,0.124100775,-0.00322126015,-0.915962696,-0.0523957573,-0.0906261876,0.322296172,0.0407359116,-0.00160081522,0.0680915415,0.0362374075,0.237441093,-0.519280851,0.163374066,-0.061376173,0.50575161,-0.482184172,-0.147685006,0.0694836676,0.472444177
-0.325243533,0.339362919,0.727898479,-0.194403306,0.242961213,0.633130074,0.708747804,-0.896233737,0.202344611,0.0862239003,0.252726972,0.113769248,-0.00376374391,-1.01990235,-0.0524273664,-0.096357584,0.38392967,0.0282718726,-0.00204053009,0.0677358955,0.0376345664,0.242992043,-0.577543378,0.163589001,-0.067552194,0.491488755,-0.525487363,-0.127749965,0.0833692625,0.46423167
-0.325266927,0.333307415,0.714813769,-0.213008761,0.258124292,0.625598788,0.704716444,-0.986825407,0.228647575,0.0852767378,0.295507938,0.0996945351,-0.00463815639,-1.12719166,-0.0566037595,-0.106361195,0.452940375,0.0134062441,-0.00256898417,0.0682985634,0.0403118357,0.245401949,-0.631428778,0.162303045,-0.07349585,0.479757607,-0.567824006,-0.111387327,0.0952313915,0.455171555
-0.326062918,0.327778697,0.70354712,-0.230217904,0.273640126,0.618253112,0.699917078,-1.07851255,0.257284224,0.0875151679,0.345742524,0.0811877325,-0.00531536806,-1.23473454,-0.0678092092,-0.121078536,0.530431747,-0.00375013589,-0.00292612612,0.0679753721,0.0424702428,0.246679083,-0.680987775,0.16204232,-0.0789380521,0.469477415,-0.6084975,-0.0990897641,0.105499946,0.447372645
-0.32754153,0.322462887,0.688923061,-0.245994866,0.288139343,0.611906052,0.694286108,-1.17272341,0.284085959,0.0945894867,0.404614925,0.0595066398,-0.00679722801,-1.34058452,-0.0857998952,-0.141231745,0.614750385,-0.0229392573,-0.00286370958,0.0692006126,0.0429371186,0.24595429,-0.726767719,0.160784081,-0.0849396661,0.459161103,-0.64552933,-0.0932151824,0.11275579,0.441529483
-0.329328597,0.317942828,0.673422337,-0.258365929,0.30050835,0.607650936,0.688260317,-1.26668119,0.314246774,0.10577748,0.476594508,0.0341393575,-0.00834761746,-1.44294882,-0.112643637,-0.164437011,0.710323513,-0.0443626083,-0.00246372144,0.0665190071,0.0431582332,0.247738063,-0.766231239,0.161832601,-0.0893050283,0.451055288,-0.675348699,-0.090038009,0.118350483,0.437642157
-0.331097484,0.314121574,0.655898929,-0.268329769,0.311283648,0.6048612,0.682088435,-1.36372185,0.347300857,0.121609442,0.565323353,0.00614682212,-0.0105277253,-1.54312706,-0.149001852,-0.188741997,0.818617165,-0.0677692369,-0.00209813821,0.0604502186,0.0439043269,0.249558285,-0.798783183,0.164749891,-0.0930128694,0.444650233,-0.701435387,-0.0898520723,0.122029543,0.434405357
-0.333363324,0.311080456,0.636607409,-0.276001483,0.320381075,0.603145599,0.676309526,-1.46479416,0.38251996,0.142190248,0.674332857,-0.0241386537,-0.0138303852,-1.64074767,-0.193099499,-0.213813126,0.941449583,-0.0922078267,-0.00151115807,0.0498597994,0.0433586426,0.251682818,-0.82427758,0.171261728,-0.0944092199,0.440792233,-0.72441572,-0.0917783678,0.124229461,0.431528956
-0.335858077,0.308811247,0.615407288,-0.282166541,0.328357548,0.601909399,0.671020329,-1.56573641,0.423624009,0.164755195,0.807670653,-0.0548229106,-0.0173214097,-1.74389803,-0.246974915,-0.237448305,1.08148456,-0.117577173,-0.000796596461,0.0390020311,0.0433020964,0.253383607,-0.843450963,0.179696679,-0.094510816,0.439324647,-0.74413538,-0.0950082988,0.125142306,0.429013282
-0.338007033,0.306869566,0.590737641,-0.2881459,0.333651423,0.602307141,0.665488422,-1.6744554,0.470232308,0.187041998,0.962962925,-0.0873854682,-0.0220517926,-1.84673166,-0.307829857,-0.259284437,1.23734367,-0.142042682,-9.30816605e-05,0.0240002014,0.042310372,0.253599674,-0.856531143,0.191394866,-0.093362987,0.439667106,-0.758513093,-0.0967144966,0.126795694,0.426849902
-0.340638548,0.305528104,0.561280072,-0.291983008,0.33856234,0.603779316,0.659978867,-1.79142141,0.522434533,0.204887167,1.14259171,-0.120931894,-0.0258050393,-1.95027554,-0.375412315,-0.275251299,1.40382564,-0.165460244,0.000809926656,0.00752128614,0.0414949656,0.254530907,-0.863936603,0.202336147,-0.0930862352,0.441695482,-0.77210623,-0.0972346887,0.12782006,0.424437195
-0.343742639,0.304063708,0.525190592,-0.293344945,0.341327071,0.606524169,0.655418158,-1.91604829,0.578321159,0.211386323,1.34098291,-0.153151512,-0.0289825741,-2.05450177,-0.448156536,-0.280677199,1.57582963,-0.187356547,0.00130885246,-0.011375457,0.0403327756,0.257472068,-0.866342187,0.213314608,-0.0929076299,0.444861382,-0.781298816,-0.0977282897,0.128908858,0.423129737
-0.346870631,0.303618938,0.484531611,-0.292582601,0.341905981,0.60979867,0.652411938,-2.0390954,0.630670905,0.202367067,1.54473913,-0.1813851,-0.0314430818,-2.15809655,-0.521069527,-0.273080438,1.74815023,-0.20680055,0.00148577767,-0.0267247055,0.0392966233,0.260671705,-0.863042116,0.224760324,-0.0917862132,0.449932426,-0.784829378,-0.0980269387,0.130683184,0.423696399
-0.350439548,0.303684503,0.443262041,-0.289928705,0.340474427,0.613333106,0.65103066,-2.15230322,0.670858324,0.177128598,1.73688006,-0.204876184,-0.0325165801,-2.25448847,-0.585662842,-0.252256602,1.9104495,-0.223460004,0.0011664012,-0.0378638878,0.0388031378,0.262947768,-0.85219121,0.233858585,-0.0919588059,0.456370026,-0.783440173,-0.0973220021,0.132560611,0.425898433
-0.354506999,0.304260671,0.404305607,-0.286196738,0.338282555,0.616754174,0.650592566,-2.25168896,0.69100219,0.140071809,1.90143216,-0.224874735,-0.0322203189,-2.34002924,-0.631926417,-0.222701117,2.05164123,-0.238040313,0.000690350484,-0.0458223075,0.0377435125,0.264411062,-0.840325654,0.234908685,-0.0949847922,0.46071279,-0.778865993,-0.0969574749,0.1344558,0.429146886
-0.358256519,0.304539323,0.369517088,-0.281968236,0.335003942,0.620242715,0.650818944,-2.33822322,0.693586707,0.0980991945,2.03487754,-0.242954865,-0.0307442863,-2.41615796,-0.659681976,-0.190670818,2.1678555,-0.252800077,-7.44797726e-05,-0.0507283993,0.0374828689,0.268982083,-0.826084316,0.233536988,-0.0988366902,0.464109421,-0.772044182,-0.0963049084,0.137116656,0.433534086
-0.361660361,0.305069029,0.33720541,-0.278013229,0.331247121,0.622922242,0.651883423,-2.41466618,0.683234751,0.0550442562,2.14556718,-0.257451653,-0.0289711971,-2.48626518,-0.670423269,-0.15747796,2.26518297,-0.268891603,-0.00138240494,-0.0520483144,0.03711465,0.271146894,-0.809943318,0.230383545,-0.103454791,0.467694283,-0.765277624,-0.0945188999,0.140021116,0.438282669
-0.363846987,0.305140197,0.296985149,-0.274692416,0.325535834,0.624312162,0.654831946,-2.48818731,0.66364485,0.00692597358,2.23749328,-0.272440225,-0.0269376244,-2.53032279,-0.66507268,-0.134013057,2.34725499,-0.286052883,-0.0039352607,-0.0515135862,0.0369099453,0.274106413,-0.794824839,0.224855453,-0.108112842,0.470629305,-0.75739044,-0.0907512531,0.14459154,0.44211185
-0.365094036,0.305268317,0.260730743,-0.273276806,0.318089843,0.625860572,0.657599568,-2.53039932,0.635397911,-0.0417651944,2.3156085,-0.288756758,-0.0239365865,-2.53069901,-0.650647938,-0.135824621,2.41370177,-0.3102476,-0.00686024455,-0.0406116545,0.0375724211,0.280268848,-0.777821898,0.217668205,-0.112837739,0.473056465,-0.752802372,-0.0864034072,0.147791833,0.444760382
-0.365511239,0.305202127,0.234012634,-0.271114111,0.312996596,0.62833935,0.658574104,-2.53069925,0.601845682,-0.0688156784,2.37678552,-0.311585367,-0.0212322529,-2.53069997,-0.637616992,-0.144436106,2.46967292,-0.340797275,-0.00926128216,-0.0324343592,0.0371030904,0.284948736,-0.764627874,0.207579702,-0.118289448,0.47431615,-0.746897399,-0.0843297765,0.149292171,0.446261346
-0.365985304,0.305195332,0.213921875,-0.26949811,0.309718341,0.630945027,0.658295929,-2.53069997,0.575640202,-0.0893011242,2.42527008,-0.339900613,-0.0194402132,-2.53069997,-0.626588106,-0.151632473,2.51638651,-0.373671949,-0.0116571877,-0.0276254304,0.0369712263,0.284856617,-0.754080236,0.195612818,-0.124845251,0.474174857,-0.739404559,-0.0811484084,0.149916664,0.44788605
-0.365603209,0.304707438,0.197470739,-0.26901868,0.307762444,0.63285172,0.657578826,-2.53069997,0.553450465,-0.107019015,2.45912409,-0.370749712,-0.0184938516,-2.53069997,-0.617852092,-0.155385435,2.55253005,-0.406855822,-0.0145440968,-0.0228477884,0.0371677838,0.286721081,-0.743495882,0.184078529,-0.131454632,0.474183142,-0.730159819,-0.0778109655,0.151348293,0.450334638
-0.365228444,0.30363968,0.18719241,-0.270483315,0.307717234,0.633377194,0.656492412,-2.53069997,0.535441279,-0.120881267,2.47706223,-0.401523888,-0.0179581102,-2.53069997,-0.609273374,-0.158416972,2.57267642,-0.438829958,-0.0172640439,-0.0170513317,0.0361280739,0.286770135,-0.736747205,0.171261072,-0.138531342,0.47371769,-0.726060688,-0.073125042,0.152371004,0.450289309
-0.364491343,0.301594764,0.182176754,-0.274863273,0.308742404,0.631868482,0.655645013,-2.53069997,0.521789074,-0.133504137,2.47862673,-0.432146639,-0.0176991541,-2.53069997,-0.603368223,-0.16334945,2.57446671,-0.467903227,-0.0194141641,-0.0217812974,0.0339285322,0.288131744,-0.73417449,0.169029072,-0.138801247,0.474887133,-0.734799504,-0.0677545294,0.152834281,0.444604844
-0.364057571,0.298576474,0.180531979,-0.279288411,0.311040133,0.629443169,0.655021667,-2.53069997,0.510816097,-0.137894824,2.46600103,-0.46053344,-0.0183908865,-2.53069997,-0.599591017,-0.174132764,2.56197572,-0.49362582,-0.0206349753,-0.0314395986,0.030734973,0.294001669,-0.734476149,0.169709548,-0.135856763,0.476514518,-0.748767376,-0.0651995689,0.155322492,0.439703256
-0.363942891,0.294668943,0.181467384,-0.283846557,0.314255923,0.626566529,0.654284894,-2.53069997,0.503994823,-0.135335058,2.44256163,-0.486158073,-0.019401744,-2.53069997,-0.600586116,-0.18795152,2.53783965,-0.51562804,-0.0213082023,-0.0394871272,0.0289956164,0.303678244,-0.73952198,0.173964411,-0.130624816,0.476273954,-0.767054021,-0.0649975911,0.158230394,0.434147209
-0.364008904,0.291125715,0.183529049,-0.287740678,0.317756325,0.623468339,0.65385282,-2.53069997,0.502291799,-0.129308209,2.41686392,-0.50957948,-0.0204523373,-2.53069997,-0.607099116,-0.204124957,2.51072884,-0.534262061,-0.0215049163,-0.0467083417,0.0278805774,0.311143458,-0.749090672,0.180057138,-0.125193775,0.47595036,-0.786108792,-0.0636506379,0.162705645,0.43099305
-0.363926113,0.287913114,0.187894627,-0.291007072,0.320642054,0.620542109,0.653782129,-2.53069997,0.503678024,-0.116483092,2.39032531,-0.529570699,-0.0223299712,-2.53069997,-0.616018713,-0.221561313,2.48633552,-0.549292147,-0.0217397846,-0.0469200909,0.0289653055,0.318162531,-0.758056164,0.185234234,-0.119499378,0.474578053,-0.802228332,-0.0619416833,0.164571956,0.427603841
-0.364021569,0.285883605,0.188083902,-0.292142898,0.321863413,0.619163871,0.653982103,-2.53069997,0.508865356,-0.105585247,2.3724575,-0.546747983,-0.0235554315,-2.53069997,-0.627545178,-0.236253619,2.46922088,-0.56125474,-0.0217458531,-0.0475240611,0.0276884828,0.326155871,-0.763593912,0.192138314,-0.112846315,0.477122903,-0.816284537,-0.059441369,0.165613368,0.424012661
-0.363651812,0.284644753,0.188805059,-0.292042702,0.32223025,0.618622839,0.654358149,-2.53069997,0.51452291,-0.0963386744,2.36402845,-0.561147571,-0.0246564206,-2.53069997,-0.636302054,-0.248407483,2.46128774,-0.570684791,-0.0220560879,-0.0500255376,0.0267856978,0.328855395,-0.770765126,0.194911316,-0.107453436,0.477450401,-0.824256003,-0.0576690175,0.167606384,0.424215585
-0.363270611,0.284121573,0.186787397,-0.290041178,0.320627481,0.619582891,0.655126929,-2.53069997,0.518580616,-0.0904242322,2.36385751,-0.573132992,-0.0252758879,-2.53069997,-0.642243683,-0.256169468,2.46182656,-0.578246951,-0.0224382561,-0.0505818464,0.0259545669,0.332841277,-0.77128613,0.196486294,-0.104734264,0.478063911,-0.82524848,-0.0586232953,0.168243095,0.425162554
-0.362716347,0.284851462,0.182490468,-0.286199927,0.317611605,0.62154305,0.656427264,-2.53069997,0.521623909,-0.0911241397,2.37332821,-0.583309472,-0.0253633391,-2.53069997,-0.642980516,-0.258559555,2.47279167,-0.584704936,-0.0231244918,-0.0517474674,0.0251564328,0.332927108,-0.763659716,0.195260823,-0.103831403,0.481297761,-0.821622908,-0.0589657798,0.169921368,0.426564038
-0.362456858,0.286130399,0.177291647,-0.280818105,0.313580334,0.624423563,0.657954216,-2.53069997,0.523220003,-0.0966160819,2.39271188,-0.591369033,-0.0249650385,-2.53069997,-0.640162587,-0.256070733,2.49106932,-0.590556324,-0.0241262671,-0.053322535,0.0249636285,0.33298707,-0.753082752,0.192317992,-0.10413073,0.484592825,-0.815486312,-0.0582205467,0.172982723,0.425982237
-0.361838818,0.288087815,0.170671299,-0.27500248,0.308660418,0.627477407,0.65982914,-2.53069997,0.522611439,-0.106785111,2.41831517,-0.597417176,-0.0244776681,-2.53069997,-0.632251084,-0.250326216,2.51553011,-0.596174657,-0.0253740158,-0.0531140678,0.0261350758,0.329982907,-0.744493365,0.18813242,-0.104087457,0.488327563,-0.800734699,-0.0579123236,0.174821779,0.42848298
-0.361185253,0.290008366,0.162510246,-0.267779857,0.302345514,0.631836116,0.661561966,-2.53069997,0.520586908,-0.121433929,2.44664836,-0.60159564,-0.0239169244,-2.53069997,-0.621774435,-0.239429653,2.54350424,-0.601000011,-0.0269274022,-0.0553032495,0.0270660743,0.331094801,-0.73156327,0.18266876,-0.104434066,0.493881285,-0.786965549,-0.0536832213,0.176466897,0.430505097
-0.360567659,0.291573465,0.157057449,-0.262436271,0.29794845,0.635314882,0.662366152,-2.53069997,0.517617524,-0.136963665,2.47053409,-0.603343904,-0.0231645778,-2.53069997,-0.609235346,-0.226525605,2.56778216,-0.604828954,-0.0285813045,-0.057408601,0.0267330762,0.331551313,-0.72136116,0.178207248,-0.105011612,0.497634053,-0.776227176,-0.0513613075,0.178162068,0.432456732
-0.359762996,0.291858703,0.153579414,-0.259015411,0.295002848,0.63792634,0.662521183,-2.53069997,0.512892544,-0.150392205,2.48579121,-0.603105247,-0.0223567951,-2.53069997,-0.596987307,-0.213312864,2.58308196,-0.607698619,-0.030079646,-0.0581320785,0.0266560223,0.33179006,-0.716732562,0.174677566,-0.105757013,0.499091387,-0.767277777,-0.0490244441,0.178902239,0.433244348
-0.35892868,0.291563302,0.151848048,-0.257361799,0.293758899,0.639445424,0.662253976,-2.53069997,0.508266747,-0.160605833,2.49184632,-0.602127194,-0.021882344,-2.53069997,-0.587113738,-0.202014074,2.58977342,-0.610091627,-0.0313295238,-0.0597358234,0.0254158862,0.333811283,-0.715267539,0.173377112,-0.104981311,0.499583095,-0.763560832,-0.0460619554,0.179360017,0.43253082
-0.358352393,0.290431976,0.153664485,-0.257022649,0.293879151,0.640521407,0.661291718,-2.53069997,0.504266441,-0.165753081,2.4898026,-0.600487113,-0.0215999447,-2.53069997,-0.580476284,-0.193182215,2.58920002,-0.611581564,-0.0320347808,-0.0587040149,0.0247192159,0.337137222,-0.718197048,0.17225644,-0.10396345,0.49872756,-0.765530825,-0.046211686,0.178099006,0.431805402
-0.357608646,0.288185358,0.157590315,-0.258841336,0.295748621,0.640231133,0.660028815,-2.53069997,0.501207232,-0.165305331,2.47787786,-0.598453581,-0.0215301123,-2.53069997,-0.577969849,-0.188654497,2.57948828,-0.612326264,-0.0324405767,-0.0573665872,0.0243431609,0.339641631,-0.727672338,0.172929138,-0.102316663,0.495861709,-0.769577324,-0.0479763523,0.17615889,0.43190068
-0.356790334,0.286312371,0.160066187,-0.260795802,0.297078162,0.640060544,0.658826709,-2.53069997,0.499935895,-0.161674187,2.4651289,-0.597073257,-0.0221058894,-2.53069997,-0.579737067,-0.1876515,2.56904793,-0.613265634,-0.0325631388,-0.0561634377,0.0248012673,0.341700077,-0.731789351,0.177308112,-0.0998073518,0.494959235,-0.777542293,-0.048753161,0.173248231,0.429126799
-0.356271654,0.28417626,0.164402038,-0.262373269,0.298632145,0.639586568,0.657957554,-2.53069997,0.498747855,-0.155865163,2.45146561,-0.596613467,-0.0225877557,-2.53069997,-0.585085034,-0.190728799,2.55754209,-0.614131391,-0.0323139243,-0.054992076,0.0263878815,0.341156065,-0.740866363,0.17564787,-0.100617208,0.490249902,-0.779646039,-0.0516436733,0.170241937,0.430654645
-0.355438471,0.282845736,0.166199774,-0.263217688,0.299323976,0.63924104,0.65764153,-2.53069997,0.498253793,-0.149675339,2.44107056,-0.596355021,-0.0235705841,-2.53069997,-0.590381384,-0.195210233,2.54892993,-0.614658713,-0.0319334418,-0.054404553,0.0270647611,0.34172532,-0.746607184,0.178408265,-0.0991710052,0.488283992,-0.780668557,-0.0486771092,0.167145878,0.430541515
-0.354886532,0.28222537,0.167084277,-0.263064057,0.299298704,0.639533937,0.657429814,-2.53069997,0.497479886,-0.147026479,2.43675733,-0.596750617,-0.0242758822,-2.53069997,-0.594168901,-0.199760184,2.54702115,-0.614661694,-0.0313492306,-0.0558776446,0.0262405463,0.340930641,-0.748233378,0.180700228,-0.0979605913,0.487828106,-0.782279491,-0.0514483564,0.166079372,0.433372676
-0.354328066,0.281837165,0.16691494,-0.262290865,0.298311919,0.640189588,0.657549143,-2.53069997,0.49384591,-0.146268815,2.43535852,-0.597516298,-0.0248066168,-2.53069997,-0.597111404,-0.203412861,2.54706669,-0.614934862,-0.0307792258,-0.0563075095,0.0274128597,0.341554731,-0.747590363,0.181377545,-0.0978774056,0.487991452,-0.780551136,-0.0515511073,0.166900843,0.435373873
-0.353807777,0.282342583,0.164836958,-0.260273725,0.296259612,0.641268849,0.65822649,-2.53069997,0.491627604,-0.149431244,2.44002318,-0.598153234,-0.0252103545,-2.53069997,-0.597887695,-0.204275444,2.55257344,-0.614950418,-0.0303886607,-0.0591147095,0.0268345382,0.342327178,-0.744678676,0.178350016,-0.0993461758,0.487923414,-0.778068781,-0.0483506881,0.168267936,0.436954647
-0.353950799,0.28308773,0.162776217,-0.258092374,0.294832349,0.641918004,0.659092963,-2.53069997,0.490339756,-0.154150859,2.44775486,-0.598271489,-0.0252134819,-2.53069997,-0.596503019,-0.203194171,2.56155896,-0.614604473,-0.0301715527,-0.0596456304,0.0271685869,0.341542542,-0.740818202,0.177527055,-0.0997893587,0.488166839,-0.775505245,-0.0460018516,0.168274671,0.437211037
-0.353902161,0.283567071,0.161760613,-0.256145328,0.293081522,0.642451108,0.660113215,-2.53069997,0.488050431,-0.159821525,2.45468521,-0.59774667,-0.0251949355,-2.53069997,-0.593980432,-0.201217532,2.56762099,-0.614284635,-0.0300129019,-0.05972955,0.027208481,0.341793001,-0.738399923,0.176216692,-0.100336842,0.488221705,-0.772891939,-0.0450267866,0.168192476,0.438157141
-0.353845119,0.283904731,0.159885958,-0.254275858,0.291415989,0.642917991,0.661118031,-2.53069997,0.485307008,-0.166015685,2.46256542,-0.596834838,-0.0252155587,-2.53069997,-0.589121282,-0.200037494,2.57431984,-0.614164472,-0.029914055,-0.059860725,0.0273199435,0.342904717,-0.734590888,0.176413894,-0.100911655,0.488792062,-0.770460486,-0.043861255,0.168796659,0.438744217
-0.354407489,0.28398782,0.158857137,-0.253501773,0.291171759,0.642356753,0.662067711,-2.53069997,0.485132128,-0.17139037,2.4677155,-0.59541738,-0.0248018987,-2.53069997,-0.584186196,-0.197735682,2.57643366,-0.614158094,-0.0297816712,-0.0593058988,0.0267007835,0.343082547,-0.733673573,0.175229475,-0.101401798,0.48871091,-0.769478321,-0.0429344624,0.16965951,0.439590067
-0.35492295,0.283569455,0.158922672,-0.252841353,0.290634036,0.641897261,0.663001478,-2.53069997,0.485548317,-0.173920915,2.46858096,-0.593699753,-0.0247078072,-2.53069997,-0.578918993,-0.195621699,2.57570624,-0.613997996,-0.0296691805,-0.0578435734,0.027219452,0.344523311,-0.733655334,0.177121118,-0.1009482,0.489286661,-0.768973589,-0.0439013205,0.169000626,0.439740986
-0.355790973,0.283328563,0.160369337,-0.252790689,0.291002423,0.640860438,0.663861811,-2.53069997,0.487413764,-0.175113603,2.46985769,-0.591850698,-0.0245859772,-2.53069997,-0.575766623,-0.193948597,2.57304382,-0.614366889,-0.0295306183,-0.0566646084,0.0273381677,0.345903307,-0.736516654,0.175310299,-0.101342782,0.488087565,-0.771595061,-0.0449358709,0.16846858,0.43965596
-0.356842726,0.282712817,0.160220429,-0.252768397,0.291467041,0.640009403,0.664487064,-2.53069997,0.489625007,-0.174005449,2.46992731,-0.590103209,-0.0245723091,-2.53069997,-0.573723495,-0.193367645,2.56926227,-0.615048945,-0.0293354299,-0.0545732826,0.0274902098,0.347392231,-0.737644196,0.17358841,-0.102390267,0.487478733,-0.774963796,-0.0469845794,0.16760315,0.439376205
-0.357218623,0.282146782,0.160782561,-0.253618509,0.291632473,0.639001429,0.665060401,-2.53069997,0.492727935,-0.171999708,2.46767378,-0.58850497,-0.0247617103,-2.53069997,-0.573114455,-0.193766311,2.56534791,-0.615507483,-0.0294488035,-0.0536592975,0.0275579486,0.347814441,-0.738406599,0.175098166,-0.101994738,0.487598836,-0.774856985,-0.0456106178,0.167448863,0.438650966
-0.358357459,0.282077402,0.162069306,-0.253544837,0.292204529,0.638142705,0.665661693,-2.53069997,0.496657044,-0.169483364,2.46779156,-0.587561309,-0.0247168392,-2.53069997,-0.574301839,-0.193189904,2.56247663,-0.61614871,-0.0292398296,-0.0519087948,0.0264042262,0.347397923,-0.741005957,0.174523458,-0.102501348,0.48728171,-0.775513709,-0.0488203354,0.165945381,0.438962966
-0.359073132,0.28197065,0.161719739,-0.253749967,0.291914135,0.637784123,0.666054428,-2.53069997,0.499466866,-0.166639104,2.46861482,-0.586695552,-0.0249690488,-2.53069997,-0.575367033,-0.192832619,2.56128979,-0.616669178,-0.029194355,-0.0497845709,0.0265411884,0.347739071,-0.741656303,0.173700303,-0.10385108,0.487521529,-0.77633357,-0.0508606732,0.165508702,0.439721763
-0.359567672,0.281896591,0.162337109,-0.253984809,0.291728228,0.637326181,0.666484594,-2.53069997,0.501296699,-0.16437389,2.46955895,-0.586236179,-0.0250961538,-2.53069997,-0.576330066,-0.193448156,2.56047964,-0.616966248,-0.0291167386,-0.0497959815,0.0263521746,0.347235948,-0.742058933,0.173788756,-0.104102552,0.487505764,-0.777377903,-0.0504826717,0.165024817,0.439846754
-0.359781295,0.281919062,0.161371261,-0.253503829,0.290871471,0.637515545,0.666860938,-2.53069997,0.501270831,-0.163606569,2.4713192,-0.586041629,-0.0252959356,-2.53069997,-0.576949477,-0.193112478,2.56142926,-0.617037833,-0.0291685313,-0.0512935966,0.0262063425,0.348461181,-0.740207434,0.175060779,-0.103815772,0.48813194,-0.776185751,-0.0505359806,0.165538147,0.44019866
-0.359746426,0.282065868,0.160669357,-0.252906114,0.290022701,0.637907505,0.667082727,-2.53069997,0.50049293,-0.164017856,2.47292662,-0.585461259,-0.0253669806,-2.53069997,-0.576596737,-0.193090633,2.56292677,-0.616749108,-0.0291416049,-0.0517674498,0.0255692638,0.348389566,-0.739006579,0.17485112,-0.10401082,0.488393784,-0.775721908,-0.0496948101,0.165592507,0.440562069
-0.360203981,0.282700509,0.160720676,-0.25245437,0.28937906,0.638177097,0.667275548,-2.53069997,0.49983263,-0.165715605,2.47740793,-0.585100949,-0.0253053159,-2.53069997,-0.577177584,-0.190401196,2.56685758,-0.616555452,-0.0292047169,-0.0512296557,0.0263097435,0.349692643,-0.73646003,0.175720245,-0.103627592,0.488946468,-0.773957491,-0.0536119901,0.164265156,0.441397101
-0.359948754,0.282989413,0.159141541,-0.251886576,0.287584782,0.639159381,0.667325556,-2.53069997,0.496665001,-0.168552592,2.48122978,-0.584582806,-0.0254703946,-2.53069997,-0.577107489,-0.188107178,2.57046509,-0.615951538,-0.0293513387,-0.0525830686,0.0260525607,0.349220276,-0.735920668,0.174517125,-0.10388872,0.488928765,-0.772806883,-0.0505510345,0.165524662,0.441634148
-0.35974443,0.283364654,0.158617929,-0.251557738,0.286280423,0.64000535,0.667199671,-2.53069997,0.4931297,-0.17195119,2.48400569,-0.584130943,-0.0254768673,-2.53069997,-0.576532066,-0.18564713,2.57388902,-0.614934802,-0.0294353105,-0.0534299202,0.0265529938,0.349471897,-0.733575881,0.174139336,-0.104188934,0.489213228,-0.771664023,-0.048835516,0.165662304,0.442042679
-0.359451175,0.283602029,0.157914311,-0.251131952,0.28548345,0.640573859,0.667155862,-2.53069997,0.489928544,-0.17524913,2.48595762,-0.583716035,-0.0254021361,-2.53069997,-0.575926244,-0.183268055,2.57696033,-0.613682985,-0.0294990167,-0.0531987399,0.0260451548,0.350237697,-0.732058167,0.174267828,-0.104323179,0.489670753,-0.770423234,-0.051052846,0.166025773,0.442671597
-0.359338492,0.283896804,0.158064187,-0.25060752,0.284630179,0.641171396,0.667143703,-2.53069997,0.489147037,-0.17871581,2.48790574,-0.582945764,-0.0253094994,-2.53069997,-0.575183094,-0.180658236,2.57965493,-0.61224848,-0.029478183,-0.0536594056,0.0263150819,0.351073951,-0.732443094,0.172893837,-0.104728997,0.489423722,-0.769604325,-0.049011562,0.166949555,0.442737222
-0.359467894,0.284052789,0.157264382,-0.250475109,0.284319788,0.641502261,0.667007744,-2.53069997,0.487460434,-0.181188837,2.48918295,-0.581918955,-0.0252286587,-2.53069997,-0.573706567,-0.178076535,2.58127022,-0.610875309,-0.0293662511,-0.0529212132,0.0264208931,0.351017356,-0.731441557,0.173171759,-0.104772113,0.489923388,-0.769339383,-0.0482541434,0.166250348,0.44218871
-0.359307855,0.284049451,0.157318011,-0.250884086,0.284608036,0.641410828,0.666819096,-2.53069997,0.4873164,-0.182715148,2.48935366,-0.580870748,-0.0252290834,-2.53069997,-0.571205437,-0.175776303,2.58267879,-0.609535515,-0.0294134524,-0.0527298413,0.0260162652,0.350643247,-0.730553687,0.175357223,-0.103684425,0.49107036,-0.767853856,-0.0483670793,0.165694341,0.442611843
-0.359290808,0.283798516,0.158002019,-0.250994384,0.284647167,0.641287744,0.666879117,-2.53069997,0.486888051,-0.182497948,2.48809409,-0.580274403,-0.0253201537,-2.53069997,-0.568271518,-0.174950823,2.58182621,-0.608885586,-0.0292537082,-0.0528933369,0.0263707358,0.350387007,-0.731941938,0.174473286,-0.103986606,0.490785301,-0.76865679,-0.0479969829,0.165438265,0.442473173
-0.359621227,0.283950567,0.158008784,-0.250729412,0.284648299,0.641246915,0.667017639,-2.53069997,0.487970352,-0.182579815,2.48895574,-0.579747498,-0.0254221261,-2.53069997,-0.566352308,-0.173023254,2.58242154,-0.608197808,-0.0290019829,-0.0536531471,0.0264733508,0.350898802,-0.731031358,0.174727082,-0.104003944,0.491040528,-0.767669916,-0.0492651761,0.165866897,0.442849904
-0.359708011,0.283902496,0.158144206,-0.250497699,0.28437829,0.641347229,0.667123437,-2.53069997,0.488864571,-0.182027861,2.4898169,-0.579086483,-0.0256420765,-2.53069997,-0.564549625,-0.171771064,2.58315253,-0.607974589,-0.0288509727,-0.0533041172,0.0264815092,0.351205856,-0.733098626,0.172315061,-0.104760893,0.48972559,-0.76889354,-0.0507144257,0.166325852,0.443133205
-0.360158652,0.284003407,0.159006059,-0.250731379,0.284565002,0.640882134,0.667402983,-2.53069997,0.489001989,-0.181772366,2.49044371,-0.578486204,-0.0256826766,-2.53069997,-0.563354075,-0.169839785,2.58316588,-0.607812464,-0.0286942236,-0.0515794195,0.0262183845,0.350348324,-0.734102786,0.171758473,-0.104451999,0.489363164,-0.769911766,-0.0527242199,0.1661347,0.44305703
-0.360281736,0.283976972,0.158271164,-0.250299394,0.284131825,0.640764713,0.667862236,-2.53069997,0.488701582,-0.181470692,2.49077201,-0.578068078,-0.0259009246,-2.53069997,-0.561774969,-0.169449255,2.58282185,-0.607903242,-0.0284469146,-0.051617194,0.0262514353,0.351189971,-0.731318474,0.172751501,-0.103918768,0.4906196,-0.768742681,-0.0549101532,0.167628065,0.444037467
-0.360682607,0.284124941,0.157091409,-0.250180811,0.283932358,0.640435636,0.668307006,-2.53069997,0.488184392,-0.182072744,2.49244094,-0.577661574,-0.0259383637,-2.53069997,-0.560817897,-0.168658152,2.58321643,-0.607750952,-0.0282710213,-0.0514929071,0.0260315221,0.350708872,-0.730825186,0.171227247,-0.104542129,0.490648061,-0.769111514,-0.0543184094,0.168748736,0.444065273
-0.360901296,0.284402519,0.157153904,-0.250125557,0.283683389,0.640049219,0.668803394,-2.53069997,0.48789832,-0.183365911,2.49433875,-0.577235997,-0.0259538833,-2.53069997,-0.560480893,-0.167408451,2.5840385,-0.607733011,-0.0282097179,-0.0506046638,0.0263332725,0.349912345,-0.730465293,0.169883728,-0.104912154,0.49065876,-0.768453956,-0.0553155094,0.168699965,0.443963975
-0.361296386,0.284716457,0.156811893,-0.249569878,0.283105642,0.639940679,0.669359386,-2.53069997,0.487802088,-0.184659451,2.49670053,-0.576809347,-0.0259390026,-2.53069997,-0.560245395,-0.166351512,2.58492255,-0.607426524,-0.027991103,-0.0509210229,0.0265411753,0.350051314,-0.729306281,0.16876474,-0.105064169,0.491309941,-0.767493248,-0.0536671206,0.169360653,0.443990499
-0.361688077,0.284962267,0.157514513,-0.249272048,0.282885045,0.639605939,0.66988337,-2.53069997,0.48692891,-0.186023116,2.49897265,-0.576067865,-0.0258768164,-2.53069997,-0.559986472,-0.165733933,2.58582282,-0.606810451,-0.0278127082,-0.0509491302,0.0263108928,0.350487888,-0.728949368,0.169124886,-0.104020685,0.491582006,-0.766212702,-0.0527692772,0.169976443,0.444286853
-0.361991853,0.285096616,0.156973109,-0.249342948,0.282954216,0.639067888,0.670341194,-2.53069997,0.486071497,-0.187542379,2.50072503,-0.575351536,-0.0258487482,-2.53069997,-0.559488833,-0.164683238,2.58597589,-0.606306136,-0.0278135836,-0.0507267788,0.0266865809,0.350035667,-0.728560328,0.168453231,-0.103995986,0.491267979,-0.767587781,-0.0530868992,0.169292599,0.443920791
-0.362215221,0.28509739,0.156446159,-0.249382213,0.282799631,0.638861537,0.670588493,-2.53069997,0.485158563,-0.188008294,2.50180912,-0.574815512,-0.0259301066,-2.53069997,-0.558640599,-0.165561259,2.58559299,-0.605511963,-0.0275931135,-0.0507959984,0.0266639944,0.349924892,-0.727990746,0.167867556,-0.103945062,0.491261035,-0.766721845,-0.0512608215,0.169829622,0.44382304
-0.362443,0.285229832,0.15686655,-0.249914885,0.283061385,0.638301253,0.670813262,-2.53069997,0.485043913,-0.189564496,2.5025475,-0.5744524,-0.0258614887,-2.53069997,-0.558410943,-0.164330065,2.58561087,-0.604842186,-0.027623577,-0.0502675846,0.0265283734,0.349795878,-0.72665453,0.169566631,-0.102985524,0.491373152,-0.765827358,-0.0537033081,0.170341358,0.444320709
-0.362666875,0.285004705,0.156791776,-0.250092536,0.283157498,0.637730777,0.671248913,-2.53069997,0.483488858,-0.189486906,2.50217462,-0.57448715,-0.0259908568,-2.53069997,-0.55836302,-0.166303411,2.58368707,-0.60456425,-0.0273887236,-0.0502825305,0.0269454513,0.348858386,-0.727445185,0.168264866,-0.103398725,0.490627527,-0.766978204,-0.0517111085,0.170135006,0.443476975
-0.362802297,0.285275251,0.157075852,-0.249867961,0.282877058,0.637706935,0.671473384,-2.53069997,0.484180152,-0.190431416,2.50458717,-0.574335992,-0.0261878427,-2.53069997,-0.558661163,-0.166552037,2.58520198,-0.603902459,-0.0272705406,-0.0504113436,0.0271425638,0.349702895,-0.725268066,0.169996709,-0.102091864,0.491348356,-0.76617986,-0.0514583401,0.170894265,0.44402054
-0.362740219,0.285316527,0.15503341,-0.249986425,0.282719135,0.637581408,0.671614945,-2.53069997,0.484178066,-0.192617789,2.50582695,-0.574179947,-0.0261151679,-2.53069997,-0.559478164,-0.165612951,2.5859797,-0.603389382,-0.0273476075,-0.0491011254,0.0267928671,0.349748701,-0.725047946,0.170339346,-0.102211475,0.4915829,-0.76565522,-0.0536802411,0.171136975,0.444276392
-0.362731725,0.285276741,0.15569745,-0.249974951,0.28284654,0.63762778,0.671521485,-2.53069997,0.483767927,-0.192436352,2.5059092,-0.5741871,-0.0263851173,-2.53069997,-0.559302449,-0.166670054,2.58555555,-0.602823794,-0.027208047,-0.0492414013,0.0270530712,0.349295139,-0.725483119,0.168477625,-0.102872476,0.490701586,-0.765749991,-0.0520829745,0.172011629,0.443968147
-0.362509012,0.285175204,0.156896234,-0.250245422,0.282958478,0.63776511,0.67124325,-2.53069997,0.482990563,-0.193610743,2.50444841,-0.574302971,-0.0263234731,-2.53069997,-0.559554398,-0.166655526,2.58528924,-0.602362573,-0.0271582659,-0.0479886718,0.0267298203,0.349237651,-0.726178825,0.169101641,-0.10218028,0.490479082,-0.76605916,-0.0543287881,0.171579197,0.444265336
-0.362427741,0.285152584,0.156312555,-0.250205636,0.283029467,0.637794733,0.671199977,-2.53069997,0.482393295,-0.193693548,2.50497723,-0.574504554,-0.0264891777,-2.53069997,-0.559270144,-0.167281851,2.58544731,-0.602172673,-0.0270138513,-0.0476782881,0.0269891284,0.348438412,-0.725142837,0.169416726,-0.102218024,0.491218746,-0.764845312,-0.0540872179,0.171789318,0.444401979
-0.362287402,0.285343587,0.158359006,-0.240789428,0.27209115,0.614317715,0.700428903,-2.53069997,0.482168764,-0.194300145,2.50599527,-0.574758232,-0.0266801696,-2.53069997,-0.558640659,-0.167514175,2.58669686,-0.602426589,-0.0270047262,-0.0474078581,0.0271616355,0.348405451,-0.7246719,0.169077769,-0.10245122,0.492138565,-0.764842451,-0.0535047203,0.171892896,0.444523662
