-0.358089238,0.557519972,0.139868245,-0.408826023,0.470420063,0.573777735,0.531361759,0.204516217,0.0130906207,-0.0643008873,0.187340751,-0.00564855011,-4.08026499e-05,0.329367816,0.0585537516,0.0325821489,0.117645785,-0.0271802377,3.72838513e-05,-0.139643297,-0.00512913754,0.114190556,0.280275583,0.687161326,0.232779741,-0.376118898,0.272001028,-0.793022335,-0.194374457,-0.477109969
-0.358186185,0.557300746,0.14082095,-0.408321828,0.470151097,0.574645042,0.531050146,0.20682992,0.013580312,-0.0643010214,0.188710913,-0.00370408734,-1.91873678e-05,0.332046688,0.0596929751,0.0332713984,0.118572839,-0.0291405357,6.68506691e-05,-0.140854716,-0.00567561621,0.115677305,0.281041086,0.686999679,0.231962949,-0.374722421,0.271853328,-0.793161333,-0.194699109,-0.477505952
-0.357934862,0.557221293,0.165252462,-0.408738643,0.469330728,0.574651301,0.531448364,0.212411523,0.0179189965,-0.0664846003,0.188768074,-0.000636498968,1.9587691e-05,0.329332113,0.0634421259,0.0329226255,0.119367465,-0.0308225024,0.000126357831,-0.142562851,-0.00558972824,0.112111025,0.282917231,0.675594151,0.218251392,-0.39308998,0.267897457,-0.789024115,-0.187404469,-0.48515442
-0.358875304,0.557153344,0.167585745,-0.407045782,0.468192846,0.576769173,0.531456947,0.220275581,0.0191563144,-0.0671497956,0.18888396,0.00138318876,1.68842143e-05,0.335512787,0.0632065088,0.0344236381,0.122764356,-0.0327988341,0.000114124115,-0.144777626,-0.00426485902,0.112484358,0.278266937,0.677502871,0.207200781,-0.412039161,0.269808948,-0.79096818,-0.183764458,-0.487074524
-0.358977586,0.557117105,0.164009094,-0.406618059,0.468625546,0.576812148,0.531356394,0.221296683,0.0195124727,-0.067383863,0.186185732,0.00267905788,-5.45865305e-06,0.336419731,0.063495554,0.0353062041,0.122891553,-0.0346373208,0.000158762952,-0.145531878,-0.00555025367,0.112984404,0.281482726,0.676352978,0.200824767,-0.418530941,0.272792608,-0.792154789,-0.182839572,-0.487054348
-0.359148115,0.557065666,0.16328232,-0.40611726,0.469288319,0.57692796,0.531028688,0.221734598,0.0181463286,-0.0672184676,0.184336826,0.00380081194,-4.66984566e-05,0.336974442,0.061913643,0.0362273939,0.122810282,-0.0362641327,0.00015379228,-0.146460235,-0.0056880787,0.11201562,0.285076737,0.678149819,0.197503418,-0.422407866,0.276826382,-0.794429183,-0.181662589,-0.48751846
-0.359088063,0.557206571,0.162876844,-0.406260103,0.469332844,0.576941609,0.530865073,0.22199671,0.0183076095,-0.0675666183,0.182817042,0.00521961786,-9.69992252e-05,0.336344391,0.0627904832,0.0364514329,0.1223289,-0.0376895852,0.00017977893,-0.146453187,-0.00618694304,0.111806691,0.286730349,0.678637981,0.19460693,-0.42481783,0.275969118,-0.795319557,-0.182322785,-0.486959487
-0.359240562,0.556988001,0.162708789,-0.405838728,0.469777286,0.576853812,0.53088969,0.222189724,0.0165838562,-0.0676539242,0.18181324,0.00665197941,-0.000133462629,0.336393327,0.061991021,0.0369765759,0.122177064,-0.0388674177,0.000193702173,-0.146559015,-0.00564171746,0.111463659,0.287810981,0.68008101,0.193053886,-0.42661348,0.278081805,-0.797688842,-0.182805911,-0.487270296
-0.359018058,0.557083488,0.162322357,-0.406459689,0.469173759,0.576920569,0.530875802,0.222225264,0.0185144786,-0.0682944581,0.181038305,0.00758002233,-0.000152486886,0.336398482,0.0635246113,0.0369817764,0.122296371,-0.0399118848,0.000219932364,-0.147160903,-0.00553895347,0.111949153,0.286777169,0.679541111,0.191605806,-0.427899718,0.277473271,-0.797179461,-0.182109803,-0.487989455
-0.35911575,0.556947589,0.162394002,-0.405957043,0.469500035,0.576982498,0.53090477,0.223427877,0.0164812971,-0.0684225932,0.180746764,0.00919086765,-0.000197507805,0.336672097,0.0629257411,0.0374311693,0.122342475,-0.0409447961,0.000228212986,-0.147177026,-0.00558729656,0.112390138,0.285727113,0.679218829,0.190144345,-0.429011971,0.27587086,-0.797111332,-0.183570296,-0.488115042
-0.358936608,0.557069659,0.161972255,-0.405557692,0.469688863,0.577143192,0.530868232,0.223216504,0.0165259298,-0.0687216222,0.180104524,0.010013327,-0.000228757752,0.337094426,0.0626868084,0.0376187377,0.122387096,-0.0416034088,0.000237288317,-0.146498784,-0.00593719725,0.112763792,0.286229461,0.680751979,0.188102037,-0.429687321,0.275621533,-0.796534061,-0.184541851,-0.488713771
-0.358866811,0.557052791,0.162058339,-0.405693769,0.469398767,0.577331364,0.530816257,0.223927066,0.0180976354,-0.06904535,0.17976521,0.0106321713,-0.000230956284,0.337385029,0.0636905134,0.0375340804,0.122548565,-0.0421657152,0.000253461942,-0.146228731,-0.00630030362,0.11331699,0.286328971,0.681654096,0.187229589,-0.429736674,0.275553226,-0.795913279,-0.184665278,-0.488675088
-0.359061182,0.557036102,0.161527872,-0.405737013,0.469563693,0.577123702,0.530863166,0.223243877,0.0183941107,-0.0687101781,0.179172531,0.0106810434,-0.000234142601,0.33722201,0.0631490424,0.0379035324,0.12238124,-0.0428088047,0.000261916342,-0.14671056,-0.00564103341,0.112157755,0.287065834,0.682638228,0.186382994,-0.43006295,0.277581304,-0.796348095,-0.183891907,-0.489104062
-0.358998835,0.556951225,0.1612342,-0.405383259,0.469650954,0.57733506,0.53082633,0.223631844,0.0184309818,-0.0684660003,0.179251343,0.0108115198,-0.000248896657,0.338181943,0.063115567,0.0381350815,0.122381598,-0.0433244966,0.000269417244,-0.146380186,-0.00584340096,0.113831922,0.287421256,0.683479905,0.185836777,-0.430447936,0.278685361,-0.796970487,-0.183932126,-0.490082324
-0.359155655,0.556973636,0.161631301,-0.405393064,0.469670027,0.577234149,0.530911565,0.224058405,0.0169323403,-0.0683400854,0.178958312,0.011534065,-0.000292464538,0.337767273,0.0628001317,0.0382778235,0.122078605,-0.0438700244,0.000275486236,-0.146905795,-0.00562086981,0.113174513,0.287509292,0.683706164,0.184820443,-0.430692643,0.27833128,-0.797020912,-0.183812633,-0.490078032
-0.359098792,0.557016611,0.161393881,-0.405080557,0.46970129,0.577241302,0.531114757,0.22424677,0.0161686465,-0.068474479,0.178763956,0.0120432563,-0.000321380881,0.338172257,0.06222241,0.038338013,0.122281156,-0.044133883,0.000271562807,-0.146734834,-0.00582639547,0.113778412,0.287196994,0.683704436,0.184546486,-0.430755734,0.278723031,-0.797429502,-0.183431029,-0.490374118
-0.359042883,0.557085693,0.161455184,-0.405279428,0.469478577,0.577408612,0.530978143,0.225040928,0.0179826412,-0.0685477704,0.17889908,0.012108922,-0.000304137298,0.338811696,0.0627315715,0.0383290201,0.122387812,-0.0444690883,0.000292604178,-0.147178739,-0.00642447453,0.11363738,0.287054002,0.682473302,0.184777275,-0.429764211,0.278666288,-0.796892643,-0.183684781,-0.490546644
-0.359006166,0.55700016,0.161527053,-0.405130714,0.469715267,0.577263057,0.531040549,0.224353313,0.016690474,-0.0682402924,0.178277716,0.0123563148,-0.00034024773,0.338318825,0.0626651198,0.0382492729,0.122084044,-0.0446265563,0.000289311283,-0.146568328,-0.00596959097,0.113651641,0.286351711,0.682271421,0.184663445,-0.430214316,0.279481173,-0.796553135,-0.182770804,-0.490592867
-0.359081268,0.556958079,0.161527812,-0.405099064,0.469607949,0.577334762,0.531081557,0.224654928,0.0178906266,-0.0682444051,0.178568497,0.0122763664,-0.000320175197,0.338882536,0.0626405627,0.0383743532,0.122373834,-0.0449362919,0.000301147433,-0.146780476,-0.0060302522,0.113780491,0.286935598,0.682745636,0.184683859,-0.43016693,0.279285878,-0.79701525,-0.18335934,-0.490687013
-0.359015971,0.557089865,0.161945298,-0.405233473,0.469501048,0.577412128,0.530989528,0.225040421,0.0175615139,-0.0681911483,0.178580835,0.0125763975,-0.000352152885,0.338863671,0.0627476424,0.038318608,0.121912524,-0.0451129191,0.000300928805,-0.146769926,-0.00619576918,0.113664515,0.28706488,0.683054924,0.184406921,-0.430026591,0.278160959,-0.79705888,-0.1840754,-0.490137458
-0.358973473,0.556994855,0.161302283,-0.405235678,0.469926238,0.57716912,0.530875802,0.223814428,0.0174130946,-0.0679311976,0.178243726,0.0123757757,-0.00035197183,0.338260204,0.0621589273,0.0384096019,0.12173494,-0.0452533364,0.000294773228,-0.146603316,-0.00607885048,0.113125175,0.287463427,0.683866203,0.184578881,-0.430096477,0.280288756,-0.797563434,-0.18389608,-0.490774333
-0.359140396,0.55700171,0.161688074,-0.405475676,0.469789267,0.577047348,0.530946136,0.223602459,0.0182472095,-0.0677864254,0.178011939,0.012282826,-0.000345124863,0.337721765,0.0622454025,0.0384078063,0.12165869,-0.0454996228,0.00029876284,-0.146995977,-0.00604599435,0.112829767,0.287655801,0.683915913,0.184623301,-0.430091143,0.280075788,-0.797465205,-0.184532806,-0.490254402
-0.359002948,0.557134807,0.161697522,-0.405382842,0.469593793,0.577199399,0.531024754,0.224369735,0.0177981053,-0.0674782768,0.178091258,0.0122856749,-0.000377762859,0.33823365,0.0627688915,0.038320601,0.121740647,-0.045500882,0.000317699596,-0.147173226,-0.00604397757,0.113381319,0.287930012,0.683826149,0.184412643,-0.430148184,0.280620307,-0.797259867,-0.183806166,-0.49077034
-0.359113067,0.557083547,0.161426932,-0.405281425,0.469761312,0.577262461,0.530885458,0.22400938,0.0173279606,-0.0671899244,0.178240925,0.0121205216,-0.000383517909,0.33875981,0.06264323,0.0384925753,0.121775351,-0.0455972217,0.000331158226,-0.147102118,-0.00616190024,0.113315634,0.288276404,0.68393892,0.184434056,-0.430202067,0.281002998,-0.797680259,-0.183991328,-0.490939289
-0.359181136,0.557095706,0.161410838,-0.405385643,0.469850868,0.57719034,0.530805051,0.224014476,0.0178826395,-0.0671023503,0.17812638,0.0121421656,-0.000378974131,0.338205278,0.062530525,0.0385161154,0.121819794,-0.0458209366,0.000321730942,-0.147305548,-0.00605835579,0.112668574,0.288789898,0.683760464,0.18417269,-0.430042297,0.281783849,-0.797474504,-0.184459627,-0.489978105
-0.359103143,0.557131886,0.161727652,-0.405143112,0.469839215,0.57729429,0.530887425,0.223914936,0.0176307205,-0.0669248179,0.177902684,0.0120822145,-0.000396667805,0.338286132,0.0626812428,0.0384626724,0.121812597,-0.0458978303,0.000325185829,-0.146971524,-0.00597529067,0.113517068,0.288084716,0.683949769,0.184157014,-0.430491835,0.280923158,-0.797694802,-0.185005203,-0.490378141
-0.359077185,0.55707109,0.16156435,-0.405135334,0.469904631,0.577194214,0.530944228,0.223869786,0.0176672824,-0.0668118447,0.177970126,0.0120725529,-0.000391085341,0.3383331,0.0622600168,0.0384845696,0.121822558,-0.0458383746,0.000320458465,-0.147211164,-0.00612603407,0.113615468,0.287939757,0.683989644,0.184228972,-0.430377036,0.281173527,-0.797948241,-0.184644952,-0.490949929
-0.359049261,0.557147682,0.161933213,-0.405205309,0.469796181,0.577316225,0.530854285,0.224319905,0.0182397515,-0.0669013932,0.178054005,0.0121327741,-0.000393601629,0.338520855,0.0624737069,0.0383075699,0.121862873,-0.0458215177,0.00032192099,-0.147100568,-0.0064944895,0.113692865,0.287759572,0.683726668,0.184019923,-0.430095911,0.28071481,-0.79738009,-0.184226438,-0.491041243
-0.35892877,0.557075858,0.161831409,-0.405216038,0.470077008,0.577068686,0.530866504,0.223167688,0.0172172785,-0.0667310953,0.177753866,0.0119915195,-0.000415613671,0.33812204,0.0623836443,0.0383136123,0.121569373,-0.0458538458,0.000322665932,-0.146855175,-0.00608195737,0.112314917,0.28698644,0.683688879,0.184285432,-0.429861218,0.281325936,-0.797616303,-0.183663175,-0.491239905
-0.359071404,0.556989789,0.162016973,-0.405050546,0.469731718,0.57738173,0.530958116,0.224594548,0.0183313806,-0.0668596551,0.178163528,0.0120151509,-0.000394548319,0.338755906,0.0626176596,0.0382931419,0.12194737,-0.0460026227,0.00031818854,-0.146898434,-0.00610795245,0.113752469,0.287153542,0.683687031,0.184565559,-0.42965883,0.280770928,-0.797332525,-0.184443489,-0.491215557
-0.358849198,0.557146311,0.162549347,-0.405272871,0.469353884,0.577599645,0.530885458,0.224910855,0.0184604172,-0.0668754056,0.178028226,0.0120160393,-0.000422579673,0.33887288,0.0636253059,0.0379224718,0.122049667,-0.0457749963,0.000328807451,-0.146858782,-0.00621864432,0.113862641,0.286536932,0.683433533,0.185252205,-0.42925173,0.280195892,-0.796482861,-0.183664128,-0.491756707
-0.359176189,0.557037652,0.161450446,-0.40547055,0.469655782,0.577130198,0.530978143,0.224206358,0.0185366273,-0.066677846,0.177537292,0.0119179031,-0.000397660478,0.338172704,0.0629086792,0.03824801,0.121667765,-0.0457653254,0.00033159423,-0.147359565,-0.00567031838,0.112290494,0.287615985,0.68377769,0.184979215,-0.429356992,0.280635804,-0.796444714,-0.183994144,-0.491265804
-0.359016597,0.557069421,0.162245601,-0.405249238,0.469491988,0.577372491,0.531028569,0.224769309,0.0181726888,-0.0666083992,0.177906051,0.0119791171,-0.000416918308,0.338760138,0.0628721341,0.0381958969,0.121702038,-0.0456741937,0.000321858999,-0.147028461,-0.00609601708,0.113997266,0.28738603,0.68361038,0.184815958,-0.42985943,0.279594481,-0.796653986,-0.184207618,-0.491141111
-0.359081328,0.557152808,0.161427513,-0.405383557,0.469692886,0.577150166,0.530990005,0.224009141,0.0176849421,-0.06642849,0.177856669,0.011936646,-0.000425315317,0.33819285,0.0620819442,0.0382425673,0.12150529,-0.0454826578,0.000312627933,-0.147226423,-0.00578769669,0.112990707,0.288292855,0.68324542,0.184372663,-0.429583937,0.280393839,-0.796833873,-0.183663428,-0.490675956
-0.359150231,0.557132065,0.161874264,-0.405409932,0.469654948,0.57718575,0.530964792,0.224431589,0.0183251314,-0.0664774179,0.177844405,0.0119847041,-0.000412207242,0.338536412,0.0624643117,0.0382241048,0.121618867,-0.0455258414,0.00032643741,-0.147076935,-0.00600730395,0.113399774,0.287961811,0.683275759,0.184458494,-0.429708779,0.279444873,-0.797027826,-0.184238821,-0.490421593
-0.35898304,0.557056904,0.16192627,-0.405218869,0.469723672,0.577134728,0.53110534,0.224201694,0.0179689433,-0.066377297,0.177680209,0.0120055629,-0.000420636323,0.338161886,0.0624385588,0.0382528342,0.121707857,-0.0457078144,0.000324462133,-0.147060513,-0.00610477664,0.113535039,0.287402987,0.683207214,0.184504464,-0.43001014,0.280140609,-0.797391653,-0.184069782,-0.490469217
-0.35895443,0.557209671,0.161571935,-0.405423611,0.469390064,0.577239156,0.531130433,0.224529028,0.0185635388,-0.0664768144,0.177928329,0.0119919814,-0.000424925762,0.338359684,0.0629397258,0.0382082202,0.121994905,-0.0455467701,0.00033761232,-0.147473693,-0.00632288866,0.113359325,0.288235366,0.683101416,0.184603855,-0.429565847,0.280151904,-0.797374964,-0.183716595,-0.490970284
-0.359150559,0.557055652,0.161548764,-0.405019492,0.469823956,0.577243507,0.531050444,0.224785328,0.0179104954,-0.0662118569,0.178129464,0.0119741736,-0.0004129101,0.338969976,0.0616885833,0.0384721495,0.122003883,-0.0455838069,0.000315988815,-0.147038817,-0.00620580884,0.113588534,0.2881791,0.683776975,0.184466138,-0.429876149,0.279287964,-0.797809839,-0.184726611,-0.490566164
-0.359039366,0.557095706,0.161524326,-0.405215055,0.46982038,0.577003896,0.531164885,0.223903656,0.0171287619,-0.0661096945,0.177743345,0.0120089203,-0.000438197254,0.338178545,0.0619506203,0.0382612906,0.121705174,-0.045685526,0.000323947927,-0.147095874,-0.00601886353,0.112761065,0.287927419,0.684114575,0.184209287,-0.43014884,0.281522125,-0.797542512,-0.182665348,-0.490912437
-0.358994931,0.557176352,0.161762357,-0.405340612,0.469182968,0.577360988,0.531244397,0.225158259,0.0187066793,-0.0664588436,0.177977473,0.012044006,-0.000426248938,0.338997185,0.0629412085,0.0380683504,0.122003384,-0.0457088351,0.000332060648,-0.14722763,-0.00616740948,0.114052363,0.288056999,0.683976889,0.184134454,-0.429962754,0.279513866,-0.797583222,-0.183521748,-0.490565449
-0.359204412,0.556988955,0.161617234,-0.405084699,0.469682842,0.577260733,0.53110683,0.225508034,0.0178384855,-0.0661246106,0.1777668,0.0120347263,-0.000411303859,0.339058965,0.0620621704,0.0384231173,0.122227393,-0.0458705798,0.000337271835,-0.147759229,-0.00627481146,0.11337439,0.288044482,0.682862878,0.18445769,-0.429937959,0.279240966,-0.7977736,-0.184418499,-0.490397483
-0.358950704,0.557203054,0.161741346,-0.405707747,0.469537944,0.576944053,0.531103492,0.224082217,0.0182149876,-0.0662702918,0.177393824,0.0119618243,-0.000435975788,0.338103086,0.0626676381,0.0383008495,0.121543519,-0.0459054671,0.000334132987,-0.14781329,-0.00619579712,0.112017438,0.287868708,0.681852996,0.18462126,-0.429377943,0.279109061,-0.7970981,-0.18380703,-0.490282655
-0.359249532,0.556974649,0.161924914,-0.405237108,0.469720185,0.577034771,0.531203091,0.224345371,0.0177081265,-0.066019401,0.17791526,0.0120085245,-0.000415666145,0.338343769,0.0618445538,0.0385571197,0.121657491,-0.0460606962,0.000332635158,-0.147475868,-0.00636671623,0.113591023,0.287584811,0.682300687,0.184860751,-0.429704458,0.280260265,-0.79766494,-0.182741702,-0.490302086
-0.359012485,0.557206154,0.161466181,-0.405675828,0.469168335,0.577053308,0.531335831,0.224742353,0.0183689781,-0.0662871674,0.177875608,0.0120186023,-0.000437043753,0.338219613,0.0627293885,0.0383043103,0.121846035,-0.0458333045,0.000331036339,-0.147951156,-0.00626045838,0.112654626,0.287873328,0.682179511,0.184941724,-0.429507524,0.278757513,-0.79799968,-0.182989478,-0.489768535
-0.35916549,0.557239294,0.161872119,-0.405854166,0.469165951,0.576828897,0.531445205,0.224379063,0.017903557,-0.0660904497,0.177670449,0.012043043,-0.000437171926,0.337750167,0.0623835102,0.0384893194,0.122219868,-0.0458849184,0.000342416897,-0.148797274,-0.00591629138,0.112287037,0.288003623,0.68278414,0.185019702,-0.429549903,0.277011812,-0.798908591,-0.182755709,-0.489118695
-0.359213859,0.557202041,0.162099987,-0.406084239,0.468851268,0.576797187,0.5315817,0.224994972,0.0187087245,-0.0661717206,0.177794397,0.0120764058,-0.000422375597,0.337691039,0.0627410635,0.0385369956,0.122339927,-0.0459006503,0.000344662578,-0.149247319,-0.00588994566,0.11224398,0.288984954,0.684064806,0.185037076,-0.429477543,0.277259499,-0.799032509,-0.181049526,-0.488921165
-0.359292448,0.557170451,0.161719948,-0.405884445,0.469032556,0.576731861,0.531645298,0.224875391,0.0174770877,-0.0658841729,0.177807897,0.0120735811,-0.000434658345,0.338061929,0.0617831759,0.0387793221,0.122440644,-0.0458101332,0.000329530798,-0.149193347,-0.00593484147,0.112214342,0.288773566,0.685628235,0.184718043,-0.430425584,0.278245866,-0.799588501,-0.179669693,-0.488785148
-0.35917151,0.557196558,0.161581218,-0.406272113,0.468457431,0.576954067,0.531615138,0.225917995,0.0196059365,-0.0662156418,0.17797102,0.012046271,-0.000413813395,0.338503629,0.0630418584,0.0386253223,0.12263222,-0.0457630493,0.000332830386,-0.149064362,-0.00584594067,0.112324819,0.289533734,0.686289787,0.184642926,-0.430125237,0.276561588,-0.80054915,-0.179533169,-0.488312304
-0.359511584,0.556914151,0.161566183,-0.405770034,0.468851715,0.576967657,0.531636238,0.226082593,0.0183933172,-0.0658058673,0.177540749,0.011983823,-0.000404919003,0.338598222,0.0620408244,0.0390240662,0.122546881,-0.0458200239,0.000328700291,-0.148734331,-0.00544244843,0.113024756,0.289248347,0.687349498,0.184146836,-0.431155562,0.277682453,-0.801937222,-0.180309638,-0.487808764
-0.359548986,0.5568946,0.161470383,-0.405846655,0.468601078,0.577099204,0.531656027,0.226436421,0.0188065358,-0.0659568533,0.177735269,0.0118450122,-0.000404853869,0.339255363,0.062244609,0.0389530621,0.122674033,-0.0458212048,0.000323738117,-0.148209408,-0.00519023836,0.113284841,0.28880024,0.688211203,0.18369244,-0.432023555,0.278552085,-0.802316308,-0.180220544,-0.487621397
-0.359513491,0.556860089,0.16142942,-0.405761093,0.468252629,0.577176332,0.531944513,0.227076814,0.0192383509,-0.0660199746,0.17780301,0.0117348572,-0.000407168875,0.339542419,0.06292025,0.0389082953,0.122702599,-0.0458854064,0.000333673001,-0.147735342,-0.0051037916,0.113707952,0.288393855,0.688903093,0.183396399,-0.432205826,0.278863996,-0.802512884,-0.180823043,-0.487363398
-0.359530032,0.556123734,0.161214218,-0.404786259,0.468131602,0.577834904,0.532078743,0.229102969,0.0191919096,-0.0661465526,0.178861082,0.0113008665,-0.000374404597,0.342850715,0.0624576584,0.0391607769,0.123051912,-0.0463158265,0.000311535754,-0.146875948,-0.00619839923,0.117538787,0.285134166,0.685485899,0.179843634,-0.430997103,0.277180105,-0.798852503,-0.179186895,-0.485092551
-0.359517038,0.556049407,0.162453458,-0.404385805,0.468176454,0.57813555,0.532017171,0.230142504,0.0192436706,-0.0662370026,0.178702042,0.0109301005,-0.000381423946,0.344176978,0.062259499,0.039336998,0.122696221,-0.0468703695,0.000318659528,-0.146761969,-0.00611513574,0.117970333,0.282614619,0.684308469,0.178602517,-0.429671198,0.276493818,-0.79776752,-0.177940652,-0.483345687
-0.359558821,0.556100845,0.162487388,-0.404212803,0.468216926,0.578373313,0.53185451,0.230265662,0.0193385277,-0.0664067268,0.178573102,0.0105060926,-0.000396275165,0.344584793,0.0619965978,0.0394497924,0.121971793,-0.0471738465,0.000322381908,-0.146262467,-0.00582287321,0.118039653,0.280753851,0.685343504,0.177249357,-0.429131061,0.278037488,-0.796934664,-0.175255075,-0.482519478
-0.359553546,0.556336761,0.161321148,-0.404255211,0.468161494,0.578335285,0.531912506,0.229796916,0.0194763225,-0.0667138994,0.17830281,0.0102703609,-0.000422144338,0.344781846,0.0624048524,0.0394436158,0.121113181,-0.0471822135,0.000346209708,-0.145783901,-0.00593660818,0.115990013,0.279903352,0.685902297,0.175463736,-0.428341448,0.277425081,-0.79706949,-0.17563501,-0.48137325
-0.359497786,0.556313574,0.161254078,-0.404209405,0.468089461,0.578363478,0.531980038,0.230287895,0.0196116753,-0.0667495281,0.178218216,0.0101201274,-0.000422539742,0.344807625,0.0621540435,0.0396580398,0.120632067,-0.0472825319,0.000352208561,-0.146650344,-0.00590501772,0.114781521,0.278834134,0.686502457,0.174324885,-0.426763624,0.275312036,-0.797483325,-0.175618321,-0.480782747
-0.359581828,0.556543231,0.161187842,-0.404044807,0.467998922,0.578473628,0.532064974,0.230487391,0.0193855464,-0.066697076,0.178040937,0.010149885,-0.000442460267,0.3454822,0.0619414411,0.0399821624,0.120347209,-0.0472158454,0.000360855251,-0.147019804,-0.0055648461,0.113560744,0.2775985,0.687217176,0.173214257,-0.425653249,0.274179608,-0.797564566,-0.174968421,-0.480458587
-0.359576881,0.556361258,0.161271751,-0.403760552,0.467498571,0.579031646,0.532113671,0.231908888,0.0202193167,-0.0669674873,0.178307652,0.0101626264,-0.00043373098,0.346679807,0.0624350049,0.0401454344,0.120621495,-0.0470363535,0.000346248853,-0.146926492,-0.00534076383,0.114754632,0.276027441,0.687385082,0.172278553,-0.424972534,0.271230072,-0.797645092,-0.174588457,-0.480011046
-0.359402418,0.5564394,0.161657959,-0.403908908,0.467411309,0.579151034,0.531947732,0.232676715,0.0206042174,-0.0671650991,0.178086966,0.0101720626,-0.000443854573,0.34717074,0.062785618,0.0402866006,0.120045215,-0.0465779081,0.000347538444,-0.147186831,-0.00526320003,0.114577986,0.275462478,0.687471986,0.171785653,-0.424159884,0.269880593,-0.796293676,-0.173213258,-0.480080336
-0.359774798,0.556234002,0.162427872,-0.403865486,0.467752397,0.578969359,0.531878591,0.232110366,0.019730553,-0.0668772087,0.177694112,0.0100679928,-0.000437369774,0.347110093,0.0619935989,0.0407489128,0.1195921,-0.0464145839,0.000343955588,-0.147514403,-0.00490830373,0.113550626,0.275253117,0.688680649,0.172242165,-0.42430225,0.270272106,-0.7956236,-0.172537655,-0.480099112
-0.359505385,0.555995524,0.161551803,-0.403510571,0.468025059,0.57949537,0.531334996,0.233516484,0.0185554251,-0.0664664209,0.178055093,0.0103396289,-0.000463474978,0.348444402,0.0619754344,0.0409355983,0.11941237,-0.0467134044,0.000332645519,-0.147617444,-0.00498714019,0.114825062,0.275288582,0.689126253,0.171696693,-0.424328983,0.270443588,-0.794107974,-0.172545478,-0.480273962
-0.359568834,0.555988848,0.162472308,-0.403299034,0.468879014,0.57984376,0.530361712,0.2344708,0.0152744921,-0.0646193996,0.177993745,0.0113994498,-0.000529382203,0.3476758,0.0615882613,0.0410536975,0.118605673,-0.0465303697,0.000320168852,-0.148346975,-0.00533339148,0.11326161,0.273891807,0.690323889,0.171834126,-0.424636841,0.268841684,-0.793599606,-0.173595309,-0.480099976
-0.359193206,0.555550039,0.162357613,-0.403109372,0.469868332,0.580512524,0.528896809,0.237035498,0.0121221794,-0.0620199777,0.177907541,0.0146557745,-0.000576163759,0.346918434,0.0623553805,0.040712148,0.117979579,-0.0462560505,0.000288888754,-0.149497986,-0.00513423467,0.112811655,0.273389697,0.692485809,0.172148153,-0.424531579,0.270339906,-0.794311464,-0.174752206,-0.479736835
-0.359248638,0.555476129,0.1616676,-0.403134793,0.471294433,0.580863059,0.527221024,0.239551216,0.00978408474,-0.0573075339,0.179460227,0.0169216562,-0.000648914545,0.34500742,0.0622666851,0.0410530791,0.116759792,-0.046186123,0.000254991755,-0.151305676,-0.00362060498,0.108761378,0.273232669,0.694018662,0.171529233,-0.423901021,0.274735421,-0.795676529,-0.176104367,-0.479115814
-0.359378129,0.555815876,0.160759479,-0.402130336,0.472791433,0.581846416,0.525560856,0.243958578,0.00194488664,-0.0508973002,0.179957002,0.0207953323,-0.00078071747,0.344422519,0.0613565557,0.0419228487,0.116748452,-0.0457537286,0.000194473876,-0.154608116,-0.00360934227,0.107358672,0.273392677,0.694466054,0.16967085,-0.423757672,0.278143317,-0.796413958,-0.176647678,-0.479050517
-0.359422833,0.556132078,0.160594359,-0.401178658,0.474534392,0.582593918,0.523886621,0.244025245,-0.00425969809,-0.043878261,0.179730147,0.0256717596,-0.000887750997,0.342997968,0.0588975213,0.0436277241,0.117091753,-0.0450550579,9.23132466e-05,-0.158827916,-0.00358693395,0.105836034,0.274020642,0.694068611,0.168336928,-0.422653735,0.281605273,-0.797688842,-0.177812114,-0.479655027
-0.359087825,0.556648135,0.160691857,-0.400636941,0.476160139,0.583047807,0.522318721,0.244843647,-0.0077472683,-0.0367603898,0.179484412,0.0299288612,-0.000985175604,0.340263158,0.055292204,0.0453426652,0.116978638,-0.0431777276,-5.55049846e-05,-0.163128346,-0.00311327074,0.103897601,0.27596423,0.692686498,0.167463779,-0.421151072,0.283829838,-0.79750073,-0.177880123,-0.480673164
-0.358795404,0.557053506,0.160105854,-0.40024963,0.477848113,0.583377123,0.520703852,0.244182453,-0.0119802542,-0.0290568471,0.179197714,0.0337330811,-0.00108720781,0.337586164,0.0527697764,0.047331024,0.116845779,-0.0409675129,-0.000127685853,-0.167705134,-0.00404966576,0.100677975,0.278007239,0.692054927,0.166976348,-0.419236094,0.286334813,-0.796149194,-0.17665647,-0.482254356
-0.358425915,0.557319641,0.160977036,-0.399468958,0.479363531,0.583780944,0.519456387,0.242868066,-0.0152874291,-0.0218115654,0.178766429,0.036991179,-0.00118989637,0.336426169,0.0500824116,0.0498050861,0.116221897,-0.0389903747,-0.000218559071,-0.171049625,-0.00349257397,0.099119097,0.279239893,0.692525566,0.166847885,-0.417440504,0.285645664,-0.794647694,-0.176409662,-0.483640462
-0.358331829,0.557490587,0.160570562,-0.398549259,0.480860025,0.584118247,0.518399417,0.241825908,-0.0191247985,-0.0150010353,0.178372622,0.0400790311,-0.00127455115,0.335172921,0.0463362932,0.0517922826,0.116038367,-0.0369028822,-0.000282743102,-0.174726084,-0.00347151794,0.0992901251,0.282136649,0.694640219,0.166183278,-0.416458279,0.287002057,-0.793011963,-0.176309422,-0.485882252
-0.358202934,0.557478786,0.162978366,-0.397466332,0.482347131,0.584334791,0.517604649,0.24139294,-0.0224278942,-0.00938164629,0.177947789,0.0442261174,-0.00132089388,0.334476084,0.0437665321,0.0533749089,0.116050564,-0.0347986296,-0.000284686656,-0.177401483,-0.00355881918,0.0983434021,0.284591496,0.696496248,0.167411849,-0.415245235,0.287737221,-0.791853428,-0.17739968,-0.488120317
-0.358243376,0.557506144,0.160066873,-0.39631772,0.483863503,0.584271014,0.517141938,0.240727112,-0.025342999,-0.00459058443,0.177471086,0.048205398,-0.00136210385,0.333488971,0.0404806472,0.0548672229,0.115963101,-0.032285329,-0.000256156432,-0.179644451,-0.00297790486,0.09638042,0.286521792,0.697288871,0.166428357,-0.413262606,0.287822872,-0.791083097,-0.17773746,-0.490088582
-0.35853225,0.557407856,0.162824199,-0.394940913,0.485262066,0.58374989,0.517473161,0.239294365,-0.0273894817,-0.000624051841,0.176477537,0.0514006503,-0.00140202395,0.333196938,0.0362860076,0.055963058,0.115930602,-0.0292099621,-0.00021144838,-0.180850476,-0.00277241645,0.0943407416,0.285003304,0.698494315,0.169306383,-0.411209136,0.287501335,-0.79081434,-0.178457573,-0.491978884
-0.35893783,0.557197332,0.162149012,-0.393324167,0.486429155,0.583287239,0.518130064,0.238935485,-0.028941391,0.0027888862,0.176040798,0.0534383059,-0.00143137469,0.333412826,0.0317243226,0.0567693897,0.116062023,-0.0254444983,-0.000117668853,-0.182409957,-0.0026926233,0.0928164348,0.285518765,0.69574362,0.171260849,-0.408537,0.286382437,-0.790455699,-0.17967023,-0.494038135
-0.359086931,0.556970894,0.15886806,-0.391887486,0.487318456,0.582743227,0.518994451,0.238559797,-0.0327102952,0.00514990743,0.176362112,0.056437403,-0.00144072995,0.333792508,0.0259144511,0.0566328429,0.116764382,-0.0207319837,-8.65582479e-05,-0.182755306,-0.00264685438,0.0924398005,0.286611497,0.69117856,0.173459157,-0.403483659,0.283968091,-0.787249804,-0.18080923,-0.496391118
-0.359010458,0.556812108,0.158389673,-0.390846759,0.487315029,0.582362711,0.520208299,0.239483461,-0.0312667154,0.00599012198,0.177101135,0.0584836565,-0.00144154148,0.334673017,0.0237299539,0.0554011501,0.117270842,-0.0154301487,3.10620235e-05,-0.1805657,-0.00207669497,0.0920889303,0.285254419,0.686300814,0.176019385,-0.399045974,0.279297292,-0.781871736,-0.184046984,-0.497978061
-0.358802974,0.556292117,0.157809377,-0.389234096,0.488014579,0.581595898,0.521617532,0.239167586,-0.0320664793,0.00684048235,0.177953884,0.0602944046,-0.00144606025,0.334924877,0.0186144523,0.0538265109,0.11831259,-0.00879258849,0.000117126161,-0.177433431,-0.00179723708,0.0920840949,0.283089817,0.684736907,0.178664297,-0.395299882,0.275503814,-0.776788354,-0.185798347,-0.500693321
-0.358849108,0.556206226,0.156859368,-0.387944907,0.48827821,0.581137359,0.522840798,0.239802286,-0.0336472951,0.00697165169,0.179367378,0.0623999462,-0.00146007678,0.335861027,0.016077375,0.0513206795,0.119797409,-0.0019724404,0.000284767884,-0.173407227,-0.000979642849,0.0904351845,0.279837728,0.682490945,0.180363402,-0.390754133,0.273280174,-0.771202624,-0.187320918,-0.503984392
-0.359086573,0.555884182,0.156558841,-0.386825919,0.489116162,0.579915524,0.524241388,0.238287434,-0.035193447,0.00655044056,0.180390164,0.0648862198,-0.00146899454,0.335500389,0.0106152454,0.0492145382,0.1203532,0.00460377708,0.000377297052,-0.169352517,-0.000795795757,0.0913525447,0.279001325,0.684017777,0.182219595,-0.387390882,0.271636546,-0.76973176,-0.190315425,-0.507790804
-0.359140038,0.555549681,0.156171441,-0.385144144,0.489659429,0.579170227,0.525794089,0.238104612,-0.0373864584,0.00554638682,0.181385726,0.0678793043,-0.00148841203,0.335775167,0.0062008556,0.0465633459,0.121081121,0.0122410106,0.000515999564,-0.163825467,0.000623316737,0.0933700278,0.275963485,0.685648322,0.183308497,-0.384116113,0.271156609,-0.769744873,-0.192773521,-0.511865556
-0.359155387,0.555263638,0.155514359,-0.383619487,0.490233809,0.578362286,0.5272609,0.23807171,-0.0373092219,0.00383889931,0.182518065,0.0728312805,-0.00155836949,0.336197287,0.000352612347,0.0438674651,0.122350872,0.0201289505,0.00063996244,-0.159117073,0.000694900285,0.094482623,0.273340762,0.688388884,0.184264317,-0.38025254,0.271750182,-0.77107054,-0.194785729,-0.515979826
-0.35924384,0.554628551,0.154308334,-0.382359117,0.490028709,0.577991009,0.528772056,0.237239748,-0.035127908,0.00191145926,0.183701381,0.0797666535,-0.00167042681,0.338694721,-0.00213301089,0.0406365469,0.123846248,0.027478585,0.000787665951,-0.154028639,0.00243895478,0.0946671516,0.271565557,0.689603746,0.184702799,-0.375963151,0.273905456,-0.771394253,-0.196753159,-0.518806398
-0.359002858,0.554783285,0.153268069,-0.38011834,0.490419835,0.577983797,0.530031323,0.23680751,-0.0341270566,0.000606093497,0.18469736,0.0881769955,-0.00186269486,0.342778742,-0.00649349159,0.0374915041,0.124197863,0.0344954468,0.000920322782,-0.148708761,0.00248012226,0.0949663445,0.267863572,0.69321543,0.186128393,-0.370891601,0.275710344,-0.771381795,-0.198595569,-0.522975385
-0.359331638,0.554632008,0.151222706,-0.378307492,0.489702553,0.57792002,0.532055736,0.237059772,-0.0310808457,-0.00195631059,0.184778571,0.0974798128,-0.00205787015,0.346244335,-0.00820060074,0.0341539457,0.123046085,0.0418573543,0.00108964916,-0.143071547,0.00414765114,0.0936541706,0.262939751,0.69744426,0.187352151,-0.368743867,0.276801527,-0.771813631,-0.200981691,-0.525910378
-0.358995348,0.554585516,0.149576128,-0.375309348,0.488713473,0.578525543,0.534425139,0.239104941,-0.0300551113,-0.00504269311,0.185797229,0.108364716,-0.00227747043,0.353174806,-0.00956499856,0.0304829292,0.122313268,0.0495543666,0.00128045771,-0.137255162,0.00589125603,0.0983678326,0.26348564,0.701258183,0.188915431,-0.361451387,0.278269589,-0.770668566,-0.203591689,-0.529696345
-0.35921213,0.554519176,0.148524374,-0.373173565,0.487314492,0.579102576,0.53656894,0.242559776,-0.0281384271,-0.00874603633,0.187830195,0.119799472,-0.00249093398,0.360604703,-0.011557281,0.0265263673,0.121126063,0.0577606112,0.00147455127,-0.132437065,0.00773645518,0.0988412201,0.266746581,0.705575585,0.191821888,-0.357155532,0.279708743,-0.769301236,-0.208555937,-0.532817543
-0.359260172,0.554433942,0.146430194,-0.371799111,0.485161871,0.579752684,0.538767338,0.245242059,-0.0229663942,-0.0134590212,0.187899381,0.130279183,-0.00271364837,0.368038148,-0.00926189125,0.0213597938,0.116850272,0.0656663403,0.0016996091,-0.125055239,0.00982136,0.0961538032,0.271711737,0.711899638,0.196275219,-0.355813503,0.283741564,-0.766728818,-0.213221312,-0.534845769
-0.359946668,0.554940701,0.14658016,-0.36888057,0.482965499,0.581023693,0.541371346,0.251649737,-0.0186894033,-0.017507622,0.187295049,0.140159741,-0.00297472579,0.380042076,-0.00904695317,0.01680189,0.113411777,0.0742332116,0.001882312,-0.117888443,0.0115494793,0.0953972936,0.268397242,0.725732505,0.207195044,-0.358912498,0.286668628,-0.766285181,-0.221497491,-0.537355959
-0.360265493,0.555559576,0.15050745,-0.366304606,0.479866594,0.582420349,0.544367194,0.259450704,-0.0136393122,-0.0217351783,0.18454206,0.150039479,-0.00322151231,0.393128753,-0.00698449556,0.0112775648,0.107910551,0.083274588,0.00206292071,-0.111240551,0.0141747054,0.0938770846,0.249146283,0.751006424,0.230489224,-0.369484365,0.287632287,-0.766536176,-0.230236337,-0.544147193
-0.359443903,0.556609571,0.155362889,-0.364308238,0.475652933,0.583286464,0.548462152,0.267935187,-0.00731614185,-0.0265425388,0.179349825,0.16057153,-0.00345575716,0.40497759,-0.00298748771,0.00511511276,0.100617059,0.0928379148,0.00224130671,-0.105336361,0.0172511265,0.091091834,0.213252172,0.78957212,0.262340635,-0.390185326,0.277005672,-0.772306979,-0.249086857,-0.554523468
-0.359103292,0.557774127,0.154589489,-0.361764729,0.469712585,0.58488071,0.553543866,0.280805975,-0.00171697384,-0.0313046388,0.176494464,0.172397941,-0.00369274849,0.420909166,0.000273994636,-0.000650159782,0.0950886011,0.103171699,0.00239093136,-0.101728521,0.019421991,0.092997916,0.165117711,0.84176594,0.306012958,-0.409989983,0.252469063,-0.788128495,-0.27749911,-0.57184273
-0.35858193,0.5589059,0.138872415,-0.360477179,0.463003308,0.586529791,0.558271408,0.294162244,0.00447554747,-0.0362968147,0.174053773,0.185675144,-0.00397667801,0.436385185,0.00292230188,-0.00575860636,0.089583002,0.114063591,0.0025283182,-0.102182895,0.0191320088,0.100089446,0.111290529,0.911450684,0.353039891,-0.428272158,0.217038289,-0.814189553,-0.313958794,-0.589476049
-0.358801395,0.559268177,0.151159242,-0.358067065,0.458084583,0.58784914,0.562476516,0.307497859,0.00883589778,-0.0400527716,0.169342175,0.199143991,-0.00431374693,0.45260492,0.0006936469,-0.00915349275,0.084057346,0.124494851,0.00263588759,-0.104542635,0.0190050192,0.111318491,0.0401145779,0.988676548,0.399177045,-0.444868177,0.170578197,-0.864204407,-0.3520329,-0.604505122
-0.359132916,0.559880674,0.144778132,-0.356874466,0.453518778,0.589360595,0.565345407,0.318165511,0.013402936,-0.0436480753,0.164323539,0.211212382,-0.00463257916,0.465891808,-0.00323896017,-0.0118215922,0.0786719844,0.135587633,0.0028231577,-0.108276851,0.0199815668,0.126279101,-0.0311553366,1.07415593,0.438063443,-0.454079151,0.1234973,-0.926742136,-0.388183922,-0.612300992
-0.359096736,0.561056137,0.130132213,-0.358381331,0.449949324,0.588591754,0.568038881,0.322772503,0.0197528079,-0.0472269617,0.155472413,0.222868383,-0.00494423276,0.469215512,-0.00562786823,-0.0143852485,0.071934402,0.146696374,0.00299867662,-0.11336115,0.0198952463,0.135380104,-0.105632178,1.16650414,0.466066182,-0.455851644,0.0626932457,-1.00220263,-0.423078895,-0.617554963
-0.359921604,0.561590731,0.119824558,-0.35806483,0.447875589,0.588816047,0.569642544,0.329545945,0.0204356778,-0.049421709,0.147415608,0.233835131,-0.00518680969,0.477138549,-0.0111520346,-0.015118327,0.0676925555,0.157208636,0.003085898,-0.121028312,0.0205640979,0.153332114,-0.180589795,1.25266302,0.480783433,-0.455098778,-0.0024562648,-1.07863986,-0.446025699,-0.619939029
-0.360161304,0.561944127,0.109607279,-0.358921915,0.446652234,0.588385165,0.570508301,0.331977993,0.0245739408,-0.0521963127,0.138446018,0.243869737,-0.00541741727,0.480318993,-0.0143293804,-0.0161349233,0.0625484288,0.166980281,0.00318461913,-0.124681666,0.0212024879,0.168766484,-0.251759201,1.32798159,0.477873206,-0.450068176,-0.0701020882,-1.1496172,-0.452049881,-0.621467292
-0.360150188,0.562945008,0.0990733355,-0.360523492,0.446835876,0.588304162,0.569437206,0.333558679,0.0265305173,-0.0545338057,0.130000696,0.252280027,-0.00553416181,0.482997477,-0.0184425097,-0.0168897547,0.0565963164,0.175876066,0.00328471442,-0.128046453,0.021129122,0.179710776,-0.319687843,1.38855815,0.47028175,-0.436758727,-0.142804846,-1.21772039,-0.450589389,-0.618382871
-0.360534519,0.563663721,0.0932477564,-0.363707811,0.449329466,0.586368978,0.567442656,0.326769292,0.0288451407,-0.0562589988,0.120039582,0.259765506,-0.00557450438,0.477600038,-0.0213810299,-0.0178857669,0.0485004894,0.183647335,0.00331956684,-0.12796782,0.0229145996,0.184750438,-0.384222239,1.44086063,0.460150659,-0.420580149,-0.227341756,-1.28046,-0.450100094,-0.609433055
-0.360622466,0.565587401,0.0878923535,-0.366294235,0.450366467,0.586014807,0.565318763,0.323828399,0.0343639478,-0.0578560904,0.114176944,0.267133296,-0.00560921943,0.473154724,-0.0203258712,-0.0196463,0.0432239212,0.191896692,0.00338601647,-0.124187365,0.0188914239,0.191524059,-0.443813533,1.48323226,0.441729188,-0.410701364,-0.310259759,-1.32970154,-0.442783564,-0.593291581
-0.360350937,0.566931427,0.0822487175,-0.368720144,0.452370197,0.584997833,0.563190997,0.320405304,0.0389219522,-0.0582730658,0.10985066,0.273365706,-0.00558731239,0.468515426,-0.0196698327,-0.0210010242,0.0383318849,0.199634522,0.00340570463,-0.119881772,0.017404275,0.196222827,-0.501784801,1.51691759,0.421945244,-0.402283579,-0.394367665,-1.37330616,-0.42970705,-0.575275421
-0.360182256,0.568239391,0.0809177011,-0.371201128,0.45402509,0.584383249,0.560862899,0.316434205,0.0440884307,-0.0582610369,0.107506782,0.279305547,-0.00558910752,0.463186443,-0.0195611641,-0.0223481506,0.0347601585,0.206787422,0.00347166043,-0.115750022,0.0180757381,0.195041731,-0.551510394,1.53871143,0.390508026,-0.401462674,-0.47293815,-1.40777874,-0.402120441,-0.562118173
-0.360385805,0.570164263,0.0719964504,-0.372775346,0.45636636,0.583618581,0.558710694,0.312117338,0.0449255481,-0.0576337688,0.107810713,0.284716159,-0.00540913921,0.455858588,-0.0217094645,-0.0228488278,0.0314522982,0.21378763,0.00358650484,-0.110871382,0.0186729077,0.193013623,-0.592440486,1.5530076,0.347273737,-0.404367179,-0.547235489,-1.43505549,-0.366760522,-0.554906011
-0.360182732,0.572029948,0.0723544955,-0.375436217,0.457724005,0.582381904,0.557106555,0.306295574,0.0471820347,-0.0576352291,0.108861431,0.290041119,-0.00525924051,0.448661566,-0.0237377863,-0.0233632755,0.0286536179,0.220196337,0.00376907713,-0.107062213,0.01565261,0.189039797,-0.636750877,1.5536437,0.312294394,-0.411667407,-0.613977373,-1.44802141,-0.326777935,-0.555514574
-0.360588759,0.572624862,0.0677989051,-0.3770926,0.460360497,0.580617189,0.555655599,0.299387842,0.0465131029,-0.0569867045,0.110613286,0.294704914,-0.00523610367,0.441072434,-0.0305689182,-0.0223918669,0.0270249173,0.225508884,0.00388726941,-0.107062146,0.0172550958,0.183873549,-0.677119017,1.53924453,0.271732539,-0.418576062,-0.678548276,-1.45133221,-0.283808142,-0.560578048
-0.360307038,0.573785484,0.0743515119,-0.378133893,0.462314814,0.579477131,0.554514229,0.293363929,0.0462901741,-0.0564811751,0.113234758,0.299101114,-0.00513218436,0.434552699,-0.0356678925,-0.0214144811,0.0273967106,0.230539113,0.00404129364,-0.105560772,0.0159608424,0.178062439,-0.727848351,1.5166043,0.236619428,-0.428289205,-0.738722086,-1.44475138,-0.238000602,-0.567461729
-0.359719306,0.574494183,0.0700894445,-0.380127728,0.462634206,0.578927815,0.553457439,0.289219767,0.0482717454,-0.0565740392,0.115606539,0.303037286,-0.00494484464,0.427808255,-0.0373844355,-0.0207465533,0.0289825574,0.235319525,0.00417001592,-0.105604544,0.0137642846,0.173950344,-0.781522632,1.47925711,0.196255237,-0.436685264,-0.797032356,-1.41964889,-0.190963611,-0.568288326
-0.359443218,0.574452221,0.0684172511,-0.381529093,0.464413166,0.579332948,0.550571859,0.285683274,0.0482840389,-0.0562144294,0.116955914,0.306284994,-0.00476494618,0.422646999,-0.0395941921,-0.0189642776,0.0313867778,0.239494309,0.00420792215,-0.105751835,0.0127684558,0.167382881,-0.841925085,1.42828071,0.153242439,-0.443591356,-0.856252015,-1.37932885,-0.142489612,-0.563706219
-0.359583378,0.574278116,0.0628826171,-0.37915653,0.467554301,0.580302894,0.548527062,0.280338943,0.0477824584,-0.0553422123,0.118312642,0.308883399,-0.00456299726,0.420739174,-0.0418638289,-0.0165501721,0.0345695131,0.243360296,0.00426454702,-0.0955308527,0.0189292859,0.170273289,-0.913648665,1.371575,0.113945797,-0.445149094,-0.9262411,-1.34081388,-0.10786669,-0.554674447
-0.358878016,0.573472023,0.0572300591,-0.380270123,0.468956262,0.580350637,0.546505094,0.275760144,0.048781123,-0.0541494712,0.121249348,0.311191171,-0.00436173985,0.415570468,-0.0410239287,-0.0142919403,0.0361642092,0.246536359,0.00425258838,-0.0948414356,0.0214659534,0.161900267,-0.983792722,1.30954301,0.0709849373,-0.438491553,-0.984534323,-1.29976606,-0.0713311583,-0.543311656
-0.358490229,0.572888434,0.0517588183,-0.379774213,0.471406758,0.580512524,0.544566214,0.270568699,0.0475814492,-0.0515238941,0.124316521,0.312727988,-0.00411369465,0.410364717,-0.0416863672,-0.0112509727,0.0394047536,0.249314159,0.00426536473,-0.09308929,0.0232669618,0.149648711,-1.05105007,1.24059927,0.034796942,-0.421526909,-1.03733373,-1.25955641,-0.0404822826,-0.529222608
-0.358322978,0.572360277,0.0461110137,-0.37949419,0.472904682,0.581260204,0.542661786,0.266889125,0.0485738739,-0.0477580503,0.127673939,0.31290853,-0.00395966601,0.405192733,-0.0408673994,-0.00820504129,0.0434640385,0.25162062,0.00426668255,-0.0944487974,0.0214919318,0.139918789,-1.11337566,1.16572201,0.0021917189,-0.40124324,-1.08220732,-1.21865487,-0.0120515684,-0.509875536
-0.357934803,0.572517276,0.0438119993,-0.378932744,0.47505036,0.582449615,0.539897799,0.263904989,0.0486355089,-0.0419577844,0.128931537,0.310995281,-0.00376939331,0.399370164,-0.0398817882,-0.00515470142,0.0479539558,0.253978312,0.00428304356,-0.0966941118,0.0203159209,0.132802024,-1.1722821,1.09719121,-0.0294943564,-0.377310902,-1.12049055,-1.18456101,0.0138771273,-0.488793701
-0.357157022,0.572610378,0.0432216972,-0.378547221,0.477157533,0.583675921,0.536977708,0.261401057,0.0507230051,-0.0351317376,0.128847182,0.306793809,-0.00349011528,0.392253667,-0.0355691575,-0.00215263781,0.0520095825,0.256503612,0.00430770544,-0.0968652964,0.0200797543,0.125159994,-1.22223127,1.04611683,-0.0483571663,-0.350624025,-1.15099752,-1.16156578,0.0311600193,-0.471051574
-0.357076496,0.572200835,0.0450524092,-0.377679139,0.479261696,0.58506453,0.534196734,0.259166777,0.0547590964,-0.0273857769,0.129369602,0.300976127,-0.00341672637,0.386929959,-0.0336120538,0.00180647732,0.0576740727,0.258509308,0.00435924158,-0.0985734016,0.0201852359,0.121617593,-1.25975239,1.00902295,-0.0617075488,-0.326779723,-1.17383814,-1.14717066,0.0433711074,-0.456474036
-0.357073218,0.571876347,0.0461297557,-0.377642989,0.480528802,0.586622477,0.531368017,0.257255226,0.0608566999,-0.0202700999,0.131139502,0.29392767,-0.00333784963,0.38337341,-0.0307757296,0.00603206083,0.0623611473,0.259902447,0.00445042737,-0.0998013318,0.0206684507,0.120608151,-1.28867698,0.981744647,-0.073853299,-0.308769107,-1.19216776,-1.13922083,0.0496956035,-0.444194078
-0.357021004,0.571322322,0.049302619,-0.379013598,0.481854916,0.587072611,0.528687179,0.252505869,0.0657303482,-0.0136839002,0.13156487,0.285920054,-0.00318230572,0.376979768,-0.0294595305,0.010808887,0.0647348389,0.260507524,0.00457368558,-0.103219293,0.0206025485,0.118422166,-1.31218219,0.966362894,-0.078821063,-0.296111494,-1.20259488,-1.13669217,0.0532398336,-0.435465872
-0.356502831,0.571009517,0.052217856,-0.380066931,0.484141052,0.586633027,0.526325345,0.245336607,0.0694252104,-0.00715277949,0.132220119,0.277557403,-0.00312896422,0.367509454,-0.0313622542,0.0162761156,0.0668821037,0.260379761,0.00467277225,-0.107403055,0.0194450784,0.116764583,-1.32620418,0.957199574,-0.0874317661,-0.289266557,-1.20843172,-1.13610709,0.0584777445,-0.431319743
-0.356086671,0.570857823,0.0537055582,-0.381960124,0.485530883,0.586507559,0.5238083,0.239586309,0.0736479834,-0.00151985872,0.134527013,0.268639058,-0.00301725999,0.3586604,-0.0324891955,0.0218028575,0.0692579821,0.260038912,0.00476247352,-0.111920007,0.0208806787,0.114490017,-1.337762,0.955377281,-0.0950764939,-0.285683662,-1.21044898,-1.13749325,0.0624104664,-0.429146171
-0.356314421,0.571184933,0.0548064038,-0.382632405,0.486991405,0.587145746,0.521240532,0.234555915,0.0790811777,0.00322839804,0.137701869,0.259593606,-0.00301700551,0.351503879,-0.0349220037,0.0281002875,0.0725122392,0.260069489,0.00486486964,-0.112776138,0.0207564794,0.116630591,-1.35176194,0.957654119,-0.0988303944,-0.283128709,-1.21384525,-1.14371264,0.0595573597,-0.426718473
-0.356049865,0.571061075,0.0579451881,-0.384288102,0.487701446,0.587185025,0.519310653,0.227358773,0.084443979,0.0068309512,0.139999345,0.251210988,-0.00293671596,0.343512207,-0.0354549922,0.0342494287,0.0750766993,0.260074109,0.00493402453,-0.113521837,0.0208250415,0.116315864,-1.3643775,0.958315492,-0.103825033,-0.281380773,-1.21406233,-1.14984536,0.0579652637,-0.424876362
-0.355556965,0.570661306,0.0597945638,-0.385612756,0.488452792,0.587064862,0.517756343,0.220425159,0.0895558819,0.00986775197,0.143274054,0.244273365,-0.00292492565,0.336085886,-0.0369380116,0.0401921123,0.0782830864,0.259761363,0.00494509237,-0.11502336,0.0213587172,0.115229979,-1.37471771,0.958149374,-0.108414792,-0.279986262,-1.21242774,-1.15506172,0.0561407544,-0.424143642
-0.354927629,0.570154727,0.0600497201,-0.387075365,0.488507539,0.587582052,0.516023576,0.213332146,0.097111918,0.0113454685,0.147509724,0.238646761,-0.00296839396,0.330163211,-0.0354648456,0.045298323,0.0814524144,0.258664101,0.00486337906,-0.114509426,0.0209725145,0.118635386,-1.38533282,0.956876636,-0.114897951,-0.280456603,-1.21229529,-1.15877521,0.0531305522,-0.423393399
-0.353943735,0.569206357,0.0596296266,-0.389559269,0.489402622,0.586420834,0.51462543,0.199993521,0.102981113,0.0116869258,0.149756476,0.235206202,-0.00300907018,0.321861058,-0.0316279568,0.050479468,0.0847391933,0.258410543,0.00465994468,-0.114133552,0.0217505414,0.117267631,-1.39740264,0.958433867,-0.118698992,-0.279576123,-1.21388292,-1.16384017,0.0492193066,-0.423302889
-0.353391647,0.568405509,0.0610471182,-0.39168486,0.488247514,0.58702749,0.513416111,0.185034782,0.108990408,0.0089208167,0.150683641,0.236732319,-0.00303875422,0.3151761,-0.0264004897,0.0545210652,0.089078702,0.258659869,0.00454750936,-0.112384155,0.0233255941,0.120429136,-1.40956044,0.959185898,-0.123645321,-0.278885782,-1.21448433,-1.1683017,0.0432413034,-0.422536492
-0.353030324,0.567243457,0.0646372437,-0.39303872,0.4888919,0.586097896,0.512830019,0.16523695,0.110889643,0.00414205668,0.15065363,0.241981387,-0.00318506244,0.307382733,-0.0236816667,0.0589433424,0.0932536498,0.25890258,0.00435790047,-0.109616041,0.0233589429,0.122447096,-1.42154109,0.961767495,-0.12656945,-0.278964818,-1.21731591,-1.17607427,0.0393211804,-0.423105925
-0.352685988,0.566091955,0.0679859221,-0.395088255,0.488553405,0.587590337,0.509861171,0.152770907,0.116982058,-0.00313333469,0.15547204,0.248476788,-0.0033457356,0.302400202,-0.0184736326,0.0619049333,0.097191982,0.258826107,0.00424615433,-0.106777623,0.0237265639,0.126843452,-1.43406129,0.963706017,-0.129636809,-0.279808074,-1.21975541,-1.18413925,0.0340857022,-0.423098505
-0.353117526,0.566337943,0.0657303929,-0.398111016,0.491498441,0.584348619,0.508403063,0.133282527,0.119625911,-0.00956622884,0.155982777,0.25514859,-0.00355971814,0.287177533,-0.0153422588,0.0646508485,0.0983613282,0.259448081,0.00406533107,-0.101884089,0.0275000278,0.122817397,-1.45818973,0.968928516,-0.130214736,-0.278140157,-1.23265529,-1.20497179,0.0216720849,-0.419963062
-0.353216738,0.56531471,0.0659371465,-0.399837434,0.491861105,0.583960414,0.507142007,0.123474047,0.123871431,-0.0179251339,0.159377098,0.262082666,-0.0037754518,0.281338841,-0.011774526,0.0665183514,0.103102878,0.260378301,0.0039304751,-0.0990285352,0.0277061556,0.124636702,-1.47590876,0.972661197,-0.133933589,-0.27774471,-1.23607457,-1.22315669,0.0147682931,-0.418865561
-0.353564084,0.564678371,0.0673474297,-0.401903152,0.49449116,0.581604183,0.505656898,0.10810031,0.123121403,-0.0259285551,0.159691095,0.268069863,-0.00396913011,0.272196442,-0.0108750919,0.0683083311,0.105504833,0.260386884,0.00374561991,-0.0943301916,0.0275821313,0.121675372,-1.49072123,0.974382877,-0.137891784,-0.278305978,-1.23607767,-1.23944724,0.00922387559,-0.420377553
-0.35461095,0.564080596,0.068465434,-0.40411976,0.495714575,0.57979238,0.504772246,0.0942956135,0.124271013,-0.0346995592,0.160436407,0.273361266,-0.00414120965,0.263417542,-0.00852717273,0.0689984709,0.107238613,0.259947598,0.0036061944,-0.0897362977,0.027220834,0.120197929,-1.50642967,0.974110723,-0.145504802,-0.281559646,-1.23363733,-1.25584245,0.00153356977,-0.420589
-0.354251415,0.564064026,0.0667451173,-0.409394741,0.497752815,0.575550675,0.503368139,0.0813631341,0.123527609,-0.0433706976,0.16124402,0.278104752,-0.00416210573,0.249343291,-0.00718197692,0.0691128746,0.107899353,0.259405762,0.00352282706,-0.0918738693,0.0270569641,0.115917094,-1.51948607,0.986553848,-0.144853115,-0.283496618,-1.2319746,-1.27096093,-0.00476946216,-0.424874693
-0.354686737,0.564077139,0.065105468,-0.412388563,0.499988973,0.572427571,0.502268255,0.0689714104,0.123573489,-0.051378075,0.161597371,0.280716419,-0.00425936189,0.23779802,-0.00656824559,0.0688946322,0.109948695,0.259001672,0.0034579332,-0.0882544294,0.0265805684,0.112001121,-1.52981818,0.998379827,-0.144641638,-0.285263807,-1.2317096,-1.28527498,-0.0145259714,-0.427084327
-0.355604917,0.563914597,0.0674629658,-0.41406998,0.502154946,0.569969654,0.501518905,0.0604712591,0.119835995,-0.0576900356,0.162648335,0.283329636,-0.00422320608,0.22917892,-0.00846870244,0.0688322112,0.112898968,0.258476645,0.00343761081,-0.0851708651,0.0263897553,0.110393643,-1.53865278,1.00919878,-0.146090478,-0.288798869,-1.22756398,-1.29956043,-0.0236554537,-0.430486381
-0.356286526,0.56413573,0.065983966,-0.416404009,0.504236519,0.566997826,0.500866055,0.05157841,0.114245713,-0.0629931018,0.164110392,0.286127031,-0.00409997627,0.21968399,-0.00961152557,0.0681084171,0.113999762,0.257710993,0.00343034556,-0.0823862255,0.0265448503,0.10498143,-1.54432988,1.01879537,-0.147306263,-0.291227221,-1.22123563,-1.31162179,-0.0314855352,-0.434200108
-0.357092977,0.564392626,0.0683921129,-0.416424662,0.505930126,0.565546393,0.500781894,0.0468861945,0.106138505,-0.067263931,0.166610882,0.289346933,-0.00384882651,0.213816822,-0.0105438353,0.0667952746,0.116740935,0.257127374,0.00344786281,-0.0758699551,0.0260320771,0.102210268,-1.54370928,1.02347422,-0.150309101,-0.294348508,-1.2114346,-1.32022047,-0.0384773463,-0.439285338
-0.357560635,0.564763129,0.0654002875,-0.417920917,0.507042646,0.562405229,0.501946509,0.0417498425,0.0998574793,-0.0705647916,0.168186292,0.291613519,-0.00370395882,0.207401603,-0.0128145954,0.065681383,0.118277282,0.256229401,0.00351548893,-0.0746431425,0.02548627,0.0960944444,-1.54227519,1.02892196,-0.150494188,-0.296152025,-1.2020483,-1.32809734,-0.0448469035,-0.443472415
-0.357259631,0.565740526,0.0622524358,-0.422626168,0.505644679,0.559692025,0.502449393,0.0402409248,0.0977740735,-0.0737241283,0.170426771,0.294371873,-0.00341965281,0.197949797,-0.010349106,0.0630951747,0.119499564,0.255570024,0.00363431615,-0.081513606,0.0192374401,0.0801523998,-1.53345311,1.02818394,-0.154600367,-0.295967311,-1.18294311,-1.31819832,-0.0442778207,-0.442308128
-0.356810868,0.566281617,0.0628061593,-0.425928891,0.505137086,0.557629406,0.502464533,0.0370867476,0.0967613086,-0.0759412348,0.17154403,0.29590109,-0.00322938128,0.190179914,-0.00721579604,0.0606081896,0.122531928,0.255261898,0.00370570156,-0.0834109113,0.0183987375,0.0765646473,-1.53191364,1.03258884,-0.155267626,-0.295803279,-1.17692447,-1.3135289,-0.0482888296,-0.442017257
-0.35701111,0.566583037,0.0629791394,-0.427531153,0.505433857,0.556639135,0.501902997,0.0363946296,0.0952389985,-0.0772759318,0.173899621,0.297842562,-0.00315119931,0.18542318,-0.00589447934,0.0587255508,0.125605777,0.2553747,0.00376606034,-0.0817477554,0.0188051127,0.0754419938,-1.53116214,1.03740227,-0.155887261,-0.297962487,-1.17389274,-1.3129729,-0.0533217601,-0.442738771
-0.357248425,0.566920459,0.0632683784,-0.427791685,0.505654395,0.556272149,0.501865685,0.0342500657,0.0929710194,-0.0779713914,0.174297988,0.298924804,-0.00305238273,0.181314722,-0.0037251066,0.0564690121,0.127885669,0.255489022,0.00382749643,-0.0759476796,0.0198085438,0.0732462108,-1.52866161,1.03754246,-0.158018321,-0.300513625,-1.16806591,-1.31160736,-0.0565366559,-0.445108205
-0.357208818,0.566838086,0.0623483732,-0.428519577,0.50619185,0.555297136,0.501782656,0.0330041386,0.0924186334,-0.0783559009,0.174805313,0.299663186,-0.00313909049,0.1788854,-0.00405848119,0.0548812263,0.129882336,0.255561143,0.00390720507,-0.0731825754,0.0200563166,0.0717973039,-1.52780652,1.04013395,-0.157531381,-0.301839262,-1.16469467,-1.31478834,-0.0607528761,-0.446485341
-0.356714725,0.566581726,0.0625798032,-0.430809736,0.505678236,0.554350555,0.501386046,0.032206703,0.0937045887,-0.0793763176,0.174985185,0.30033356,-0.00304117403,0.174713343,-0.000615926692,0.052453056,0.131217092,0.255570203,0.0039833216,-0.0723332167,0.019744046,0.0703338608,-1.52814353,1.04389644,-0.157794982,-0.305268645,-1.16198945,-1.31829858,-0.0649110377,-0.447487682
-0.356701434,0.566449463,0.0624661222,-0.431674898,0.50589323,0.553522468,0.501339972,0.0299277641,0.0922710001,-0.0795886889,0.174198896,0.300806493,-0.002975696,0.170743883,0.00045335546,0.0506284647,0.132292539,0.255514055,0.0040483661,-0.068569757,0.0205030814,0.0677090436,-1.52938402,1.04388905,-0.157916605,-0.306579143,-1.15873277,-1.32022548,-0.0686002597,-0.448013097
-0.356713504,0.566450596,0.0625280291,-0.433554083,0.506209493,0.553375006,0.499558657,0.028897576,0.0934986472,-0.0803286806,0.174575925,0.301499218,-0.00305057969,0.167808145,0.000916436606,0.0491675995,0.133570805,0.255637437,0.00413858425,-0.0668394193,0.0214199908,0.0656820014,-1.5304817,1.04464138,-0.15703927,-0.306082457,-1.15631723,-1.32237709,-0.0722566769,-0.447810262
-0.360015929,0.563898981,0.0653987378,-0.428619087,0.514469743,0.549590409,0.49955669,0.0178680141,0.072997272,-0.0756231695,0.171972677,0.300334603,-0.00306483638,0.162577838,-0.0182311628,0.0530128069,0.133647755,0.253291726,0.00406483654,-0.0522873476,0.0388685539,0.0584969074,-1.53391993,1.0457567,-0.148518175,-0.29876253,-1.16625297,-1.34287488,-0.0746691301,-0.450321645
-0.360600799,0.563966811,0.0645869821,-0.428387552,0.515307605,0.548501551,0.500088274,0.0151406573,0.0672867447,-0.0754801929,0.174559698,0.300100863,-0.00304186484,0.16056636,-0.0246198326,0.0528260544,0.135262683,0.251301169,0.00421084231,-0.048665829,0.03936591,0.0578925796,-1.53344107,1.04566717,-0.142444938,-0.294117779,-1.16862845,-1.35574925,-0.074196972,-0.451654583
-0.360743523,0.56412369,0.0627019554,-0.429592311,0.514993548,0.547546387,0.500424922,0.0136049725,0.0670894235,-0.0768171102,0.176898003,0.300276965,-0.00306479284,0.158126861,-0.0253512487,0.0513558649,0.136377141,0.249545664,0.00432790304,-0.0464424491,0.0403957367,0.0581212975,-1.53232741,1.04692268,-0.138094559,-0.291926265,-1.1690793,-1.36451495,-0.074753888,-0.452155024
-0.360748112,0.564291775,0.0648322925,-0.429923862,0.514846206,0.547501564,0.500340879,0.0127799632,0.0659755096,-0.0778969899,0.178248316,0.300043583,-0.00304446113,0.156918466,-0.0252810791,0.0497876853,0.137621552,0.248076767,0.00442133797,-0.0421402864,0.0402493514,0.0587701052,-1.53200018,1.04546309,-0.136665061,-0.292112678,-1.16741645,-1.36986721,-0.0748764798,-0.453034669
-0.360965818,0.564221859,0.0640276223,-0.430582494,0.514697611,0.546408534,0.501121581,0.0111507876,0.0658972189,-0.0792116672,0.179298177,0.299892932,-0.00305902492,0.15444468,-0.0254783109,0.0484522879,0.13850607,0.246759489,0.004500499,-0.0386212654,0.0404086821,0.0569938235,-1.53281879,1.0430994,-0.136212721,-0.292277694,-1.16591322,-1.37519324,-0.0764891654,-0.452532113
-0.360895514,0.564209461,0.0633446127,-0.431259751,0.51424253,0.545765936,0.501706421,0.0116460286,0.0649810955,-0.0800329149,0.180153832,0.299884558,-0.0030800961,0.153200284,-0.0264379848,0.0473788716,0.140442923,0.245626479,0.00458049821,-0.03806426,0.0412636809,0.0577398613,-1.53163505,1.04493237,-0.132972494,-0.290899247,-1.16302729,-1.37762845,-0.0772192329,-0.453427583
-0.360755831,0.564304948,0.0630260706,-0.431762397,0.513656676,0.54501915,0.502684951,0.0118998131,0.0642472357,-0.080734551,0.180236712,0.299598277,-0.00303441123,0.151367694,-0.0260115769,0.046151977,0.141697705,0.244748339,0.00465016579,-0.0363300741,0.0413486511,0.0575189851,-1.53176439,1.0449996,-0.132102266,-0.289955407,-1.16058528,-1.37898111,-0.0777014345,-0.454789251
-0.360931873,0.564202845,0.0644128472,-0.431216776,0.514280796,0.54458648,0.502983928,0.0137055926,0.0609188974,-0.0806004405,0.181254342,0.299718976,-0.0030825166,0.151877344,-0.0292805433,0.0461033434,0.1433907,0.243873775,0.00470837671,-0.0339820944,0.0416858643,0.057885468,-1.5257889,1.0475353,-0.127651334,-0.289311737,-1.15869665,-1.38087714,-0.079048045,-0.456510127
-0.361232609,0.564318955,0.0673876107,-0.430086464,0.514565706,0.544213772,0.504062533,0.0129552064,0.0580645353,-0.0805044025,0.18118903,0.299675465,-0.00309312204,0.151470274,-0.0314715467,0.0457518138,0.144503027,0.242833689,0.00477200421,-0.0289373305,0.0418222323,0.0550934225,-1.51553583,1.04389977,-0.123763241,-0.288453847,-1.1535517,-1.38131523,-0.0783370957,-0.458451778
-0.36135754,0.564288378,0.0683931485,-0.429561943,0.513629794,0.544658899,0.504982829,0.0172510855,0.0565573052,-0.0805994794,0.182293043,0.299709529,-0.00305228424,0.15450424,-0.0326357894,0.0450410694,0.146338373,0.24205184,0.00483528245,-0.02760203,0.0406867862,0.0607127994,-1.51513422,1.04101157,-0.120660216,-0.287028819,-1.15223932,-1.38178718,-0.07774508,-0.458656698
-0.361302525,0.564431071,0.0696796924,-0.430472404,0.513266265,0.544418037,0.504836917,0.0190334544,0.0566238165,-0.0807327405,0.181595281,0.299793929,-0.00305714435,0.154716328,-0.0321986713,0.0441950634,0.146732599,0.241273925,0.00488223042,-0.0277771223,0.0394725949,0.0644811317,-1.51897144,1.04359198,-0.118598111,-0.286170423,-1.15313852,-1.38408244,-0.0776504204,-0.458714306
-0.361006886,0.564488471,0.0691277459,-0.4309946,0.513275206,0.543883562,0.504958332,0.0186569709,0.0573224165,-0.0808399692,0.180033907,0.299914598,-0.00304493797,0.153020099,-0.0313865095,0.0430419408,0.146310374,0.240579993,0.00492668245,-0.0252572279,0.0390350297,0.0648080632,-1.52200222,1.04568696,-0.118373729,-0.286482036,-1.15468657,-1.38695776,-0.0785652623,-0.458325833
-0.361258745,0.5646047,0.0697090626,-0.431281567,0.513581097,0.543538272,0.504774094,0.0190393962,0.055955518,-0.0801824629,0.179390132,0.300094992,-0.00306525384,0.152745172,-0.0325929187,0.0427095816,0.14606002,0.240038469,0.00496864598,-0.0237947684,0.0394966714,0.0644678548,-1.52128005,1.0467627,-0.117396362,-0.286815673,-1.15549874,-1.38952136,-0.0803232715,-0.457706898
-0.361408859,0.564409077,0.0693922564,-0.431671828,0.513856232,0.543123305,0.504607141,0.0179025289,0.0557650737,-0.0798365921,0.178388089,0.300160021,-0.0030684201,0.150728792,-0.0329144187,0.0420301855,0.145920292,0.239461541,0.00500962976,-0.0215952266,0.0401370451,0.0619003922,-1.52075768,1.04578543,-0.117605962,-0.287521094,-1.15425062,-1.39100742,-0.0804192871,-0.457761705
-0.361197919,0.564588964,0.070169732,-0.433702111,0.513682604,0.541900873,0.5043571,0.0162805747,0.0559352078,-0.0795900151,0.177265316,0.299955338,-0.00299318042,0.146994129,-0.03222524,0.0412773453,0.145419717,0.239025816,0.00505742058,-0.0228565149,0.0396509804,0.0616589151,-1.52429748,1.04939651,-0.117525242,-0.288052887,-1.15495837,-1.39318061,-0.081925638,-0.457125902
-0.36147806,0.564527571,0.0699365512,-0.432797939,0.514808059,0.541264951,0.50466907,0.0140293147,0.0536047705,-0.0786172301,0.176933303,0.300241947,-0.00308113638,0.144837797,-0.0350167044,0.0415047631,0.145879775,0.238547862,0.00507584354,-0.0184263792,0.039713949,0.0601953305,-1.52612925,1.04709411,-0.118487723,-0.28818959,-1.1553638,-1.3949095,-0.0832437649,-0.457194239
-0.361217707,0.564448953,0.0696339384,-0.434959888,0.513919473,0.5398224,0.505260825,0.0128274243,0.0555522963,-0.0787013844,0.176740363,0.300470948,-0.00309791346,0.141282931,-0.0338067673,0.0408464894,0.146467447,0.238058612,0.00510977488,-0.0216769241,0.0385507382,0.0583388731,-1.52535677,1.05158174,-0.116985649,-0.287995636,-1.15358162,-1.39467847,-0.0830249414,-0.457658798
-0.361481369,0.564437628,0.0702302754,-0.435217738,0.514481843,0.539118528,0.50521785,0.0121656973,0.052834928,-0.0775197446,0.176921681,0.300713539,-0.00310432632,0.139368549,-0.0367293991,0.0415121019,0.147884905,0.237600565,0.0051311031,-0.02177931,0.0392350256,0.0559574664,-1.52221906,1.05311227,-0.116362087,-0.288405061,-1.15206039,-1.393296,-0.083130002,-0.459185839
-0.361513585,0.564444244,0.0645063445,-0.43562302,0.514335275,0.538841784,0.505313039,0.0107470071,0.0533470437,-0.0774063021,0.176880687,0.300729156,-0.00311406748,0.136857122,-0.036342971,0.0412758179,0.149194181,0.237294555,0.00515352143,-0.0199424438,0.04040635,0.055936642,-1.52315176,1.05389345,-0.117681056,-0.289625913,-1.15314317,-1.39254904,-0.0858504325,-0.459954113
-0.361258507,0.56439954,0.0654102862,-0.435670465,0.512380898,0.536274791,0.509967029,0.0105349235,0.0541662015,-0.0774363279,0.176879048,0.300808042,-0.00308857858,0.134866416,-0.0358798578,0.0410509482,0.150060996,0.236944973,0.00516680721,-0.0207149964,0.0388721116,0.0556826741,-1.52216232,1.05797374,-0.116653271,-0.290633917,-1.15221202,-1.39244092,-0.08592996,-0.460718095
-0.357415736,0.566688716,0.0678168088,-0.441175848,0.502286017,0.540086687,0.511252463,0.0284049511,0.0737439618,-0.0819372609,0.182092085,0.302128971,-0.00317425234,0.142059773,-0.0175871663,0.0363568328,0.154258311,0.238916472,0.00522558298,-0.0388909988,0.0188299026,0.0693762973,-1.51958728,1.06200087,-0.128121316,-0.305511832,-1.13814306,-1.37102318,-0.0821951553,-0.461571693
-0.357486457,0.566723287,0.0690938681,-0.440741867,0.501399755,0.540739477,0.511806369,0.0317939669,0.0775742531,-0.0814200416,0.178967014,0.302461416,-0.00329466723,0.143969372,-0.0140219266,0.0365501717,0.154997632,0.240345642,0.00514149852,-0.0380181968,0.0187559389,0.0704721361,-1.51897907,1.06274068,-0.138972595,-0.317677766,-1.1355238,-1.35745394,-0.0825829729,-0.463746905
-0.357037485,0.566741288,0.0659545735,-0.441784829,0.501344681,0.539933264,0.51181221,0.03423886,0.0775081962,-0.0798520669,0.17639941,0.302751511,-0.00331884879,0.143402532,-0.0143569531,0.0377275124,0.154597461,0.241415575,0.00509677175,-0.0422802158,0.0189335048,0.0695837662,-1.51705682,1.06958306,-0.141694367,-0.322414786,-1.13767159,-1.34908986,-0.0834892094,-0.464896381
-0.35726279,0.566861093,0.0661507696,-0.441698223,0.501214862,0.540186346,0.511747122,0.0349413715,0.0782142431,-0.0783756003,0.173951149,0.30308491,-0.0033634461,0.143549338,-0.0134749822,0.0383557491,0.154441804,0.242452443,0.00505474443,-0.0414900631,0.01849363,0.0686818138,-1.51596475,1.07565427,-0.142350256,-0.324674994,-1.13898766,-1.34237313,-0.0836751983,-0.465818524
-0.357268155,0.566839457,0.0675255358,-0.442129344,0.500995636,0.540001452,0.511784554,0.0354982056,0.0791915432,-0.0770272315,0.172160417,0.303176582,-0.00340407691,0.143101469,-0.0127375042,0.0390972421,0.154294595,0.243311778,0.00501738256,-0.0424112901,0.018908361,0.0677130446,-1.51455903,1.07635856,-0.142712057,-0.325873852,-1.14038873,-1.33667791,-0.0817122385,-0.466462702
-0.357288361,0.566812456,0.0653519705,-0.442265987,0.501274288,0.539570928,0.511847794,0.0358934887,0.0789274424,-0.07552322,0.170715973,0.303439707,-0.0034438686,0.142669261,-0.0127830571,0.0400614589,0.153926462,0.243935317,0.00496198935,-0.0426375195,0.0192904975,0.0675947517,-1.51316845,1.08086228,-0.142652363,-0.327380359,-1.14473867,-1.33444738,-0.0824615285,-0.465657294
-0.357242674,0.566589117,0.0644301325,-0.442627907,0.501262486,0.539398313,0.511728406,0.035622593,0.079418838,-0.0740901753,0.16950582,0.3037211,-0.00347336708,0.141731739,-0.0128436685,0.0407112688,0.153700918,0.244353145,0.00493741082,-0.0430520028,0.0202345718,0.0673664436,-1.5105741,1.08551681,-0.141493276,-0.32721895,-1.14737868,-1.33177483,-0.0804226995,-0.466876924
-0.357459754,0.566900074,0.0648440868,-0.442719907,0.501347542,0.539189637,0.511785328,0.0358123705,0.0787556171,-0.0726406202,0.168835476,0.303654552,-0.00345131988,0.141413167,-0.0129185915,0.0413685404,0.153592899,0.244883209,0.00491602067,-0.042502638,0.0198466443,0.0664254576,-1.50886607,1.08777821,-0.140354082,-0.328173786,-1.15006268,-1.33060348,-0.0801050961,-0.466163099
-0.357291013,0.5668751,0.0651334599,-0.443257034,0.500870764,0.538793027,0.512204826,0.0361218601,0.0799740702,-0.0718146861,0.168155983,0.303791255,-0.00346808927,0.140455395,-0.0116795134,0.0416113436,0.153570056,0.245338589,0.00488477619,-0.0432428271,0.0201416984,0.0663548484,-1.50665009,1.08922708,-0.14104943,-0.330953032,-1.15183342,-1.32769907,-0.0784690753,-0.46591118
-0.357061833,0.566789746,0.0655164868,-0.443615466,0.50056994,0.538656235,0.51233238,0.0372998044,0.0803450793,-0.0708138123,0.167939335,0.303850085,-0.0034750239,0.140265718,-0.0117554301,0.0420116782,0.154023647,0.245763525,0.00487424247,-0.0441923849,0.0212149825,0.0639394745,-1.50354004,1.08968437,-0.14018847,-0.33110103,-1.15287721,-1.32286429,-0.0752971321,-0.466658115
-0.357408673,0.566897273,0.0652072877,-0.443757057,0.501019418,0.538207352,0.512242138,0.0367618836,0.079170458,-0.0694694519,0.167528331,0.303971589,-0.00350205391,0.139357641,-0.0125778727,0.0429290719,0.154079452,0.245888203,0.00483560609,-0.0439586975,0.0206727199,0.0625016242,-1.50145173,1.09027541,-0.138044164,-0.329878271,-1.155177,-1.32089782,-0.0739556476,-0.466213673
-0.357188076,0.56703198,0.0595793687,-0.444181919,0.501366675,0.53787297,0.511885226,0.0362572744,0.0791348219,-0.068666935,0.166735634,0.304185987,-0.0035171241,0.138329282,-0.0124604246,0.0433023199,0.154029518,0.246192455,0.00482030772,-0.0432273708,0.0204464346,0.063245371,-1.50074601,1.09343088,-0.135501891,-0.326440692,-1.15967536,-1.31942797,-0.0753015652,-0.465229064
-0.357525826,0.566886306,0.0602055416,-0.444275111,0.501668453,0.537374437,0.51203233,0.0349020548,0.079136163,-0.0678191483,0.166357055,0.304350883,-0.00355597655,0.137203798,-0.0132711232,0.0439534076,0.15365465,0.246392637,0.00481065968,-0.0417985693,0.0207167529,0.0619000196,-1.50060546,1.09591877,-0.134406894,-0.325049192,-1.16240716,-1.32050943,-0.0753762126,-0.464765102
-0.357388377,0.567048848,0.0603102818,-0.444669932,0.501178682,0.537149906,0.51240474,0.0348120257,0.0799507424,-0.0672364458,0.166266635,0.304624438,-0.00359503832,0.136540681,-0.0128778825,0.0441301279,0.153872952,0.246739089,0.00481127203,-0.0420861803,0.0204080455,0.0630584285,-1.50086915,1.09653628,-0.134782478,-0.325140953,-1.16265726,-1.31909192,-0.0740839019,-0.464933038
-0.357364058,0.56702888,0.0609139428,-0.444641173,0.501445115,0.536861658,0.512471139,0.0350868404,0.0792068169,-0.0662629753,0.166141659,0.304867685,-0.00362757454,0.136107907,-0.0142088691,0.0447190665,0.154497802,0.246931002,0.0048028673,-0.0420901366,0.0201620813,0.0626420975,-1.5014255,1.09808135,-0.132380009,-0.323907614,-1.16384578,-1.31763625,-0.0721148551,-0.465643376
-0.357565314,0.567033172,0.0603294596,-0.444832027,0.501447618,0.536708295,0.512463629,0.0348011255,0.0787545368,-0.0656070113,0.166043371,0.305019081,-0.00361349084,0.135562107,-0.0143386498,0.0452041589,0.154652759,0.247063875,0.00479530683,-0.0414564982,0.0203089695,0.0622569285,-1.49992335,1.09763312,-0.133445501,-0.324026316,-1.1659857,-1.31710255,-0.0722671747,-0.464804262
-0.357287347,0.567055941,0.061009042,-0.445228398,0.501108587,0.536617219,0.51254642,0.0347086266,0.0796755627,-0.0655171275,0.165845558,0.30521068,-0.0036089241,0.134818241,-0.013230918,0.0451609269,0.154927686,0.247184947,0.00478904974,-0.0407991,0.0203931257,0.0620823763,-1.4985925,1.09761333,-0.134202451,-0.325146943,-1.16585028,-1.31590617,-0.0703075156,-0.465286195
-0.35733822,0.567026317,0.0605817698,-0.445058644,0.500997484,0.536482871,0.51294291,0.0347437523,0.0798196271,-0.0651141927,0.165635005,0.305477262,-0.00365146599,0.134805486,-0.0134043386,0.0454976857,0.155303314,0.247318238,0.00477269478,-0.0397578366,0.0203902368,0.0632302165,-1.50130534,1.09795105,-0.133745849,-0.324366838,-1.16786718,-1.31608617,-0.0699712634,-0.464964002
-0.357160062,0.566974819,0.0599060766,-0.445647061,0.500710368,0.536285102,0.512919188,0.0351117663,0.0805402175,-0.0648657903,0.165604889,0.305633992,-0.00368865905,0.134552836,-0.0136110829,0.0458057746,0.15555349,0.2474529,0.00477748178,-0.0406896137,0.0213181488,0.0621251017,-1.50077891,1.09919512,-0.13210243,-0.322070986,-1.16925526,-1.31529093,-0.0692895427,-0.464119494
-0.357412726,0.56678462,0.0604785457,-0.445216209,0.500983655,0.536101699,0.513218164,0.0344779566,0.0800483301,-0.0641106516,0.165218875,0.305797696,-0.00371474377,0.133988634,-0.0139112845,0.0462056547,0.155839145,0.247395486,0.00474454276,-0.0390439443,0.0207027029,0.062016625,-1.4994365,1.09845972,-0.133511961,-0.323200852,-1.170241,-1.31457186,-0.067982778,-0.464354098
-0.357462853,0.567040145,0.0604320429,-0.445583433,0.501139462,0.535717666,0.513148367,0.0346447043,0.0792310461,-0.0635370165,0.165459067,0.305981278,-0.00374361826,0.133575916,-0.0152799953,0.0468599126,0.156061009,0.24740231,0.00474823033,-0.0397497304,0.0201862473,0.0617831349,-1.49910414,1.09946573,-0.132476822,-0.323308587,-1.17107928,-1.31390142,-0.0672041699,-0.464070857
-0.357186288,0.567041039,0.0602956489,-0.445891142,0.500867784,0.535524428,0.513347924,0.034297701,0.0798249841,-0.0634330586,0.164971203,0.30601868,-0.00369294686,0.132768586,-0.0141319241,0.0466478243,0.156168804,0.247572854,0.00474751927,-0.0387212634,0.0206476748,0.0625175759,-1.50172627,1.10073662,-0.131515488,-0.322798133,-1.1727829,-1.31384623,-0.0671117529,-0.463951707
-0.357294768,0.567070544,0.0599978119,-0.446133971,0.500476778,0.535742819,0.513290524,0.0356108099,0.080014661,-0.0633100867,0.165132374,0.306034714,-0.00368205504,0.13291949,-0.0139862448,0.046765618,0.156540081,0.247685805,0.00474676676,-0.0388662666,0.0209623724,0.0624261238,-1.50178874,1.10028386,-0.131742865,-0.321909368,-1.17277229,-1.31247485,-0.0663443282,-0.463868201
-0.357281208,0.567078471,0.0600111447,-0.446002603,0.500786066,0.535240233,0.513627231,0.0343857966,0.0799224675,-0.0630009621,0.164866149,0.306071252,-0.00373266055,0.132124335,-0.0144693963,0.0470956042,0.156477675,0.247615874,0.00473182322,-0.0372514687,0.0205662735,0.0623465516,-1.50102639,1.10021079,-0.132253692,-0.32221812,-1.17423427,-1.31401575,-0.0670642555,-0.463569731
-0.3572101,0.566874623,0.0606727749,-0.446658641,0.500587642,0.535043418,0.513455689,0.0346998535,0.0798872039,-0.0628166571,0.165194839,0.306174845,-0.00371892028,0.131501079,-0.0144378524,0.0471925028,0.156903088,0.247530848,0.00472138915,-0.0383091718,0.0207057185,0.0621070117,-1.50146699,1.1010313,-0.131929606,-0.322066396,-1.17407465,-1.31206787,-0.0652712733,-0.464587748
-0.35730046,0.567141473,0.06061906,-0.446621597,0.500706971,0.535036922,0.513378203,0.0340747908,0.0802963823,-0.0626763478,0.165054321,0.306299269,-0.00374253234,0.130829558,-0.0140587194,0.0473393984,0.156975657,0.24764441,0.00471705198,-0.0364866666,0.0203755703,0.0618697405,-1.49988222,1.10049534,-0.133078977,-0.323778301,-1.17482233,-1.31251609,-0.0654639751,-0.464061081
-0.35738647,0.566947103,0.0606288388,-0.446672976,0.500739276,0.534732044,0.513619602,0.0335185714,0.0798064694,-0.0623522848,0.164709195,0.306226164,-0.00373321748,0.130296737,-0.014231774,0.047597684,0.157068998,0.247487351,0.00469703833,-0.0359431282,0.0204570983,0.0614616312,-1.49975014,1.10043848,-0.133443251,-0.324529052,-1.17579556,-1.31355119,-0.0660042614,-0.463125795
-0.357105583,0.566940546,0.0616393611,-0.447143555,0.500755608,0.534395933,0.513544023,0.0329766162,0.0801101029,-0.0620532855,0.164447695,0.306343496,-0.0037566484,0.12886709,-0.0149701927,0.0477288365,0.157483488,0.247445568,0.00471230038,-0.0366722904,0.0203791726,0.0608906075,-1.49758601,1.10062599,-0.133650392,-0.326447457,-1.17533588,-1.31220055,-0.0644587278,-0.463477403
-0.357466727,0.56710887,0.0607887954,-0.446863472,0.500912249,0.534200966,0.513837814,0.0327963494,0.0792877302,-0.0616732128,0.164682329,0.306491792,-0.0037577122,0.128422394,-0.0154906427,0.0481176414,0.157876506,0.247449815,0.00470390776,-0.035357926,0.0203414243,0.0610808618,-1.49733472,1.1014539,-0.133037791,-0.326631486,-1.17611706,-1.31330395,-0.0654121265,-0.463259369
-0.357301861,0.56707114,0.0606605634,-0.446982116,0.500643909,0.534127593,0.514072418,0.033594653,0.0790224373,-0.0615349896,0.164823204,0.306688637,-0.00374153396,0.128582731,-0.0154628241,0.0481392853,0.158522978,0.247459441,0.00469711376,-0.0354716294,0.0200654902,0.0615313053,-1.49908864,1.10194373,-0.131644458,-0.325109869,-1.1766113,-1.31178796,-0.0644328073,-0.463380218
-0.357236296,0.567069292,0.0609344691,-0.447306961,0.500583053,0.534072638,0.513906062,0.0335519053,0.079446964,-0.0614848584,0.164550349,0.306707352,-0.00376140024,0.128271461,-0.0152446693,0.048077222,0.158664346,0.247412577,0.00469140988,-0.0350664295,0.0196460262,0.0613741241,-1.4984175,1.10206735,-0.132157445,-0.325649589,-1.17676401,-1.31084859,-0.0641198531,-0.463060647
-0.357339412,0.567008793,0.0612284951,-0.44724825,0.500789046,0.533710182,0.514133096,0.0326856673,0.0791371837,-0.0612862892,0.164247051,0.306663841,-0.00376343797,0.127540335,-0.0152568864,0.048226241,0.158619836,0.247257501,0.0046737846,-0.0336484127,0.0197009631,0.0611012019,-1.49799848,1.10211813,-0.132004037,-0.326466024,-1.17738986,-1.31204605,-0.0646470934,-0.463118225
-0.357213855,0.566950917,0.061668098,-0.447710186,0.500446737,0.533486784,0.514296055,0.0328887291,0.0792403072,-0.0611605458,0.164260849,0.306706965,-0.00374461967,0.126868933,-0.0153230801,0.0482391603,0.158988193,0.247164264,0.00468086218,-0.0345093757,0.0202496797,0.0605010018,-1.49733818,1.10241663,-0.132509887,-0.32768026,-1.17654419,-1.31093335,-0.0634100512,-0.463746488
-0.357237965,0.566982567,0.0605463348,-0.447698385,0.500559568,0.533164322,0.514530838,0.0322997272,0.0787771866,-0.0608991645,0.164238036,0.306721151,-0.00376114203,0.126110777,-0.0154030416,0.0485148616,0.159240544,0.247032329,0.00466462923,-0.0340138562,0.0203826819,0.0610846095,-1.49927342,1.10445929,-0.130295157,-0.325111508,-1.17879725,-1.31178987,-0.0640155002,-0.463633955
-0.357161731,0.566994488,0.0607737117,-0.448142171,0.500355542,0.532477617,0.515053988,0.0315412804,0.0789732486,-0.0607026257,0.164231703,0.306971461,-0.00379726547,0.12438558,-0.016195463,0.04872673,0.159476534,0.247057766,0.00468999101,-0.0348640308,0.0201260224,0.0583758354,-1.49737144,1.10390425,-0.130922973,-0.324508995,-1.17832327,-1.30844843,-0.0616822802,-0.463805676
-0.35681504,0.567175686,0.0606957935,-0.448554248,0.49962306,0.532092214,0.515804052,0.0329519995,0.0793443024,-0.0607655719,0.164794371,0.307162076,-0.00377896964,0.123945922,-0.0156475306,0.0487196185,0.160387889,0.247115403,0.00470654899,-0.0365126953,0.0194889773,0.0587952361,-1.49501371,1.10557997,-0.130317703,-0.324646741,-1.17803597,-1.30521297,-0.0596952252,-0.465113491
-0.356287807,0.567101717,0.061769221,-0.44906342,0.498717874,0.532929897,0.515371978,0.0352870524,0.0812244862,-0.061219383,0.165509403,0.307268769,-0.00379407848,0.125777274,-0.0132449782,0.0486296527,0.161535963,0.24704951,0.00470029283,-0.0377288759,0.0183730945,0.0624392293,-1.49078667,1.10869908,-0.130539447,-0.327593923,-1.17884147,-1.30296993,-0.0584570803,-0.467052758
-0.356883466,0.567053556,0.0601513386,-0.448786288,0.499946266,0.532434106,0.514935493,0.0337761417,0.0796856284,-0.0606845357,0.164250851,0.307184219,-0.00381907169,0.124605879,-0.014803349,0.0492448211,0.1610533,0.246990532,0.00467221951,-0.034830492,0.0204473957,0.0588865019,-1.49131,1.10941553,-0.129977673,-0.327170074,-1.18168521,-1.3030386,-0.0587098449,-0.465877384
-0.357378662,0.567220688,0.0611616559,-0.448444158,0.500482917,0.531955302,0.515206993,0.031811893,0.0770844296,-0.0598538406,0.163581699,0.307169706,-0.00378555735,0.123126104,-0.0168831926,0.049993325,0.160654604,0.246852577,0.00467907544,-0.0331752785,0.0197233278,0.0576537773,-1.49116611,1.1081388,-0.130158931,-0.327852458,-1.18338275,-1.30394971,-0.0589447618,-0.463751286
-0.356998056,0.567132294,0.0619906932,-0.449143291,0.499825865,0.531895638,0.515297651,0.0320735052,0.0792312995,-0.0602951907,0.164098755,0.307326823,-0.00384499901,0.122490607,-0.0158565007,0.0497888587,0.161200792,0.246776953,0.00469288509,-0.0343226753,0.0195164215,0.0584739819,-1.49022031,1.10824203,-0.129320666,-0.328784913,-1.18297362,-1.30186963,-0.0568128042,-0.464467108
-0.35723418,0.567029953,0.0609618202,-0.449193001,0.500186861,0.531387329,0.515428245,0.0317986123,0.078091979,-0.0597925931,0.163793132,0.307486922,-0.00383437262,0.12163315,-0.0168298259,0.0501502529,0.161564291,0.246781304,0.00468164729,-0.0340543799,0.0198945943,0.0567107722,-1.48966503,1.10845029,-0.12901634,-0.328731388,-1.18431664,-1.30102813,-0.0562310554,-0.46438691
-0.357183903,0.567007005,0.0609741509,-0.449310631,0.500753701,0.531018972,0.515154898,0.0316617265,0.0762340501,-0.0593768135,0.164028704,0.307709903,-0.0037986692,0.120895006,-0.0180249996,0.0505992956,0.161984608,0.246594951,0.00467337295,-0.033627782,0.0204183962,0.0565345772,-1.48829031,1.11106956,-0.126381829,-0.328155845,-1.18775964,-1.30159819,-0.0567940585,-0.462672949
-0.357670784,0.566975474,0.0612685159,-0.44907701,0.500725567,0.531393588,0.514999628,0.0309588574,0.076468356,-0.0593515262,0.163664579,0.307691187,-0.00381364953,0.120724499,-0.0177080911,0.0505050682,0.162196279,0.246479362,0.00467241462,-0.0313375741,0.0202980954,0.0576893762,-1.48977864,1.11030233,-0.127304688,-0.329301804,-1.18959355,-1.30248427,-0.0563257486,-0.462254137
-0.357634097,0.567037582,0.0605668798,-0.448924243,0.500819385,0.530924082,0.515525639,0.0303592999,0.0759355277,-0.0591893308,0.163789496,0.30761981,-0.00381223136,0.120331116,-0.0181670953,0.0506925695,0.162525177,0.246379063,0.00466798106,-0.030282639,0.0211266074,0.0573759563,-1.48996341,1.11027086,-0.126238897,-0.328259468,-1.19115508,-1.30398202,-0.0564384125,-0.461008549
-0.357512087,0.567143798,0.0613465644,-0.449604064,0.500723124,0.530703962,0.515253067,0.0307933912,0.0752147064,-0.0589270778,0.163891748,0.307667941,-0.00379827037,0.119402386,-0.018784795,0.0509069264,0.163056612,0.24630864,0.00468308153,-0.0321725942,0.0202175528,0.0568991937,-1.48887074,1.11087716,-0.125601783,-0.328365415,-1.19001174,-1.30387449,-0.0544054955,-0.461204052
-0.357713491,0.566941798,0.0611812584,-0.449369013,0.500729382,0.530621767,0.515536666,0.030245265,0.0758089572,-0.0589382686,0.163602814,0.307690322,-0.00379313761,0.118684903,-0.0184034836,0.0507745594,0.163200721,0.246232137,0.00468003005,-0.0299437307,0.0211341251,0.0568958148,-1.48877597,1.10917389,-0.128717914,-0.33093223,-1.19058144,-1.30489182,-0.0539921336,-0.461589813
-0.357496828,0.567173064,0.0603909642,-0.449560195,0.500546873,0.530611634,0.515557587,0.0313905813,0.0751836002,-0.0587332919,0.164107233,0.307922125,-0.00378258666,0.119601585,-0.0185451433,0.0509078391,0.163507178,0.246205181,0.0046798205,-0.0302026644,0.0204698164,0.0574293435,-1.49129331,1.11057651,-0.126421392,-0.328645587,-1.19154155,-1.30469513,-0.0553507507,-0.460479558
-0.357717842,0.567032695,0.0603498071,-0.449595988,0.500475407,0.530559778,0.515649199,0.0313518606,0.0751072615,-0.0587025955,0.163877249,0.307795793,-0.00376598374,0.119110391,-0.0186794158,0.0510074496,0.163518429,0.246229455,0.00468662102,-0.0293149017,0.0211449638,0.0572194196,-1.49300277,1.11002564,-0.126691058,-0.327566803,-1.19160461,-1.30515552,-0.0553251356,-0.460769087
-0.35783577,0.567111075,0.0606793612,-0.449648947,0.500264823,0.53071928,0.515643299,0.0323478617,0.0749812126,-0.058696676,0.163661718,0.307198614,-0.00375890778,0.119498543,-0.0187237225,0.0511247143,0.163870513,0.246177986,0.00469120918,-0.0293042585,0.0202613007,0.057193011,-1.49206376,1.10844707,-0.128632531,-0.327948153,-1.19011009,-1.30424547,-0.0540145896,-0.461321533
-0.357464522,0.567138493,0.0606022514,-0.449610889,0.500558972,0.530063868,0.516065001,0.0317860059,0.0746336579,-0.0584441684,0.163380742,0.307242215,-0.00376703008,0.118892573,-0.0192485601,0.0512522683,0.163485408,0.246106356,0.00468708761,-0.0283539649,0.020918766,0.0563780665,-1.4913429,1.10923195,-0.126764446,-0.327425539,-1.19210398,-1.3048197,-0.0558725893,-0.460379452
-0.357372046,0.567167103,0.061767403,-0.450175256,0.499350548,0.530692697,0.516097486,0.0338791646,0.0764870867,-0.0587190576,0.163676977,0.307491809,-0.003764441,0.119774215,-0.0167471208,0.0507549457,0.164003059,0.246073961,0.00468248082,-0.0300832968,0.0195600577,0.0580752119,-1.48912692,1.10893726,-0.127987429,-0.329323769,-1.18804634,-1.30273938,-0.0541217886,-0.462161064
-0.357527345,0.567148268,0.0609072037,-0.450035274,0.50050211,0.529988527,0.515827537,0.0328492001,0.0744424164,-0.0578726865,0.162742481,0.307407439,-0.00379707012,0.118999071,-0.0192855969,0.051639054,0.163784161,0.245969161,0.00466931285,-0.0294176992,0.0207150988,0.0558724925,-1.48794281,1.10996163,-0.127443194,-0.329463124,-1.189888,-1.30316699,-0.0538204722,-0.461995423
-0.357833564,0.567181826,0.0600995272,-0.449689478,0.500135303,0.53012687,0.516342461,0.0327297784,0.0748302564,-0.0577601492,0.162802383,0.307594866,-0.0037988238,0.118809357,-0.0188019387,0.0515460111,0.16391176,0.245915323,0.0046674381,-0.0279824007,0.0212143864,0.0561882854,-1.48968232,1.10907829,-0.127589092,-0.327975065,-1.19113147,-1.30260837,-0.0548777133,-0.460571826
-0.357183248,0.567151129,0.0606590249,-0.450283855,0.499037087,0.530482352,0.516521931,0.0350158848,0.0769322887,-0.0582412817,0.163484558,0.307854921,-0.00380459731,0.119975813,-0.0168147329,0.0510801859,0.164577246,0.245933339,0.00467347633,-0.0298797656,0.0195483025,0.0583384521,-1.49054217,1.11010301,-0.126889125,-0.327468961,-1.18970406,-1.30098033,-0.0541362204,-0.462132603
-0.357354522,0.56718874,0.0609576851,-0.450609326,0.499386877,0.53039974,0.515984595,0.0350827575,0.0765765831,-0.0578995757,0.163075402,0.307949662,-0.00381931965,0.119659625,-0.0173039045,0.0514949001,0.164357468,0.245898828,0.00466664787,-0.0301394723,0.0198997427,0.0578186959,-1.49004185,1.11187351,-0.126116395,-0.327620983,-1.19028795,-1.30108631,-0.0547678433,-0.461841941
-0.357916832,0.567040443,0.0597258285,-0.449838907,0.500122547,0.530335009,0.516010821,0.033448305,0.0750790238,-0.0573573261,0.162004501,0.307921946,-0.00383155327,0.119286515,-0.0183671042,0.0519632958,0.164180726,0.245734632,0.00464029936,-0.0271839332,0.0215358101,0.0573328249,-1.49306524,1.11029959,-0.126880646,-0.326212406,-1.19234645,-1.30322874,-0.056357827,-0.460758388
-0.357758045,0.567117751,0.0600260943,-0.450252175,0.500383496,0.529697478,0.516052186,0.0330653042,0.0742425025,-0.0570959747,0.16193974,0.307723463,-0.00382996141,0.118321873,-0.0196655989,0.0522959679,0.163967445,0.245636657,0.00465335976,-0.0280819163,0.0212630313,0.0561262742,-1.4939158,1.11085868,-0.126011774,-0.325103283,-1.19272745,-1.30463159,-0.055689998,-0.460581571
-0.357756734,0.56708461,0.0601043068,-0.450338364,0.50037843,0.529836118,0.515839517,0.0328616612,0.0748943537,-0.0571514703,0.162248015,0.307888269,-0.0038595451,0.118004166,-0.0194022935,0.0522173271,0.164239213,0.245663911,0.00465667574,-0.0274389852,0.0216893721,0.0566197075,-1.49461102,1.11099434,-0.125673428,-0.3243393,-1.19357312,-1.30496609,-0.0547416098,-0.460591942
-0.357882053,0.566979766,0.059781637,-0.450005293,0.50017488,0.529999137,0.516160131,0.0331068933,0.0752290338,-0.0571410395,0.162024289,0.307891279,-0.00384491892,0.118433893,-0.0188100524,0.0519718677,0.164586902,0.245654806,0.00464959349,-0.0258951411,0.0213811286,0.05673768,-1.49540985,1.10866177,-0.127339154,-0.324976474,-1.19301105,-1.30661047,-0.0558619313,-0.460030019
-0.357565552,0.567031562,0.0601873845,-0.45076248,0.500477552,0.529460371,0.515758812,0.0328066759,0.074553892,-0.0568477809,0.161753789,0.307877839,-0.00385027216,0.117629878,-0.0196263362,0.0521226078,0.164196551,0.245488167,0.00465605548,-0.027432438,0.0210042112,0.0560391136,-1.4955678,1.11052227,-0.125913769,-0.324247509,-1.19291043,-1.30706382,-0.0558112338,-0.46042195
-0.358109206,0.566996932,0.0596529283,-0.449943602,0.500763357,0.529729486,0.515920043,0.0322824977,0.074140951,-0.0565205328,0.161461696,0.307921529,-0.00385270594,0.117658712,-0.0196974333,0.0520661958,0.164132297,0.245457277,0.0046444172,-0.0242070369,0.0215478484,0.0567056611,-1.49785948,1.10849833,-0.12753953,-0.324520707,-1.1934073,-1.30909824,-0.057177376,-0.460261941
-0.357907623,0.567055523,0.0601063669,-0.450425357,0.500201225,0.529234827,0.516552329,0.033011999,0.0739261135,-0.0564060956,0.161752433,0.308033586,-0.00380819011,0.117211804,-0.019403385,0.0519807339,0.16410917,0.245460749,0.00465889135,-0.0259650033,0.0208457299,0.0567465946,-1.49856007,1.1092304,-0.127790108,-0.324588746,-1.19202244,-1.30982268,-0.0570599474,-0.46041584
-0.357744992,0.567162633,0.0596757159,-0.451084882,0.500203252,0.52848655,0.516740859,0.0337118581,0.0727218166,-0.0559835173,0.161847129,0.307847381,-0.00378525024,0.116747424,-0.0204987563,0.0523310639,0.16425547,0.245402217,0.00466839457,-0.028435586,0.0223407689,0.0545770749,-1.49506557,1.1130048,-0.124833912,-0.323045552,-1.19075012,-1.30863237,-0.0560535304,-0.461261809
-0.358224928,0.567051411,0.0595242567,-0.450514674,0.500033796,0.529189527,0.516682923,0.0346282125,0.0724604726,-0.0556361042,0.16216898,0.307972044,-0.00379302748,0.117622055,-0.0205162503,0.0523000062,0.164859414,0.245414555,0.00466708466,-0.026992701,0.0222418681,0.0557619408,-1.49367416,1.11231828,-0.125905067,-0.323286831,-1.18951821,-1.30722308,-0.0551790446,-0.462663978
-0.357823044,0.567149162,0.0598360598,-0.45093295,0.500517249,0.528615296,0.516437709,0.0342105217,0.0721624866,-0.0554480515,0.161473125,0.308015257,-0.00379592995,0.117099151,-0.0209980458,0.0523648448,0.164542794,0.245343357,0.00467000296,-0.0270112883,0.0216735322,0.0555307232,-1.4923991,1.11497355,-0.123959817,-0.324312299,-1.19273341,-1.30868876,-0.0571659133,-0.461671501
-0.358130842,0.567130089,0.0601970181,-0.450522721,0.500421107,0.528963208,0.5165326,0.0341702253,0.0723062605,-0.0552250147,0.161238298,0.308063954,-0.00380790187,0.117694639,-0.0202891286,0.0522471406,0.164404646,0.245263875,0.00465370156,-0.0252536703,0.0212425608,0.0571877658,-1.49345696,1.11478221,-0.125431299,-0.326643616,-1.19322085,-1.31068707,-0.0578103997,-0.461009413
-0.357990921,0.567182243,0.0597916022,-0.450698316,0.50014168,0.529071689,0.516538978,0.0347666815,0.0728944689,-0.0551452786,0.161304966,0.308215469,-0.00382645638,0.117798224,-0.0199926216,0.0519955978,0.164214835,0.245271161,0.00466352655,-0.0253971331,0.0210666545,0.0567124858,-1.49474442,1.11393654,-0.126354858,-0.326016903,-1.1923933,-1.31007946,-0.0577634722,-0.461149484
-0.357984185,0.567179441,0.0594827719,-0.450775176,0.500597239,0.528766096,0.516343474,0.0342704579,0.0720710605,-0.0547369272,0.161159083,0.308312654,-0.00382734626,0.117702723,-0.0209910702,0.0521865375,0.16369155,0.24527891,0.00466719968,-0.0247718673,0.0211917236,0.0565029196,-1.49376714,1.11461401,-0.125727713,-0.326934248,-1.19483399,-1.31129229,-0.060690131,-0.459715337
-0.35804984,0.566899836,0.0602003075,-0.45067367,0.500781476,0.528910697,0.516105294,0.0333289951,0.0728413165,-0.0545435883,0.160854384,0.308357298,-0.00387443043,0.117047757,-0.0207242519,0.0519622378,0.163643524,0.245160878,0.00465889648,-0.0236349925,0.0209764354,0.056041941,-1.49370897,1.1132859,-0.1266945,-0.328185171,-1.19292593,-1.31210065,-0.0592202358,-0.461115479
-0.358413368,0.566974998,0.0610215925,-0.450509578,0.501316726,0.528295219,0.516359329,0.0326176807,0.070961751,-0.0539538935,0.160517916,0.308303624,-0.00384828518,0.116366342,-0.0222752169,0.0522366948,0.163655072,0.245080352,0.00465846574,-0.0231141243,0.0220887419,0.0543989986,-1.4933331,1.11124969,-0.130091861,-0.333182007,-1.19310343,-1.31420696,-0.0584889688,-0.460794836
-0.357987195,0.567062318,0.0619499646,-0.450942874,0.500691652,0.528419018,0.516460717,0.0338023007,0.0721038654,-0.0542310141,0.160625264,0.308361053,-0.00383521453,0.11677292,-0.0213231426,0.0516989827,0.163885266,0.24506703,0.00467737671,-0.024071157,0.0206893757,0.0552955195,-1.49280608,1.11151624,-0.131700695,-0.33683157,-1.19030023,-1.31433058,-0.0570274778,-0.462206334
-0.358184308,0.566977918,0.0570566133,-0.447242945,0.497154623,0.52428776,0.527193964,0.0334842727,0.071304135,-0.054006692,0.160526857,0.308345377,-0.00384473335,0.116548553,-0.02192715,0.0517074876,0.163946107,0.245030627,0.0046694912,-0.0229963716,0.0217321347,0.0554924719,-1.4961201,1.11407351,-0.127607018,-0.33041513,-1.19090545,-1.31527936,-0.0579480417,-0.462405652
