-0.408054382,-2.72605991,0.769917309,0.00283454335,0.0124851232,0.635995448,0.771586597,0.100970641,0.0666446164,0.158659026,-0.035149619,0.0511424355,-0.000500157184,-0.0754215866,0.0396240242,0.0524007343,0.151760414,0.0288941022,0.000186839941,0.0835136101,0.0331303626,0.0670615509,0.18916443,0.163337916,0.0560012683,0.621290267,0.133376658,-0.176048428,-0.0197500214,0.520319104
-0.40484795,-2.72309208,0.771233678,0.00544535648,0.0177102257,0.635501027,0.771877706,0.0982839912,0.0558196381,0.159963802,-0.0331090987,0.0515890531,-0.000550103374,-0.0767857879,0.0304871891,0.0547405481,0.152568653,0.0277273674,7.15283022e-05,0.0837693661,0.0279168375,0.0634323806,0.196516216,0.15784058,0.0532936826,0.624619305,0.135381103,-0.176141843,-0.0191365462,0.520735621
-0.400284469,-2.72036028,0.770800769,0.00560724875,0.0152958501,0.636054814,0.771471977,0.105955869,0.0636843517,0.157663718,-0.0297300648,0.0518099032,-0.000618603372,-0.0652645379,0.0352900103,0.0536038168,0.156235412,0.0273320898,-9.37970981e-05,0.0866485015,0.0329239219,0.0567864887,0.208825305,0.161642745,0.0491459705,0.63253659,0.148857147,-0.165872648,-0.00685183797,0.522261143
-0.397911578,-2.71720433,0.771368742,0.006650683,0.0165365953,0.635930717,0.771540284,0.107724793,0.0641787872,0.157286718,-0.0264824592,0.0516726859,-0.000614931982,-0.0591261797,0.0333867297,0.0545867383,0.155386358,0.025822144,-0.000143934347,0.0882627666,0.0341461115,0.0543384738,0.216343999,0.165325284,0.0456503443,0.637220681,0.15887323,-0.170013219,-0.00144760974,0.521155119
-0.392529517,-2.71444416,0.772275567,0.00685855141,0.0173769258,0.635430098,0.771932364,0.10798759,0.0679601505,0.155436411,-0.0217155069,0.0516671911,-0.000708266278,-0.0547417104,0.0351199657,0.0534635298,0.151242658,0.0231808405,-0.000306814822,0.0905835778,0.0357140638,0.052832596,0.222376853,0.172020257,0.0446286649,0.64310056,0.166539878,-0.180648848,-0.00550949108,0.524380744
-0.387167692,-2.71207476,0.771841586,0.00649183663,0.0185503922,0.634906054,0.772339404,0.102850467,0.0748898312,0.153354615,-0.0133624077,0.0514004156,-0.0007821779,-0.0513015538,0.0400801636,0.0516247004,0.147320628,0.0210046526,-0.00033193655,0.0933515057,0.0354063846,0.0531242713,0.225407571,0.178262219,0.0446652658,0.646284938,0.17046468,-0.18949908,-0.00745080551,0.525498033
-0.380932719,-2.70986462,0.77134043,0.00575211877,0.0197613556,0.634510696,0.77263993,0.0918618739,0.0822813213,0.149603277,0.00221435935,0.0515908115,-0.000911725278,-0.0491793863,0.0469757952,0.0493826419,0.144760862,0.0192634072,-0.000356657605,0.100071736,0.0359005556,0.0538477823,0.227890089,0.185277253,0.0460075103,0.649011254,0.168615475,-0.198628277,-0.0104719913,0.521298587
-0.374423951,-2.70797944,0.770860016,0.00369126862,0.0216350388,0.634007931,0.773015022,0.0698913112,0.09420304,0.144288123,0.0276160538,0.0508807488,-0.00103199587,-0.0510558039,0.0553381108,0.0468990505,0.1432506,0.0177292936,-0.00040792147,0.110057153,0.0364576504,0.0538299754,0.228853777,0.190722153,0.0463746078,0.650506258,0.175925851,-0.200078085,-0.00840459857,0.522958934
-0.367741585,-2.70655036,0.769808471,0.000990803703,0.0238874145,0.63357693,0.773310244,0.038391266,0.108629532,0.137565285,0.0638348013,0.0479838885,-0.0011511622,-0.0563440807,0.0638454482,0.0449059904,0.144381985,0.0164964627,-0.000515455264,0.122047529,0.0370602533,0.0546278208,0.228450134,0.198254526,0.0481653288,0.651273727,0.178409621,-0.204896003,-0.00847878028,0.522463441
-0.361608505,-2.70510554,0.76825738,-0.00205653952,0.02725517,0.633366466,0.773369133,-0.00506747467,0.118995406,0.129393756,0.11206957,0.0433057658,-0.00151360431,-0.0633648783,0.0714752227,0.0440254845,0.149833933,0.0156176575,-0.000596533588,0.136493504,0.0369415432,0.0535136163,0.225674912,0.202907905,0.0489090309,0.650070667,0.180421367,-0.209788352,-0.00847162493,0.521744788
-0.356289268,-2.70377374,0.767111301,-0.00523729855,0.0306440704,0.634309232,0.772454083,-0.0593748651,0.126824334,0.119219244,0.173002437,0.0348447524,-0.00224329694,-0.0727157965,0.0777869895,0.0436499901,0.15308331,0.0145932501,-0.000657496741,0.153381377,0.0372423045,0.0542746559,0.223299712,0.207197875,0.0503622033,0.64854306,0.18041423,-0.216054976,-0.0100810379,0.522493064
-0.351373494,-2.70237088,0.765779257,-0.00880308822,0.0339675024,0.636979282,0.770081878,-0.124130301,0.130271807,0.108272545,0.246057451,0.0219970588,-0.00354559207,-0.0793332085,0.0865961909,0.0430715494,0.156328797,0.0143236946,-0.0006088441,0.173413232,0.0363819227,0.0549949855,0.21850054,0.209174752,0.0510377549,0.646147907,0.181212008,-0.223233581,-0.0123254592,0.526410222
-0.347014219,-2.69755387,0.765627205,-0.00995035376,0.0370193422,0.641443253,0.766212165,-0.19075416,0.126056433,0.0954558775,0.326852024,0.00701977545,-0.00500159105,-0.0760045946,0.0879438445,0.0443440862,0.156850293,0.0141919274,-0.00063245144,0.189871937,0.0363756903,0.0527509637,0.220132992,0.210586771,0.0514495932,0.64404422,0.185226172,-0.228901237,-0.0150897,0.531847656
-0.343251109,-2.69279361,0.767625809,-0.012048047,0.0384912044,0.648308098,0.7603091,-0.267326415,0.115614519,0.0821205825,0.399814516,-0.00876953267,-0.00749667455,-0.0690467879,0.0898491368,0.0439955369,0.152932391,0.0129047697,-0.000722012308,0.206453919,0.0369036645,0.0527112111,0.222201645,0.21178931,0.0513444357,0.642699659,0.191307649,-0.232931912,-0.0181051753,0.538722754
-0.340129107,-2.68760729,0.768777609,-0.01358594,0.0411350727,0.656391323,0.753175795,-0.34693709,0.0936986804,0.0693520382,0.458552539,-0.0203997046,-0.0100452583,-0.0618502758,0.0908778831,0.0434478596,0.146270409,0.0108690588,-0.000734345987,0.214602992,0.0373505279,0.0500789434,0.227778897,0.211292237,0.0512492768,0.642440319,0.194244757,-0.236611262,-0.0211712755,0.543940663
-0.337448925,-2.68241906,0.767233253,-0.0158623755,0.044001177,0.665511072,0.744921029,-0.426873744,0.0659514144,0.0556090958,0.495009363,-0.0265723076,-0.0118946973,-0.0538921505,0.0946700126,0.0421868041,0.13743946,0.0098321503,-0.00067324267,0.215660065,0.0385443829,0.0488939323,0.233627394,0.208795011,0.0513908714,0.644771039,0.193238571,-0.238936365,-0.0245278589,0.545403361
-0.334823221,-2.67545533,0.765766859,-0.0172914024,0.0476535037,0.674736321,0.736315846,-0.496386439,0.0310659129,0.0440364964,0.506200373,-0.0241713021,-0.012666475,-0.0451910533,0.0957414061,0.0410143621,0.129451871,0.00906970259,-0.000660367834,0.209405854,0.0392846242,0.0478444695,0.243927613,0.205268502,0.0519192107,0.649424136,0.188718811,-0.239614308,-0.0262600277,0.543920755
-0.33241576,-2.66702127,0.766896546,-0.0179018248,0.0504101776,0.683439374,0.728044629,-0.550855279,-0.00296298321,0.0333112068,0.493238211,-0.0143781826,-0.0124544669,-0.0334049799,0.0934569463,0.0387078933,0.120338708,0.00629275385,-0.000774992339,0.19943732,0.0408183709,0.0484172218,0.257960886,0.200045303,0.052226577,0.655672848,0.181899503,-0.239113718,-0.0261408202,0.539298952
-0.33119607,-2.65697098,0.766101956,-0.0179752596,0.053473793,0.691478968,0.720190346,-0.591679215,-0.0389801152,0.0259155165,0.45889768,0.000202591604,-0.0116539877,-0.016976377,0.089730598,0.0353440419,0.110784777,0.00271246815,-0.000876816572,0.187463015,0.0418011695,0.046115879,0.275044203,0.193039134,0.051679302,0.662644744,0.173514754,-0.238864243,-0.0252361055,0.532691717
-0.329669803,-2.64482832,0.763182342,-0.0168903563,0.0553713925,0.699051738,0.71272397,-0.619687676,-0.0739613548,0.0213001519,0.413429648,0.0161327384,-0.0105489148,0.00695272163,0.0901944488,0.0310864504,0.10360048,-0.000788675563,-0.000878671941,0.173655242,0.042138949,0.0435875058,0.294532627,0.184388146,0.0504097678,0.670754373,0.165454492,-0.239873126,-0.0237459056,0.52556026
-0.329066604,-2.6311934,0.761262536,-0.0151813384,0.0568534061,0.705988228,0.705774665,-0.637787104,-0.107800245,0.0199595969,0.364153564,0.0333792605,-0.00926805567,0.0343426131,0.0875494853,0.0267259739,0.0946562886,-0.00579564786,-0.000970208144,0.157887265,0.0429541171,0.042516619,0.314904928,0.173922941,0.0481221266,0.679261327,0.15685679,-0.240299135,-0.0215168335,0.518244147
-0.328282386,-2.61492682,0.758356154,-0.0127694728,0.0571059249,0.712607145,0.699118674,-0.64463675,-0.139239654,0.0207331106,0.319496334,0.0508504659,-0.00788398925,0.0687044039,0.0855765119,0.0216780044,0.0855481923,-0.0115754949,-0.00110168313,0.142188117,0.0425602496,0.0399233289,0.33602491,0.163405165,0.0457375795,0.687530518,0.150643557,-0.240574539,-0.0196770038,0.512954831
-0.326974422,-2.59963465,0.75526613,-0.0113628255,0.0578682683,0.71845144,0.693072617,-0.651104212,-0.168736979,0.0233851988,0.281508207,0.0689198598,-0.00642255927,0.100056171,0.0851652548,0.0152141899,0.0734877214,-0.0186067298,-0.00124260108,0.12752752,0.0421151482,0.0393320099,0.352919817,0.151459709,0.0426575281,0.693794072,0.143047825,-0.241206378,-0.0179605,0.508333206
-0.326610029,-2.58061409,0.752848148,-0.00895444769,0.0572386868,0.72369653,0.687682331,-0.647221506,-0.194563895,0.0260382779,0.259526521,0.0871836096,-0.00508491648,0.139598653,0.0832068697,0.0088905571,0.0617186204,-0.0267814435,-0.00143877917,0.112701729,0.0421495624,0.0381687395,0.371236652,0.142289132,0.0414005034,0.699913502,0.140102953,-0.241324335,-0.0172217768,0.50574404
-0.326040059,-2.55951643,0.747926354,-0.00604498526,0.0558399595,0.728529274,0.682708144,-0.635512471,-0.216753453,0.0273103621,0.251131952,0.105031461,-0.00382835232,0.184374183,0.0828969479,0.00124731404,0.0491525605,-0.0347447321,-0.00160402199,0.0986711383,0.0413974412,0.0347467177,0.388364673,0.132300586,0.0392297618,0.704951882,0.140441865,-0.240957171,-0.016271865,0.506047189
-0.324922353,-2.53727961,0.741604984,-0.00414898852,0.0533004478,0.732765496,0.678377867,-0.619211733,-0.232849985,0.0261334367,0.256449699,0.121690519,-0.00261131162,0.229963988,0.0892956927,-0.00839973614,0.0359985717,-0.0416091457,-0.00162636337,0.0832179412,0.0409200601,0.0310222656,0.402154475,0.127413124,0.0388825387,0.7078771,0.143271282,-0.238826945,-0.0149167301,0.50672406
-0.324504465,-2.51397753,0.735403776,-0.00160380825,0.0507183261,0.736269474,0.67478317,-0.602869928,-0.247279823,0.0242026709,0.269768596,0.137491256,-0.00152038352,0.276721001,0.0946457088,-0.017937066,0.0220991056,-0.047036469,-0.00155573688,0.0649607629,0.0410694927,0.0288983379,0.414476007,0.12183021,0.0386115387,0.709712744,0.147385627,-0.237597108,-0.013820448,0.507021189
-0.323300809,-2.48863912,0.728833437,0.000441718294,0.0475139506,0.739688694,0.671269596,-0.587242365,-0.25994423,0.0205775648,0.28911683,0.150892302,-0.000385872263,0.323037565,0.102996513,-0.0281982087,0.0114503549,-0.0494758524,-0.00139562122,0.0441348292,0.0411204398,0.0284424275,0.422296733,0.119380906,0.0401992016,0.711588502,0.152479231,-0.234741539,-0.0122630512,0.506922543
-0.322370201,-2.46292067,0.723791599,0.00234288536,0.0446127281,0.743853509,0.666847885,-0.570633292,-0.273263246,0.0147628905,0.320262372,0.159786224,0.000525204232,0.361984342,0.10846445,-0.0368373357,0.00631003268,-0.048066549,-0.00113868609,0.0188873131,0.0408642255,0.0290661305,0.422756881,0.118038483,0.0429563411,0.712705791,0.157641575,-0.232991964,-0.0105169155,0.505601048
-0.322420835,-2.43218422,0.720481098,0.006867419,0.0396024138,0.749733329,0.660518289,-0.53906846,-0.284413129,0.00614774134,0.358448267,0.164442539,0.00111736008,0.401917696,0.110892281,-0.0413987786,0.0154052526,-0.0413485095,-0.000711347442,-0.0112609621,0.0394710265,0.0271564592,0.421944857,0.119651236,0.0470037013,0.715514123,0.169824198,-0.230497584,-0.00901883934,0.506618619
-0.320656866,-2.40272784,0.719236851,0.0107123917,0.0340991244,0.757164359,0.65224582,-0.501177788,-0.288607508,-0.00605049357,0.392361313,0.16562584,0.00150529959,0.426090121,0.116784155,-0.0432193093,0.0356237292,-0.0295334682,-0.000273073354,-0.0459129028,0.0370488986,0.0281499345,0.41002202,0.123192407,0.0518872105,0.714814186,0.18490009,-0.229812443,-0.00822803285,0.507815361
-0.318918705,-2.3733685,0.724383831,0.0139755243,0.0280680228,0.765882015,0.642216146,-0.456020474,-0.287548363,-0.0207179561,0.418223977,0.164072409,0.00178572047,0.435340732,0.128584623,-0.0411280319,0.0708639547,-0.014848277,1.42655717e-05,-0.087685138,0.0343974456,0.0272198096,0.394251823,0.131807283,0.0583526976,0.712310374,0.198286131,-0.23180832,-0.00872903503,0.509117842
-0.316276789,-2.3452189,0.73204118,0.0155243846,0.0227477029,0.775620818,0.630598009,-0.411527842,-0.28260982,-0.0364873111,0.435513675,0.16000095,0.00201152684,0.430328071,0.139687747,-0.0363571085,0.12095952,-0.000409317989,1.34297316e-05,-0.138715208,0.0321052484,0.0258808937,0.370960891,0.141702592,0.0639394447,0.705203056,0.207124874,-0.233556911,-0.00842001848,0.509068251
-0.313182592,-2.32059312,0.738269389,0.0153381573,0.0195515193,0.785960317,0.617777407,-0.371919453,-0.276036382,-0.0522364974,0.442736983,0.15388374,0.00217869109,0.400913268,0.148846313,-0.0293954685,0.179806843,0.0102359643,-0.00037057366,-0.199595615,0.0298528485,0.0290611368,0.343940407,0.156552181,0.070896104,0.695840299,0.208310187,-0.237005129,-0.00927003007,0.506764412
-0.310538739,-2.2956934,0.744427621,0.01399503,0.0154681187,0.79588455,0.605089128,-0.33087337,-0.264685869,-0.0692210793,0.445557266,0.146588251,0.00232685148,0.356998652,0.155149162,-0.0225745682,0.244833887,0.0139657222,-0.00138428481,-0.262711883,0.0273369197,0.0313040987,0.308845639,0.172408774,0.0779406056,0.684166372,0.20354934,-0.238638654,-0.0111656925,0.504151702
-0.306962281,-2.27312112,0.749722898,0.010800573,0.0130806733,0.803305626,0.59532541,-0.296537727,-0.248980969,-0.0865743905,0.442178309,0.138368383,0.00241850596,0.28891468,0.150946021,-0.0166574996,0.303809255,0.00425062329,-0.00360240648,-0.323346436,0.0270480271,0.0347805507,0.269849151,0.190673456,0.0847056285,0.671481729,0.197807238,-0.236526728,-0.0116350465,0.503436387
-0.304291278,-2.25114012,0.754713893,0.00865255017,0.0115533462,0.806992233,0.590385556,-0.261639684,-0.233319536,-0.102287009,0.43525964,0.130224571,0.00239744037,0.206343815,0.13139084,-0.00974514615,0.356580406,-0.0151993949,-0.00640161335,-0.377286822,0.0257354546,0.0388327576,0.227165624,0.207074553,0.0907118246,0.660148799,0.189874589,-0.232800692,-0.0116698099,0.50332427
-0.302276403,-2.23210311,0.758708537,0.00545172114,0.0124925375,0.806560636,0.590994239,-0.233124092,-0.218684331,-0.115821712,0.42058593,0.121974632,0.00232726964,0.103961907,0.094845742,0.000580741791,0.398698747,-0.0414091088,-0.00977486931,-0.42002365,0.025318794,0.041919414,0.182404131,0.222369537,0.0962835476,0.648542523,0.180018634,-0.229534,-0.0113991844,0.502419293
-0.300366461,-2.2134707,0.762162805,0.00248309807,0.0150451083,0.801434219,0.597888589,-0.204403862,-0.206182659,-0.126947373,0.401780903,0.114067405,0.00223812182,-0.00913843233,0.0491523929,0.014014666,0.428705722,-0.0694293827,-0.0128355203,-0.443823785,0.0242491141,0.0470782146,0.134399042,0.235822245,0.100810736,0.636453569,0.168564066,-0.22547996,-0.0111606633,0.500960112
-0.298671216,-2.19661975,0.764925241,-0.00203817338,0.0192815699,0.791939914,0.610291064,-0.18256627,-0.195617497,-0.135334805,0.379031628,0.105687328,0.00219566701,-0.132637888,0.00540913735,0.0289625097,0.442761183,-0.093401894,-0.0145518444,-0.450289935,0.0228847917,0.0531042889,0.0880690441,0.251996815,0.106149718,0.623230577,0.156843141,-0.221551746,-0.00993441418,0.498890728
-0.297384828,-2.17967677,0.766118646,-0.00692521501,0.0246393811,0.779614985,0.625735819,-0.161874682,-0.187306792,-0.140622407,0.356697828,0.097259216,0.00220128614,-0.260909498,-0.0280978847,0.0432456844,0.436520398,-0.108917706,-0.0145161897,-0.439944327,0.0217396952,0.054649327,0.0379987918,0.262635142,0.107457541,0.606727421,0.145775765,-0.220621541,-0.011432087,0.497015804
-0.295736969,-2.15988231,0.766066909,-0.011173754,0.0287352651,0.765538037,0.642651558,-0.134427622,-0.178809613,-0.143707842,0.336863041,0.0887365341,0.00228035217,-0.376588017,-0.0410375707,0.0528369807,0.415452898,-0.111666679,-0.0131616043,-0.416303158,0.0211457741,0.0570177622,-0.00445735455,0.270443141,0.105722204,0.588816106,0.141907945,-0.217523128,-0.0112294871,0.497597903
-0.294143736,-2.13888001,0.766038895,-0.0145953121,0.0322673321,0.750550389,0.659863532,-0.103077464,-0.17030023,-0.144406587,0.318267733,0.0787331462,0.00244626659,-0.476745248,-0.0375470929,0.0576319769,0.379256219,-0.103622317,-0.0114152823,-0.384612739,0.020338051,0.0574080311,-0.0405859724,0.276821643,0.102793843,0.570738912,0.145013601,-0.213667035,-0.0107802115,0.501419187
-0.291211784,-2.11536741,0.764089346,-0.0173885953,0.0342216715,0.735524476,0.6764099,-0.0645595267,-0.159147009,-0.143409699,0.301468611,0.0674957857,0.00269520609,-0.556301355,-0.0144515941,0.0557066426,0.332187712,-0.0892610252,-0.00977253914,-0.35059303,0.0190125834,0.0567743219,-0.0682744384,0.279156238,0.0978911892,0.553362608,0.153197274,-0.210575387,-0.0122031709,0.505888462
-0.288842291,-2.08984995,0.759626269,-0.019671075,0.0343335457,0.720844209,0.691966653,-0.0189455971,-0.148673773,-0.139717281,0.286018848,0.055477351,0.00293951947,-0.612257957,0.0197122637,0.0504820943,0.284175485,-0.0712122619,-0.00845135655,-0.315061808,0.0179408453,0.0542026535,-0.086949572,0.277799696,0.0921100378,0.539188862,0.166629106,-0.207774386,-0.0150784999,0.512381554
-0.285784662,-2.06155348,0.754488349,-0.0205212906,0.0336486995,0.706570327,0.706544399,0.0335836448,-0.141241372,-0.133584097,0.271337003,0.042572353,0.0031117762,-0.644384563,0.0555669181,0.0438891761,0.247947246,-0.0519302525,-0.00753602386,-0.277757943,0.0184145272,0.0520703904,-0.0946481973,0.271122634,0.0852565989,0.528777897,0.184620574,-0.20334439,-0.0183590949,0.523735046
-0.282480985,-2.03184152,0.747642934,-0.0203622114,0.0321022719,0.692933202,0.719998896,0.0909756422,-0.136501268,-0.125250533,0.256773621,0.0291847177,0.00323721673,-0.654672563,0.0920317769,0.0375222638,0.232903659,-0.0315631777,-0.00695181265,-0.242407709,0.0182025824,0.0511152372,-0.0922922343,0.261739105,0.0782428607,0.523948014,0.203587875,-0.198890656,-0.0218121,0.535536408
-0.279521704,-2.00011539,0.738970757,-0.0191106424,0.0300584789,0.680329561,0.732040346,0.151484653,-0.135199636,-0.114979655,0.24281162,0.0166049823,0.00328311999,-0.646401882,0.124854565,0.0334827863,0.243408874,-0.00972211827,-0.0066394927,-0.208770111,0.0188293029,0.0503841564,-0.0785133764,0.248730063,0.0707987919,0.525633335,0.223885179,-0.195908144,-0.0264246911,0.54772085
-0.276012361,-1.96663582,0.729398489,-0.0165202543,0.027828088,0.668770492,0.742764175,0.213763624,-0.137363225,-0.103423364,0.227946267,0.00643900922,0.00316367927,-0.635350585,0.152797371,0.0312495884,0.267233908,0.0129019776,-0.00651878351,-0.175681069,0.0183366556,0.0506867766,-0.0548616722,0.234204024,0.0636926591,0.534320772,0.245031625,-0.194096819,-0.0321767367,0.560562968
-0.272630066,-1.93163991,0.720913947,-0.0141899567,0.0252716001,0.657656074,0.752760589,0.272905767,-0.141760692,-0.0909104273,0.215707123,0.000396516552,0.00283051282,-0.621386886,0.175854519,0.0317667946,0.299064785,0.0347120762,-0.00643229438,-0.140613556,0.0199501701,0.051444415,-0.0204708055,0.220451355,0.0573487319,0.549149752,0.264663726,-0.191875935,-0.0388404243,0.573265493
-0.268916428,-1.89480793,0.712709785,-0.010771119,0.0226098988,0.646430433,0.762561738,0.324605256,-0.149924636,-0.0781857818,0.210232198,0.000844558002,0.00228738668,-0.59732002,0.19343932,0.0359753743,0.344571412,0.053360831,-0.00639810506,-0.102483802,0.0212377831,0.0497242212,0.0243946612,0.205416456,0.0510987863,0.568644285,0.282591164,-0.191078275,-0.0457020514,0.585125446
-0.265741736,-1.85749257,0.709046006,-0.00703054108,0.0202076137,0.634473145,0.772648752,0.359840572,-0.16082409,-0.0658147708,0.216954246,0.00778314425,0.00160027342,-0.570435405,0.207193121,0.0434851423,0.394443482,0.0664665774,-0.00630455418,-0.0574239008,0.0222651977,0.0463515334,0.0765659958,0.191127077,0.0457665399,0.591604114,0.295497358,-0.192577198,-0.0535357483,0.594059825
-0.26242128,-1.82046998,0.712863386,-0.00351625634,0.0175720956,0.62081027,0.783756077,0.375932992,-0.17159982,-0.0559888892,0.242284447,0.0191697944,0.000933633361,-0.536987007,0.218886927,0.0536072813,0.443718761,0.0749745816,-0.0061970409,-0.00554427272,0.02355887,0.0450109579,0.133451208,0.183132976,0.0435381904,0.615284204,0.301851273,-0.194074705,-0.0606771484,0.599167883
-0.259587735,-1.78551376,0.722578883,-0.00115365232,0.015679514,0.605667531,0.795562565,0.364576995,-0.180734769,-0.0479908586,0.287678212,0.0296699256,0.000622210442,-0.496788621,0.2281041,0.0657939687,0.483428776,0.0802115947,-0.00604826538,0.0543267839,0.0253690258,0.0444939397,0.18885386,0.179440111,0.0430994444,0.637007535,0.2988078,-0.195844904,-0.0670331717,0.59966749
-0.258018017,-1.75320458,0.730733752,-0.000326963665,0.0159136783,0.591080487,0.806455493,0.32172215,-0.185578927,-0.0406086557,0.348876238,0.0352989361,0.00110128114,-0.45754528,0.231888309,0.080521889,0.509209216,0.0826829076,-0.00585204782,0.124953017,0.026831273,0.0470427014,0.234220818,0.17900759,0.043915879,0.654150128,0.286989629,-0.198268518,-0.0717275888,0.595326185
-0.257333368,-1.72304499,0.737888336,-0.000604703324,0.0179428216,0.579194963,0.814991355,0.251901567,-0.183138028,-0.0308983382,0.415723503,0.0286558103,0.00252183154,-0.42054379,0.229953229,0.0971381068,0.522369444,0.0829485655,-0.00562125491,0.197518647,0.0273073018,0.0441482328,0.268222362,0.181213632,0.0453785472,0.666529953,0.269963503,-0.203579843,-0.0755567625,0.588851273
-0.257053047,-1.69443393,0.744282305,-0.00143635669,0.0208156705,0.572545111,0.819607675,0.159584969,-0.164773494,-0.0218380466,0.479638785,0.00986259803,0.00493412325,-0.382313877,0.219737008,0.115480982,0.525513768,0.081841521,-0.0054066442,0.266712576,0.0281906314,0.0417894609,0.291346222,0.185296893,0.0467932448,0.6744712,0.250078529,-0.212409273,-0.0793891773,0.580535352
-0.256723315,-1.66863787,0.750436008,-0.00339963916,0.0242695641,0.572846949,0.819295883,0.0443195514,-0.127175584,-0.0169651788,0.533766329,-0.0176478401,0.00786551833,-0.347177893,0.207792476,0.132618994,0.518662274,0.0793608874,-0.00516327983,0.323747277,0.0295011774,0.0406177193,0.302610964,0.188450024,0.0478010103,0.679200828,0.225451931,-0.223054275,-0.0825787261,0.571260214
-0.256781697,-1.64384961,0.755390644,-0.00743168266,0.0271947514,0.580483139,0.813784122,-0.0847823173,-0.0787238032,-0.016892476,0.575214446,-0.0463654399,0.0100638056,-0.311415583,0.195325121,0.147188112,0.503377259,0.0758330598,-0.00495298626,0.363286674,0.0310315657,0.0379941352,0.306790084,0.191800088,0.0484355986,0.679584861,0.196670979,-0.237119675,-0.0861957297,0.561244547
-0.256536663,-1.6196692,0.758610308,-0.0124290567,0.0306019858,0.593537807,0.804128051,-0.22231853,-0.028950315,-0.0215505473,0.596398532,-0.0697796121,0.0109716598,-0.273375422,0.184365287,0.15867874,0.480929226,0.0712414682,-0.00480382284,0.383278549,0.0324391462,0.0360460095,0.306681305,0.193501592,0.0482477657,0.676679075,0.16479978,-0.254391789,-0.0895655826,0.550271094
-0.256510884,-1.59576392,0.761320353,-0.0181185864,0.0339740962,0.608468592,0.792643368,-0.356993437,0.0107045537,-0.0284690186,0.590501904,-0.0819118991,0.0101851327,-0.234992772,0.175311133,0.167086184,0.454400212,0.065079093,-0.00468461402,0.382695287,0.0357185155,0.0348501168,0.303397775,0.194606736,0.0471361503,0.672945678,0.125462934,-0.271372944,-0.0929337963,0.536791563
-0.256092548,-1.570737,0.762391686,-0.0212569423,0.0377876796,0.62304318,0.780984938,-0.472542912,0.0304482169,-0.0336570106,0.555056214,-0.0797437876,0.00840369705,-0.192396834,0.164464071,0.173823148,0.427767187,0.0571210422,-0.00463480921,0.368973166,0.0375676788,0.0378356203,0.302275658,0.19148092,0.0447555482,0.670917809,0.0830010921,-0.287815481,-0.0947665349,0.521741688
-0.256710649,-1.54308867,0.760883927,-0.0229417775,0.0408902094,0.63640815,0.769926131,-0.563424885,0.0342742614,-0.0369485617,0.496099144,-0.0649797022,0.0065610949,-0.141851395,0.153003246,0.178277597,0.401401579,0.047356993,-0.00463198824,0.3517268,0.0390385315,0.0373903811,0.304872364,0.185540631,0.0418926775,0.670268774,0.0433243178,-0.303673416,-0.0948096514,0.506852984
-0.256690264,-1.51341116,0.757344306,-0.0232777484,0.0426170789,0.64888829,0.759332478,-0.629454851,0.0270600356,-0.0379985385,0.422706157,-0.044141449,0.00511357887,-0.0820364878,0.144423366,0.178784639,0.374339372,0.0354854949,-0.00460280525,0.332103759,0.0389867239,0.0404270031,0.312104195,0.177828535,0.0392350368,0.671383262,0.00580354081,-0.31753251,-0.0940738097,0.492115498
-0.256607592,-1.48107982,0.751581132,-0.0223911218,0.0419541448,0.661177695,0.748720586,-0.672314823,0.0117468182,-0.0355958901,0.350980818,-0.0236240886,0.00421133079,-0.0149718756,0.138252795,0.176448032,0.347988695,0.0217259135,-0.004594489,0.308684021,0.039844092,0.0384492241,0.322722256,0.169077009,0.036526449,0.673836648,-0.0241946448,-0.326027215,-0.0915826634,0.480148613
-0.258143425,-1.44672334,0.744709492,-0.020262599,0.0408367813,0.672990561,0.738244891,-0.690643311,-0.0127563141,-0.0286689848,0.295283854,-0.00293052779,0.00374729466,0.0553486943,0.129569501,0.173093244,0.323779583,0.00698785391,-0.00459710648,0.281369001,0.0407174714,0.0368168056,0.33631736,0.15891026,0.0339161456,0.677935064,-0.0466098487,-0.330896825,-0.0880635083,0.470512301
-0.259841412,-1.41066813,0.736285985,-0.0176580418,0.039462097,0.68422091,0.727992177,-0.685516953,-0.0435935259,-0.0196652859,0.263897836,0.0173538141,0.00368466834,0.127053648,0.122505687,0.167521581,0.300406992,-0.00787267648,-0.00452041579,0.252642602,0.0402860343,0.0361963995,0.349074721,0.149886578,0.0321539417,0.682469249,-0.060902711,-0.330889702,-0.0837113485,0.463032961
-0.262437761,-1.37384486,0.727104485,-0.0148286363,0.0375797302,0.694540977,0.718317986,-0.665309846,-0.0770954713,-0.0107493475,0.260876834,0.0393363163,0.00392901851,0.198688388,0.115105934,0.160981715,0.276588708,-0.0213475451,-0.00438555423,0.223333001,0.0404168144,0.0370733291,0.359330446,0.140791625,0.030888347,0.686894953,-0.0657013431,-0.327522695,-0.0791263953,0.457825035
-0.264148802,-1.33560336,0.717589676,-0.011472906,0.0346031375,0.704363644,0.708902597,-0.646266878,-0.10522075,-0.00492803054,0.272917598,0.060802564,0.00419453764,0.268810153,0.111379109,0.152069077,0.25466451,-0.0306427162,-0.00403632084,0.190524638,0.0407456681,0.0392974727,0.368546277,0.133315608,0.0307888016,0.69191587,-0.0612578318,-0.318179756,-0.0725462809,0.45576942
-0.266340822,-1.29471385,0.709240973,-0.00684251729,0.0314062387,0.714696407,0.698695838,-0.618706405,-0.133788183,-0.00142513867,0.304083824,0.0799217522,0.00437325146,0.331907421,0.109151006,0.143642798,0.239572003,-0.0333721191,-0.00341478898,0.154859677,0.0403295755,0.0415827818,0.375430048,0.126315221,0.0311398264,0.697154462,-0.0451825298,-0.305671036,-0.0645505935,0.457199246
-0.269226342,-1.25341213,0.704784274,-0.00214087823,0.02813421,0.726075292,0.687036097,-0.586544633,-0.159661844,-0.000912909454,0.347321659,0.092799902,0.00445653824,0.379179239,0.108811624,0.135771185,0.236282945,-0.0287400484,-0.00266296812,0.112752303,0.0389840342,0.0414185598,0.377431244,0.120835617,0.0321328528,0.701383471,-0.0176191702,-0.290941119,-0.0562058538,0.462704986
-0.271442682,-1.21266305,0.704928339,0.00222779298,0.0253953729,0.738624454,0.673634946,-0.546451032,-0.182639182,-0.00363755715,0.39026311,0.101053201,0.00449841516,0.404133111,0.113198124,0.128837481,0.25284034,-0.0179728102,-0.00192190113,0.0618223771,0.0371912047,0.0405577235,0.373093277,0.118457556,0.034717638,0.703780174,0.0167059042,-0.275309652,-0.0475836433,0.470607489
-0.272522956,-1.17485452,0.714425564,0.00466917781,0.0239140447,0.752020061,0.658689737,-0.503295958,-0.199206144,-0.00995770935,0.421866059,0.105810657,0.0044752988,0.398592919,0.126290709,0.121228673,0.290195286,-0.00527415471,-0.00147028069,0.000619247847,0.0344627686,0.0432399809,0.357726127,0.11951983,0.0379787572,0.700931072,0.0512625277,-0.260320812,-0.0391742475,0.478567094
-0.272785157,-1.1393714,0.723847866,0.00606518378,0.0230032112,0.765253067,0.643289864,-0.456223458,-0.211611152,-0.0189760327,0.439329445,0.107711233,0.00443541771,0.364358366,0.14023535,0.113639146,0.343973875,0.00645259349,-0.00138819264,-0.0691496804,0.0325743333,0.045304399,0.333167881,0.124513485,0.0423682071,0.693811417,0.0838894248,-0.249265969,-0.0318779014,0.486450881
-0.271718144,-1.10593176,0.731746793,0.00584970461,0.022498183,0.776429713,0.629774988,-0.408503294,-0.217348918,-0.0308191758,0.444660902,0.107396618,0.00439326325,0.300153971,0.154022142,0.106431082,0.402675122,0.00572989788,-0.00206176238,-0.14363277,0.0326600559,0.045657292,0.303191781,0.134416863,0.0477985702,0.683875978,0.11033038,-0.240500569,-0.0279078819,0.494574606
-0.270047218,-1.07365787,0.739226341,0.00469877385,0.0224846229,0.783773422,0.62062186,-0.361513078,-0.213455051,-0.0459269769,0.442337394,0.105511531,0.0042956979,0.210775614,0.15571104,0.101820558,0.455525577,-0.00765807321,-0.00375293149,-0.215235293,0.0319037847,0.048024971,0.269093722,0.150403678,0.0551620051,0.67172122,0.131491169,-0.232667059,-0.0248415265,0.501500607
-0.268443286,-1.04300821,0.745773256,0.00266635627,0.0231123809,0.786024511,0.61775738,-0.315412283,-0.204174712,-0.0617650189,0.432083458,0.102690637,0.00415855739,0.100265369,0.141969308,0.100007728,0.500082254,-0.0304229129,-0.00623274967,-0.275217175,0.031360615,0.0494042225,0.231047779,0.172477886,0.0641139448,0.657939434,0.149765655,-0.225461125,-0.0220677909,0.508498549
-0.267439961,-1.01445413,0.751364946,0.000174588626,0.0253792759,0.782788694,0.621769845,-0.270858318,-0.193463102,-0.0768274888,0.41397956,0.0990184844,0.00400368264,-0.02471558,0.111538656,0.103221059,0.53538841,-0.0572199523,-0.00882294029,-0.318748295,0.030791577,0.0487638861,0.193457842,0.19872047,0.0743672401,0.64476943,0.164139867,-0.221800938,-0.0214588381,0.515046179
-0.266109645,-0.987445176,0.755700707,-0.00340239471,0.0286646374,0.774355531,0.632091999,-0.228731215,-0.182695702,-0.0897105262,0.390578389,0.0944116935,0.00390514033,-0.160564691,0.0754256919,0.109921277,0.555322945,-0.0811801627,-0.0106853573,-0.341195524,0.0301044099,0.0494579487,0.152814135,0.227828264,0.0853865519,0.629220068,0.175290257,-0.221534103,-0.0224107243,0.52054882
-0.265388548,-0.960772276,0.757461131,-0.00645786896,0.0334850736,0.762197018,0.646446228,-0.188349679,-0.17567113,-0.0985347405,0.365720421,0.08906883,0.00384923955,-0.296788096,0.040857695,0.119600318,0.555651426,-0.0975209847,-0.0111323018,-0.343609482,0.0284704622,0.0504302345,0.110639326,0.25616166,0.0965485051,0.613907814,0.182775751,-0.221515268,-0.0237179138,0.525129318
-0.264906317,-0.932551742,0.757851005,-0.00939904712,0.0373167694,0.748054087,0.662521124,-0.144453928,-0.168615803,-0.105113983,0.342062712,0.0825457722,0.00386370765,-0.422042459,0.0206161626,0.127268717,0.531362474,-0.101625994,-0.0101940762,-0.329815537,0.0274116453,0.049532745,0.0714316368,0.285101473,0.107695125,0.598691821,0.193194166,-0.225009918,-0.0266340747,0.53112489
-0.263947099,-0.902445734,0.75606662,-0.0111350827,0.0400365591,0.733264983,0.678671956,-0.0951297581,-0.162852958,-0.108744591,0.321308583,0.0746795982,0.00393907074,-0.525170982,0.0164066534,0.131152198,0.485728055,-0.0932376161,-0.00867616758,-0.307059467,0.0263042748,0.0492108986,0.0367949754,0.311450928,0.116391413,0.583607018,0.206614032,-0.227734834,-0.0294292402,0.536619902
-0.262506068,-0.871461511,0.752826989,-0.0132120773,0.0419826098,0.719000816,0.693614244,-0.0425708033,-0.156872109,-0.109563589,0.30062288,0.0646856725,0.00406336924,-0.60944283,0.0260295067,0.13035731,0.422832906,-0.0777049139,-0.00725077046,-0.279624015,0.0260387808,0.0465390682,0.00540944003,0.333814502,0.122803368,0.569248676,0.222183257,-0.230299979,-0.0324168764,0.542603076
-0.260808498,-0.837359309,0.747050464,-0.013887452,0.0413121432,0.705211163,0.707656443,0.0206675027,-0.151219651,-0.10783197,0.28254509,0.0532663204,0.0041959025,-0.663987339,0.0459466726,0.124759942,0.357041985,-0.0597713664,-0.00626204396,-0.245870665,0.025621837,0.0451434851,-0.021071557,0.349647343,0.126833633,0.556254685,0.241856635,-0.231389135,-0.0357531607,0.549785972
-0.258566469,-0.801661849,0.738266885,-0.0134536782,0.0404002331,0.691440165,0.721177757,0.0895077735,-0.149729416,-0.102884553,0.263173252,0.0407024249,0.00427166466,-0.694470704,0.0705412626,0.116496511,0.30254823,-0.0416420475,-0.00569621567,-0.210652396,0.0253734011,0.0426677689,-0.0399990268,0.357062191,0.127927423,0.54581672,0.262613356,-0.233265772,-0.0397026651,0.557557225
-0.256658256,-0.764862716,0.727808654,-0.0122133493,0.0392337553,0.678545654,0.733408034,0.159932613,-0.153024659,-0.0950368643,0.243223995,0.028269574,0.00421571964,-0.698955119,0.0989407748,0.107065007,0.275960207,-0.0216148961,-0.00546926633,-0.175912678,0.0255343672,0.04235401,-0.049497664,0.356755316,0.127470046,0.538996458,0.282428235,-0.233494923,-0.0437521599,0.564934671
-0.2534661,-0.725982785,0.717324615,-0.0103720212,0.0351255797,0.666302979,0.744781137,0.231678903,-0.151956648,-0.0875910893,0.226183772,0.0183295775,0.00400795788,-0.679103851,0.13131626,0.0969927758,0.282449126,0.00362379546,-0.00545122055,-0.143699035,0.0253109168,0.0404573902,-0.0465478711,0.349331081,0.12564154,0.536882281,0.29946354,-0.232483178,-0.0488643721,0.574073076
-0.250521779,-0.68555665,0.706947923,-0.00718842307,0.031347584,0.653841972,0.755947292,0.298778534,-0.158562839,-0.0776236355,0.212954149,0.0137017872,0.00354132731,-0.659055352,0.156199023,0.0916508809,0.304703355,0.0286916755,-0.005348098,-0.113432311,0.0257053263,0.0387274176,-0.0269514453,0.335487008,0.122247659,0.541293144,0.311172038,-0.230822116,-0.0550745651,0.582880676
-0.248213515,-0.643291593,0.698408484,-0.00353689678,0.0271942038,0.641241312,0.766849041,0.354182422,-0.169110909,-0.0669308975,0.208873585,0.0166014675,0.00288266223,-0.631013095,0.174458623,0.0912088454,0.347041875,0.0515148193,-0.00520658027,-0.0791133866,0.0267793667,0.0358080603,0.00608012546,0.31513375,0.115914948,0.55089128,0.318977654,-0.230145097,-0.0621928237,0.590496957
-0.245140687,-0.600515783,0.695361793,0.000199965449,0.0227345731,0.627479553,0.77830106,0.391825527,-0.179929599,-0.0579822324,0.220514432,0.0262216721,0.00209720898,-0.600300074,0.192966998,0.0932301208,0.400282711,0.0684657544,-0.00510602724,-0.039784275,0.0276891869,0.0355625413,0.0499858521,0.290516853,0.107071005,0.564191222,0.32043162,-0.228799224,-0.0690372735,0.595144451
-0.24226971,-0.559233785,0.702530384,0.00298677734,0.0194122791,0.611645818,0.790887892,0.403938055,-0.191854432,-0.0505223013,0.250649571,0.03932954,0.00138203439,-0.56655705,0.209778741,0.0980701745,0.455438077,0.0792829171,-0.00500294566,0.00824518222,0.0284630638,0.0359664261,0.0992102548,0.266017675,0.0968189314,0.579573452,0.31340453,-0.226530299,-0.0739661753,0.595983863
-0.239294246,-0.521251142,0.713389158,0.00357892411,0.0163559318,0.59401381,0.804280639,0.384976685,-0.198087826,-0.0450553484,0.29945156,0.0509388372,0.00104220933,-0.52845341,0.226527795,0.10408587,0.501268685,0.0858759806,-0.0048729931,0.0665291324,0.028229665,0.0382745489,0.149017468,0.245781913,0.0866805837,0.594966531,0.295699775,-0.223164111,-0.0760086998,0.592179358
-0.237970039,-0.486279786,0.721155703,0.00230269064,0.0142281456,0.577031076,0.816595018,0.335431069,-0.200591981,-0.0390643813,0.362608969,0.0555724874,0.00153356208,-0.490505666,0.239329755,0.11310868,0.533076704,0.089423269,-0.00470652664,0.13326636,0.0271256175,0.0399123989,0.191521823,0.226766959,0.0760219619,0.609696269,0.270943046,-0.220904142,-0.0761006996,0.58579433
-0.237572238,-0.452852368,0.728722215,0.00117842457,0.0133302044,0.563843489,0.825773239,0.262907803,-0.192786455,-0.0315657631,0.424555033,0.0470641479,0.00297863455,-0.450776011,0.242772847,0.126442537,0.554349661,0.0908904001,-0.00451240875,0.201666355,0.026137026,0.0426127091,0.228641897,0.210191682,0.0671141371,0.625034153,0.24050279,-0.219283298,-0.07486929,0.57743901
-0.23801972,-0.42246595,0.735323787,-0.00201641279,0.0135892369,0.556684792,0.830610275,0.165938914,-0.166064471,-0.026075108,0.47861129,0.0269615389,0.00521362945,-0.414222807,0.239763379,0.142227635,0.563310921,0.0907518044,-0.00430845749,0.266848326,0.0253962129,0.0455853492,0.256371289,0.195931226,0.0599223524,0.637991607,0.206303045,-0.218650326,-0.0740367398,0.567650676
-0.238107547,-0.395266086,0.741022944,-0.00664803386,0.0151249235,0.556211352,0.830876648,0.0496864654,-0.120574169,-0.0243510734,0.522993028,-0.00120123546,0.00797645189,-0.380236268,0.233593494,0.157646641,0.560741425,0.0894116163,-0.00410265429,0.318979144,0.0247280989,0.0482542664,0.276035309,0.184826568,0.0545416959,0.647814453,0.168886811,-0.220417991,-0.0731256828,0.557088792
-0.239358082,-0.368659228,0.745939553,-0.0122674638,0.017186489,0.562990248,0.82619369,-0.0779291838,-0.0643207356,-0.0267642122,0.554505646,-0.0297993235,0.0104038231,-0.34309563,0.221522495,0.172771707,0.548049569,0.0870825648,-0.00394839235,0.355846316,0.0257425644,0.0508068278,0.289594561,0.177463621,0.0502429195,0.655022383,0.129506111,-0.226495117,-0.0730022788,0.545061767
-0.240283877,-0.343166232,0.749884903,-0.0189751573,0.0198456179,0.575617254,0.81725812,-0.212322116,-0.00753615471,-0.0328907743,0.5671615,-0.052207496,0.0113968337,-0.305065572,0.207999706,0.185338154,0.526192844,0.0834298655,-0.0038420097,0.374476165,0.0272521321,0.0553740188,0.298793226,0.173808545,0.0464585163,0.658842802,0.0864513814,-0.236880809,-0.0736146644,0.530251265
-0.241902336,-0.317889512,0.752310276,-0.025570577,0.0225956626,0.591645718,0.805475652,-0.343725294,0.0376634225,-0.0396252088,0.558509469,-0.0640484318,0.0108849304,-0.263899088,0.195343181,0.19481793,0.497986943,0.0783338472,-0.00378911151,0.380180508,0.0284269676,0.0563957915,0.303934216,0.171802014,0.0434946977,0.660011888,0.0456669293,-0.250018626,-0.0741525739,0.515314221
-0.244043484,-0.291140705,0.753588557,-0.0307079032,0.0252916738,0.607456386,0.79335624,-0.459402591,0.0630171448,-0.0444536246,0.525453627,-0.0624295883,0.00929091405,-0.216808498,0.182673633,0.201817751,0.467184186,0.0714660287,-0.00377944298,0.374515325,0.0300827511,0.0565641634,0.311408341,0.170350194,0.0414292663,0.66151917,0.0040451251,-0.266039401,-0.0750022009,0.499260634
-0.246521845,-0.262492537,0.75313437,-0.0340346135,0.0266252737,0.622400403,0.781505287,-0.550930321,0.0703283548,-0.0474584922,0.470838398,-0.0494410172,0.00748540042,-0.160780445,0.169679612,0.20592235,0.435672402,0.0624236502,-0.00381848495,0.364765197,0.0316302925,0.0558712669,0.321149319,0.167329252,0.0392314792,0.66332525,-0.0323735029,-0.279193074,-0.0716322586,0.48334685
-0.249389231,-0.231396958,0.750270665,-0.0355613083,0.0262985658,0.636761367,0.769791424,-0.614828169,0.0642555729,-0.0479692072,0.40513286,-0.030401079,0.00596093619,-0.0945107564,0.157410964,0.20732893,0.403579891,0.0513033345,-0.0038616755,0.353079647,0.0329806991,0.053363882,0.334308982,0.164926678,0.0380076692,0.665958285,-0.0620624684,-0.291499138,-0.0664992034,0.469011813
-0.252687454,-0.197995245,0.74482435,-0.0349923074,0.0242241416,0.651325881,0.757603645,-0.649658799,0.0480092876,-0.0430925377,0.344525009,-0.0106703043,0.00496337051,-0.0176624339,0.145977944,0.206083655,0.370321006,0.0382106267,-0.00388303073,0.33732605,0.0339666121,0.051621262,0.349355459,0.163015082,0.0375093445,0.669883072,-0.0853965059,-0.300941914,-0.0589091517,0.457209051
-0.257367194,-0.163416699,0.737698197,-0.0333790034,0.0213529412,0.666257679,0.744668126,-0.661845922,0.023971824,-0.0323203057,0.298992127,0.00750898011,0.00441923039,0.0606235042,0.136128336,0.202153295,0.338213593,0.0236871447,-0.00383171439,0.316782475,0.0340701491,0.0508402698,0.363226056,0.160853371,0.0378754959,0.674056888,-0.0995451584,-0.30775407,-0.0497903451,0.448678523
-0.263258696,-0.127796292,0.730274558,-0.0304553024,0.0183736272,0.68116051,0.731269598,-0.650059104,-0.0104920594,-0.0166178942,0.276198059,0.0262143817,0.00429322571,0.135918424,0.125778466,0.196459129,0.309194833,0.00885626394,-0.00368874869,0.291677386,0.034109652,0.0517520532,0.373669595,0.156260654,0.0379038826,0.679029882,-0.106293805,-0.310729623,-0.0402934551,0.442466915
-0.270510852,-0.0905181542,0.721271515,-0.026751332,0.0153524438,0.696397066,0.71699363,-0.622175753,-0.0451285131,-0.00202729506,0.279663295,0.0451057293,0.0043661939,0.209238574,0.114954464,0.18939051,0.285042167,-0.00298412004,-0.00343372836,0.263637602,0.0336522982,0.0515648983,0.381678313,0.149606809,0.0381110832,0.684628308,-0.100206383,-0.308478892,-0.0317647904,0.441684663
-0.279311329,-0.0510420203,0.713295698,-0.0226623025,0.0112820687,0.712275743,0.701443017,-0.595840573,-0.0789806396,0.00921845157,0.295026451,0.0626457483,0.00436728261,0.277747452,0.105133429,0.181698278,0.268543512,-0.00936399493,-0.00300528505,0.23269549,0.0338145643,0.0491045788,0.386590421,0.141354024,0.0383603536,0.690402985,-0.080788888,-0.300308913,-0.0242826194,0.446448535
-0.288304627,-0.0100046601,0.70718354,-0.0168789793,0.00657548569,0.729530752,0.683708131,-0.558985114,-0.112641774,0.0181854255,0.329210192,0.0753686279,0.00442004343,0.33594501,0.0983817503,0.173854604,0.263991743,-0.00846519321,-0.00242414558,0.196153626,0.0326019824,0.0459099486,0.389628261,0.13451317,0.039041955,0.695979059,-0.0488135926,-0.288511217,-0.0170094091,0.45625627
-0.297314525,0.0300968401,0.703749955,-0.010853448,0.00177077879,0.747563422,0.664099455,-0.515199125,-0.143076032,0.0233070385,0.368411481,0.083737731,0.00446740957,0.373884201,0.0980247855,0.165798932,0.27790612,-0.00179172587,-0.00188712112,0.152977452,0.0312139969,0.0441496707,0.384634644,0.133395165,0.0417586118,0.698500037,-0.00977238733,-0.274762064,-0.0106096258,0.468664646
-0.306737512,0.0680875331,0.709386289,-0.00552346138,-0.00148979365,0.765661657,0.6432181,-0.464579791,-0.173089176,0.0254873913,0.398836225,0.0887700692,0.00452910922,0.386651784,0.104450792,0.157800153,0.31141752,0.00776770897,-0.00154600106,0.100127742,0.029904468,0.0427621827,0.370896637,0.133932918,0.0446535721,0.696690798,0.0328335054,-0.261532694,-0.00525502395,0.481972843
-0.31626457,0.104039386,0.71671021,-0.00135254127,-0.00309628621,0.783838451,0.620955706,-0.409255028,-0.199796662,0.0245072208,0.415919751,0.0911825374,0.00458409265,0.372201979,0.108718894,0.150743127,0.360848159,0.0169621576,-0.00163282687,0.0379977003,0.0294585191,0.0401156656,0.352159321,0.135150328,0.0479627028,0.691893935,0.0736800581,-0.252892047,-0.0023077454,0.494796067
-0.324921548,0.137120649,0.72323972,0.000155849688,-0.00479403278,0.800709724,0.599033296,-0.354100376,-0.215217412,0.0180590507,0.420258164,0.0912846699,0.00457969541,0.327301085,0.11568331,0.142606422,0.419661105,0.0157868471,-0.00267457124,-0.0303609204,0.029588813,0.0395599641,0.325789303,0.143465966,0.0537343286,0.683122396,0.106618106,-0.245888695,-0.00151354971,0.506149352
-0.333551377,0.168264166,0.728712976,-0.000202266834,-0.00504467823,0.814647198,0.579934895,-0.302134097,-0.222326517,0.00813581608,0.41571632,0.0899926275,0.00448540505,0.252340853,0.113778524,0.136336863,0.478616983,0.00197471539,-0.00478063896,-0.0988920927,0.029617155,0.0406939834,0.292956769,0.157239586,0.0610170439,0.672645867,0.135573506,-0.237885848,-0.000663618848,0.516199768
-0.343483627,0.197951138,0.733355165,-0.000721871445,-0.00390764931,0.824845612,0.565344036,-0.251104683,-0.225913018,-0.00280126301,0.404507607,0.0878431424,0.0043230718,0.156078801,0.0930833668,0.136321068,0.536321998,-0.0196495764,-0.00792075414,-0.161260128,0.0290794056,0.0422642529,0.254635781,0.174868733,0.0690971166,0.659764349,0.160680518,-0.234352171,-0.0028632977,0.523627222
-0.353385448,0.225082025,0.736948431,-0.00246861018,-0.00168093643,0.831175029,0.556002855,-0.201968893,-0.227907315,-0.0142473169,0.384441853,0.0850248188,0.0041471133,0.0376403742,0.0621233582,0.14272128,0.587448478,-0.0454648212,-0.0113283666,-0.209801421,0.0271410793,0.0450193025,0.212746784,0.196965426,0.0785639733,0.646318436,0.183145717,-0.233313531,-0.00683513004,0.530499816
-0.363477498,0.250334978,0.739188433,-0.00532184867,0.00225774432,0.833704948,0.552179873,-0.15563117,-0.230707839,-0.0245664008,0.356878787,0.081802547,0.0039784871,-0.098005496,0.0292840656,0.156157881,0.625270545,-0.0717569515,-0.0136915362,-0.239496469,0.024776144,0.0490456782,0.166233629,0.218815193,0.0874997601,0.631721079,0.20224832,-0.232733995,-0.0115440832,0.536306143
-0.373815238,0.273978859,0.74029249,-0.0101415645,0.00656922581,0.832972705,0.553182125,-0.113808952,-0.228828922,-0.0349913687,0.32276544,0.0783017725,0.00379205728,-0.244725689,0.00925875548,0.172210976,0.642181277,-0.0957925692,-0.0143371923,-0.250210077,0.0219385866,0.0510014929,0.116595037,0.240918547,0.0955205485,0.615226984,0.218012303,-0.233073533,-0.0170457773,0.542029619
-0.384370059,0.29828459,0.740467668,-0.0156680774,0.0111347409,0.830604613,0.556530774,-0.0734970346,-0.225449607,-0.0439935066,0.286100805,0.0744424835,0.00363479601,-0.382817864,0.0108564831,0.184375405,0.631055534,-0.106825463,-0.0127447043,-0.242688477,0.0192531627,0.0516626462,0.0670259148,0.261945695,0.102277152,0.597040594,0.233691096,-0.232409045,-0.0223871507,0.548629582
-0.395571172,0.323263079,0.739373744,-0.0214588717,0.0146680055,0.827823937,0.560385585,-0.0301537085,-0.222498402,-0.0502890944,0.249478534,0.0694508553,0.00360468891,-0.503623188,0.0355366915,0.187902346,0.593813062,-0.102337763,-0.0103598833,-0.223175734,0.0173696689,0.0519767702,0.0195672382,0.28004384,0.106044896,0.577090621,0.251024753,-0.230655029,-0.0277730804,0.555597365
-0.408003449,0.350989461,0.736387908,-0.0253929663,0.0163847953,0.825145841,0.564110994,0.0205805618,-0.217083335,-0.0549140722,0.216792881,0.0635768995,0.00361853093,-0.59536171,0.0753458366,0.183468893,0.535073876,-0.0848576948,-0.00872001424,-0.19690384,0.0152641395,0.0488602258,-0.023198761,0.292046696,0.105653748,0.556813121,0.27280575,-0.227404714,-0.0331730731,0.564990819
-0.421742231,0.380134195,0.730793655,-0.0286229402,0.0170095041,0.822519362,0.56776166,0.0758588612,-0.214036912,-0.0564947799,0.186456531,0.0567936152,0.00367160211,-0.663830876,0.121798411,0.173994377,0.460615873,-0.0609890409,-0.0080177635,-0.169245288,0.0140451686,0.0433981158,-0.0593558662,0.297640771,0.10141845,0.536753953,0.294260055,-0.224842921,-0.0404382683,0.574040413
-0.435651422,0.411985159,0.72311312,-0.0302364863,0.0162448455,0.820177853,0.571078002,0.138138518,-0.211217016,-0.0563171618,0.159337729,0.049478393,0.0037048657,-0.706834316,0.172598436,0.159823522,0.386970073,-0.0357443169,-0.00789821334,-0.141268238,0.0134972986,0.0388135202,-0.0842446759,0.301075518,0.0960091949,0.520267546,0.314776361,-0.220920712,-0.0480437241,0.582937479
-0.450732082,0.444242686,0.712874353,-0.0311174728,0.015257217,0.817923844,0.574281693,0.205012262,-0.212292969,-0.0527938046,0.132017851,0.0414957106,0.00371087622,-0.728507757,0.220144764,0.144395009,0.332224637,-0.00992562715,-0.00812924094,-0.114229314,0.0122964038,0.0343127735,-0.09912543,0.300574213,0.0899930969,0.506682396,0.331469417,-0.21683073,-0.0561199635,0.590250015
-0.46743992,0.478547186,0.70117718,-0.0298419278,0.0137031497,0.816093504,0.576986253,0.274548858,-0.21634157,-0.0472451299,0.108147807,0.0346773192,0.00354935788,-0.722635746,0.259890765,0.131131992,0.316443354,0.0168943312,-0.00846955832,-0.0889877751,0.0115691349,0.0335948393,-0.10175062,0.295222282,0.0835937783,0.498836696,0.34160167,-0.213017136,-0.0641984046,0.596679151
-0.485835224,0.513636649,0.689588785,-0.0277627874,0.0124235852,0.813789785,0.580362856,0.338622779,-0.222199619,-0.0405348502,0.0902682841,0.0312943421,0.00316958781,-0.706502855,0.289954573,0.124042697,0.331557602,0.0447856858,-0.00880755298,-0.0621255748,0.0120611191,0.0371642783,-0.0922273546,0.284681261,0.0772837028,0.497606158,0.347349405,-0.207528949,-0.0710339993,0.602707386
-0.506668746,0.55027765,0.678506792,-0.0234253835,0.0113024954,0.810602725,0.585018575,0.392833441,-0.233567879,-0.0329150744,0.0845469013,0.0345333852,0.00255042966,-0.687363148,0.306004703,0.124602415,0.367316633,0.0711345524,-0.00881586503,-0.0343783125,0.0141066629,0.0385250598,-0.0651176944,0.268612146,0.0702376962,0.506440997,0.345564425,-0.202612251,-0.0772003308,0.605525672
-0.530785024,0.587241709,0.671786606,-0.0179555267,0.0110095209,0.806598604,0.59072423,0.428281695,-0.248189509,-0.0262617208,0.0950279161,0.0456476361,0.00164870964,-0.659701288,0.308417499,0.132062256,0.423413664,0.0921700373,-0.00868850201,0.000182387172,0.0162137691,0.0390471332,-0.0219694171,0.247033298,0.0619351268,0.524301291,0.338818789,-0.199777052,-0.0833927691,0.607337296
-0.554448068,0.62286967,0.67215836,-0.0133677702,0.0121539198,0.801114023,0.598239005,0.439267635,-0.261552125,-0.0233460329,0.124526113,0.0624507517,0.000643469859,-0.631996453,0.309256285,0.143122017,0.485436112,0.106323779,-0.00851513632,0.0447132476,0.0184473135,0.045427043,0.0288657118,0.223752946,0.0520662703,0.545131505,0.323103577,-0.196282104,-0.0878666416,0.60477978
-0.577818453,0.657253861,0.68997252,-0.00985892955,0.0126957484,0.794085383,0.607593596,0.42354697,-0.270239413,-0.0240288749,0.173224539,0.0794444308,-0.000197441215,-0.597773612,0.309423268,0.156670615,0.54549706,0.114449248,-0.00825643912,0.101189561,0.0207717177,0.0518065467,0.0817032605,0.203285381,0.0418289006,0.56776917,0.299085289,-0.194798753,-0.0908525437,0.598842621
-0.599947035,0.688287258,0.708250403,-0.0086652441,0.014122555,0.78698498,0.616749644,0.376010209,-0.271389633,-0.0260827057,0.233584657,0.0916990191,-0.000334559067,-0.562004447,0.306192458,0.172121525,0.591272235,0.117918544,-0.00795124006,0.170908302,0.0222717933,0.0584589578,0.130288646,0.190169409,0.0340819992,0.589325011,0.267273873,-0.192895785,-0.0908376649,0.59041065
-0.62071383,0.716744244,0.717081308,-0.00956927054,0.0155601017,0.782370746,0.622545063,0.302394897,-0.25818634,-0.0261731297,0.292753905,0.0877740607,0.000842021313,-0.524876595,0.301302165,0.188685641,0.622161806,0.118915029,-0.00756812887,0.245877072,0.0222820379,0.0626096949,0.173252925,0.184273109,0.0291745737,0.608489037,0.229077101,-0.193896785,-0.0898132101,0.580725968
-0.641563833,0.742646396,0.725940228,-0.0114232758,0.0174296051,0.781890273,0.623067677,0.20497486,-0.228543192,-0.0244641285,0.34175092,0.0677365363,0.00327086961,-0.48690024,0.287713647,0.208083764,0.638338745,0.11813391,-0.00714824162,0.318759173,0.0225294046,0.0643541738,0.209626034,0.18159169,0.0263451487,0.625146806,0.188651994,-0.198568806,-0.0900088474,0.571581602
-0.660949111,0.766505182,0.73688817,-0.0157624912,0.0192371272,0.786532402,0.617048025,0.0873000473,-0.178910568,-0.0251332484,0.379754901,0.0364827737,0.0065155793,-0.446653932,0.269047827,0.226486951,0.638119102,0.116253674,-0.00673392415,0.38116172,0.0230948571,0.0655276403,0.238752425,0.181640968,0.0254156459,0.638110101,0.146074712,-0.207596704,-0.0912669227,0.56182003
-0.678851247,0.788186252,0.751111805,-0.0218712483,0.0207494367,0.796426237,0.60398376,-0.0497230403,-0.114436857,-0.0291884411,0.405768096,0.000824248418,0.0098042395,-0.407374978,0.249936,0.241783053,0.62238276,0.112810217,-0.00635270961,0.426418632,0.0253162272,0.0676408932,0.259293914,0.187239811,0.0267012138,0.647855759,0.100737683,-0.222434834,-0.0948242918,0.550155461
-0.696009517,0.809619188,0.75422883,-0.0297429431,0.0219500996,0.809935749,0.5853526,-0.197478175,-0.0484595299,-0.03515191,0.41793561,-0.0312447846,0.011854209,-0.36560908,0.232621372,0.25270924,0.596274376,0.107863583,-0.00607192842,0.450521171,0.0276889391,0.0682732984,0.27309233,0.19877474,0.0301166736,0.654286742,0.0527665094,-0.243823498,-0.101159781,0.535593033
-0.713844895,0.831321478,0.751597404,-0.0369196199,0.0229151621,0.82452035,0.56416136,-0.344503552,0.00183531258,-0.0394305028,0.41259402,-0.0513690449,0.0120213041,-0.319464475,0.216239035,0.260475516,0.566284835,0.101402447,-0.00589315034,0.455488473,0.0307480656,0.0693158209,0.281973988,0.213959411,0.0356058329,0.658036113,0.00372046535,-0.268305629,-0.10773214,0.518146157
-0.733490765,0.855233133,0.753051817,-0.0419990569,0.023161009,0.838416755,0.542915165,-0.473772407,0.0316948816,-0.0415038802,0.389200479,-0.0549221784,0.0108548515,-0.263242036,0.201409265,0.26428467,0.536850214,0.0933500901,-0.00581686758,0.448693931,0.0333827212,0.0697476119,0.292002887,0.228867233,0.0416740179,0.661793947,-0.043550238,-0.294259906,-0.114041947,0.499514103
-0.753967166,0.881248891,0.75277102,-0.0447461344,0.0226615891,0.850944996,0.522854507,-0.574748695,0.0449093543,-0.0412463695,0.349724948,-0.0447809249,0.00917964894,-0.198411241,0.188842192,0.264070064,0.509209394,0.0824519247,-0.00581795769,0.43468973,0.0348922573,0.0672800988,0.305529147,0.242053226,0.0484450646,0.666889191,-0.087207675,-0.318527788,-0.11743249,0.480125159
-0.776962876,0.908464432,0.748247623,-0.043947868,0.0219488982,0.862542272,0.503594816,-0.643729389,0.0442361236,-0.0374180079,0.303306729,-0.0282809101,0.00766475825,-0.123720132,0.173902571,0.262388408,0.483432144,0.0693925247,-0.00590311829,0.416152626,0.0363707915,0.0653041005,0.322580695,0.251060069,0.0544953085,0.672644615,-0.123749688,-0.339710683,-0.118238732,0.461861104
-0.802327216,0.937007785,0.74086082,-0.0411004275,0.0211482719,0.873161435,0.485234648,-0.683988452,0.0355042107,-0.0303445309,0.262240589,-0.0112273265,0.00662588654,-0.0406747237,0.157252744,0.259001791,0.458180398,0.0543373525,-0.00604187651,0.393121064,0.0372380204,0.0617063679,0.34215939,0.255052626,0.0594377853,0.67934376,-0.154041424,-0.354457587,-0.115407549,0.443905354
-0.829398274,0.966335058,0.731538594,-0.0374566615,0.020032173,0.882980943,0.467482954,-0.699455976,0.0166337769,-0.0206241198,0.239308849,0.0051139826,0.00614616461,0.0450337678,0.142249137,0.253012002,0.432733357,0.037592385,-0.00613542879,0.365895897,0.0386986658,0.0547623821,0.363450676,0.254372865,0.0639618859,0.688262522,-0.173786178,-0.366777986,-0.113973826,0.429641932
-0.857115209,0.996371388,0.720802009,-0.0321907997,0.0183049235,0.892273009,0.449975073,-0.688309371,-0.00972881075,-0.0111562843,0.242885977,0.0225501768,0.00596638164,0.131795555,0.131844774,0.244069338,0.406453043,0.0209346265,-0.0060043307,0.33608079,0.0395129398,0.0496159904,0.379718423,0.249537855,0.0676417947,0.696624517,-0.182524785,-0.371076167,-0.111485362,0.418979436
-0.887872517,1.02712345,0.70978713,-0.0259212125,0.0161140487,0.901260257,0.432201803,-0.665687501,-0.0384927578,-0.00294204755,0.265739441,0.0417012908,0.00578181166,0.216495767,0.123675987,0.233713165,0.381361991,0.00819818303,-0.00558780879,0.304201901,0.0407645144,0.0451899879,0.397511989,0.239390701,0.0692424774,0.705421686,-0.174991474,-0.367219776,-0.107889026,0.413377047
-0.92027849,1.0581249,0.700410604,-0.0187705234,0.0138153573,0.910033286,0.413879395,-0.63707,-0.0703382492,0.00440769177,0.298703849,0.0589210391,0.00563634792,0.289945185,0.117678039,0.222871944,0.36237973,0.00259205163,-0.0049197562,0.265679479,0.0417942852,0.0436338075,0.409754902,0.223995328,0.0682628676,0.7129094,-0.150217414,-0.354374528,-0.101826198,0.414228439
-0.953671932,1.09049702,0.696101248,-0.0103034675,0.0110584386,0.918784916,0.394469142,-0.593368769,-0.0992138758,0.00890905969,0.341904432,0.0734900534,0.00555795431,0.349379331,0.118364394,0.2106933,0.358079046,0.00432690047,-0.0041461736,0.218095243,0.0409051143,0.0443561077,0.41673544,0.208710656,0.0667818114,0.718607128,-0.114009328,-0.334624946,-0.0923612043,0.419824302
-0.986062706,1.12265265,0.69240284,-0.00252582668,0.00807875209,0.927603126,0.37347123,-0.54744941,-0.125506431,0.0104651013,0.386106431,0.0825062767,0.00551299611,0.389045268,0.126608014,0.197122291,0.372897923,0.011487918,-0.00351936929,0.160312727,0.0384678505,0.0420765132,0.417036682,0.196103513,0.0661294386,0.72215414,-0.0690723881,-0.31251806,-0.0806875974,0.430387467
-1.01604164,1.15343988,0.704788566,0.00243638083,0.00522117876,0.936020195,0.351899207,-0.500115693,-0.14408426,0.00729926303,0.427159518,0.086895518,0.00547876209,0.398497969,0.141345322,0.18261148,0.404608339,0.0214246288,-0.00318285101,0.0922713503,0.0363186039,0.0439746305,0.404343605,0.186116427,0.0657789931,0.720147669,-0.0221488196,-0.288654119,-0.0683925748,0.444237649
-1.04277384,1.18301547,0.715952933,0.00379914348,0.00336003467,0.943471849,0.331413895,-0.453175753,-0.155039445,-0.000277311512,0.456357896,0.0879002735,0.00540459296,0.37145406,0.159784377,0.167512253,0.447776079,0.0278927889,-0.00334918639,0.0154940365,0.0353808515,0.0463043451,0.376545906,0.181923896,0.0672213286,0.71324563,0.0226181373,-0.265287071,-0.0565588139,0.45943296
-1.06662023,1.21145976,0.725801528,0.00251438376,0.00162173691,0.949085832,0.315003335,-0.405660301,-0.15639244,-0.0126523906,0.471558094,0.0868199021,0.00527620967,0.306041688,0.179608881,0.152018845,0.493776947,0.0212333463,-0.00421961863,-0.0652364045,0.0350645781,0.0527018905,0.339355677,0.182693586,0.069148615,0.703074157,0.0645896867,-0.243714049,-0.0461545661,0.47590372
-1.08887863,1.23882973,0.734569252,-0.000199580245,0.00109679264,0.952142954,0.305651307,-0.357967675,-0.151435703,-0.0277702417,0.473008901,0.0847480074,0.0050831968,0.210289434,0.185669824,0.140377089,0.537893891,0.00345092895,-0.00584544055,-0.14405708,0.034585502,0.0564695746,0.293489158,0.190625295,0.0735765919,0.690211833,0.102017097,-0.22522527,-0.0375710689,0.49203977
-1.1099925,1.26428986,0.742765486,-0.00352268177,0.00205075205,0.952307463,0.305112839,-0.310138017,-0.143523633,-0.0435351431,0.461804509,0.0819281563,0.00485244952,0.0900373533,0.176912382,0.133463174,0.576334119,-0.021324899,-0.00755879609,-0.21354413,0.0335377492,0.0603117272,0.244386524,0.204146206,0.0789608136,0.67555052,0.136191919,-0.211530641,-0.030556608,0.507267952
-1.1295191,1.28865159,0.749251723,-0.00803153031,0.00372564443,0.949672818,0.313118458,-0.263070405,-0.132446721,-0.0597768649,0.441029787,0.0786389783,0.00463875383,-0.0474235006,0.157414511,0.131882563,0.603719771,-0.0478935167,-0.00906733703,-0.266336173,0.0312757418,0.06383387,0.193153322,0.223977074,0.0864037424,0.658866882,0.164352655,-0.20534049,-0.0286153629,0.520997107
-1.14736331,1.31085598,0.75326246,-0.0144723784,0.00691578677,0.944751978,0.327393413,-0.222409651,-0.124860078,-0.0725872368,0.411571681,0.0744028762,0.00448028138,-0.199734002,0.135770321,0.135150358,0.614162922,-0.0724031851,-0.00961101241,-0.297960848,0.0292438436,0.0665520877,0.137070522,0.249549657,0.0954167321,0.638499498,0.185971126,-0.202484936,-0.0272417609,0.531350255
-1.16692615,1.33411443,0.756581426,-0.0198501535,0.00981303863,0.938491404,0.344591826,-0.176224321,-0.114325941,-0.084165521,0.383435518,0.0694540665,0.00437178183,-0.341140121,0.120359942,0.140066162,0.60304445,-0.0848156214,-0.00902018696,-0.308702916,0.026876634,0.0668416247,0.0837130398,0.280319214,0.105598651,0.616858602,0.208045632,-0.205016911,-0.0292541292,0.541584432
-1.18639052,1.35792637,0.756851315,-0.0255818311,0.0123135475,0.931964457,0.361436337,-0.128866807,-0.105882108,-0.0921885222,0.35481301,0.0629096329,0.00436621998,-0.468231797,0.11760512,0.143228099,0.566127539,-0.0834088847,-0.00764405727,-0.305210024,0.0245924573,0.0647339374,0.0320172347,0.314837575,0.115651108,0.593599141,0.229611307,-0.208801374,-0.0325060524,0.54947263
-1.2078675,1.38388038,0.755116999,-0.0286542345,0.0133977151,0.92537564,0.377729267,-0.0715598911,-0.0983459353,-0.0967559814,0.329229712,0.0543795042,0.0044273329,-0.56477499,0.123047367,0.144488871,0.508419812,-0.0701717883,-0.00621132087,-0.292589545,0.0220313501,0.0600457676,-0.0165286101,0.345200837,0.122701161,0.570804834,0.255094022,-0.21462515,-0.0372696146,0.558041513
-1.22997904,1.41132438,0.750708461,-0.03068766,0.0135875084,0.919009268,0.392804801,-0.00820463151,-0.0913699791,-0.0980210677,0.305160046,0.043528311,0.0045414418,-0.638257444,0.133152828,0.142585978,0.436453164,-0.0531683974,-0.0050618127,-0.274097294,0.02064161,0.056672316,-0.0594906695,0.371466041,0.128001958,0.549419522,0.282348514,-0.219000936,-0.0432507396,0.565027177
-1.25346029,1.44109929,0.74311769,-0.031093426,0.0130563723,0.912893176,0.406803042,0.0626164675,-0.0866064206,-0.0962963775,0.282877237,0.031249959,0.00460793078,-0.686452508,0.149818867,0.135701135,0.364626437,-0.0346519127,-0.00433340855,-0.250439197,0.0191896949,0.0526909046,-0.0961795971,0.390170723,0.13080284,0.530462801,0.311421007,-0.222146913,-0.0495158397,0.572822511
-1.27763331,1.47178447,0.733611584,-0.0307156183,0.0118759908,0.907129347,0.419561386,0.135523751,-0.0842975304,-0.0918810889,0.261265427,0.0179957449,0.00458399998,-0.710514903,0.170901,0.125369474,0.308945864,-0.0161359161,-0.00405192142,-0.222327963,0.0183111671,0.049205415,-0.12564984,0.398611903,0.130015686,0.513481379,0.338068098,-0.22263509,-0.0550555177,0.580829859
-1.30318499,1.50419128,0.722011268,-0.0289009996,0.0112309055,0.901586533,0.43148613,0.209955454,-0.0860087574,-0.0848620757,0.241853461,0.00538804755,0.00446156738,-0.711002588,0.197003886,0.114345931,0.284244925,0.00308186794,-0.00414201804,-0.19531475,0.0171506703,0.0459806211,-0.142987728,0.395815372,0.127099201,0.501804769,0.361221343,-0.224096835,-0.0619702227,0.588871598
-1.32942629,1.53817308,0.710429549,-0.0256824829,0.00974259339,0.896019995,0.443163246,0.283316344,-0.0879705027,-0.077040188,0.226498276,-0.00397434272,0.00414786255,-0.693734467,0.222386658,0.103838749,0.29212898,0.0255296715,-0.00432331953,-0.167170748,0.0165552925,0.0457585976,-0.144600242,0.383848995,0.122998528,0.496401578,0.378486544,-0.223993525,-0.0682203323,0.5966717
-1.35580504,1.57417715,0.700168133,-0.0212865882,0.00643578498,0.890037835,0.455344051,0.349829376,-0.0889950395,-0.0694240406,0.220120534,-0.00736234989,0.00357172522,-0.669268012,0.247316912,0.0949646086,0.316570491,0.0480059832,-0.00443357369,-0.135844409,0.0159789342,0.0444340333,-0.127885446,0.363987684,0.116886102,0.497938663,0.388754338,-0.218472257,-0.0730147585,0.603706002
-1.38487673,1.61133528,0.692616582,-0.0151061164,0.00326262182,0.882890761,0.469324052,0.403367877,-0.0964891762,-0.0603095591,0.227195308,-0.00274097268,0.00282853795,-0.631044507,0.265319258,0.0909658149,0.360917926,0.068994984,-0.00447900966,-0.100991629,0.0167463738,0.03964011,-0.0925723985,0.33576709,0.106926195,0.507504582,0.391313493,-0.212800041,-0.0776703656,0.608065188
-1.41480327,1.64840293,0.691278219,-0.00716216443,0.000800659589,0.873543262,0.486693203,0.440400898,-0.109766647,-0.051153373,0.254582971,0.00769734662,0.00216690125,-0.58906436,0.276620805,0.0915771872,0.414426446,0.0855731517,-0.00449533295,-0.0584218912,0.01807441,0.0396795124,-0.0414484739,0.304398268,0.0947320908,0.52403152,0.384074271,-0.20637016,-0.0806494951,0.607715666
-1.44183528,1.68345225,0.689858377,-0.00175998127,-0.000880894891,0.861929178,0.507024884,0.44035846,-0.120771438,-0.0439346284,0.302121073,0.0168545693,0.00187743967,-0.545533359,0.291307986,0.0927053317,0.468653679,0.0953923017,-0.00455130963,-0.00192069053,0.019015057,0.0428684279,0.0148372697,0.2754502,0.0825398117,0.544146597,0.365560293,-0.200680539,-0.0820526853,0.602531493
-1.46696711,1.714903,0.701127708,0.00101510249,-0.000463243894,0.850024104,0.526742578,0.399546921,-0.131034136,-0.0365299433,0.36590597,0.0192700271,0.00254191761,-0.502014935,0.302832812,0.0973412097,0.513870537,0.100636803,-0.00452427054,0.0672313273,0.0193466172,0.0454171002,0.0715539604,0.248923808,0.0714328885,0.56820631,0.333449483,-0.195590511,-0.0812361762,0.593325078
-1.49112368,1.74329162,0.71061933,0.00123528717,0.000856493018,0.839876294,0.54277575,0.322660893,-0.137066439,-0.028119456,0.432246447,0.00834158808,0.00389481988,-0.456083775,0.306464583,0.107237846,0.54427284,0.103158243,-0.00443127612,0.142178178,0.0196609739,0.0490764417,0.122867718,0.224418327,0.0619201958,0.593471467,0.29067567,-0.191416919,-0.0793328956,0.581220686
-1.51474929,1.7693851,0.719996512,0.000548477634,0.00306803943,0.833531678,0.552462995,0.216079742,-0.129075229,-0.0213174578,0.493469685,-0.0150485374,0.00620949222,-0.408531159,0.299142301,0.122412361,0.559228897,0.10392867,-0.00426836265,0.214876056,0.0204420984,0.0519241206,0.172296435,0.204693854,0.0545854121,0.618211389,0.243627787,-0.192623064,-0.0794396996,0.568475723
-1.53738177,1.79302049,0.729598522,-0.00143054081,0.00613972312,0.832413733,0.554118812,0.0858244151,-0.103157863,-0.0178603698,0.545625687,-0.0460998826,0.00925696827,-0.361222327,0.281436384,0.141432077,0.558942437,0.103137128,-0.00407466199,0.278088957,0.0219084918,0.0552210808,0.21528478,0.190381035,0.0490403473,0.639989436,0.194072828,-0.200413659,-0.0815014541,0.554894865
-1.55753493,1.8158983,0.737024903,-0.00541589176,0.0091787586,0.836949885,0.547175765,-0.0605685636,-0.0621951036,-0.01970491,0.584706485,-0.0779614598,0.011618441,-0.315533429,0.262414217,0.158761561,0.542822719,0.10074643,-0.00391590642,0.324958622,0.0243771188,0.0557104684,0.253067225,0.183972314,0.0462767035,0.658736229,0.143858716,-0.213350013,-0.08447624,0.540780306
-1.57812107,1.83829892,0.742993176,-0.0116245933,0.0122050727,0.845229447,0.534137726,-0.214460984,-0.0186372939,-0.0250729341,0.60413599,-0.103212729,0.0125653287,-0.269989401,0.244573087,0.173836216,0.51695013,0.0966483057,-0.00385125517,0.351846576,0.0280903354,0.0548105948,0.286149412,0.18345651,0.0456446633,0.673331559,0.0957691893,-0.232823625,-0.0889402777,0.524027586
-1.59810185,1.86125231,0.746930361,-0.0172748491,0.0157701541,0.855018079,0.518070459,-0.361402392,0.00935597997,-0.0295453649,0.594281614,-0.113577642,0.011468851,-0.221036449,0.226250812,0.186457068,0.48595649,0.0906215534,-0.003881115,0.359753788,0.0319423601,0.0538471267,0.313766003,0.187066153,0.0476173908,0.683415413,0.0461538285,-0.255616874,-0.0942683741,0.505743742
-1.6198523,1.88559544,0.748811007,-0.020538887,0.0197326783,0.864265025,0.50222975,-0.485084265,0.0180289615,-0.0321872644,0.553132236,-0.106743909,0.00964466203,-0.164323404,0.207758144,0.196270287,0.453604132,0.0819968209,-0.00400912808,0.359621197,0.0337899551,0.0521064363,0.341238022,0.19297421,0.051899761,0.692112446,0.00101047731,-0.28117311,-0.0996879637,0.486823678
-1.64395809,1.9111048,0.748210967,-0.0211030003,0.0232296232,0.872853756,0.486971647,-0.578083992,0.00930691976,-0.0316903777,0.486430109,-0.0868900344,0.00790400524,-0.0973507166,0.188138977,0.203245908,0.422056675,0.0706148893,-0.00420286041,0.35471794,0.0367283858,0.047075592,0.369673401,0.198672384,0.058312647,0.700194299,-0.0391342007,-0.308248758,-0.103888035,0.468051791
-1.66943169,1.93842518,0.744012237,-0.0185643975,0.0258972868,0.881146967,0.471767515,-0.639985681,-0.0119542908,-0.027734505,0.410767436,-0.0619625151,0.0066547147,-0.0205369443,0.171996623,0.206018642,0.391644925,0.056565661,-0.0043502436,0.347177148,0.0377367064,0.0420203246,0.402318418,0.20263353,0.064900659,0.709060788,-0.0711102337,-0.331932783,-0.105326608,0.451709926
-1.69629085,1.96670628,0.736738145,-0.0146140298,0.0273894407,0.889226675,0.456412137,-0.674818039,-0.0401915684,-0.0201897975,0.342231065,-0.0371681117,0.00589333614,0.0603434965,0.156135991,0.205374792,0.362587243,0.0407881998,-0.00451650238,0.333358645,0.0391502827,0.0353523046,0.432464212,0.20377779,0.0710212588,0.717141807,-0.0963491425,-0.350726634,-0.104814805,0.437803388
-1.72532308,1.99569535,0.728418231,-0.0105298115,0.0278786235,0.896813691,0.441403627,-0.683361709,-0.0759606063,-0.00878137536,0.295638114,-0.0133128287,0.00557987345,0.141465008,0.142389536,0.20195289,0.335940838,0.0242560953,-0.00458144955,0.31436795,0.0400548279,0.0308984313,0.457651407,0.202322975,0.0768973082,0.724838495,-0.112692058,-0.36283952,-0.102792278,0.427444041
-1.75397396,2.02637458,0.717540324,-0.00505481614,0.0276278984,0.904063821,0.426473796,-0.665304482,-0.112469032,0.00179810054,0.278362513,0.00999072939,0.00560268294,0.223932967,0.135322258,0.194369137,0.31091705,0.00916573964,-0.00439088233,0.289870143,0.0399859585,0.0296755582,0.475416064,0.199163362,0.0814127773,0.730519235,-0.118096061,-0.366571516,-0.0987839326,0.421111315
-1.78463721,2.05752063,0.706894636,0.00193372788,0.0261241868,0.910798132,0.412020028,-0.631524742,-0.148302868,0.0107094375,0.286890686,0.0340832509,0.00571040763,0.306043118,0.127323985,0.185896188,0.289197713,-0.00188098848,-0.00410068408,0.262510419,0.0406134203,0.0323654264,0.486589819,0.194856837,0.0854004696,0.734887064,-0.109870702,-0.363122553,-0.0940106884,0.419561058
-1.81616139,2.09079552,0.696804881,0.0101676667,0.023678096,0.917595029,0.396680355,-0.598884463,-0.180363119,0.0167088285,0.30596143,0.0560426973,0.00581100117,0.380912751,0.125492483,0.175578892,0.274282068,-0.00640193652,-0.00358243985,0.229589269,0.0408123806,0.0325576216,0.492347419,0.186693877,0.0874976441,0.738154113,-0.0888505504,-0.349649906,-0.0868681893,0.424093008
-1.84769416,2.12512708,0.690382361,0.0178602692,0.0205387548,0.924133003,0.381100327,-0.552901804,-0.204548284,0.0183084235,0.338275194,0.0755745098,0.00583195593,0.436976463,0.126789361,0.165700242,0.272446662,-0.00308467448,-0.00296048704,0.188380957,0.0403329656,0.0308893304,0.490631342,0.176829129,0.0884308219,0.738642335,-0.0552624166,-0.33056283,-0.0776123106,0.434403121
-1.87872028,2.15901232,0.689605594,0.0258159991,0.0174729116,0.93118149,0.363220751,-0.507579029,-0.22873278,0.0173748396,0.380983025,0.0885921419,0.00594304828,0.473453641,0.134674907,0.15587382,0.289711744,0.00640908023,-0.00246523554,0.138741463,0.0377446003,0.0329051502,0.479605198,0.165479928,0.0882477909,0.73511982,-0.0146069145,-0.307726413,-0.0651790574,0.448767543
-1.90775526,2.19071221,0.693402827,0.0303316712,0.0147474417,0.938426197,0.343829691,-0.461645752,-0.24583143,0.0113592036,0.424642682,0.0957080275,0.005995946,0.48140192,0.144622967,0.14725177,0.324128956,0.0196242761,-0.00218556379,0.0786536559,0.0354029499,0.0350639038,0.45400846,0.152520329,0.086667046,0.727301717,0.0241826475,-0.285659015,-0.0541792028,0.463868558
-1.93425715,2.22085381,0.70499444,0.0325845666,0.012213707,0.94590652,0.322567731,-0.417177677,-0.256227374,0.00063499657,0.462674052,0.0983413979,0.0059961509,0.455400705,0.157202035,0.139723405,0.369977415,0.0319404416,-0.00227727159,0.00947432965,0.0328864194,0.0385355391,0.416455299,0.141510725,0.0853551254,0.717121124,0.0626928061,-0.265067905,-0.0441414863,0.480500251
-1.95712364,2.24856067,0.713556588,0.0317840539,0.00939012505,0.951419294,0.306109279,-0.372232854,-0.257011652,-0.01440081,0.485495329,0.0981958732,0.00594170811,0.391077846,0.170261085,0.132550657,0.418775767,0.0309326444,-0.00354352454,-0.0661325976,0.0316676982,0.0395537503,0.364060789,0.138429955,0.086265631,0.701414645,0.0990343019,-0.247209713,-0.0358256288,0.496758193
-1.97931957,2.27611661,0.722569168,0.0305561647,0.00679787807,0.955085993,0.29467088,-0.323564351,-0.249596059,-0.0327600837,0.498426199,0.0966092199,0.00580963911,0.302467018,0.169602096,0.127529323,0.463436812,0.0171009544,-0.0057272953,-0.14594005,0.0303934831,0.0485187694,0.30694893,0.141245857,0.0890765265,0.685890794,0.128840804,-0.230208606,-0.0276889466,0.508887649
-1.99982631,2.30263972,0.731308341,0.0280381069,0.0045139119,0.956312597,0.290963441,-0.276449859,-0.234255493,-0.0539326854,0.501051724,0.0937918797,0.00561705325,0.196042642,0.155541882,0.124245822,0.500423253,-0.00591798825,-0.00867691915,-0.21400547,0.0300196279,0.0511071645,0.250391841,0.154513568,0.0956579894,0.670753479,0.153386354,-0.213487253,-0.0199507382,0.519668519
-2.0184052,2.32669711,0.737769425,0.0241825711,0.00416964386,0.954945385,0.295765311,-0.23092185,-0.218725741,-0.0733915791,0.489752889,0.0900914446,0.00540593872,0.0722414628,0.129446775,0.125194758,0.529514015,-0.0331767946,-0.0112735564,-0.271328956,0.0287441965,0.0519368351,0.190326259,0.173751876,0.10352917,0.653771877,0.172668993,-0.198761567,-0.0114451721,0.526735306
-2.03692698,2.34993243,0.743616879,0.0180824641,0.00547541957,0.951314926,0.307641059,-0.187468141,-0.202497631,-0.0911383629,0.468220681,0.0855019391,0.0052046245,-0.0652184486,0.0977294073,0.129577592,0.543481708,-0.0586000048,-0.0126513047,-0.310086876,0.0270304289,0.0521595031,0.130218476,0.199471623,0.112795331,0.634848595,0.192562446,-0.19820793,-0.0109222215,0.534084558
-2.0551877,2.37337232,0.747546971,0.0114493836,0.00606857054,0.945708454,0.324757814,-0.14375928,-0.185596347,-0.106906153,0.441006005,0.0803619474,0.0050420179,-0.206312969,0.0738803148,0.134946331,0.537248373,-0.0789328739,-0.01292207,-0.327400535,0.0261760801,0.0530056879,0.0725404844,0.232027084,0.124254204,0.612862468,0.211650476,-0.20309107,-0.0147273866,0.542618155
-2.07312608,2.39586067,0.748123705,0.00457054144,0.00862273294,0.939189434,0.343260795,-0.100066982,-0.176040515,-0.116917223,0.409061521,0.0741428062,0.00497810822,-0.341283083,0.0604920462,0.140499711,0.512539268,-0.087348178,-0.011821242,-0.327645361,0.0240157694,0.0528128557,0.0161168911,0.266978413,0.135277539,0.588504553,0.230212137,-0.209904939,-0.0193920787,0.548452258
-2.09224534,2.41912723,0.748321235,-0.000920840539,0.0103973988,0.932197154,0.361800432,-0.0513014086,-0.167735562,-0.122946143,0.376380235,0.0657297745,0.00496591814,-0.458738834,0.0638141856,0.142869443,0.470208377,-0.0817310214,-0.0101802303,-0.315982312,0.0222445931,0.0521740466,-0.0376289934,0.29939425,0.143899098,0.563283265,0.246771887,-0.214052513,-0.0237448774,0.553232849
-2.11331344,2.44396973,0.745037436,-0.00408047996,0.0108930478,0.924820781,0.380225301,0.00807969086,-0.159092486,-0.125354826,0.345532596,0.0557852909,0.00504062558,-0.551204562,0.0792266428,0.141187966,0.417252958,-0.0670964271,-0.00871589035,-0.297422528,0.0207949001,0.0515976846,-0.0832780972,0.325798988,0.14914149,0.537846506,0.265483379,-0.217380509,-0.0286656152,0.558189869
-2.13519692,2.47062349,0.739644527,-0.00634925021,0.0105329119,0.917633414,0.397237509,0.0722850263,-0.15053317,-0.124468163,0.317652285,0.0441009216,0.0051598181,-0.62034595,0.104085669,0.134546876,0.361443788,-0.0491497517,-0.00758720562,-0.274232626,0.0189179536,0.0497455001,-0.122186616,0.351407826,0.155679226,0.516925335,0.286750168,-0.221061945,-0.0341100991,0.565184474
-2.15806246,2.49854398,0.732352614,-0.00708408467,0.00887477119,0.910432041,0.413502842,0.14286758,-0.142277747,-0.1206633,0.291283548,0.030912349,0.00527237356,-0.660912573,0.135077506,0.123802379,0.314969897,-0.0284728017,-0.00680994801,-0.247082755,0.0173849314,0.0503888428,-0.151686549,0.370268255,0.160979792,0.500357151,0.307868272,-0.22111088,-0.0397907197,0.573499024
-2.18220496,2.53364682,0.723609746,-0.00535537815,0.00388488499,0.903303802,0.428950369,0.219948083,-0.134735957,-0.116000414,0.275034249,0.0196934789,0.00495228963,-0.657700181,0.178422481,0.108200505,0.291711032,-0.0070320149,-0.0063869874,-0.21926105,0.0169035885,0.0448093154,-0.16745083,0.374735475,0.16131103,0.487724096,0.33194527,-0.21560201,-0.0441333987,0.584652722
-2.20858073,2.56458187,0.711444557,-0.00280329771,0.00203477917,0.896464288,0.443102449,0.294969887,-0.137056291,-0.106167398,0.255945593,0.0104711875,0.00470034825,-0.63922447,0.211367086,0.0976644233,0.293945491,0.0150256502,-0.00629828684,-0.188550845,0.0178551618,0.0432069674,-0.166768312,0.368219525,0.158610314,0.482186049,0.351015568,-0.213244915,-0.0498882495,0.594248533
-2.23609686,2.59368563,0.698210776,0.00239594374,0.00259784143,0.890209794,0.455537081,0.364514321,-0.150748804,-0.0918960497,0.235086665,0.00489747198,0.00435540266,-0.620432019,0.230277941,0.0926835313,0.311624646,0.0372239389,-0.00637315959,-0.154449269,0.017304061,0.045408912,-0.15554896,0.349235356,0.151529923,0.48259154,0.364359945,-0.213056564,-0.0564434119,0.602143228
-2.26519775,2.62489343,0.684697807,0.00713757752,0.00239539146,0.883680403,0.468030095,0.424543977,-0.168053612,-0.0779040828,0.222435609,0.00707203196,0.00380121917,-0.598823726,0.244939566,0.091892235,0.343120724,0.0584981106,-0.00635931641,-0.120460048,0.0176464021,0.0432037748,-0.127798423,0.321489334,0.141649619,0.492788434,0.373471528,-0.212919399,-0.0625842512,0.609084427
-2.29546356,2.65815854,0.677060366,0.0142550888,0.00201409007,0.875291169,0.483381957,0.471115738,-0.186841205,-0.065039888,0.224557608,0.0166593846,0.00306828762,-0.566011846,0.255607426,0.0944729447,0.392999291,0.0764651671,-0.00635123998,-0.0839940161,0.0178728215,0.0422796682,-0.0808831677,0.290501058,0.131284475,0.513978601,0.374368995,-0.212966576,-0.0691398531,0.612993062
-2.32535791,2.69061804,0.678829789,0.0197395924,0.000845693052,0.864518285,0.502212822,0.49428463,-0.203824401,-0.055578813,0.248980671,0.0308478922,0.00228509586,-0.531443775,0.268101484,0.0985720828,0.450120658,0.0879637226,-0.00632260786,-0.0437578969,0.0205953456,0.0437416919,-0.0226740725,0.259162843,0.11888954,0.541193664,0.364159822,-0.210854724,-0.0734493211,0.612288952
-2.35311389,2.72236323,0.693544149,0.0247090496,4.51850538e-05,0.851823688,0.523245513,0.486431926,-0.218086317,-0.0482596159,0.293149322,0.0447782651,0.0017296602,-0.489426315,0.278081059,0.105480991,0.505888164,0.094178915,-0.00624311529,0.00658962037,0.0218228791,0.0507027656,0.0425728634,0.230898619,0.106415376,0.571676552,0.341561586,-0.205582485,-0.074883759,0.607839227
-2.37966824,2.74987531,0.704456627,0.0254869238,0.00154564937,0.838966131,0.543584347,0.436979115,-0.22976537,-0.0410426892,0.3481552,0.0542052053,0.0018751655,-0.450781256,0.282614082,0.116622612,0.547741473,0.0966141596,-0.00605162606,0.0664323792,0.0239637475,0.0544470921,0.108342864,0.207553118,0.0949836895,0.601930261,0.305825025,-0.197708562,-0.072600618,0.599604666
-2.40559506,2.77594256,0.714158654,0.0240824763,0.00418178458,0.828301132,0.559749782,0.355517954,-0.233049333,-0.032588508,0.403718442,0.0485299081,0.00327047613,-0.41046676,0.280093759,0.13236253,0.574381053,0.0967547372,-0.00580207026,0.131550193,0.0239180326,0.0525981449,0.171374783,0.190505177,0.0866037309,0.629641831,0.267312855,-0.19656688,-0.0725966394,0.588895917
-2.42888403,2.79759169,0.722448409,0.0224984139,0.00590018835,0.822152138,0.568792522,0.253087431,-0.213192269,-0.0271747112,0.456102222,0.0302501302,0.00605006237,-0.371039003,0.269977599,0.151644349,0.586487234,0.0956639126,-0.00549384952,0.200164735,0.0246553775,0.0595853813,0.223051757,0.177315384,0.0789786801,0.650398195,0.22293061,-0.195026517,-0.0711340308,0.57630831
-2.45219541,2.81812978,0.730621934,0.018607581,0.00898745004,0.821807742,0.569390118,0.131972805,-0.175157323,-0.0254967697,0.499465287,0.00474425359,0.00960876886,-0.334091246,0.25154832,0.173514977,0.585543931,0.0933426842,-0.0052388222,0.263174057,0.0258188006,0.0573799796,0.267882079,0.166946977,0.0713763833,0.668456614,0.181539252,-0.199913204,-0.0716617033,0.563085437
-2.47337747,2.83750367,0.737028301,0.0114092799,0.0108806919,0.827520669,0.561213851,-0.0057348772,-0.113484502,-0.0316080637,0.53140825,-0.0256381873,0.0131994346,-0.298502356,0.236029118,0.191177011,0.571292281,0.0899286792,-0.00500200922,0.314801008,0.0273709223,0.053625349,0.293728888,0.166095197,0.0679831803,0.676708877,0.142951593,-0.208857909,-0.0725517273,0.548831463
-2.49290061,2.85571694,0.742676616,0.00465413695,0.0137437461,0.83733052,0.546504378,-0.153867319,-0.0517469831,-0.0395456068,0.547424972,-0.0542459749,0.0156504922,-0.263007939,0.218597412,0.2073064,0.549659312,0.0850934982,-0.00484033674,0.347532719,0.0274020024,0.0509554371,0.315429002,0.169517428,0.0673242807,0.683412731,0.103489086,-0.222524092,-0.0745620355,0.532602727
-2.5134542,2.87482595,0.746137023,-0.00390604883,0.0153618967,0.849305451,0.527663648,-0.299453557,-0.000949371781,-0.0485303365,0.542264462,-0.0673696697,0.015516703,-0.224783301,0.204400644,0.219015092,0.524830639,0.0788373202,-0.00476663793,0.359411627,0.0301635377,0.0480719917,0.329657018,0.177497178,0.0695392638,0.686189294,0.0660031512,-0.241509408,-0.076784201,0.514560163
-2.53564119,2.89554977,0.748179197,-0.00953681953,0.017786378,0.861439228,0.507459641,-0.427971572,0.0300860573,-0.0554508753,0.510562956,-0.0673412681,0.0140160946,-0.177086711,0.189162105,0.228370756,0.4995915,0.0711784735,-0.00472367043,0.359445512,0.0315278023,0.0496714711,0.3446199,0.18011649,0.0679935589,0.683936119,0.0295108352,-0.262563288,-0.0784719884,0.49421671
-2.55856562,2.91689563,0.74716258,-0.0147018647,0.0189628508,0.872274578,0.488427401,-0.532090425,0.0420603082,-0.0581514761,0.45593071,-0.0547713004,0.0117973695,-0.122334547,0.17472741,0.234057918,0.471389771,0.0612085685,-0.00481648091,0.351735681,0.0334919319,0.0443405509,0.364524364,0.186080098,0.0700322762,0.685177386,-0.00207509263,-0.286335289,-0.0786557123,0.476817608
-2.58483529,2.94037294,0.744394124,-0.0162310917,0.020021474,0.882436216,0.46972546,-0.603841364,0.0368405357,-0.0554154553,0.389838666,-0.0376613066,0.00993305538,-0.0560879149,0.15865311,0.237053543,0.444184929,0.0489433222,-0.00491143065,0.336443216,0.0355678201,0.0401179269,0.386423707,0.188448936,0.0713959262,0.688829422,-0.0289885942,-0.306528836,-0.0755410269,0.461970419
-2.61154199,2.96370578,0.739219189,-0.0146581912,0.0207008701,0.891175628,0.452948898,-0.645569742,0.0190916434,-0.0471812114,0.328439295,-0.0182145033,0.0085047679,0.01676712,0.141800493,0.23705028,0.416971773,0.0345959514,-0.00501157017,0.316209227,0.0373653583,0.0386773013,0.404606998,0.188882396,0.0726163909,0.692426443,-0.0514142215,-0.322358966,-0.0704493225,0.44983089
-2.63919973,2.98878765,0.731764317,-0.013700922,0.0210232455,0.899148822,0.436923057,-0.66464287,-0.00281437789,-0.0382579938,0.29380393,-0.000457087415,0.00772949541,0.0885820836,0.130269989,0.232792884,0.389346749,0.0190187767,-0.00499825412,0.286924481,0.0385721549,0.0378006585,0.423225701,0.185881466,0.0727218017,0.697148085,-0.0657857955,-0.332457393,-0.0644109845,0.441784829
-2.66918755,3.01372528,0.722608268,-0.0133768069,0.0211664792,0.906838596,0.42073366,-0.652157843,-0.0322450362,-0.0269715395,0.280322969,0.0175552052,0.00729001779,0.164721444,0.119628705,0.226705208,0.357895613,0.00402732613,-0.00483982731,0.255465329,0.0401788019,0.0338158794,0.43810913,0.178351611,0.0710724443,0.701633215,-0.0747705102,-0.335956573,-0.0587316193,0.434619069
-2.70056224,3.039464,0.713286102,-0.0086558219,0.0213444531,0.913853645,0.405389905,-0.629179239,-0.064564839,-0.0162585471,0.292086542,0.0367668867,0.00692228274,0.236230701,0.110724442,0.220035046,0.336259574,-0.00751790497,-0.00443514157,0.219740346,0.0408868529,0.0337574147,0.452945828,0.168815255,0.0690336898,0.708021343,-0.0733426586,-0.330667645,-0.0500999838,0.430976689
-2.73335886,3.06635308,0.705592155,-0.00201041857,0.0213795789,0.920554161,0.390024185,-0.605248034,-0.0986302048,-0.00637726765,0.311482966,0.0537512787,0.00667482754,0.30200541,0.104430892,0.211762354,0.323657662,-0.0142268892,-0.00386340567,0.17865549,0.0416507944,0.0333085582,0.463331252,0.157646328,0.0662331879,0.713655949,-0.0538810492,-0.319168746,-0.0415776186,0.432355225
-2.76172042,3.09481335,0.698549509,0.000346578367,0.0189746693,0.92686218,0.374921739,-0.577394009,-0.113006674,-0.0046863528,0.345187902,0.068678394,0.00650130631,0.35627389,0.103822671,0.198960468,0.310392797,-0.0148460269,-0.00344659388,0.132626683,0.0419154726,0.0304394234,0.459378481,0.154075637,0.0682675838,0.714242756,-0.0249470212,-0.301914245,-0.0315316133,0.437922031
-2.79326129,3.12196302,0.696756661,0.0068374062,0.0171256959,0.933711767,0.357550532,-0.5433743,-0.134903193,-0.00235636509,0.385667294,0.0801698342,0.00634967815,0.407612085,0.0991823971,0.187625021,0.312731892,-0.0103682475,-0.00299113151,0.0835065544,0.0416710414,0.0297859777,0.452882558,0.147892848,0.0688677728,0.713780046,0.0152773215,-0.28484115,-0.0223136786,0.448670626
-2.83176851,3.14912271,0.697322845,0.0172904041,0.0167766362,0.94115597,0.337112725,-0.486636609,-0.171711683,0.00344556873,0.428163946,0.086581558,0.00627898891,0.430696458,0.108063743,0.177559033,0.34419015,-0.00108365668,-0.00230859243,0.0261009187,0.0374817513,0.0274629984,0.445053905,0.137186348,0.0684910268,0.714030623,0.065101929,-0.274826556,-0.0176012572,0.462510109
-2.86092854,3.17567253,0.707051277,0.0210258458,0.0155684706,0.947931409,0.317397952,-0.441021085,-0.192635402,0.000542176655,0.46091944,0.0885606632,0.00621181354,0.421863705,0.12255194,0.16496399,0.389591515,0.0097758742,-0.00224233861,-0.0402340479,0.0347038954,0.022957487,0.421643883,0.132036135,0.0693455264,0.708544672,0.108296253,-0.263955921,-0.0145305051,0.475250602
-2.88681674,3.20126176,0.714890063,0.0227814727,0.0137652205,0.953272998,0.300935358,-0.394379377,-0.20315668,-0.00837539509,0.483687073,0.0877987221,0.00616366556,0.385287106,0.14010787,0.150639817,0.445661902,0.0151362522,-0.00261680386,-0.114911646,0.0325988196,0.024504751,0.387022942,0.138459414,0.0752226114,0.703452229,0.148488671,-0.251915753,-0.011474167,0.489155322
-2.91218257,3.22690463,0.721875429,0.0238576122,0.0120345205,0.957008481,0.288826525,-0.340215266,-0.203468233,-0.0208609607,0.493916333,0.0856841728,0.00609523989,0.315121919,0.154317439,0.13668552,0.497972101,0.00932559092,-0.00337563688,-0.193498075,0.0317919552,0.0265899077,0.349383444,0.148720339,0.0827729404,0.700285137,0.18521148,-0.240179867,-0.00845004153,0.506916344
-2.93341708,3.24992728,0.72937113,0.0222204942,0.0109611517,0.958211184,0.284986615,-0.295153201,-0.198739976,-0.036444474,0.494676739,0.0824820623,0.00590675091,0.208563179,0.15359354,0.126496822,0.544580996,-0.0109423501,-0.00512996502,-0.267176509,0.0301057585,0.0294071231,0.302922964,0.16139704,0.0891303197,0.687763572,0.209635094,-0.232939258,-0.00785874855,0.517818689
-2.9539125,3.27283406,0.736315787,0.0194081739,0.0106252311,0.957041085,0.289106846,-0.249315441,-0.186047658,-0.054147251,0.485482603,0.0785228088,0.00569846341,0.0883226246,0.139318079,0.121014483,0.586239755,-0.0371039286,-0.00702664815,-0.330339193,0.0286592133,0.0334575437,0.256867349,0.182926297,0.0987774581,0.674173057,0.227204323,-0.230470031,-0.00969795696,0.526790738
-2.97355151,3.29357219,0.739943802,0.0140279084,0.012122659,0.95292604,0.302635342,-0.207824409,-0.175327212,-0.0693103522,0.467850983,0.0752316341,0.00545630883,-0.0533227213,0.116283812,0.120443046,0.612050235,-0.0643857345,-0.00808232091,-0.371258914,0.0274771843,0.0364729501,0.208172277,0.211521432,0.110103361,0.659604609,0.237903416,-0.231168732,-0.0136777554,0.5339697
-2.99079013,3.31281924,0.742447078,0.00668123411,0.0149069838,0.946918845,0.321057349,-0.171928674,-0.164457798,-0.0813472942,0.44070676,0.0714853331,0.00525712362,-0.205485165,0.090312615,0.125126347,0.622182906,-0.0873322636,-0.00855947286,-0.394350231,0.0242769215,0.0369490348,0.160898775,0.246151119,0.123373665,0.642938852,0.24299863,-0.235659868,-0.0180457514,0.539159477
-3.01150584,3.33325315,0.744638264,0.00210300693,0.0170719214,0.940068245,0.340552121,-0.121116288,-0.156493589,-0.0893027484,0.411401212,0.0667659566,0.00513127446,-0.341704994,0.0724752024,0.130216822,0.611718476,-0.0974540189,-0.00766669353,-0.396213025,0.0231617503,0.0390909351,0.11800319,0.278365046,0.133183584,0.626060963,0.245700926,-0.240080357,-0.0224958155,0.542289972
-3.0245347,3.35473442,0.748226523,-0.0110505056,0.0146588255,0.932931006,0.359586984,-0.0915560275,-0.134567603,-0.101474896,0.375201195,0.0583324805,0.00508175557,-0.472236484,0.0908846632,0.125171155,0.566181004,-0.0909804851,-0.00624560425,-0.388521284,0.0212106463,0.0387827232,0.0770146996,0.324699491,0.146711916,0.607761919,0.248312578,-0.229977429,-0.021879971,0.543663204
-3.04112744,3.37781024,0.745227754,-0.0192185529,0.0117478063,0.925073862,0.379118711,-0.0458164923,-0.126383856,-0.106374979,0.341268003,0.0483782403,0.00491715223,-0.572265148,0.12144468,0.118755974,0.500553489,-0.0761432052,-0.0048388252,-0.376817524,0.0183877647,0.0353103392,0.0281288344,0.37173444,0.160233706,0.585343719,0.260358393,-0.221118718,-0.0210896526,0.546831071
-3.06595349,3.40578508,0.741126001,-0.0182276461,0.0102438284,0.916361868,0.399804652,0.0277140737,-0.127025604,-0.105617844,0.317380577,0.0377115682,0.00481195236,-0.626760602,0.1466102,0.114279583,0.434310108,-0.0586962886,-0.00399403553,-0.354403585,0.0178037994,0.0292266533,-0.0127801932,0.413203865,0.177382082,0.568403542,0.28077662,-0.222828805,-0.0262181275,0.552800357
-3.09334445,3.42625093,0.734306037,-0.0181504898,0.0133588389,0.907927632,0.418520629,0.0983756185,-0.116077513,-0.099714227,0.290452749,0.0255010407,0.00556874741,-0.677835882,0.151070431,0.114946708,0.368331015,-0.0404252,-0.00338951382,-0.323394001,0.0167599637,0.028490616,-0.0378463753,0.425428867,0.176074609,0.555705965,0.294761837,-0.233268157,-0.0364128537,0.558605611
-3.12090039,3.45432901,0.722642004,-0.0140006086,0.0146009969,0.900786221,0.433791459,0.179351553,-0.130047828,-0.0868139714,0.264990568,0.013841127,0.00541815301,-0.694262147,0.168840945,0.108354412,0.323275208,-0.0216169991,-0.003220201,-0.292009294,0.0167893879,0.0256906431,-0.0499155559,0.429897696,0.172439381,0.546522915,0.31805864,-0.245803356,-0.0459359847,0.563699722
-3.14780283,3.48281407,0.710917056,-0.0117699197,0.0136629129,0.894716024,0.446271181,0.256012142,-0.140435115,-0.0740660653,0.238575533,0.00395214232,0.00510394527,-0.687662363,0.194663078,0.0990781561,0.305544168,-0.00139561377,-0.00332575734,-0.255446464,0.0169666465,0.0248424392,-0.0610157922,0.425722986,0.165315747,0.537230492,0.335020125,-0.248708412,-0.0515953824,0.568357348
-3.1752336,3.51435971,0.697387993,-0.00791264977,0.0110045411,0.88834548,0.458975673,0.331875294,-0.14571026,-0.0626506433,0.216612712,-0.00141419005,0.00467143487,-0.659808934,0.221051276,0.0907673314,0.319120347,0.0198986959,-0.00356144295,-0.216044113,0.0176535863,0.0275573749,-0.0636504292,0.414429218,0.156440288,0.531225145,0.359492958,-0.250683337,-0.0578741767,0.579717219
-3.20408869,3.54660845,0.685332656,-0.000913204043,0.00866711047,0.881941736,0.471277863,0.40635404,-0.156377897,-0.0499065481,0.201392904,-0.000876184495,0.00405220129,-0.634116471,0.242441967,0.0857074708,0.342338622,0.0403548405,-0.00380697171,-0.17767936,0.0184559207,0.0258609746,-0.0540952943,0.394975036,0.146048918,0.530823469,0.377907991,-0.251096517,-0.0625551939,0.590646327
-3.23435402,3.58043313,0.674720287,0.00705199968,0.00569628319,0.874335349,0.485237628,0.4642542,-0.170144916,-0.0378273465,0.198046252,0.00716678286,0.00324254367,-0.593708873,0.254959941,0.0857904926,0.385351449,0.0598848015,-0.0040714927,-0.135088027,0.0189258754,0.0268926267,-0.0312391669,0.369273037,0.133738682,0.535523653,0.390413284,-0.252334386,-0.0673902109,0.598864257
-3.26252913,3.61370921,0.668640733,0.0107886717,0.00315272715,0.749162972,0.662290335,0.501589894,-0.183345124,-0.0273397844,0.208830252,0.0203205049,0.00238942704,-0.564103484,0.271251202,0.0877481923,0.440413564,0.0733340159,-0.00425606407,-0.0936038047,0.0226362087,0.0228756946,0.00106267177,0.339342535,0.119000129,0.540698111,0.390707612,-0.251458049,-0.0706441998,0.601304352
