-0.435036182,-2.52880263,0.773825467,0.000751663698,0.0160634164,0.654023349,0.756303489,0.0722012296,-0.0455731787,0.147831574,-0.0485494062,0.0671141669,0.000209332924,-0.0249357298,0.0611680038,-0.0166386608,0.0547025315,0.0359328464,3.99781566e-05,0.0643035769,0.0293737072,0.0681552067,0.149729177,0.177157417,-0.00582249463,0.647911012,0.124487258,-0.20919475,0.0415871665,0.541915655
-0.435221016,-2.52679467,0.773932755,0.0014351604,0.0158400908,0.655388892,0.755124152,0.0760115683,-0.0322158076,0.149450153,-0.0508494005,0.0650988594,0.000396003539,-0.0219180845,0.0642799884,-0.0176013596,0.0565313585,0.0362490788,0.000108885019,0.0620656759,0.0284239482,0.0652302355,0.152014852,0.177237481,-0.0057750782,0.649466336,0.126886129,-0.209389597,0.042057462,0.542329907
-0.434482634,-2.52793479,0.774414778,0.00181690417,0.0151465684,0.656570137,0.754110634,0.07569848,-0.0290601142,0.152388737,-0.0528960302,0.0634608567,0.000317180093,-0.0229464117,0.0599467941,-0.0164843742,0.0575164221,0.0367771722,-4.87746365e-05,0.0612692386,0.0289266016,0.0693098307,0.158054322,0.178130835,-0.00598028535,0.652610242,0.125649825,-0.202936515,0.0432549343,0.54127413
-0.433894485,-2.52821946,0.775222838,0.00154363783,0.0160261504,0.657312632,0.753445983,0.0734302849,-0.0283340439,0.155329958,-0.0546060465,0.0622834526,0.000284093199,-0.025684841,0.0591930822,-0.0163759515,0.0583924688,0.0369569771,-6.37264093e-05,0.0597608536,0.029318301,0.0715774372,0.167026132,0.176195711,-0.00748713873,0.653592288,0.123065211,-0.199831009,0.0421794802,0.53956449
-0.433655024,-2.5275085,0.775849819,0.00140309636,0.016368594,0.657920003,0.752908587,0.0736876503,-0.0277608223,0.157666728,-0.0549061,0.0613641664,0.00028601868,-0.0263404101,0.0587845892,-0.0162291136,0.0604633689,0.0368263982,-8.36579929e-05,0.0585080311,0.0292149074,0.071822919,0.169702768,0.175682381,-0.00815241225,0.6526106,0.122751661,-0.198404834,0.0403824262,0.539108574
-0.433359891,-2.52672362,0.775949359,0.00150256441,0.0167631377,0.658467889,0.752420604,0.0737661272,-0.0286639351,0.159776032,-0.0551239178,0.0606284551,0.000281781191,-0.0267239492,0.0580904074,-0.0158996247,0.0623412356,0.036590565,-0.000104369341,0.0571880452,0.0293747596,0.0716154501,0.17219013,0.175590053,-0.00833805837,0.651752055,0.122776419,-0.198820189,0.0382686444,0.538229644
-0.432828248,-2.52540421,0.775895417,0.00194817083,0.0163592175,0.659095764,0.75187856,0.0766744316,-0.0279043671,0.161148608,-0.0549734309,0.0598956756,0.000304954796,-0.0242213886,0.0584934801,-0.015679121,0.0645898059,0.0362849161,-0.000128541695,0.0563384332,0.0291270074,0.0724501461,0.174372926,0.175303489,-0.00862564612,0.65099299,0.123201527,-0.197474673,0.0369029678,0.53802681
-0.432381511,-2.52473831,0.775718331,0.00195532246,0.0170987435,0.659550846,0.751462936,0.0765023753,-0.0282953251,0.162671417,-0.0559823513,0.0591769367,0.000310926407,-0.0245590676,0.0581524931,-0.0154269831,0.06522879,0.0358653404,-0.000136952396,0.0558671914,0.0292452499,0.0704938844,0.175784096,0.175446957,-0.00843772478,0.650825858,0.122489341,-0.196748108,0.0353402644,0.537783504
-0.431676686,-2.5237174,0.776074946,0.00185588619,0.0172435176,0.659993172,0.751071393,0.0778650492,-0.0276734997,0.163735583,-0.0567805618,0.0585155375,0.000311875308,-0.0243486874,0.0589090176,-0.0154425642,0.0666402504,0.0352308452,-0.0001456553,0.0543333068,0.0295724515,0.0706654489,0.17689997,0.174694791,-0.00846621674,0.650716901,0.121780768,-0.196195096,0.0341127254,0.537458062
-0.430980623,-2.52266788,0.776100218,0.00147577084,0.0178587306,0.660592616,0.75053066,0.0782155469,-0.0272841714,0.164626956,-0.057965219,0.0580340736,0.000311478419,-0.02502257,0.0591412634,-0.0153738316,0.0678662807,0.0345635228,-0.000168513798,0.0539859869,0.0290701687,0.0702333376,0.177233189,0.1742284,-0.00836109929,0.650318205,0.12134064,-0.195441097,0.0331238061,0.537188649
-0.4298262,-2.52124476,0.776043534,0.00123646355,0.0179045349,0.661129296,0.75005734,0.0794303417,-0.025494663,0.164972439,-0.0582054146,0.057702519,0.000310546544,-0.0237557478,0.0609740429,-0.015524758,0.0691944435,0.0339871235,-0.000176603149,0.0540174954,0.0291914567,0.0704014748,0.177523673,0.174745768,-0.00790124759,0.649838626,0.121819541,-0.195137754,0.0322198868,0.537503004
-0.42832768,-2.51959062,0.776147425,0.00119183282,0.0182341132,0.661534965,0.749691665,0.0813504159,-0.0238988027,0.165154979,-0.0581725724,0.0573499501,0.000312579738,-0.0221450236,0.0624878891,-0.0157026406,0.0703158826,0.0332996137,-0.000191965097,0.0537451468,0.0294120517,0.0703641921,0.178437442,0.176902428,-0.00664637657,0.649968684,0.122234955,-0.194994822,0.0308598205,0.53794682
-0.42714712,-2.51834583,0.775874853,0.000667312532,0.0187353939,0.661942363,0.749320269,0.0805919617,-0.0219349656,0.165183946,-0.0580144376,0.056863077,0.000316729856,-0.0220112335,0.0642254651,-0.0159457047,0.0699808672,0.0325952284,-0.000199524817,0.0542035922,0.0292719472,0.0697013512,0.179058313,0.17809236,-0.00532815652,0.650946438,0.12131492,-0.195541516,0.0293119475,0.537929893
-0.425355881,-2.51663828,0.775877655,-6.96109855e-05,0.0194062386,0.66238296,0.748914003,0.0801385194,-0.0196756572,0.164714381,-0.0568587855,0.0565605089,0.000303713692,-0.0215624087,0.0663824901,-0.0164453406,0.070258446,0.0319843255,-0.00022253934,0.0549359806,0.0293349233,0.0689647049,0.178238779,0.178601503,-0.00427298201,0.650959134,0.121480674,-0.19574748,0.0274949279,0.537311971
-0.423246264,-2.51422143,0.775632262,-0.000613561017,0.0191379543,0.662961781,0.748408377,0.0814611986,-0.0150156794,0.163367867,-0.0547020808,0.0560922921,0.000315231388,-0.018312078,0.0701864436,-0.0171699263,0.070992209,0.0314467251,-0.00025398517,0.055738844,0.0298386086,0.0680607483,0.178566679,0.179415211,-0.00320204557,0.651592433,0.121719457,-0.195609346,0.0267875511,0.537454963
-0.420769215,-2.51158643,0.775398314,-0.00123032345,0.019029405,0.663590908,0.747852623,0.0821453556,-0.0100830905,0.161464974,-0.0516009293,0.0554430522,0.00030712405,-0.0146188894,0.074572131,-0.0179572664,0.0712695345,0.031013336,-0.000268760428,0.0571841188,0.0301857218,0.0677889809,0.180271223,0.180018499,-0.00175246003,0.652776301,0.12255957,-0.19703345,0.0258744992,0.537261188
-0.418127149,-2.50915623,0.774847984,-0.00200729514,0.0192268044,0.664207935,0.747297823,0.0809328258,-0.00475653866,0.159331366,-0.046350088,0.0547723882,0.000321133935,-0.0127238017,0.0786020309,-0.0186708346,0.0708599538,0.0306113996,-0.000309952535,0.0590245575,0.0306441169,0.0671479926,0.182330534,0.181221813,-1.99652168e-05,0.653466046,0.123703338,-0.198773891,0.0251655001,0.537469685
-0.414859444,-2.50602293,0.774609208,-0.00302927126,0.0194811095,0.664950311,0.74662739,0.0788399205,0.00172200252,0.156488806,-0.0392746851,0.0538697802,0.000316047895,-0.00952101126,0.0838498473,-0.0196640491,0.0709055811,0.0302927773,-0.000342623418,0.0613290593,0.03093067,0.0654937625,0.183865339,0.182159364,0.00227246853,0.654500127,0.123494282,-0.201038048,0.0238171872,0.536708057
-0.411709249,-2.50140858,0.774187505,-0.00373381306,0.0188560225,0.665776014,0.745904028,0.0786970034,0.00804185215,0.152689889,-0.0296498202,0.0526622906,0.00030417688,-0.00136045378,0.0888975859,-0.020368211,0.0705818683,0.0300471168,-0.00040126688,0.064449206,0.0318039283,0.0621812493,0.190101981,0.184152365,0.00468286406,0.656231165,0.126854956,-0.205939382,0.0219764374,0.536843657
-0.408064961,-2.49784422,0.773971975,-0.00466986001,0.0194618367,0.666434169,0.745295167,0.073786661,0.0147735877,0.148704484,-0.0174245983,0.0510556251,0.000296668994,0.00334623735,0.0935212746,-0.0212432034,0.0683482662,0.0295001883,-0.000448352686,0.0686741993,0.0323054418,0.0608942322,0.195702061,0.185569733,0.00678950595,0.657434225,0.129725426,-0.209658325,0.0221116059,0.535321772
-0.404494107,-2.49452257,0.7734375,-0.00615423359,0.0204830933,0.66720742,0.74456495,0.0639799386,0.021126762,0.143938318,-0.00189178786,0.0489555262,0.000258381857,0.00476113567,0.0974442735,-0.0218093712,0.0668930933,0.0290722977,-0.000514187093,0.0732376724,0.0327494033,0.0596993715,0.199851096,0.186087966,0.00880855881,0.658670247,0.130689204,-0.215076119,0.021056151,0.532802641
-0.400763541,-2.49060035,0.773080766,-0.00772778317,0.0216780379,0.667945445,0.743854284,0.0489368141,0.0272919275,0.138430297,0.0205155276,0.0465022922,0.000183056865,0.00651867036,0.101738937,-0.0219834764,0.0661110431,0.0288295802,-0.000562301255,0.081103839,0.0325840078,0.0590747371,0.203224853,0.186011985,0.0109504461,0.659732997,0.129541472,-0.219037533,0.0203893166,0.531591475
-0.397285193,-2.4871695,0.773058116,-0.00979497284,0.0236996152,0.668188691,0.743549824,0.0260120239,0.0326044783,0.131888673,0.0516695492,0.0436198376,7.15295755e-05,0.00706767617,0.104464196,-0.0216846038,0.0644150749,0.0284990054,-0.000649697613,0.0902309492,0.0330491439,0.0583606362,0.207609475,0.186876595,0.0134805664,0.660529613,0.129239544,-0.224577323,0.0194701869,0.529606164
-0.394346982,-2.48370957,0.773321271,-0.0119303595,0.0263089053,0.668403506,0.743237674,-0.00635673804,0.0394469053,0.12400569,0.0922946855,0.0387474969,1.8421686e-05,0.00630028639,0.106552698,-0.0210426226,0.0629975647,0.0278742127,-0.000692670408,0.10080941,0.0337227993,0.0581766665,0.210738733,0.186246499,0.0158159528,0.66182518,0.126941547,-0.230124593,0.0179362167,0.527460635
-0.391569525,-2.48027301,0.773070931,-0.0143877948,0.0297867376,0.669312656,0.742244124,-0.0495849475,0.0449387319,0.114513569,0.144455627,0.0325767584,-0.000156924856,0.00479941024,0.106395014,-0.0199787077,0.0612634756,0.0269509815,-0.000772534229,0.114125676,0.0335874408,0.0569852218,0.212680966,0.184511751,0.0177961905,0.662365019,0.123998433,-0.237036526,0.0164235272,0.526023507
-0.389234185,-2.47471857,0.771824718,-0.0159226898,0.0324085802,0.671248436,0.740352452,-0.0983499959,0.0480910353,0.102637731,0.209777832,0.0235722028,-0.000519769674,0.00902795698,0.107397228,-0.018779913,0.0589595996,0.0263115112,-0.000763102435,0.130510524,0.0337654762,0.0548334979,0.218872577,0.184581116,0.0193701647,0.6622051,0.124297537,-0.243136555,0.0153404241,0.525945246
-0.386740029,-2.47007561,0.769629836,-0.0183593724,0.0361291245,0.674844086,0.736846745,-0.159313336,0.0464069694,0.0903118625,0.278241098,0.0115337595,-0.00145985256,0.00846604444,0.108023845,-0.0180194713,0.0540311113,0.0259053446,-0.00073730899,0.142264724,0.0331580713,0.0543963984,0.223155737,0.182850376,0.020899266,0.661834538,0.121895924,-0.247785479,0.0142936762,0.525874496
-0.385410696,-2.46455526,0.769686997,-0.0212924723,0.0383915044,0.68069464,0.731250703,-0.23314026,0.0393198542,0.0786821917,0.341335744,-0.00265192194,-0.00314939697,0.010907812,0.110245459,-0.0182717852,0.0507472456,0.025755709,-0.000706334773,0.153288379,0.0334963575,0.0540624782,0.227374256,0.181513861,0.0220740791,0.661609471,0.119721062,-0.251870245,0.0136245023,0.526030362
-0.38341409,-2.45982337,0.769822359,-0.0250680633,0.0429310091,0.687825799,0.7241714,-0.319933027,0.0270534232,0.0679678097,0.390381932,-0.0150785213,-0.00495235901,0.00681184605,0.111841492,-0.0192020014,0.04657875,0.0254541319,-0.000680569734,0.154076964,0.0340222307,0.0533384904,0.232196078,0.178667873,0.0229631867,0.662499487,0.112159938,-0.254641324,0.0132594369,0.523902118
-0.382129014,-2.4508574,0.76885736,-0.0270176586,0.0453640111,0.696417511,0.715691805,-0.39874801,0.0102378381,0.0577851385,0.422695011,-0.0217573382,-0.00622578384,0.0131757315,0.113858126,-0.0200434532,0.046264153,0.0259046964,-0.000670979032,0.146653965,0.0348491855,0.0533550344,0.241196856,0.177670062,0.0244459435,0.666196704,0.105143443,-0.254566103,0.0141533697,0.520521879
-0.380698591,-2.44266224,0.769122958,-0.0301115047,0.0487551838,0.705167353,0.706721485,-0.475267738,-0.010477148,0.0489104651,0.431315809,-0.0200931598,-0.00702136476,0.0175668821,0.115861148,-0.0224910285,0.0434919596,0.0248755421,-0.000739357027,0.133688793,0.0358990803,0.053057313,0.252034456,0.177195594,0.0257416032,0.668589413,0.0953951478,-0.255086005,0.0161315855,0.514317274
-0.379865199,-2.43218184,0.767927349,-0.0320832245,0.0516074225,0.713716924,0.697793365,-0.540552914,-0.0334592015,0.0414318107,0.419915289,-0.0107213696,-0.00720251119,0.0288950596,0.117591135,-0.0255955234,0.0397467129,0.0231586061,-0.000805747288,0.119983137,0.0369054414,0.0532097779,0.263502121,0.175030828,0.0265203603,0.672026157,0.0856149569,-0.25606069,0.0180505402,0.507476091
-0.379763752,-2.42080402,0.76609832,-0.0332786031,0.0545322187,0.721440494,0.68952328,-0.595782042,-0.0595560074,0.0362830237,0.39246586,0.00405885745,-0.00696663745,0.0439826474,0.117257714,-0.0293541048,0.0333604105,0.0202396847,-0.000931166986,0.107982762,0.037749432,0.0532476716,0.273819119,0.171168551,0.0269157421,0.675830483,0.0749429986,-0.257754922,0.0204233229,0.500253081
-0.379043549,-2.40620852,0.763338387,-0.0331857875,0.0558436513,0.728737473,0.681705117,-0.635469198,-0.0850853175,0.0324585661,0.358491749,0.0214241892,-0.00638351729,0.0679293647,0.119544722,-0.0342067741,0.0271977838,0.0164801218,-0.00105023151,0.0951577947,0.0375636555,0.0534207113,0.284737587,0.164883271,0.0261710621,0.679545879,0.0695431754,-0.258408517,0.0227434691,0.494835019
-0.37883234,-2.38898754,0.759837747,-0.032478258,0.0559327751,0.735374987,0.674566805,-0.662593424,-0.110675164,0.0305130314,0.322952479,0.0395385288,-0.00557984505,0.0989418849,0.122645102,-0.0396165885,0.0205837172,0.0121864025,-0.00116082991,0.0831565186,0.0379293263,0.0518371537,0.296920806,0.160214797,0.025959691,0.683410108,0.0668189973,-0.259043992,0.0246890783,0.491095245
-0.380114138,-2.37082171,0.756122112,-0.030443294,0.0563712046,0.74132061,0.668086231,-0.680229425,-0.137994096,0.0314041637,0.291248709,0.0584704131,-0.00464485493,0.134076446,0.121329516,-0.0445994399,0.0126875611,0.00699141016,-0.00130685687,0.0715968981,0.0377717838,0.049966082,0.310710281,0.154879764,0.0257907864,0.687138617,0.065378651,-0.262625247,0.0247812588,0.489030719
-0.37987262,-2.35049462,0.751227796,-0.0283290185,0.0553035662,0.746828377,0.662107527,-0.687297404,-0.162756622,0.0325593129,0.268598258,0.077558361,-0.0034778805,0.173665166,0.125637352,-0.0511853918,0.00437506242,0.00140305306,-0.00140159612,0.0609754249,0.0374858268,0.0488048755,0.322516799,0.150625467,0.0257903542,0.689544737,0.0651559979,-0.265440345,0.0251883939,0.488850117
-0.381661117,-2.32752728,0.745714605,-0.0253359862,0.0539894551,0.751628935,0.656884432,-0.684935808,-0.185652182,0.0338636041,0.260271698,0.0957796052,-0.00248942268,0.219747305,0.125269309,-0.0568603352,-0.00312896399,-0.00424773525,-0.00154572667,0.0481635928,0.0372981653,0.0460083149,0.335830033,0.144924715,0.025426751,0.692240834,0.068403706,-0.268921971,0.0252312813,0.490035444
-0.382698476,-2.30253911,0.738832235,-0.021749869,0.0513764806,0.75575918,0.652468741,-0.6706025,-0.204782799,0.0331580937,0.267160624,0.113297842,-0.001418981,0.268748522,0.130266473,-0.0637670755,-0.0114658959,-0.00922099408,-0.00151843252,0.0338758267,0.0371766649,0.0435031652,0.348551035,0.1417059,0.026184598,0.694902956,0.0735928342,-0.271885812,0.0238858555,0.492586434
-0.383757412,-2.27603722,0.731906712,-0.0181494784,0.0484415889,0.759214461,0.648781478,-0.650250733,-0.220394343,0.0307400953,0.287312299,0.128913537,-0.000344065251,0.319077164,0.136412516,-0.0712220669,-0.0179309119,-0.0123912655,-0.00138701883,0.0152550815,0.0373380557,0.042498447,0.36075443,0.139250398,0.027417127,0.697459519,0.0806074813,-0.272401571,0.023209922,0.495448321
-0.38481921,-2.24782085,0.725227773,-0.0146007333,0.0451578572,0.762518525,0.64522332,-0.633534133,-0.236826494,0.0270453524,0.314419031,0.141607121,0.000688166823,0.365588993,0.140715212,-0.0769538209,-0.0190036446,-0.0120103117,-0.00112634222,-0.0074006361,0.0362364464,0.0416339785,0.370185554,0.135954827,0.0292874221,0.700836718,0.0892385021,-0.270873398,0.0221665576,0.499918997
-0.386516303,-2.21592712,0.720264673,-0.0102375699,0.0400493182,0.766470373,0.640948057,-0.607491434,-0.250584811,0.0189596638,0.35217461,0.151438922,0.00147398131,0.406798035,0.143354297,-0.0798117593,-0.0121364715,-0.00698123872,-0.000670843874,-0.0350648798,0.0347522832,0.0416735001,0.378194511,0.135562226,0.0328069925,0.704800844,0.0988767147,-0.268035412,0.0214041285,0.504576683
-0.388258159,-2.18276644,0.717505395,-0.00541413063,0.0350564271,0.771204054,0.635598898,-0.576052189,-0.260622293,0.00781419873,0.394681424,0.156024918,0.00201527425,0.441708148,0.141302004,-0.0789463446,0.00655187154,0.00283652102,-9.46190921e-05,-0.0706272945,0.0316532664,0.0410191268,0.382133156,0.137264624,0.0368786342,0.708038986,0.114066742,-0.266060114,0.0200920273,0.509714544
-0.389020741,-2.15092397,0.71958226,-0.00108068681,0.0307531543,0.777584136,0.628025472,-0.541051805,-0.267944098,-0.00585455727,0.433360606,0.156427637,0.00243721693,0.460425466,0.14197126,-0.0749012977,0.0374181457,0.0162042677,0.000417703443,-0.113280669,0.0295086056,0.0424165577,0.377559096,0.140726119,0.0405679867,0.708696783,0.126095295,-0.263910383,0.0195932724,0.512753725
-0.389292181,-2.1213367,0.731066227,0.00116605766,0.0272467248,0.786058009,0.61755079,-0.504498482,-0.272290438,-0.0212213881,0.464709103,0.154118806,0.00270491745,0.456339538,0.146529168,-0.0680985898,0.083462365,0.0300325453,0.00073059561,-0.161801651,0.0268518012,0.0461103767,0.361721247,0.145497054,0.0446636342,0.705588102,0.134922594,-0.262309283,0.0181604885,0.514458656
-0.390211105,-2.09112167,0.738717914,0.00250144699,0.0235696454,0.795937598,0.604914427,-0.461944669,-0.272950649,-0.0377173275,0.487139672,0.149966002,0.00287891901,0.43599394,0.153475389,-0.0591476075,0.142206669,0.0415666103,0.000782886636,-0.217157751,0.0243246462,0.0467179865,0.337122142,0.152171418,0.0485774875,0.699297547,0.143532693,-0.260071218,0.017044941,0.516070962
-0.389926374,-2.06340194,0.745071292,0.00275568478,0.0220808648,0.80597347,0.591533244,-0.419838965,-0.271202236,-0.0542988107,0.496780545,0.144395635,0.00297996798,0.393009573,0.15571849,-0.0487323515,0.208208308,0.0492842756,0.000403224112,-0.278815717,0.0217589643,0.0479854159,0.306365788,0.16447328,0.0548479073,0.690453768,0.148772076,-0.257595748,0.0150573282,0.517367423
-0.38901341,-2.0380466,0.750219822,0.00176862301,0.0207960494,0.814505398,0.579780459,-0.378586471,-0.266195565,-0.0710348636,0.496266961,0.138333842,0.00303152483,0.324716151,0.152843371,-0.0382211842,0.270103633,0.0420849733,-0.000912647985,-0.34217608,0.0208791569,0.0527231172,0.265672415,0.177113548,0.0596732721,0.677948356,0.147652403,-0.254658312,0.0133760702,0.518587291
-0.389195919,-2.01304245,0.755968451,0.000195146858,0.0207041372,0.819362283,0.572902083,-0.338523597,-0.257442355,-0.0876305103,0.488037288,0.132045239,0.00297170016,0.236770466,0.135274559,-0.0266984142,0.324110121,0.0212349892,-0.00317177223,-0.400390416,0.0204967149,0.0552117191,0.219100684,0.189611763,0.0640019551,0.66383034,0.142735183,-0.249585375,0.0126813948,0.520019352
-0.388508826,-1.99082315,0.760949135,-0.0018892088,0.0219752304,0.819748938,0.572298229,-0.300320774,-0.246118113,-0.103525072,0.469162017,0.125607088,0.00287465961,0.129426539,0.104405813,-0.0146081811,0.368782312,-0.00863421895,-0.0060171159,-0.448668361,0.0186532494,0.0590085573,0.170382127,0.203395173,0.0685899109,0.64909482,0.136550575,-0.244270056,0.0118967341,0.520463526
-0.388681024,-1.96955955,0.767469347,-0.00433784071,0.024818318,0.815376997,0.578381896,-0.26273036,-0.235179275,-0.11675708,0.444951892,0.119441606,0.00278241071,0.00935667753,0.05959877,-0.000291133008,0.405992776,-0.0426327102,-0.00895102508,-0.480275244,0.0182568524,0.061509978,0.121386155,0.218140632,0.0732830465,0.634165227,0.127503455,-0.237631798,0.0125655662,0.520523608
-0.389155537,-1.94882524,0.771496832,-0.00832572486,0.0294338092,0.806524754,0.590408504,-0.229422703,-0.224888086,-0.127225026,0.416305542,0.11334829,0.00271308282,-0.124390446,0.0168517008,0.0138753736,0.429709524,-0.0747762471,-0.010502046,-0.491437495,0.0170963649,0.0645238161,0.0719331726,0.233845726,0.0772191063,0.617334723,0.120375499,-0.23042658,0.0139975837,0.521229565
-0.389599532,-1.92803895,0.770008385,-0.0120498845,0.0342955627,0.794490099,0.606188178,-0.197537422,-0.215110466,-0.1344634,0.386412591,0.106758446,0.00269881915,-0.259842932,-0.0176706798,0.0277986471,0.43717885,-0.0983470157,-0.0107673481,-0.483063012,0.016177332,0.0685602799,0.0228156969,0.251571953,0.0814938843,0.598967135,0.112839848,-0.225242779,0.0148535725,0.520960271
-0.390410781,-1.9054724,0.770027339,-0.0161394831,0.0384649709,0.780562103,0.623684883,-0.161331385,-0.204675719,-0.138784379,0.357582837,0.0993689001,0.00279988674,-0.387728304,-0.0310484618,0.0375563428,0.426689863,-0.108116001,-0.00958719663,-0.461608112,0.0156588815,0.0693030581,-0.0230266582,0.267032325,0.0833843797,0.579442382,0.109576657,-0.221047476,0.015395958,0.520587265
-0.391556799,-1.88184655,0.768597364,-0.0198802706,0.0418248475,0.766342998,0.640760422,-0.121276014,-0.195089936,-0.139633775,0.329461902,0.0905106887,0.00297069782,-0.499355286,-0.0269349031,0.0431325063,0.398774832,-0.104979515,-0.00805673469,-0.432509154,0.0146974828,0.0702495575,-0.0638687164,0.278594643,0.0837456807,0.56079787,0.110952199,-0.216492087,0.0159124453,0.523085296
-0.390911579,-1.85437167,0.767075717,-0.02230745,0.0428071059,0.752927482,0.656330824,-0.0708680451,-0.18185699,-0.138887942,0.305066675,0.0796067193,0.00321513182,-0.582499027,-0.00320452778,0.042916771,0.358364135,-0.0917996913,-0.00673216442,-0.400391608,0.0146482671,0.0676167309,-0.0944929421,0.287387818,0.0830823705,0.545177102,0.12027096,-0.214160591,0.0140821002,0.527324259
-0.390857339,-1.82548046,0.762790918,-0.0242423173,0.0429781377,0.740290046,0.67047435,-0.0163948815,-0.171465635,-0.134729177,0.280118436,0.0669225305,0.00343438331,-0.642056763,0.0291223582,0.0393486433,0.311730564,-0.0742704421,-0.00574756647,-0.363055438,0.0145471804,0.0648407713,-0.119573087,0.29107511,0.0806947425,0.531855404,0.137520596,-0.210309148,0.0119769555,0.534827471
-0.389995009,-1.79396605,0.755554736,-0.0250581093,0.0423330516,0.727827251,0.683993816,0.0451466888,-0.163994819,-0.127980962,0.256159335,0.0537108481,0.00356654846,-0.677505314,0.0632637218,0.0339061208,0.271011055,-0.0550186671,-0.00515489001,-0.322606146,0.0144061195,0.0638709739,-0.136038363,0.289730817,0.0763291791,0.521871626,0.159283444,-0.206301585,0.00936788227,0.5440889
-0.390553921,-1.76117706,0.747973025,-0.0245675668,0.0403921567,0.716137588,0.696356177,0.110505097,-0.158953115,-0.118796289,0.233577549,0.039645955,0.00368948234,-0.689587057,0.101173453,0.0271445792,0.249049231,-0.0345780887,-0.00486771902,-0.28566131,0.0145120826,0.0625976697,-0.141878843,0.283693403,0.0710272416,0.518061519,0.179531485,-0.204635113,0.00485774036,0.554790497
-0.389101535,-1.72625637,0.738486886,-0.0235501733,0.0377067812,0.705388367,0.707425594,0.177582264,-0.154508412,-0.108819798,0.213185579,0.026767021,0.00364152947,-0.681667626,0.140684679,0.0212233476,0.254083931,-0.0111867804,-0.00480057718,-0.250113338,0.0148139289,0.0639121011,-0.136028036,0.277343363,0.0664718151,0.51950407,0.199714482,-0.203025892,-0.00048043218,0.566496134
-0.387913853,-1.68946886,0.72816056,-0.0217685867,0.0347233079,0.694859982,0.717976451,0.243439287,-0.153291225,-0.0975139365,0.195900142,0.0172888543,0.00338531472,-0.67074734,0.176884264,0.0177399907,0.27745831,0.0124594336,-0.00486355787,-0.216568917,0.0161398482,0.0651014,-0.118073128,0.267633557,0.0610569119,0.527005732,0.218702659,-0.201760814,-0.00618507573,0.578043938
-0.387660116,-1.65073371,0.7188676,-0.0192438103,0.0319796093,0.68411988,0.728413999,0.30156514,-0.158140764,-0.0847417563,0.184585258,0.0131950984,0.00287472387,-0.653660476,0.204058394,0.0193382166,0.316891134,0.0345377959,-0.00495564006,-0.179433972,0.017180983,0.0641971156,-0.0876120627,0.255169272,0.0552124307,0.540058494,0.235756725,-0.201634541,-0.0129238963,0.588884234
-0.387774587,-1.6103543,0.712355435,-0.0155222872,0.0287101809,0.672605276,0.739281476,0.347111911,-0.166063786,-0.072553657,0.187148258,0.0168192647,0.00214189012,-0.625512242,0.224019453,0.0252116621,0.368505687,0.0534179285,-0.00499713467,-0.137750313,0.0185275525,0.0634241551,-0.0452998877,0.241292551,0.04957949,0.558415413,0.248343363,-0.201818168,-0.0206670221,0.597554684
-0.387183011,-1.56976318,0.712107182,-0.0115876151,0.0250992943,0.659838676,0.75089854,0.37308839,-0.173093215,-0.0628791898,0.207332551,0.0262304954,0.00134918874,-0.589509785,0.242419586,0.0339168124,0.421196401,0.0672563687,-0.00501678884,-0.0897472948,0.0208949838,0.0633320808,0.00707526878,0.226800993,0.0434314236,0.57940948,0.254132241,-0.20433484,-0.0280119795,0.601981282
-0.38726759,-1.53124487,0.719927847,-0.00909212697,0.0234598015,0.645533681,0.763317168,0.369771808,-0.179923877,-0.0555917732,0.246628091,0.036649406,0.00077762868,-0.549977541,0.253594816,0.0465078577,0.46693778,0.0763261914,-0.00495216949,-0.0286124274,0.0227632504,0.064050734,0.0604428574,0.212580115,0.0375842154,0.599977374,0.252521545,-0.205418721,-0.0337361693,0.602740347
-0.387281746,-1.4950856,0.73081398,-0.00778869679,0.0230411254,0.630231798,0.776026011,0.334499925,-0.183872119,-0.0502090342,0.304122537,0.0443497933,0.000901274383,-0.505399108,0.25978902,0.0608496815,0.499173582,0.0821338817,-0.00480884453,0.0438054502,0.0243306793,0.065244846,0.111295477,0.202634752,0.0341713093,0.619813681,0.243150234,-0.207457185,-0.0383416899,0.600225806
-0.388175547,-1.46177351,0.739301264,-0.00768562919,0.0241594687,0.616204023,0.787178397,0.270598739,-0.181238964,-0.0442812108,0.371309489,0.0406319238,0.00232681236,-0.462396085,0.260498375,0.0772063583,0.516859055,0.085342072,-0.00461548055,0.12011613,0.0249401852,0.0615496188,0.157497987,0.194931805,0.0317783467,0.636508226,0.22570987,-0.211140469,-0.0411436819,0.593577862
-0.389666289,-1.43064451,0.74687022,-0.00900062546,0.0269076172,0.606548131,0.794540286,0.179281205,-0.165246516,-0.0382949673,0.435143441,0.0236199889,0.00486051757,-0.420875162,0.254051864,0.0949590281,0.5216043,0.0866126865,-0.00440062489,0.194715977,0.0257118493,0.058345817,0.19497107,0.190298483,0.0304907523,0.649746776,0.203629225,-0.216612473,-0.0435634293,0.584894538
-0.391331822,-1.40107036,0.754071355,-0.0109069636,0.0301260315,0.602576971,0.797417283,0.0685757101,-0.131814063,-0.0350862071,0.492058069,-0.00245444127,0.00835378375,-0.376300991,0.239841059,0.113223426,0.514408529,0.0862491503,-0.00419390621,0.25911504,0.0270497967,0.0555435903,0.22504048,0.188105345,0.0300334077,0.660266399,0.177514374,-0.227356777,-0.0473006219,0.574570417
-0.391963899,-1.37380826,0.759933949,-0.0146101732,0.0336259939,0.605361283,0.795106053,-0.0611581989,-0.0817977339,-0.0373771749,0.538562953,-0.0336118974,0.0119473729,-0.333293229,0.227376625,0.128106415,0.493852079,0.0842551216,-0.00399166718,0.306579471,0.0280576628,0.0532190204,0.247763768,0.188412115,0.0301030111,0.666791558,0.146303862,-0.241494536,-0.0520760752,0.562383771
-0.393436372,-1.34716296,0.764363527,-0.020041259,0.0374184847,0.614377856,0.787869453,-0.202448338,-0.031534899,-0.0414714627,0.570223927,-0.0616524406,0.0139124859,-0.290993571,0.214102402,0.141377807,0.46623677,0.080874145,-0.0038571055,0.333221108,0.0302158277,0.0524337254,0.265762568,0.190665588,0.0308774579,0.671004891,0.112394862,-0.259104759,-0.057200592,0.549779177
-0.394419611,-1.32137692,0.767222524,-0.0257791765,0.0420068353,0.6268695,0.77756381,-0.349496633,0.0102263251,-0.0470179245,0.579797745,-0.0818748027,0.0140229985,-0.250505686,0.202277675,0.151983842,0.4344396,0.0758578926,-0.0037765163,0.339253902,0.0326534621,0.0522084087,0.278537929,0.192485213,0.0311763156,0.672819197,0.0738064051,-0.277273566,-0.0620801523,0.53464514
-0.395854324,-1.29464626,0.767835736,-0.0308207646,0.0466397591,0.640241563,0.766136765,-0.486309111,0.029805094,-0.0501056723,0.56113863,-0.0874306634,0.0124093629,-0.208757341,0.191411942,0.160193518,0.402278394,0.069416903,-0.00373157859,0.332647085,0.0350596942,0.0525965355,0.29295668,0.19292666,0.0314486772,0.675194383,0.0336974636,-0.295360953,-0.0668577552,0.518947363
-0.397511989,-1.26621675,0.767488122,-0.0348439366,0.0506240986,0.652426362,0.755356193,-0.60017693,0.0325184017,-0.0519435182,0.517342031,-0.0777095333,0.0104374727,-0.163877249,0.180965066,0.165609166,0.372280091,0.0605875105,-0.00374200451,0.320413888,0.0364537314,0.0533432029,0.309371889,0.192816928,0.0314374454,0.677691817,-0.00498698,-0.313346118,-0.0707607567,0.503400087
-0.399044961,-1.23481572,0.76496768,-0.0370876305,0.0527838916,0.663110793,0.745736241,-0.683502734,0.0242022332,-0.0523401015,0.454686195,-0.0559288561,0.0086907465,-0.10774079,0.173226491,0.167428374,0.345058769,0.0494530946,-0.00372575223,0.305843323,0.0366316177,0.0535276979,0.326485544,0.190384552,0.0308166444,0.681060135,-0.0383171514,-0.327912688,-0.0723401532,0.489451736
-0.400534362,-1.20030105,0.759247303,-0.0371228158,0.0529183112,0.673451424,0.736399829,-0.7361058,0.00847353321,-0.0504306927,0.385828137,-0.0302780159,0.00740807317,-0.0407838039,0.167179748,0.166462094,0.318877757,0.0362806693,-0.003693501,0.289990842,0.037041761,0.0517036282,0.345618397,0.185966536,0.0300249327,0.686377764,-0.0634785444,-0.336684078,-0.0709846765,0.478331417
-0.402773112,-1.16468942,0.751497388,-0.0366604216,0.0523903184,0.683806181,0.72685653,-0.763186872,-0.0112061864,-0.0450378619,0.326485872,-0.00639133854,0.00655966252,0.0290768277,0.163875341,0.163044542,0.292928457,0.0215155818,-0.00357814948,0.268806487,0.0367850922,0.0524590537,0.363655031,0.179439276,0.0291164517,0.692103446,-0.0828804076,-0.342708647,-0.0679046288,0.469016135
-0.405284911,-1.12692499,0.742313385,-0.0340408348,0.0511793606,0.693713963,0.717622995,-0.761800051,-0.0381407179,-0.0353759453,0.290907234,0.01606947,0.00622830587,0.101683527,0.157836705,0.158668116,0.269755453,0.00658983411,-0.00350744626,0.245432988,0.0345832817,0.0513889976,0.378971696,0.171679884,0.0284699984,0.696914852,-0.0912282169,-0.343709439,-0.063290596,0.462874502
-0.407360822,-1.08734953,0.732085526,-0.0312235914,0.0477720276,0.703048348,0.708848417,-0.734259605,-0.0635063276,-0.0265760273,0.285674393,0.0387767889,0.00627767574,0.17639485,0.156392753,0.151637957,0.247702599,-0.00604536245,-0.0032745658,0.215274796,0.0342588983,0.0490678549,0.393200427,0.164557829,0.0286428146,0.701500356,-0.0907644853,-0.337363988,-0.0566522405,0.459739149
-0.410320759,-1.04602277,0.722834349,-0.0270000696,0.0435328335,0.712009668,0.700298667,-0.708908141,-0.0890242308,-0.0192207824,0.294105858,0.0609196201,0.00630171364,0.247610062,0.152725458,0.145056039,0.230252743,-0.0139425565,-0.00290213106,0.181477189,0.0347121172,0.0471319444,0.404811502,0.158571973,0.0295614414,0.705253839,-0.0792168677,-0.327435911,-0.05018856,0.459809095
-0.413768649,-1.00239718,0.71519649,-0.0206069406,0.038829416,0.720959723,0.691581309,-0.673914671,-0.114868872,-0.0138653042,0.319271088,0.0815524012,0.00629197108,0.310533494,0.148991883,0.139187366,0.222829491,-0.0152628394,-0.00234073284,0.141554162,0.0346800573,0.0443139002,0.412053555,0.153697923,0.0312404614,0.707088113,-0.0539114699,-0.31224075,-0.0411494337,0.463160574
-0.417154431,-0.958801091,0.711243987,-0.0141459499,0.0344204828,0.730926991,0.681440294,-0.632492244,-0.140851572,-0.0105270967,0.355142027,0.0972706974,0.00631290022,0.355229259,0.147399008,0.134354889,0.231689274,-0.0097941542,-0.00173936796,0.0905393213,0.0339767523,0.0425743163,0.41333279,0.150374666,0.0331267677,0.706902564,-0.0222072583,-0.297198594,-0.0322658345,0.467965782
-0.42010504,-0.917852581,0.711517096,-0.00868099276,0.0323018208,0.742294788,0.669238091,-0.591859519,-0.163844511,-0.00967696402,0.394207478,0.106742069,0.0062224362,0.371502459,0.148559824,0.130858287,0.261626512,-0.000612992386,-0.00127030164,0.0258292761,0.0316459723,0.0446670838,0.403066993,0.147787377,0.0352315307,0.703931212,0.0104684625,-0.281947494,-0.0215157308,0.473355263
-0.421333283,-0.879431367,0.719846964,-0.00455533946,0.0303010643,0.755237103,0.654735088,-0.546560466,-0.181663245,-0.0124158673,0.426367223,0.111990549,0.00610661134,0.358447999,0.156127766,0.126209036,0.311389297,0.00971467793,-0.00114438345,-0.0486949012,0.0293202437,0.0476283282,0.379649937,0.150203139,0.038477242,0.6979146,0.0396353118,-0.266281903,-0.0105850119,0.479971588
-0.421604365,-0.843288004,0.729898751,-0.00160424516,0.0282199029,0.767500341,0.640425086,-0.497423857,-0.194573984,-0.0183644146,0.447629422,0.114099309,0.00596998166,0.314489245,0.166814715,0.120375358,0.376000851,0.0150791211,-0.00166500127,-0.125416756,0.0286953542,0.0497364998,0.341892391,0.157896027,0.0435198806,0.688600242,0.0716637671,-0.255130798,-0.00256452407,0.488280535
-0.420020938,-0.809466183,0.73851943,-3.39380058e-05,0.0264484659,0.776934445,0.629025698,-0.447087467,-0.196237206,-0.0286465082,0.458032608,0.114090607,0.00580472033,0.240269825,0.175241485,0.11390803,0.442772955,0.00714939553,-0.00307318545,-0.207733274,0.0273689348,0.0516904183,0.298130453,0.169696972,0.0500247255,0.677474141,0.0982710272,-0.245137468,0.00415121671,0.496285647
-0.418298811,-0.777166247,0.746706963,0.000422789075,0.0252615828,0.782321274,0.622362554,-0.39530918,-0.189904034,-0.041551657,0.458073795,0.112436503,0.00560129387,0.143143505,0.17685695,0.108574726,0.505119443,-0.0112477671,-0.00492356857,-0.281319916,0.0277668126,0.0519434586,0.248091057,0.185076192,0.0582870953,0.665617168,0.121698596,-0.238055065,0.00757175824,0.505272388
-0.41607672,-0.747103095,0.754107475,-0.0001124146,0.0251971111,0.782031238,0.622729659,-0.34526211,-0.177901179,-0.0554247536,0.44858405,0.109427758,0.00537366467,0.025671998,0.160977349,0.106710389,0.557246685,-0.0365158059,-0.00771460356,-0.340028495,0.0276941042,0.0530638322,0.194403499,0.205793768,0.0689018592,0.652308285,0.14233242,-0.231945395,0.00978804007,0.514065087
-0.414931744,-0.71991086,0.759139001,-0.00125629827,0.0283074435,0.776256919,0.629779518,-0.30039376,-0.169487998,-0.0661964342,0.429034412,0.105277523,0.00515659479,-0.107366458,0.127433226,0.110667601,0.59814626,-0.0647846684,-0.0104210349,-0.380848467,0.0272276103,0.051469475,0.137744591,0.230392903,0.0810578018,0.636744618,0.158383876,-0.230495811,0.00897058193,0.521333158
-0.413106233,-0.692655563,0.763643742,-0.00314653828,0.0319242217,0.766144335,0.641867459,-0.253614217,-0.158463955,-0.0766975358,0.405022979,0.100324519,0.00496804155,-0.242596403,0.0947006419,0.115233205,0.620708168,-0.0867386088,-0.0117110154,-0.397091329,0.0260650609,0.051536534,0.0810271353,0.259174675,0.0946845636,0.619314194,0.174343407,-0.231743798,0.00610067928,0.528662741
-0.410991728,-0.666185558,0.766364753,-0.00554593792,0.0366704576,0.753608525,0.656276405,-0.207084835,-0.149501204,-0.0843767449,0.375484735,0.0940378159,0.00483072549,-0.374695837,0.0691665635,0.119762592,0.618494332,-0.099127993,-0.0113854967,-0.394296646,0.0246889237,0.0514065474,0.023843294,0.287891537,0.106834427,0.59812659,0.189536586,-0.234782726,0.00220500911,0.535001397
-0.408112437,-0.639088392,0.76741147,-0.0082680732,0.0403588638,0.740699172,0.670572519,-0.158581018,-0.140392721,-0.0896497518,0.344386458,0.0862328336,0.00474402076,-0.490781486,0.0576681048,0.122519165,0.590512335,-0.0986782312,-0.0100635188,-0.377358884,0.0234408695,0.05116079,-0.0324691236,0.315340579,0.116727836,0.574051738,0.206960201,-0.237859368,-0.00219407072,0.542015374
-0.405024052,-0.611263573,0.766650796,-0.0113048712,0.0436667241,0.727636099,0.6844787,-0.108374998,-0.13259396,-0.0919481218,0.312459558,0.0766534284,0.0046947184,-0.585785329,0.0605884902,0.12242838,0.538597286,-0.0856280103,-0.00834875461,-0.354062647,0.0227954667,0.0494587459,-0.0850876421,0.338950485,0.123564906,0.548891008,0.22617574,-0.240870044,-0.00756382663,0.549196184
-0.401349753,-0.581537545,0.763895333,-0.0120034041,0.0462333858,0.714835942,0.697658956,-0.0496881343,-0.127762705,-0.0904138684,0.28162545,0.0654083863,0.00466758246,-0.655442655,0.0674601197,0.122000903,0.473812044,-0.0662509501,-0.00689585228,-0.328484118,0.0224897061,0.0484354347,-0.129954457,0.356502175,0.127275214,0.525527537,0.247133076,-0.242312387,-0.0116503928,0.556382537
-0.396823198,-0.548995256,0.759211004,-0.0116218803,0.0460662134,0.702175736,0.710416794,0.0175591316,-0.120140716,-0.0875034481,0.253088444,0.0530093499,0.00467937952,-0.697777629,0.0817446262,0.117385246,0.406713635,-0.0448837765,-0.00583095197,-0.299852133,0.0218914971,0.0462085158,-0.165475234,0.368501693,0.128780708,0.505862236,0.272110045,-0.242313489,-0.0156872924,0.564047098
-0.391580075,-0.515671551,0.752182066,-0.0105379121,0.0457722843,0.689242005,0.723007202,0.0875988677,-0.116723925,-0.081056647,0.224766627,0.0399306566,0.00459422031,-0.720356882,0.0998759046,0.108962931,0.347744882,-0.0249287356,-0.00517286826,-0.270988643,0.0214795899,0.0469422303,-0.189624041,0.373681426,0.128155798,0.490320295,0.294676185,-0.241372675,-0.0193473846,0.57079947
-0.386289328,-0.481244177,0.743401885,-0.00944433082,0.0451524295,0.676659346,0.734849811,0.157331809,-0.115730643,-0.0719803423,0.197545588,0.0270595178,0.0044257245,-0.722312272,0.122314811,0.0978103578,0.307736605,-0.00583560299,-0.00489737745,-0.240862355,0.0203247927,0.0466256142,-0.203137413,0.371222943,0.125453308,0.480111927,0.313274384,-0.239481211,-0.022720078,0.576608658
-0.379661202,-0.445095927,0.734144568,-0.00723465485,0.0433099195,0.664414644,0.746073127,0.227123141,-0.115199581,-0.0616199225,0.175052807,0.0162847918,0.00410802243,-0.700277746,0.148731872,0.0861281157,0.296025276,0.0150903678,-0.0048173843,-0.212185934,0.0202877745,0.0479072444,-0.202767625,0.360368609,0.120196432,0.476823658,0.328075707,-0.235607713,-0.0256245714,0.581218362
-0.371360183,-0.407089174,0.72468394,-0.00354776927,0.0401502214,0.652221978,0.756955683,0.293982595,-0.11414282,-0.0511224121,0.160010055,0.0104890233,0.0035937794,-0.671201169,0.173365414,0.0765328631,0.300381094,0.0376899615,-0.00471521216,-0.183222309,0.019839067,0.0507889763,-0.185825169,0.342743844,0.113166645,0.482630044,0.340601265,-0.229684085,-0.0273988619,0.585022688
-0.362022668,-0.367427111,0.717002928,0.00111373723,0.0360405855,0.639478564,0.767962873,0.351653427,-0.114647396,-0.0412132144,0.15688163,0.0114386678,0.0028713115,-0.633261979,0.196337,0.0692837089,0.316836834,0.0597860143,-0.00462942058,-0.151467696,0.0193977412,0.0512349941,-0.151960045,0.318955302,0.103866369,0.497785807,0.347261727,-0.223322541,-0.0294961557,0.586463392
-0.352156788,-0.327256233,0.713265836,0.00613877829,0.0315101407,0.625106394,0.779879093,0.392524362,-0.113976814,-0.0338702984,0.170489877,0.0189773645,0.00204279623,-0.589995563,0.217796832,0.0647101253,0.344936639,0.0794544965,-0.00455565052,-0.114264555,0.0203610435,0.053128086,-0.104790628,0.292889237,0.0932807103,0.519491255,0.347952068,-0.217949599,-0.0312209781,0.585301936
-0.342359334,-0.288405359,0.708029091,0.0113234082,0.0289014392,0.607769728,0.793506503,0.411162943,-0.11695385,-0.0284609906,0.202824727,0.0296746623,0.00139837025,-0.551194906,0.236926302,0.0635966584,0.379280537,0.0934915021,-0.00451938622,-0.0704622343,0.0213897079,0.0563351326,-0.0488901883,0.265980154,0.0821511894,0.545531929,0.339281946,-0.213715777,-0.0330114141,0.579384148
-0.331849992,-0.252028167,0.711281657,0.0150533384,0.0270468947,0.586712062,0.809203804,0.401747316,-0.117570639,-0.0257771611,0.252947062,0.038654808,0.00130989798,-0.511090755,0.255623013,0.0647005513,0.416429996,0.102256961,-0.00446797302,-0.0172341503,0.0215426181,0.0606601499,0.0114857452,0.243002519,0.0727428049,0.573625624,0.318957984,-0.211186469,-0.0342073888,0.569577575
-0.320831686,-0.219261482,0.71940428,0.0167331398,0.026460994,0.56278497,0.826010227,0.361439526,-0.112172313,-0.0251862071,0.318304032,0.0408812724,0.00234904978,-0.470478952,0.275489986,0.0669915974,0.4458462,0.106937364,-0.00440230407,0.0429169759,0.0206103195,0.0609108433,0.0725206584,0.222381428,0.0647980794,0.60205406,0.286577106,-0.213025555,-0.0355467275,0.556740999
-0.311193675,-0.189252734,0.724999845,0.0182600413,0.0270623248,0.539212108,0.841536999,0.29265061,-0.0994953737,-0.0232351664,0.387236208,0.0275577363,0.00511314487,-0.430230677,0.288015783,0.0738978162,0.466762513,0.109289728,-0.00428197579,0.105198354,0.0195720624,0.0584182218,0.133216187,0.206942573,0.0594620481,0.629053593,0.246858746,-0.217808977,-0.0374542177,0.54112494
-0.300444245,-0.161475003,0.730459452,0.0185844619,0.0278219152,0.518706858,0.85429728,0.203297183,-0.0707792714,-0.023968637,0.456408322,0.00350757595,0.00878420845,-0.386490643,0.296114922,0.0833287537,0.478016168,0.109986298,-0.00411840621,0.164517537,0.0189796276,0.053929437,0.190943778,0.197820053,0.0567453764,0.65207237,0.206816316,-0.226250008,-0.0409059338,0.523961067
-0.288998574,-0.136229038,0.735008061,0.0172630288,0.0292037614,0.502077162,0.86415714,0.0927435681,-0.0242533274,-0.0304591153,0.520512581,-0.0271343645,0.0130693773,-0.343284458,0.299061388,0.0945961475,0.477909356,0.109767862,-0.00387914502,0.213510767,0.0187966302,0.0496884808,0.244719699,0.190386459,0.0541412421,0.670691729,0.166300908,-0.238589659,-0.0450367443,0.50580734
-0.276995569,-0.113892771,0.738407731,0.0137437005,0.0319274031,0.489901781,0.871084332,-0.0412506275,0.0325605646,-0.0448237695,0.575603783,-0.0594617389,0.0167450458,-0.303452492,0.302971333,0.105496868,0.465115786,0.108350895,-0.00364518585,0.246366799,0.0201465786,0.0441207327,0.295116544,0.188005567,0.0528779551,0.684096456,0.123288445,-0.253402352,-0.0498513654,0.4848786
-0.2660276,-0.0946536064,0.740724564,0.00883101393,0.0371247083,0.482351989,0.875145912,-0.198649347,0.0832106993,-0.0658840388,0.613101304,-0.0889329463,0.0186726823,-0.27099511,0.305149674,0.11673028,0.441968501,0.106317826,-0.00341822882,0.262622893,0.0220437553,0.0410053059,0.339207292,0.185951978,0.0516006537,0.692550838,0.0793477222,-0.270921618,-0.0536984056,0.461431444
-0.25469017,-0.0759177431,0.741866291,0.00454405462,0.0435155518,0.479028463,0.876708329,-0.358492434,0.107673258,-0.0880740881,0.625475645,-0.107025661,0.0177235883,-0.239961311,0.303397477,0.128897846,0.415185422,0.10453181,-0.00322945905,0.2648938,0.024770299,0.0396660715,0.378562421,0.184073254,0.0500291623,0.69708693,0.0375465266,-0.289969057,-0.0571647994,0.437063366
-0.242292762,-0.0564417616,0.74469161,0.0018857856,0.049378138,0.477335632,0.877330542,-0.500759304,0.0978837609,-0.104589716,0.606220484,-0.108967669,0.014934483,-0.205143899,0.299691886,0.140452877,0.387453437,0.101141594,-0.00311854319,0.257527888,0.0273242481,0.0392190851,0.413717121,0.179069787,0.0473346002,0.699717581,0.00124619913,-0.308548033,-0.0589764789,0.413346291
-0.22910215,-0.0361538306,0.745571673,0.000327716611,0.054128252,0.47483027,0.878411174,-0.608981967,0.0608193241,-0.113820121,0.559158087,-0.0919584408,0.0124937193,-0.166552976,0.295041591,0.150842682,0.360598773,0.0965732783,-0.00305308169,0.245129764,0.0298778843,0.0370964222,0.44730866,0.172497854,0.0444273986,0.702162981,-0.0287026111,-0.325207412,-0.0577271543,0.392470002
-0.214106843,-0.0152019793,0.7452268,0.000898557075,0.0576753616,0.470811605,0.880346,-0.685801268,0.00946829841,-0.115572035,0.494308501,-0.0640303567,0.0114769842,-0.119571306,0.28865689,0.159552336,0.334877849,0.0906491876,-0.00304407999,0.231951371,0.0310335364,0.0367011614,0.476617008,0.164611891,0.0415840559,0.705314457,-0.0527447984,-0.335722178,-0.0520201065,0.376090854
-0.197996035,0.00782879535,0.742370248,0.00308416039,0.0586912483,0.46613422,0.88275969,-0.729947984,-0.0465470701,-0.1099713,0.427031219,-0.0316056497,0.0118002985,-0.0609040707,0.282115579,0.166049093,0.309485316,0.0833510756,-0.00309740705,0.216430873,0.0321710221,0.0362542383,0.503265083,0.156923398,0.0388871655,0.70918709,-0.0688762069,-0.341665477,-0.0428206325,0.364061564
-0.18066591,0.0319924466,0.73785764,0.00618705852,0.0581430271,0.461489797,0.885216534,-0.753414869,-0.0992862135,-0.10174334,0.368561506,0.000179241921,0.0125612188,0.00630614394,0.273798287,0.170718879,0.282569945,0.0743409768,-0.00317684282,0.198578447,0.0324115045,0.03496629,0.524549425,0.147533163,0.0361621156,0.713234067,-0.0741787404,-0.344674051,-0.0322617367,0.357409775
-0.162624389,0.0573140271,0.732050002,0.0110055134,0.0567680746,0.457211167,0.887476385,-0.75789988,-0.151114911,-0.0907738656,0.326062471,0.0309629552,0.0135906069,0.0784450769,0.261949599,0.174107596,0.254452229,0.0638608709,-0.00323441275,0.181068897,0.0331920199,0.0318933986,0.538876176,0.13697274,0.0332427658,0.716220498,-0.0678098351,-0.346546292,-0.0222129393,0.357013464
-0.142564848,0.0831108242,0.723566115,0.0161863733,0.0536568835,0.454549998,0.888956249,-0.744765222,-0.200099841,-0.0800442472,0.304301143,0.0589581169,0.0146176927,0.153755531,0.252989799,0.174004436,0.226794258,0.0533395819,-0.00317552499,0.163701281,0.0337023363,0.0279259272,0.545271456,0.128426448,0.0310249571,0.716662824,-0.0490500368,-0.34638828,-0.0140922954,0.36284253
-0.11960496,0.108952336,0.71429342,0.0213635638,0.049146466,0.453481376,0.889653206,-0.714882135,-0.242162228,-0.0737131089,0.304727972,0.0844930112,0.0153510915,0.228153929,0.247159287,0.171283901,0.201799229,0.0448223986,-0.00290818326,0.145151749,0.0347078033,0.0235798303,0.543295681,0.120585918,0.0300617684,0.715002716,-0.0171737988,-0.343244404,-0.00907022692,0.375177354
-0.0944304615,0.13542828,0.705672324,0.0264922976,0.0432548337,0.452728689,0.89020437,-0.68300122,-0.278303951,-0.0747922435,0.317966312,0.109276481,0.0155981714,0.297169596,0.241663739,0.168081269,0.18288742,0.0408395194,-0.00239312556,0.123640269,0.0351067446,0.019963799,0.535059988,0.113055453,0.0300548784,0.711184859,0.0262765773,-0.336688548,-0.00608392153,0.396511286
-0.0663475916,0.161314622,0.698620498,0.031467434,0.0365010649,0.45237717,0.890523612,-0.649361193,-0.302658468,-0.0818486214,0.345908821,0.130868405,0.0153697906,0.351441592,0.24173218,0.164428174,0.176670164,0.0435442142,-0.00165497034,0.0938952118,0.0341726467,0.0163498819,0.519653022,0.107295081,0.0317670666,0.706043899,0.0777219012,-0.323515505,-0.0047326074,0.424985141
-0.0346301682,0.187320024,0.694208205,0.0359670594,0.0277366564,0.45281741,0.89044565,-0.60067904,-0.311130464,-0.0944171473,0.389851421,0.147385925,0.0148282321,0.391362727,0.246447861,0.161794201,0.189461172,0.0535757504,-0.000764162687,0.0533839129,0.031192692,0.0135946786,0.50029546,0.108544298,0.0362809375,0.699206948,0.133751616,-0.304652601,-0.00407354906,0.457419306
-0.0034402397,0.210610494,0.695970416,0.0389910303,0.0194454156,0.45231536,0.890793145,-0.553797007,-0.312547654,-0.109849915,0.433091342,0.15727818,0.0141879329,0.414203554,0.252621114,0.160777897,0.218277797,0.0673584118,8.25708048e-06,-0.00610424904,0.028625967,0.0140211573,0.478096992,0.113581859,0.0422781743,0.692154527,0.185041428,-0.284503579,-0.00400177808,0.488255292
0.0257492214,0.231117547,0.708635747,0.0411035456,0.0146528045,0.451701939,0.891101122,-0.5115394,-0.310884863,-0.125815019,0.469634235,0.161069334,0.0134090325,0.41354686,0.254506409,0.160713881,0.255861819,0.0817658231,0.000537018408,-0.0785902962,0.0265861303,0.0169327073,0.449388206,0.121383965,0.0492693521,0.685850859,0.223069876,-0.271370471,-0.00682199746,0.514431894
0.054597456,0.248372301,0.718933284,0.0422675312,0.0112856282,0.449873686,0.892020047,-0.466966659,-0.304965347,-0.142603219,0.497556001,0.160595119,0.0126844691,0.38920939,0.253779709,0.159437954,0.29857862,0.0918049216,0.00054194167,-0.163262233,0.0235264413,0.0227178317,0.413848072,0.131957978,0.0571909957,0.680436492,0.248194084,-0.26345551,-0.00993410219,0.53329277
0.0832689032,0.261954159,0.727298796,0.0420542397,0.00920144748,0.446793795,0.893600643,-0.421941876,-0.290336818,-0.161764979,0.513818562,0.157784477,0.0119575253,0.338028103,0.248090759,0.155102044,0.338660598,0.0883147418,-0.000680888945,-0.250440955,0.0206952635,0.0286081322,0.372706264,0.149502009,0.0674805492,0.674347818,0.263319433,-0.259355575,-0.0117752329,0.545132637
0.110804781,0.272977382,0.736078501,0.0402969494,0.00854240358,0.439756423,0.897171915,-0.376413912,-0.268801689,-0.18175295,0.518219709,0.153243974,0.0112466225,0.262822121,0.228724018,0.149987683,0.373428732,0.0710167587,-0.00332185579,-0.337527484,0.0186849795,0.0316952839,0.330463797,0.176750585,0.0820228755,0.668222964,0.267667145,-0.26143232,-0.0146155301,0.550495982
0.13729912,0.281821698,0.743938088,0.0384469517,0.00961668231,0.427045733,0.903361082,-0.332023829,-0.243068457,-0.200576529,0.511278749,0.147476479,0.0105600934,0.168357581,0.194791853,0.144660115,0.401506037,0.0425048806,-0.00692986511,-0.416425169,0.0173005406,0.0358798727,0.289844602,0.211764872,0.0996221304,0.661464155,0.263359576,-0.263872951,-0.0158289131,0.549849153
0.16172348,0.289101541,0.755613863,0.0369606167,0.0126819052,0.407696486,0.912280977,-0.290107459,-0.219815135,-0.21558857,0.495381206,0.141067192,0.00994558726,0.0587034002,0.14477466,0.142598689,0.423877001,0.00800149608,-0.011356541,-0.480387658,0.0153263472,0.0369694978,0.250835299,0.2547414,0.120700687,0.653779447,0.251768708,-0.268595725,-0.0159878489,0.544606566
0.184237063,0.294848263,0.763169885,0.03460408,0.0185416415,0.381781369,0.923418522,-0.253450692,-0.196428671,-0.227729425,0.473197758,0.133912995,0.00940741971,-0.069390893,0.0902056843,0.143315464,0.435724467,-0.0263391733,-0.0153106833,-0.523100019,0.0155981574,0.0356641747,0.2115089,0.30621618,0.145580962,0.644687474,0.235815167,-0.272821873,-0.0155048864,0.537656009
0.206349328,0.300364733,0.759542227,0.0323553421,0.0255327411,0.349827707,0.935906947,-0.217305794,-0.17503576,-0.235691532,0.449178457,0.126121879,0.00895558391,-0.207787648,0.040102452,0.14577125,0.434889913,-0.0564822406,-0.0183682628,-0.541555107,0.0161055047,0.03751738,0.174378052,0.363522261,0.17310521,0.634314656,0.220383719,-0.275989592,-0.0150917806,0.530385315
0.22803998,0.305491239,0.756160736,0.0297751855,0.0334964171,0.312346637,0.948910475,-0.181655556,-0.154327258,-0.23963283,0.424303591,0.116565399,0.00855327118,-0.34869203,0.00404391298,0.147766471,0.420895278,-0.0772251934,-0.0199652575,-0.54320097,0.0168361813,0.0374011174,0.139211923,0.420610428,0.200126052,0.623170197,0.203897253,-0.275491297,-0.0137711661,0.52314961
0.251390547,0.310983986,0.755128443,0.0273281261,0.0406036489,0.273882419,0.960516989,-0.139303178,-0.135756105,-0.238894299,0.400620013,0.105432428,0.00821329746,-0.476044714,-0.0122859366,0.146823183,0.395833731,-0.0856573954,-0.020131655,-0.52789104,0.0176571831,0.03921552,0.105789118,0.476488441,0.226101935,0.610689521,0.193313152,-0.272174507,-0.0135482168,0.518574476
0.276679307,0.316276252,0.753311872,0.0237760115,0.0462690778,0.236755684,0.970175564,-0.0900417492,-0.116390519,-0.235003322,0.376779556,0.0919715837,0.00790469535,-0.580835283,-0.0110572195,0.142291486,0.361371398,-0.0824997127,-0.0193379465,-0.502619922,0.0182890706,0.0386343151,0.0690300614,0.52380389,0.246704549,0.596868575,0.191728219,-0.263201445,-0.0130267218,0.517872274
0.305388093,0.322361261,0.749503314,0.0203069746,0.0486867428,0.202051252,0.977953255,-0.0289431345,-0.0988681838,-0.227504119,0.353708625,0.0766965523,0.00758544262,-0.654095352,0.00143588567,0.134923682,0.323850065,-0.0713376552,-0.018045079,-0.471710265,0.0187664367,0.0383491814,0.0338415615,0.560427606,0.261875033,0.584188461,0.200248599,-0.253513247,-0.0136473244,0.523113847
0.336109906,0.328099638,0.743163228,0.0165581405,0.0496334322,0.170198172,0.984019756,0.0376584381,-0.0837372914,-0.21722433,0.330259681,0.0603530146,0.00725665176,-0.70162487,0.0226123203,0.125257328,0.288168013,-0.0578637272,-0.0168051291,-0.434938937,0.0192281753,0.0400650837,-0.00219614455,0.583501339,0.270358354,0.57140708,0.215734273,-0.242810518,-0.0146793993,0.533102214
0.36988914,0.33369875,0.735659242,0.0123816915,0.0490469597,0.142765701,0.988462925,0.107573316,-0.0710688978,-0.204785258,0.307507664,0.0441531725,0.00678897649,-0.71897316,0.0532723852,0.114044473,0.268321693,-0.0410399884,-0.015521626,-0.395164579,0.0189204253,0.0401675962,-0.0401002504,0.588837564,0.26991111,0.557121277,0.237174973,-0.233223438,-0.0170327965,0.547223747
0.405234724,0.337627113,0.727730215,0.00819998607,0.0470671766,0.117566749,0.991915107,0.176308826,-0.0593281835,-0.191312283,0.287326455,0.0301937759,0.00618387898,-0.711871088,0.0871563181,0.102953114,0.277562916,-0.0215600859,-0.0143733043,-0.352566451,0.0185778774,0.0434811376,-0.0736813471,0.577623129,0.262015432,0.543497324,0.259902805,-0.223533288,-0.0203767866,0.563304067
0.444420874,0.34073025,0.718782425,0.00413702521,0.0421243422,0.0951611176,0.994561613,0.245141074,-0.0486937687,-0.177524596,0.273396075,0.0212989263,0.00541889342,-0.691331983,0.125504285,0.0916782916,0.304800808,-0.000900986488,-0.0132976603,-0.309832335,0.0173800681,0.043932125,-0.0957623497,0.551997185,0.248194382,0.533870876,0.286439538,-0.213722154,-0.0243531913,0.580906987
0.485852063,0.342976838,0.712771714,4.20839751e-05,0.035375502,0.0731972083,0.996689916,0.307714164,-0.0428393669,-0.162820622,0.269475281,0.0180359669,0.00446117297,-0.663137436,0.1646505,0.0814661682,0.340660244,0.0190212335,-0.0123102823,-0.265705287,0.0156969968,0.0421167128,-0.0979271606,0.519090831,0.233226001,0.531164348,0.310903996,-0.206382364,-0.0306233186,0.597288966
0.528330564,0.345888019,0.707948387,-0.00330770342,0.0277917124,0.049514737,0.998381197,0.357067376,-0.0453174897,-0.146970198,0.280442119,0.0220059026,0.00351163349,-0.624512076,0.200854361,0.0740455687,0.385591537,0.0376479439,-0.0114282034,-0.222152025,0.0154486392,0.0407634005,-0.0806455687,0.479018569,0.215929091,0.533664644,0.328562528,-0.202075511,-0.0384588465,0.608891547
0.570087075,0.348334908,0.70437634,-0.00559140788,0.0210164115,0.0240539182,0.999474108,0.384395063,-0.0540429465,-0.13090311,0.310745746,0.0299581103,0.00273690117,-0.584793329,0.234309539,0.0696672425,0.430283636,0.0513552763,-0.0106985299,-0.171981543,0.0159752537,0.0398783572,-0.0488369204,0.435042083,0.196341485,0.540343523,0.336071104,-0.19983995,-0.0464235134,0.614235044
0.609486818,0.351685226,0.707917809,-0.00642905058,0.0165870804,-0.00344362133,0.999835789,0.376981258,-0.0686508641,-0.114593491,0.359337032,0.03635424,0.00245421915,-0.541072011,0.262670845,0.0696984157,0.473245889,0.0609633327,-0.0100182733,-0.11215277,0.0163229611,0.0420024097,-0.00993517134,0.390272588,0.176837906,0.551961303,0.33128953,-0.201222807,-0.0551576801,0.613642454
0.645507932,0.355571359,0.716940522,-0.00545636658,0.0154283149,-0.0325370543,0.999336541,0.330061495,-0.0861380324,-0.0973605067,0.423101515,0.0373263434,0.00297984504,-0.499195576,0.280211896,0.0762190148,0.504859626,0.0671911612,-0.0094015887,-0.0430072248,0.0166512355,0.0430097207,0.0323780626,0.341993332,0.155935854,0.566676855,0.313613921,-0.200715497,-0.0594785661,0.608173013
0.678034663,0.36045751,0.724767745,-0.00431087147,0.016329499,-0.0590540543,0.998111904,0.247571856,-0.0952573419,-0.0819071531,0.491083026,0.0252001882,0.00462495675,-0.457338214,0.287624627,0.0889032036,0.523394108,0.0711973608,-0.00881946366,0.0314136632,0.0168935657,0.043496199,0.0771640912,0.296140552,0.136064604,0.584854662,0.28554365,-0.202498794,-0.0626834854,0.599476159
0.707641482,0.365642816,0.732350409,-0.00304011325,0.0194650255,-0.0789327249,0.996685266,0.132669985,-0.0888060555,-0.0701652989,0.554296434,0.000518477755,0.00727868034,-0.418218225,0.284720182,0.105902411,0.528008163,0.073688224,-0.00824760273,0.102905385,0.0163064394,0.0474570766,0.12032903,0.25495851,0.118111111,0.604370534,0.251614183,-0.207387954,-0.0659838766,0.58804208
0.735814631,0.370520115,0.739345312,-0.00186123606,0.0242670439,-0.0886197835,0.99576813,-0.00486256462,-0.0671399906,-0.0627865419,0.609314561,-0.0308234021,0.00993412361,-0.378441304,0.273984671,0.124927111,0.520876229,0.0749362335,-0.0077545438,0.163690209,0.01683392,0.0500084646,0.162413821,0.222422376,0.102847762,0.623702228,0.215510488,-0.214924693,-0.0692994222,0.576305807
0.762537837,0.374618143,0.745851219,-0.00140341942,0.0307286531,-0.0884273872,0.995607495,-0.156206101,-0.0349568427,-0.0598555282,0.649942279,-0.0612855777,0.0115835639,-0.341332197,0.260770291,0.143234998,0.503465831,0.0746414959,-0.00731328921,0.203600675,0.0191104971,0.0509341843,0.20146367,0.200013965,0.0904005468,0.64135313,0.17365998,-0.227622226,-0.0743221492,0.56165868
0.788994014,0.378304601,0.751271844,-0.00119681924,0.0378762409,-0.0801142603,0.99606508,-0.309610724,-0.00290067657,-0.0609442182,0.666836441,-0.0833949149,0.0117253503,-0.305095017,0.246157601,0.159481242,0.480511844,0.0725606456,-0.00696239201,0.223237395,0.0222982354,0.0512142777,0.241861358,0.187639743,0.0811704695,0.656734586,0.130740359,-0.241883472,-0.0777991861,0.546238303
0.816176236,0.382192194,0.755016565,-0.000984147773,0.0445524529,-0.0672256798,0.99674207,-0.44912976,0.0163282845,-0.0632405058,0.651326478,-0.0898026079,0.010255401,-0.266342938,0.232425675,0.173180223,0.455920815,0.0685625449,-0.00669649942,0.227012694,0.0258860979,0.0494061895,0.283782303,0.182570815,0.0746380165,0.669953525,0.0859660655,-0.257600904,-0.0799346715,0.529097795
0.845572829,0.386310041,0.756624341,-4.07476073e-05,0.0490433238,-0.0529758483,0.997390747,-0.559880018,0.0197709035,-0.0648525134,0.604071379,-0.0794724971,0.00825057458,-0.219653428,0.218417123,0.184284419,0.432008803,0.0626338646,-0.00651062001,0.225359276,0.0296899583,0.0446784496,0.329070896,0.178768814,0.0691115782,0.683211505,0.0429529175,-0.275456607,-0.0819559023,0.512912929
0.876960278,0.39043504,0.756775618,0.00181084475,0.0509674028,-0.0406067334,0.997872829,-0.639372289,0.00928644463,-0.0642516911,0.529499173,-0.0577317551,0.00652818475,-0.163782239,0.203531682,0.192732662,0.409638524,0.0542791374,-0.00639605476,0.221857712,0.0329255685,0.0407344252,0.375614852,0.17815654,0.0658973753,0.695211828,0.00506118592,-0.292139888,-0.0817306414,0.498238236
0.911071062,0.394361615,0.754714012,0.00342259998,0.0508157015,-0.0283564981,0.998299539,-0.689792991,-0.0058592842,-0.0627107918,0.444703192,-0.0320108756,0.00525387097,-0.098107554,0.190591231,0.197561651,0.386859655,0.0434594117,-0.00629234174,0.217613786,0.0358257741,0.0371943489,0.420359612,0.179581895,0.0648087114,0.705976725,-0.0262521505,-0.305785865,-0.0802223608,0.485273749
0.946642637,0.398937941,0.750424206,0.00589171192,0.0486848466,-0.0169010833,0.998653829,-0.715062499,-0.0251532067,-0.0578432903,0.36724025,-0.00677082688,0.00438605668,-0.0252456907,0.175148949,0.200494885,0.363001883,0.03057044,-0.00623342767,0.208880737,0.0376641676,0.035920646,0.463008195,0.17889671,0.0636067167,0.717018545,-0.0531428047,-0.316999674,-0.0775467008,0.473562449
0.983462453,0.404161453,0.743323088,0.00826613512,0.0458062813,-0.00655200798,0.998894691,-0.719357073,-0.0521858372,-0.0488793589,0.308878899,0.0166649614,0.00410337513,0.0511300191,0.160773367,0.200775623,0.33763662,0.0165023953,-0.0061254031,0.196332425,0.0392462909,0.0352819636,0.498746485,0.177624181,0.0630097091,0.725973427,-0.0764871314,-0.323619276,-0.0729087293,0.463508457
1.02170563,0.408966243,0.734426081,0.00981660187,0.0423238054,0.00496554049,0.999043345,-0.706069648,-0.076334551,-0.0401506238,0.278733611,0.0383818932,0.00400215294,0.129241616,0.150217637,0.197488591,0.311741829,0.00230831513,-0.00593775557,0.179526001,0.0400734693,0.0337774269,0.526657999,0.177731365,0.0632890388,0.732207537,-0.0911573321,-0.325207263,-0.0671263859,0.456442595
1.06128657,0.414112777,0.724720597,0.0115031125,0.0376669616,0.0163635146,0.999090135,-0.677350938,-0.102428913,-0.032089781,0.278525859,0.0615899935,0.00403380906,0.207182154,0.140403405,0.192312151,0.286981016,-0.00946316402,-0.00556954695,0.161059558,0.0408714451,0.0336893462,0.544939756,0.175644934,0.0625318363,0.736302376,-0.0949521959,-0.322299629,-0.061453402,0.453593254
1.10274661,0.420331657,0.71555531,0.0137598095,0.0311824922,0.0283110868,0.999017894,-0.650133014,-0.133921906,-0.0238822456,0.29030326,0.0829732567,0.00409351103,0.282163233,0.130499691,0.186766952,0.266978055,-0.0163545031,-0.00498742796,0.13985537,0.0413790308,0.0325241238,0.552821338,0.171422035,0.0611585863,0.737579346,-0.0846391767,-0.315293193,-0.055484768,0.456218928
1.14611244,0.426355541,0.708866596,0.015604713,0.0235810671,0.0418328308,0.998724401,-0.610662818,-0.163487196,-0.0182450674,0.319178164,0.101492323,0.00418344,0.344550341,0.126071036,0.17968069,0.256991684,-0.0167267602,-0.004264371,0.112238489,0.0412214696,0.0307750907,0.549505174,0.166695729,0.0599920526,0.735296786,-0.0624285527,-0.301830858,-0.0476021543,0.462631732
1.18992341,0.431553513,0.702205479,0.0168654174,0.0156495795,0.0571502298,0.99810046,-0.566499889,-0.190889597,-0.0157848466,0.354899138,0.115550876,0.00430086954,0.390992552,0.127327502,0.172680393,0.262820065,-0.00858591683,-0.00356002618,0.0777571499,0.0396612361,0.0303698946,0.53167206,0.162748009,0.0589561462,0.729198337,-0.0320510566,-0.286352962,-0.0393921547,0.471338034
1.23312509,0.435535103,0.699980438,0.0170360375,0.00847731158,0.0747784004,0.997018576,-0.520287752,-0.210069641,-0.0180730615,0.394077122,0.123500124,0.00438350625,0.419345826,0.137346238,0.164742738,0.285991222,0.00352065498,-0.00306363055,0.034063451,0.0372310691,0.0308197793,0.501663983,0.160744116,0.058057677,0.71856761,0.0021473018,-0.268556476,-0.0302914605,0.481387883
1.27318358,0.438933343,0.710967541,0.0170570463,0.00366102811,0.0945810154,0.995364308,-0.47271359,-0.225659966,-0.0234749876,0.428454161,0.126530021,0.00442758389,0.419379324,0.149880916,0.157677487,0.323894233,0.0182536785,-0.00278025074,-0.0194745194,0.0350681655,0.0330046527,0.45673126,0.158067226,0.057129737,0.704397559,0.0343551449,-0.251618981,-0.0217707809,0.492116839
1.30961537,0.441180736,0.719880641,0.016162727,0.00162096857,0.115548745,0.99316901,-0.425124437,-0.23370865,-0.0330304056,0.450180143,0.126313597,0.00441098027,0.384791583,0.164139554,0.151307464,0.371263206,0.0294981133,-0.00295140548,-0.0834145844,0.0326740928,0.0364677757,0.398068666,0.155850917,0.0558472127,0.68770057,0.0621128753,-0.236432344,-0.0134033076,0.502555251
1.34446657,0.442002714,0.728301287,0.0143053411,0.000585410104,0.134532526,0.990805745,-0.375083357,-0.230986327,-0.0469741523,0.460389644,0.124226362,0.00432608975,0.320063204,0.175336957,0.145048305,0.420466155,0.0273611732,-0.00418723701,-0.155175075,0.0313257687,0.0415390134,0.333168983,0.157741278,0.0560981594,0.670782864,0.0847661942,-0.221172094,-0.00573077518,0.511055052
1.37800217,0.442101955,0.736209571,0.0120732635,0.000584067369,0.148974463,0.988767207,-0.322905391,-0.219786718,-0.063678652,0.45876646,0.120896243,0.00419636164,0.232038528,0.174898326,0.14022404,0.466936469,0.0134914331,-0.00653820019,-0.226641342,0.0299001522,0.0464384593,0.265767515,0.163482517,0.0578725226,0.654058456,0.102682889,-0.208528042,0.00106881454,0.518044829
1.40965676,0.442005754,0.743563771,0.0102197686,0.00164272112,0.156668544,0.987596989,-0.271536916,-0.204262793,-0.0810103118,0.447132587,0.116521589,0.00403712364,0.125109404,0.159232616,0.138127401,0.506948531,-0.00862120371,-0.00950534735,-0.288971126,0.0287280567,0.0532668345,0.196531296,0.176503479,0.0625896901,0.637310743,0.116160922,-0.198395088,0.00648667989,0.523224235
1.43894768,0.441587418,0.749256492,0.00832862966,0.00533089181,0.155703291,0.987754405,-0.225347638,-0.187032133,-0.0972577035,0.425855041,0.111114249,0.00390396267,-0.000925929111,0.132552356,0.139366284,0.536454022,-0.0349220671,-0.0123705873,-0.336725801,0.0281257425,0.0580913872,0.126045436,0.195152596,0.0693676844,0.618843257,0.123335861,-0.192849874,0.0107119763,0.526603639
1.46657276,0.440961629,0.753218889,0.0069072675,0.0115085989,0.146333441,0.989144266,-0.184284836,-0.171555057,-0.110771015,0.398298025,0.104655109,0.00381451705,-0.138889492,0.101146668,0.144054741,0.550487399,-0.0593705326,-0.0142770931,-0.362888455,0.0272353366,0.0623633154,0.0551210456,0.219888717,0.0770085901,0.596890092,0.12910369,-0.189077377,0.014709265,0.529310763
1.49491656,0.440836251,0.755098641,0.00581018161,0.0179434754,0.129396692,0.991413534,-0.143316269,-0.157392651,-0.120889083,0.370116144,0.09724655,0.00378612988,-0.275854647,0.0757280141,0.149308413,0.546424747,-0.075760223,-0.0146891568,-0.369398117,0.0260024164,0.0651713833,-0.0114080803,0.25071317,0.0859478638,0.573692501,0.133263439,-0.190429226,0.0155701283,0.530539751
1.52416575,0.440730989,0.755280972,0.0043432829,0.0237911064,0.108075112,0.993848562,-0.0984964222,-0.143743709,-0.127760381,0.34388876,0.0883330703,0.00384574151,-0.402316511,0.0643426031,0.152328402,0.520592988,-0.0803844184,-0.0138026355,-0.360191792,0.0244536903,0.0681142956,-0.0722902194,0.283368647,0.0937844068,0.54935503,0.142215088,-0.190766722,0.016884625,0.533025801
1.55463147,0.439740837,0.753180444,0.00237400597,0.0286518075,0.0855534971,0.995918691,-0.0510195903,-0.130685255,-0.131693944,0.319803596,0.0780031309,0.00392064545,-0.508895934,0.069092907,0.151518181,0.474779278,-0.0731386915,-0.012279301,-0.34084633,0.0229581352,0.0681918636,-0.12696515,0.31451872,0.0998773128,0.525446177,0.153298706,-0.192662925,0.0161929894,0.537167907
1.58775389,0.438810796,0.749510705,0.000116011914,0.0313778333,0.0636010319,0.997482002,0.0051043476,-0.119658008,-0.13195467,0.298703074,0.0660653934,0.00399690168,-0.589373529,0.0850202069,0.14690426,0.415548861,-0.0583544709,-0.0107171219,-0.315475732,0.0217060596,0.0683783069,-0.173835635,0.338839203,0.10240107,0.501842082,0.168115214,-0.195940465,0.0130324122,0.542700291
1.6230638,0.437604547,0.742914081,-0.00237163715,0.0325260349,0.0423795469,0.998569191,0.0688705891,-0.109937929,-0.129388556,0.278588116,0.0530220456,0.0040658568,-0.645813823,0.107425392,0.138461336,0.352473527,-0.0410930142,-0.00940229837,-0.285553783,0.020450633,0.0671785772,-0.209298342,0.356025994,0.102470703,0.481182724,0.186974913,-0.198924944,0.00852017011,0.551223576
1.66019368,0.436150581,0.734209657,-0.00452357903,0.0322277173,0.0221906789,0.999223948,0.13711676,-0.103512883,-0.12359307,0.258405209,0.0397514254,0.00402865,-0.675206482,0.136155397,0.125839666,0.300553203,-0.0231909007,-0.00845344458,-0.252567887,0.0190631207,0.0648220405,-0.231831625,0.364109486,0.100393437,0.465664744,0.20733811,-0.200262487,0.00368532934,0.561117172
1.70007432,0.434585631,0.723611653,-0.00649287971,0.0296521969,0.00355089828,0.999532878,0.210901856,-0.101133503,-0.115377486,0.240051314,0.0276054014,0.00384758599,-0.676505387,0.168954715,0.111694843,0.274562567,-0.00468698703,-0.00786848553,-0.219908506,0.0180592351,0.064203009,-0.239228949,0.364308506,0.09748362,0.458287716,0.228852406,-0.20217675,-0.00232323818,0.572452307
1.7419486,0.432870299,0.71089375,-0.0078002708,0.0258701276,-0.0137992129,0.999539614,0.283403903,-0.102209717,-0.105501287,0.225173578,0.0193385519,0.00351472734,-0.655502439,0.201688439,0.0994957983,0.279756874,0.0162897892,-0.00745878974,-0.188427716,0.0175752454,0.0627400056,-0.23096025,0.355042011,0.092756398,0.45787394,0.249256551,-0.203279614,-0.00851010066,0.583629847
1.7857579,0.430899382,0.699744403,-0.00858019944,0.0200766735,-0.0304496102,0.999297798,0.350545704,-0.106856249,-0.0949532837,0.216780558,0.0167014338,0.00298892614,-0.631473422,0.230185136,0.0906112194,0.299030304,0.0380346663,-0.00708091073,-0.156243071,0.0173616875,0.0624220334,-0.204247728,0.336818784,0.0855722502,0.465516627,0.268273264,-0.203291386,-0.0146294609,0.594126046
1.83133447,0.429639757,0.691532493,-0.00911452062,0.0137012536,-0.0462568998,0.998794019,0.402513981,-0.113469101,-0.084777087,0.220638901,0.02090187,0.00231202692,-0.592721581,0.251816809,0.0855577588,0.33456862,0.0598291084,-0.00681092776,-0.119010426,0.0171394832,0.0620817877,-0.161507115,0.313773751,0.0767637268,0.483002514,0.283215433,-0.203054398,-0.0208975282,0.60204345
1.87713408,0.428700864,0.689473212,-0.00899865665,0.00737411901,-0.0625493303,0.997974098,0.436985284,-0.121398672,-0.0761509612,0.241745993,0.0301689152,0.00163710129,-0.553397298,0.270503283,0.0838278756,0.379683584,0.0777842626,-0.00662307208,-0.0759340823,0.0175889749,0.0637155846,-0.107463926,0.288981199,0.0666738003,0.506985962,0.291828156,-0.202936947,-0.0267331172,0.605519474
1.92152607,0.427541405,0.688131392,-0.00905252434,0.00272953487,-0.0805375502,0.996706724,0.445143938,-0.128667191,-0.0692177862,0.280564219,0.0411237627,0.00119370013,-0.514241874,0.288098067,0.0850494653,0.43110016,0.0893147662,-0.00649836799,-0.0232360382,0.0192980487,0.0682996437,-0.0494587123,0.260807633,0.0523155853,0.532997012,0.291289061,-0.202113971,-0.0307885148,0.60489583
1.96188033,0.426101029,0.700223804,-0.0095825009,0.00147317164,-0.101960406,0.994741201,0.412552238,-0.131858557,-0.0640304312,0.333260566,0.0498863421,0.00126880361,-0.475025207,0.301416546,0.0897371471,0.475995719,0.0957041904,-0.00630546454,0.041917216,0.0197923817,0.0736036673,0.0096673267,0.23994872,0.0422302969,0.562378764,0.276916534,-0.19944492,-0.0327832624,0.600864112
1.99874282,0.426080912,0.709013224,-0.00939890929,0.00286859274,-0.124556102,0.992163897,0.344760597,-0.131549433,-0.0572517402,0.391659468,0.0466495268,0.00241841283,-0.435482323,0.307994843,0.098954916,0.505644619,0.0992655158,-0.00603859546,0.11118862,0.0196067486,0.075433448,0.0678166077,0.223693565,0.034849152,0.590747356,0.249186978,-0.198502839,-0.0333453231,0.593563437
2.03444934,0.426812053,0.717613637,-0.00942627806,0.00466424739,-0.141459957,0.989888132,0.251752466,-0.117792904,-0.0512059778,0.445497602,0.0294164196,0.00442065625,-0.388862848,0.305542856,0.112600103,0.521743,0.101231262,-0.0057428088,0.181590721,0.0199506003,0.0736334845,0.123554759,0.20986712,0.0291299261,0.617827535,0.218622476,-0.199069753,-0.0336336941,0.585848391
2.06662083,0.428154171,0.725538194,-0.00864994247,0.00955198053,-0.150800243,0.98848027,0.130210757,-0.0889949426,-0.0474484153,0.489860952,0.000856361061,0.00709440047,-0.347839803,0.293745577,0.129837081,0.520393431,0.10153684,-0.00542003382,0.246982694,0.0206749551,0.0697342828,0.174272582,0.200126126,0.0256740991,0.640853047,0.184269249,-0.204948202,-0.0360459797,0.575209975
2.09735513,0.429164231,0.735930443,-0.00834870432,0.0158085078,-0.151330739,0.988321483,-0.00899311714,-0.0466238558,-0.0476173833,0.523392379,-0.0321788788,0.00949361455,-0.306120634,0.278771728,0.14656058,0.506581783,0.100443684,-0.00515571004,0.296864152,0.0223687384,0.0641708449,0.220214128,0.193691581,0.0226971488,0.659842551,0.148585364,-0.215231478,-0.0393829681,0.562976062
2.12708926,0.429815561,0.741071463,-0.00832541566,0.023487851,-0.1433779,0.989354253,-0.158730879,-0.00410651835,-0.0494125709,0.542125463,-0.0616768524,0.0103190774,-0.265535444,0.263314247,0.161201656,0.483258128,0.0977230445,-0.00496595725,0.326145828,0.0253055375,0.0589261837,0.261632711,0.195587486,0.0224430468,0.67436707,0.110398576,-0.2281418,-0.0423631594,0.547936201
2.15761304,0.43085146,0.740348876,-0.00791338086,0.0310292114,-0.129397094,0.991075635,-0.307362288,0.0262385886,-0.0517275296,0.539564133,-0.0801696628,0.00961542595,-0.222427368,0.247035563,0.173811406,0.45570004,0.0930271149,-0.00488729309,0.336463958,0.0296784453,0.0559912957,0.298785955,0.201538682,0.0233726539,0.685268462,0.0685938522,-0.247178569,-0.0474635065,0.529383779
2.18921518,0.431888163,0.741067171,-0.00733495131,0.0381513052,-0.113074288,0.9928267,-0.444005162,0.0399918556,-0.0531270504,0.511622727,-0.0831058323,0.0080046067,-0.174939334,0.233089641,0.182730317,0.426628202,0.0861827508,-0.00489628967,0.332491368,0.0334930085,0.0528594963,0.334526002,0.209206745,0.0251679868,0.693911552,0.0271167848,-0.265674263,-0.0505825132,0.510139644
2.22244382,0.432743937,0.739589632,-0.00602166448,0.0431645699,-0.0969551802,0.994334042,-0.556132734,0.036515303,-0.0521490201,0.464382172,-0.0717656016,0.00635808427,-0.119868636,0.219798312,0.188166201,0.396872818,0.0767352805,-0.00495625241,0.322659969,0.0360835046,0.0518064685,0.366511196,0.21707724,0.027287893,0.700281262,-0.0136957234,-0.283217937,-0.051264938,0.490443617
2.25818849,0.433915138,0.735686183,-0.00385137112,0.0454771854,-0.0823919848,0.995554388,-0.638575017,0.0187365841,-0.0473776422,0.404284447,-0.0518816002,0.00510768965,-0.0554401241,0.203981772,0.191797182,0.368231565,0.0649932548,-0.00507090846,0.309448153,0.0391284078,0.0504165888,0.400508821,0.222777069,0.0298438054,0.707967639,-0.0495889112,-0.296681643,-0.0496473759,0.472894043
2.2957859,0.43546316,0.729679883,-0.00205848366,0.046352379,-0.0673987195,0.996646702,-0.691686511,-0.00519562978,-0.0398513786,0.344124317,-0.0298865102,0.00433383742,0.0142418221,0.191343635,0.191740647,0.341273338,0.0511432476,-0.00511480449,0.293008894,0.0400855839,0.0502645783,0.43262291,0.224703476,0.0311168637,0.715984881,-0.0783454999,-0.306301415,-0.0469554551,0.457978547
2.33477259,0.436620653,0.721411228,-0.000256434025,0.0447640829,-0.0515455715,0.997666836,-0.716538489,-0.0327207856,-0.0298409872,0.299018919,-0.00838583708,0.00399744278,0.0884091333,0.181706131,0.188235864,0.316690385,0.0360389799,-0.005083228,0.272040933,0.0410622209,0.0492707007,0.45554781,0.225056708,0.0332467183,0.722992361,-0.0981416777,-0.310500383,-0.0431332365,0.446791261
2.37619615,0.437517434,0.711358249,0.00126899942,0.0424941368,-0.0359542295,0.99844873,-0.713350534,-0.0659714565,-0.0185830221,0.279149503,0.0131115699,0.00409562746,0.162974581,0.17583409,0.182121053,0.293368906,0.0214968324,-0.00488449773,0.250530452,0.0401273891,0.0445114486,0.474829078,0.220432669,0.0349058211,0.729651511,-0.1050447,-0.309912443,-0.0386306159,0.441011339
2.41894531,0.438447475,0.701404274,0.0027542857,0.0382437557,-0.0217484646,0.999027967,-0.688533187,-0.0975895151,-0.0101197921,0.286737621,0.036690142,0.00435731374,0.23823756,0.1684407,0.174936071,0.272511244,0.0100446092,-0.0045741722,0.224994615,0.0404636823,0.0412634127,0.486409485,0.212080628,0.0355760641,0.733009815,-0.0994947627,-0.302925438,-0.0325754471,0.440005839
2.46404409,0.439915836,0.691385925,0.00363791105,0.0319519341,-0.00769947469,0.999453127,-0.660892427,-0.125886798,-0.00453367736,0.306735456,0.058486294,0.0045589935,0.3090958,0.164588496,0.166770548,0.25820446,0.00428951625,-0.00404535327,0.193695873,0.0405450761,0.0371771343,0.492540985,0.202228546,0.0353178754,0.733046591,-0.0802375749,-0.29091838,-0.0245354138,0.44383502
2.5105269,0.441535264,0.684126616,0.00533194188,0.024556715,0.00672198832,0.999661624,-0.620876253,-0.153507426,-0.00145556545,0.341203839,0.0775164068,0.00474986434,0.366095215,0.162344843,0.159271613,0.25658679,0.00588091556,-0.00333491527,0.155096218,0.0401242003,0.0325220786,0.488769621,0.192638129,0.0355350599,0.730987787,-0.0488376133,-0.276132137,-0.0160903335,0.451297194
2.55553722,0.442871749,0.677784562,0.00686031114,0.0189290177,0.0225193538,0.999543607,-0.580128014,-0.179166064,-0.000581686851,0.381080061,0.0904037654,0.00489259185,0.398229837,0.164732724,0.152310506,0.273207784,0.0137389246,-0.00266438071,0.104480177,0.0373040736,0.0309008863,0.473576188,0.179720014,0.0341122486,0.724504411,-0.0120828636,-0.260285795,-0.00658395514,0.460653931
2.59923005,0.444030732,0.686239958,0.00848894194,0.0145068355,0.0396347158,0.99907285,-0.533507705,-0.198733792,-0.00361570925,0.419957757,0.097774677,0.00497194426,0.403517097,0.168800935,0.146436572,0.309296995,0.024527913,-0.00218671677,0.0390425399,0.0344999768,0.0304499716,0.441315711,0.168222681,0.0339406654,0.712858677,0.0249914732,-0.244467065,0.00242605386,0.471790791
2.63895726,0.4433375,0.697630823,0.0088122813,0.0121723274,0.0590875372,0.998139679,-0.484796315,-0.210160315,-0.011039733,0.44860968,0.101151757,0.00498783356,0.374749124,0.179129675,0.139551878,0.360129535,0.0350278504,-0.00217546686,-0.0356688723,0.0321229994,0.0345431454,0.39912641,0.163024545,0.0355661549,0.699226677,0.0580397174,-0.230670899,0.00961891003,0.482838035
2.67655492,0.441620767,0.707087159,0.0084352456,0.0101475473,0.078449212,0.996830761,-0.431776792,-0.214668393,-0.0219219569,0.465208143,0.10193833,0.00495533925,0.315204918,0.189627871,0.13241902,0.418170869,0.0328925438,-0.00311358878,-0.116441607,0.0312119294,0.0408048816,0.346123397,0.161558375,0.0361785032,0.683324099,0.0883737653,-0.220225707,0.0152068008,0.493536353
2.7116015,0.439226627,0.715331316,0.00761174504,0.0102987094,0.0940046459,0.995489359,-0.38007015,-0.211293235,-0.036006771,0.468413621,0.100805983,0.00487123244,0.224577099,0.18939735,0.126784846,0.474347204,0.0169061217,-0.00531044789,-0.196842432,0.0306695811,0.0417774506,0.286807835,0.169273853,0.0405548438,0.667400777,0.114184439,-0.214296877,0.0179099459,0.504730046
2.74461126,0.436099052,0.723617017,0.00431865035,0.0123215774,0.103465252,0.994547367,-0.330907315,-0.196631446,-0.053580109,0.462119013,0.0982072651,0.00477001444,0.11017938,0.177407205,0.122768313,0.523667991,-0.00861987006,-0.00870632287,-0.26633966,0.0334615633,0.0464923307,0.222186327,0.185120359,0.0479556546,0.650118411,0.135064915,-0.211103514,0.0183510333,0.514802575
2.77780008,0.433885723,0.729900718,0.0057082097,0.0148588046,0.103820466,0.994468629,-0.277769536,-0.185556605,-0.0680365115,0.446056247,0.0945840329,0.00462571252,-0.0140860714,0.14505367,0.124259472,0.564334512,-0.0370248929,-0.0116476817,-0.317876965,0.0300242156,0.0445107855,0.157798618,0.207638279,0.0577360019,0.632302463,0.154287606,-0.21200636,0.0164825395,0.525011778
2.80849981,0.432034224,0.734333098,0.00645463867,0.0195694342,0.0959962532,0.995168388,-0.228693336,-0.174471378,-0.0811021551,0.421181649,0.0899899825,0.00450172182,-0.150974035,0.105907939,0.130138919,0.586901367,-0.0628120825,-0.0136961546,-0.346274614,0.0283330176,0.0438703559,0.0916399658,0.235629201,0.0688138157,0.611666918,0.170330867,-0.217384487,0.0117046358,0.53415978
2.83867002,0.430479497,0.736895323,0.00753635168,0.0255641397,0.0811468363,0.996345758,-0.18134287,-0.165969461,-0.0908762515,0.390749961,0.0841082558,0.00443107774,-0.288780868,0.0712426081,0.138420358,0.584540665,-0.0794467926,-0.0139950356,-0.352362692,0.0267850459,0.0406938307,0.0254672151,0.267889321,0.0807339028,0.588432372,0.185498193,-0.225765973,0.00520815421,0.542229295
2.86918569,0.428480744,0.737239778,0.00738439709,0.0311173145,0.0616491586,0.997585356,-0.131757423,-0.15631786,-0.0986128896,0.359824687,0.0769444257,0.00444109552,-0.417012036,0.0521068163,0.145018861,0.552784145,-0.0837363154,-0.0127801867,-0.344221711,0.0282989684,0.042712193,-0.0368904136,0.300083756,0.0907719508,0.562888443,0.200219393,-0.233170986,-0.00150480773,0.549386799
2.90139651,0.425980359,0.735430062,0.00789904967,0.0356263407,0.0402345173,0.998523712,-0.0769562945,-0.150369391,-0.102193251,0.329865545,0.0682548508,0.00447942503,-0.523983657,0.0468956567,0.149031714,0.49827531,-0.075807564,-0.0110116424,-0.326599687,0.0269075502,0.0431120768,-0.0904193074,0.335475713,0.102689184,0.540480018,0.216228664,-0.240090147,-0.00859975163,0.555834353
2.93496323,0.422710866,0.73146987,0.00746488664,0.0384017043,0.0194095075,0.999045968,-0.0180496946,-0.143537119,-0.103097603,0.301851422,0.0579753742,0.00454842485,-0.60835737,0.0570411608,0.147498056,0.42971465,-0.0614364706,-0.00941211078,-0.302389592,0.0260523744,0.0425052382,-0.13933143,0.361723274,0.109800667,0.517177105,0.235014439,-0.243815586,-0.014508212,0.563083708
2.97098947,0.419727832,0.724660695,0.00666345889,0.0398868285,-0.00125774962,0.999181151,0.0474484004,-0.139137462,-0.100443318,0.275959462,0.0464802384,0.0046165227,-0.669162333,0.0778320134,0.140413254,0.360956758,-0.0459462143,-0.00825661607,-0.274269789,0.0265843216,0.0390890241,-0.177657947,0.380785704,0.11411272,0.495739013,0.255874425,-0.24651514,-0.019974079,0.57132566
3.00828695,0.416470736,0.715474367,0.00629732339,0.0403670706,-0.0212370716,0.998939395,0.115690231,-0.138691515,-0.0944003612,0.25145635,0.0344213322,0.00460672891,-0.705267429,0.10516575,0.129646584,0.306901962,-0.029364951,-0.00748603931,-0.243108407,0.0274140723,0.0386041254,-0.205610171,0.390629351,0.115803458,0.477066338,0.275629193,-0.247654855,-0.0254623406,0.578695297
3.04775977,0.412978709,0.704928339,0.0056261979,0.0398808494,-0.0402822867,0.99837625,0.184371129,-0.140817508,-0.0860009044,0.230425641,0.0231229886,0.00447100727,-0.71442616,0.136991188,0.117780559,0.279877096,-0.0115952445,-0.00704989443,-0.212356061,0.0285279416,0.035910964,-0.218351901,0.389239877,0.114058398,0.462134302,0.295656443,-0.244996995,-0.0284797326,0.587860942
3.08900452,0.408683479,0.6929456,0.00488751475,0.0372001193,-0.0578787252,0.997618318,0.252388895,-0.142814368,-0.0767999664,0.215014279,0.0152424751,0.00417929934,-0.698379517,0.17033878,0.106863447,0.283855468,0.0101853237,-0.00679942872,-0.182644501,0.0284483954,0.0324931629,-0.213708326,0.379278153,0.111003086,0.456533045,0.311854243,-0.241358772,-0.0321241505,0.595999837
3.13297606,0.403158873,0.682199001,0.00310160569,0.0317061692,-0.0735798925,0.996780336,0.319406748,-0.144807443,-0.0677131936,0.209234223,0.0128187072,0.00364910625,-0.672855437,0.200985163,0.0984750167,0.302267611,0.0330920629,-0.00660512131,-0.150174931,0.0284713618,0.0280918814,-0.191305578,0.362029463,0.10654553,0.460718006,0.328572303,-0.235575229,-0.0355048962,0.603823006
3.17886782,0.398604453,0.673903942,0.00219497224,0.0246794745,-0.0892900005,0.995697439,0.373499095,-0.152657285,-0.0580030717,0.214138225,0.01695849,0.00294093858,-0.633835137,0.22320883,0.095145233,0.337215126,0.0557052977,-0.00642209733,-0.113566093,0.0294414926,0.0244255476,-0.152383849,0.335484743,0.0980539769,0.474133849,0.341558009,-0.229245663,-0.0388035476,0.609500825
3.22476506,0.394239157,0.670808673,0.00147812278,0.0163232312,-0.106971763,0.994126976,0.412331671,-0.162329108,-0.0497470833,0.237701654,0.0269771609,0.00219339761,-0.592363894,0.239396557,0.0956028625,0.383892894,0.0745713711,-0.00622303598,-0.0703290328,0.0301888827,0.0265736692,-0.100313798,0.303458422,0.086538054,0.494520843,0.347233057,-0.222788662,-0.0418567695,0.61194855
3.26904368,0.389868379,0.671198189,0.00214750157,0.0110238697,-0.127814233,0.991734505,0.42218551,-0.177285433,-0.0417735912,0.278462082,0.0378639661,0.00171906769,-0.555697501,0.255473971,0.0983535424,0.437413722,0.0858737901,-0.00608951878,-0.0192163065,0.0304778945,0.027924709,-0.0408228859,0.267778546,0.0706882998,0.518721282,0.34216699,-0.215934157,-0.0433763228,0.610540986
3.30831718,0.386554152,0.68203187,0.00197866606,0.00896027684,-0.152817711,0.988211811,0.388534963,-0.188092783,-0.0349102058,0.336062223,0.0451994166,0.00189815951,-0.521519721,0.272251159,0.102319576,0.48644489,0.0918761119,-0.0058769444,0.0435827598,0.030317463,0.0327371024,0.0211830996,0.239166453,0.0586332902,0.547649503,0.322086364,-0.209442288,-0.0439411104,0.605840087
3.34529138,0.383937806,0.690113962,0.000904194138,0.00821091421,-0.178091839,0.983979225,0.324184835,-0.19303003,-0.0273186117,0.403286606,0.042028524,0.00290564098,-0.481985956,0.282487184,0.110742122,0.523675919,0.0949060023,-0.00566572463,0.11156635,0.0296419151,0.0370472223,0.0832358301,0.218080714,0.050794635,0.577727795,0.2892479,-0.203908458,-0.0434070155,0.59649384
3.38070488,0.382932663,0.698455393,0.00163687684,0.00928552262,-0.19750905,0.980255723,0.23136349,-0.185533971,-0.0199262854,0.465360075,0.0249949433,0.00507622818,-0.440724313,0.282387853,0.125257358,0.548444986,0.0959182158,-0.00540732127,0.178823382,0.0286265686,0.0374914072,0.140910655,0.198283553,0.0438119806,0.606534243,0.254014939,-0.202145353,-0.0442371629,0.585216224
3.41391873,0.383318573,0.707259655,0.00244460418,0.0112895034,-0.2072611,0.978217483,0.116341345,-0.158284396,-0.0159166064,0.520230889,-0.00340723014,0.00837204326,-0.400237024,0.272833496,0.143862352,0.56143266,0.0951551199,-0.00513637438,0.242467165,0.0278523397,0.0349490941,0.192109108,0.179504722,0.0368873067,0.63231504,0.220684409,-0.206022188,-0.047136426,0.573008358
3.4452734,0.382783949,0.713836432,0.00167435803,0.0152065819,-0.207162142,0.978187025,-0.0137292445,-0.112188809,-0.0170504451,0.566982329,-0.035976436,0.0116110779,-0.358957469,0.25921914,0.162302434,0.560891032,0.0931198522,-0.00491555501,0.292586595,0.0276837312,0.0302819926,0.237780333,0.170911014,0.0331352465,0.652723789,0.188983619,-0.214215338,-0.0506913513,0.559030592
3.47485757,0.382250845,0.719711781,0.0016583344,0.0209590811,-0.197434381,0.980090618,-0.156705752,-0.0584800318,-0.0219536349,0.599874198,-0.0661274418,0.0140275871,-0.318690896,0.242596209,0.17977494,0.549047887,0.0895343199,-0.00475481944,0.325318128,0.0279337708,0.0260614604,0.275829703,0.171586722,0.0320124887,0.667956114,0.158089444,-0.229015991,-0.0565043576,0.541677713
3.50321794,0.381839842,0.723805964,0.000375889445,0.0275844075,-0.180415869,0.983203471,-0.305201501,-0.00855967216,-0.0288626794,0.611141264,-0.0877703205,0.0143748382,-0.27758491,0.229983777,0.192456946,0.528807461,0.0841454268,-0.00465106405,0.337709576,0.0289726853,0.0227994472,0.308612078,0.178822294,0.0327310115,0.678030074,0.127903104,-0.247146592,-0.0621834211,0.521027982
3.53222084,0.381433129,0.726214051,-0.000601232925,0.0345881544,-0.160570964,0.98641789,-0.444620639,0.0256261453,-0.0378942266,0.595750391,-0.095228903,0.0132821025,-0.232431784,0.216365442,0.203149006,0.503361046,0.0769859701,-0.00462658936,0.336476415,0.030396644,0.021052476,0.338362098,0.18998757,0.0342659615,0.683912098,0.0991250873,-0.267768949,-0.0668422729,0.4982813
3.56307173,0.38065815,0.725504398,-0.00121357839,0.0390743911,-0.140119821,0.989362478,-0.561202347,0.0399266742,-0.0453099757,0.556642711,-0.0875193253,0.0113837207,-0.179889545,0.206383616,0.209460109,0.476077944,0.0683523715,-0.00460667955,0.328893155,0.0316015519,0.0187877808,0.368958503,0.202710181,0.0365116596,0.687860429,0.0755863637,-0.289080113,-0.0701148286,0.475921094
3.59588552,0.380278766,0.723433197,-0.00124489807,0.0421175696,-0.121692836,0.991672993,-0.647132456,0.0414366759,-0.0519383177,0.495604694,-0.0674504563,0.00942588504,-0.121363625,0.194029599,0.213723034,0.449208051,0.057672374,-0.00467003277,0.316738397,0.0326786377,0.0146782445,0.400470346,0.214058846,0.0388098471,0.691415787,0.0575484931,-0.310714602,-0.0717658848,0.454989672
3.63027477,0.379397333,0.719463706,-0.000506856886,0.0423728488,-0.104972996,0.993571818,-0.701592743,0.0289326571,-0.0547914207,0.425895005,-0.043475803,0.00787000824,-0.0549590141,0.181994691,0.214912355,0.423760056,0.0447734781,-0.00474066427,0.302103132,0.0335463136,0.0131202815,0.431137711,0.223518282,0.0410667993,0.695805013,0.0449348912,-0.32991749,-0.0711449832,0.437081784
3.66724348,0.378486425,0.714397788,0.000827478827,0.0397638977,-0.0888917446,0.995246887,-0.72572726,0.0139049981,-0.0542248599,0.364272594,-0.0189478192,0.006649761,0.0197359044,0.167821929,0.213534072,0.402353287,0.0293904431,-0.00493403571,0.281232953,0.0341350995,0.0100921365,0.461648136,0.230816796,0.0434617363,0.701756895,0.0397621356,-0.345249385,-0.0683512986,0.424203515
3.70500469,0.377854437,0.705233932,0.00297307759,0.0358886607,-0.0733300596,0.996657312,-0.726632416,-0.00495449081,-0.0519046821,0.317547411,0.00428917538,0.00579182105,0.0976516381,0.154721811,0.210100979,0.379843056,0.0136670275,-0.00495675299,0.256097138,0.0342860296,0.00788894203,0.488895833,0.233390316,0.0450896174,0.708374858,0.0407143272,-0.35530898,-0.0637488663,0.417562932
3.74477911,0.377487153,0.693844974,0.00437550992,0.0312851556,-0.0587045252,0.997775435,-0.704796195,-0.0251747388,-0.0488318391,0.292627811,0.0257326458,0.00541706663,0.177498758,0.14634724,0.203396589,0.357111841,-0.00116128952,-0.00484404294,0.225071341,0.0348289199,0.00355383381,0.513291478,0.233442768,0.0464211367,0.715215921,0.049024798,-0.358661741,-0.0574556999,0.416574329
3.78713632,0.377575099,0.68200326,0.00649175048,0.0238627344,-0.0459944718,0.99863553,-0.657981932,-0.0476738848,-0.0447709113,0.292369395,0.0458379276,0.00540064787,0.264098346,0.136772558,0.195589304,0.3385607,-0.0141485678,-0.00467464328,0.186991572,0.0353735648,0.000792214181,0.537305057,0.230554506,0.047206033,0.722820461,0.06517151,-0.356526166,-0.0501502566,0.420449167
3.83012533,0.378294319,0.668815732,0.00791230146,0.0162741635,-0.0338002853,0.999264777,-0.618635893,-0.0645013377,-0.0421052799,0.295758903,0.0657417178,0.0052683102,0.346965492,0.130411923,0.186187461,0.317814201,-0.0236225128,-0.00433688471,0.143756673,0.036074914,0.000388681074,0.554983854,0.224671587,0.0472933389,0.727969408,0.0889278576,-0.348832071,-0.0434929132,0.428736538
3.87294888,0.379546016,0.645673633,0.010076249,0.0102571873,-0.0228249375,0.999636054,-0.592686474,-0.0829260051,-0.0382832289,0.304188609,0.0847195834,0.00504837977,0.415769726,0.123074673,0.177302212,0.301623315,-0.0279664397,-0.00390113797,0.0935221761,0.0367617942,0.00131019147,0.559771538,0.21908547,0.0475322083,0.729033828,0.117390923,-0.33688882,-0.0366746746,0.439951628
3.91481137,0.38006404,0.624721289,0.0147881368,0.00832541101,-0.0153812123,0.99973768,-0.564727426,-0.103110418,-0.0342499055,0.32937628,0.101578169,0.00507763727,0.464999348,0.124219909,0.166869536,0.296157002,-0.0265398156,-0.00337276119,0.0406399518,0.0355865769,0.00556587009,0.549946964,0.214748397,0.0481498279,0.726254821,0.150659308,-0.322270602,-0.0300046094,0.452415943
