-1.75420427,-1.65406775,0.782026827,-0.0336314589,-0.0324561894,0.92630595,0.373862028,-0.054481063,0.0933130309,0.0155571261,0.0998360366,0.0035697096,-0.000633576303,-0.0703773871,0.128012285,-0.0526988804,0.115386553,0.0843704939,-0.000267209369,-0.0116607929,0.00827260874,0.0479303412,0.202863619,0.22117278,0.0074434923,0.637344062,0.208902434,-0.212826103,0.0287134834,0.517058969
-1.7526505,-1.65414786,0.781565547,-0.0385768488,-0.0369601436,0.926929891,0.3714118,-0.0653980002,0.10690295,0.0117580444,0.0990217701,0.00428216252,-0.000746886886,-0.0914361924,0.141304418,-0.0552968532,0.123684831,0.0848038867,-0.000134873335,-0.010779093,0.00545273395,0.0504135117,0.20889172,0.227245927,0.01019972,0.638774633,0.207494408,-0.216341704,0.0268757194,0.515294254
-1.7501477,-1.65227175,0.783926427,-0.0453785174,-0.0424877666,0.926555634,0.370985508,-0.0815118626,0.129288167,0.00599262351,0.101032689,0.00418238994,-0.000803928357,-0.118569747,0.161069363,-0.0577729978,0.141132131,0.0861417055,-5.20770227e-05,-0.0143671827,0.00363246934,0.0538272634,0.21734415,0.237342045,0.0143450638,0.640140951,0.204999328,-0.216895476,0.0263923947,0.512458503
-1.74700916,-1.65137053,0.786450505,-0.0529723987,-0.0469456241,0.92584765,0.371208936,-0.102570847,0.154209822,-0.00028115281,0.106889442,0.0036602926,-0.000704730395,-0.156143934,0.17420955,-0.0566935763,0.159673691,0.0880386457,2.3023691e-05,-0.0205087494,0.00268677576,0.0593638495,0.224497899,0.247863606,0.0186788756,0.642321646,0.198816463,-0.217871994,0.0257310625,0.509051859
-1.74392378,-1.64900529,0.788158715,-0.0604193173,-0.0517980047,0.924417555,0.372986078,-0.122572504,0.181187749,-0.00789650995,0.11688628,0.00344466185,-0.000646007073,-0.19191891,0.175936088,-0.0520590991,0.177184582,0.0910615399,-5.08419726e-05,-0.0237843357,0.0020831041,0.0628006011,0.23262623,0.261710644,0.024451904,0.64455229,0.194799095,-0.216219127,0.0261803493,0.505732
-1.74075174,-1.64696097,0.789793193,-0.0675662607,-0.055486545,0.922370017,0.376283973,-0.14238584,0.205374748,-0.0148880584,0.127424553,0.00303864852,-0.000594192359,-0.226514891,0.157161593,-0.0439806469,0.18909952,0.0944804475,-0.000211003746,-0.0213131923,0.00163550826,0.0649401248,0.240170345,0.275987983,0.0299165603,0.646020412,0.191476598,-0.215219915,0.0266769379,0.502467334
-1.7380935,-1.64560568,0.790771186,-0.0739082769,-0.0575333685,0.920464218,0.379437804,-0.15942049,0.223315716,-0.0204733517,0.138102502,0.00309847924,-0.000598390587,-0.256889313,0.112410806,-0.0309037101,0.197968543,0.0981106013,-0.000498189824,-0.0103361458,0.00189597125,0.0657204762,0.244981989,0.290117711,0.0354352444,0.645695806,0.190707505,-0.216494888,0.0260515679,0.500146329
-1.73571002,-1.64267898,0.791706562,-0.0780010596,-0.0598709024,0.918593705,0.382775396,-0.172350958,0.239187896,-0.0262977425,0.151939362,0.00349127431,-0.000717196381,-0.275331348,0.0494519956,-0.0141472556,0.205651253,0.101961158,-0.00101946446,0.0101438509,0.001201401,0.0656863824,0.247647017,0.306170046,0.0411267467,0.643746614,0.195836216,-0.217860207,0.0258391146,0.500760317
-1.73364091,-1.63968182,0.79319191,-0.0806106552,-0.0614524856,0.916848838,0.386152387,-0.184850961,0.254090458,-0.0320223905,0.168354586,0.00319631211,-0.000709945336,-0.289047182,-0.0267284568,0.00617436506,0.213360563,0.103536204,-0.00236071297,0.0365322195,0.00186111499,0.061605446,0.249326631,0.323509723,0.0467662215,0.64061749,0.203364626,-0.220590115,0.025390964,0.501939952
-1.73547149,-1.63407969,0.794218183,-0.0787361562,-0.0629806072,0.915451467,0.389593065,-0.181730688,0.266984761,-0.0382579938,0.191303432,0.0027167818,-0.000466466154,-0.283057541,-0.113935024,0.029886201,0.22292845,0.102793038,-0.00462047709,0.0645559132,0.000678697135,0.051495079,0.258571684,0.343634933,0.0536599606,0.639622927,0.216318116,-0.227723241,0.0216183141,0.505478024
-1.72708738,-1.63002849,0.793795764,-0.0818419084,-0.0642065704,0.913910866,0.392360002,-0.200880036,0.284232944,-0.0460845567,0.207000509,-0.000104398401,-0.000781162118,-0.301464826,-0.191727266,0.0517014489,0.224530652,0.0986943394,-0.00806244276,0.0900848582,0.00113586721,0.0476101264,0.262467831,0.369039953,0.0609560572,0.635651708,0.224427253,-0.237524763,0.0165669788,0.505979836
-1.72189891,-1.62381756,0.793352902,-0.0824083909,-0.0656853095,0.912902415,0.394339144,-0.212624207,0.303009599,-0.0546925403,0.229500994,-0.00371979759,-0.000838778564,-0.307941258,-0.263083637,0.0729416013,0.229585066,0.0949033797,-0.0112270331,0.112874173,-0.000500342867,0.040847633,0.271630019,0.398341805,0.0704425797,0.633579314,0.233738184,-0.248354062,0.00889078435,0.507067442
-1.71701181,-1.61547542,0.79236722,-0.080842793,-0.067269966,0.912103534,0.396240294,-0.218806341,0.321498573,-0.0639565289,0.256619096,-0.00802826975,-0.000983211794,-0.306225479,-0.326755702,0.0928928033,0.235931382,0.091716744,-0.0139523819,0.132307753,-0.0020142342,0.0345947184,0.287170976,0.430409253,0.0826882645,0.634895205,0.24773702,-0.260997981,-0.000816699117,0.510494113
-1.7110821,-1.60711002,0.790950298,-0.0795477182,-0.0682707429,0.911600113,0.39748776,-0.228298187,0.340609133,-0.073617734,0.285174489,-0.0137482025,-0.00117803493,-0.304644942,-0.380768627,0.110836215,0.240431294,0.0883590281,-0.0161415562,0.146778569,-0.00334676798,0.0307451971,0.30470866,0.463495731,0.0957187638,0.637117147,0.253999472,-0.271622181,-0.010276706,0.511711001
-1.70248532,-1.59870183,0.787546992,-0.0807720721,-0.0689045042,0.911052465,0.398386031,-0.247995317,0.36259827,-0.0845823586,0.314027518,-0.0210832637,-0.00161015766,-0.310271978,-0.423408568,0.126397386,0.243030041,0.0848544911,-0.0177848898,0.155529663,-0.0065394803,0.0322870165,0.322807282,0.49875024,0.109185174,0.63939178,0.259127438,-0.281639934,-0.0177892782,0.512587845
-1.69328177,-1.58912015,0.784350216,-0.0810985863,-0.0694812685,0.91068083,0.399068743,-0.269356728,0.38539061,-0.0960452706,0.348053813,-0.0298623554,-0.00222297898,-0.31523934,-0.453325272,0.138454869,0.245792985,0.0819838271,-0.0184638221,0.158227444,-0.00814833492,0.0312750265,0.340920627,0.532825053,0.122435287,0.641700447,0.264127225,-0.289411247,-0.0247509535,0.514019847
-1.68288052,-1.57899773,0.779632211,-0.0820034519,-0.0699960515,0.910312176,0.399634629,-0.294788897,0.410561323,-0.108733967,0.384994298,-0.0399410091,-0.00297108362,-0.318979889,-0.473196596,0.148076236,0.248162627,0.080018945,-0.018428091,0.157036796,-0.00985521544,0.0283546858,0.356863618,0.566177428,0.135094121,0.643395007,0.265432626,-0.293519348,-0.0306263734,0.514348328
-1.67113495,-1.56773114,0.773391783,-0.0824786276,-0.0694813281,0.910116911,0.400071055,-0.323075891,0.437468529,-0.122218788,0.425796479,-0.0514669009,-0.00374354306,-0.323411435,-0.487145305,0.156583503,0.251381576,0.0787103027,-0.0178308357,0.151282966,-0.0117623704,0.0276330803,0.373612016,0.599341691,0.14752768,0.645752966,0.272440344,-0.296237767,-0.0376656912,0.517219126
-1.65759611,-1.55543613,0.765565395,-0.0827326328,-0.0687399656,0.909874916,0.400696635,-0.353532642,0.467439502,-0.136688456,0.469234735,-0.0640365034,-0.00466231303,-0.329036862,-0.495269358,0.164024189,0.255223036,0.0777299404,-0.0169371832,0.139636159,-0.0127698854,0.0286828671,0.38692376,0.627159119,0.157168552,0.648688197,0.276151329,-0.294069856,-0.0419949777,0.518971026
-1.64267612,-1.54233146,0.755723,-0.0824404657,-0.066732347,0.909586251,0.401750147,-0.385577738,0.496090502,-0.15043208,0.514314115,-0.0769549459,-0.00583725329,-0.334156573,-0.499599576,0.17113331,0.262343854,0.0774810687,-0.01573948,0.124209672,-0.0142370546,0.0297071412,0.395348817,0.650268018,0.16472882,0.651203096,0.275804609,-0.291168123,-0.0471759103,0.519987583
-1.62768316,-1.52755225,0.745237172,-0.0804046467,-0.0628589913,0.909613848,0.402723849,-0.416058987,0.522691071,-0.162940234,0.562448144,-0.0898384303,-0.00696208375,-0.338802814,-0.504653513,0.178840593,0.272851706,0.0782078803,-0.0144222379,0.105625294,-0.0159870498,0.0281623397,0.400473356,0.666074812,0.169770166,0.654035509,0.279897302,-0.285807848,-0.0524025969,0.521201968
-1.60982692,-1.51204932,0.732561529,-0.0780120417,-0.0569590293,0.90968585,0.403907776,-0.447139859,0.545784652,-0.174495414,0.607926726,-0.101217717,-0.00833590049,-0.346410185,-0.506029129,0.186034247,0.286033899,0.0798685178,-0.0129009606,0.0838329345,-0.0173717365,0.0257542003,0.399579227,0.674424291,0.171980411,0.654361486,0.284964234,-0.281536341,-0.0571405478,0.521542668
-1.59143758,-1.49514115,0.719345093,-0.0732025355,-0.0487613976,0.909815371,0.405585617,-0.471104741,0.562968969,-0.183915764,0.65043968,-0.110469475,-0.00953913759,-0.352295607,-0.507345021,0.193811879,0.304915607,0.0823649243,-0.0111959977,0.0597358644,-0.0164138265,0.0217764713,0.395106763,0.672593117,0.170173526,0.652592063,0.293676436,-0.282994658,-0.0636413619,0.522352576
-1.57205474,-1.47647572,0.705016077,-0.0659926906,-0.0376646109,0.909847498,0.407926351,-0.486316741,0.57264179,-0.19099389,0.688006461,-0.116908535,-0.0105587197,-0.355455875,-0.509872735,0.20246911,0.328875899,0.0854924619,-0.00933981221,0.0352492034,-0.0153662795,0.0159153175,0.388732433,0.662704647,0.165675402,0.647908628,0.304427624,-0.28955549,-0.071330823,0.52344358
-1.55021811,-1.45536089,0.689400434,-0.0570851713,-0.0241638925,0.909394503,0.411289424,-0.490531415,0.57426542,-0.196429625,0.716180205,-0.119686238,-0.0115004284,-0.358697802,-0.518421471,0.212147593,0.359377921,0.0860762149,-0.00782813597,0.0101091247,-0.0129995095,0.00765574956,0.384083539,0.647297323,0.158664599,0.642228365,0.316271901,-0.300604522,-0.0802427381,0.524134636
-1.52719748,-1.43085718,0.674087584,-0.0466391481,-0.0102275107,0.908988476,0.414077491,-0.480537951,0.575051546,-0.202806175,0.732787967,-0.118480839,-0.0120061431,-0.354775906,-0.533904672,0.22143665,0.395521253,0.0819816813,-0.00690141646,-0.0136672119,-0.00742114941,-0.000175769324,0.38299647,0.626449704,0.149359971,0.636317015,0.330374718,-0.315693855,-0.0898605585,0.524979472
-1.50214148,-1.40482426,0.658712745,-0.0359757543,0.00352290063,0.908929586,0.415379852,-0.458861113,0.573578238,-0.20955658,0.729419291,-0.112605676,-0.0120860245,-0.355810672,-0.549452484,0.227745578,0.431062549,0.0732309222,-0.00612224359,-0.0375348851,4.68759208e-05,-0.00799576193,0.384674221,0.601018608,0.138208345,0.63047272,0.343665361,-0.333687514,-0.1005238,0.526152909
-1.47490811,-1.3771168,0.666002691,-0.025165027,0.01683948,0.908268631,0.4172903,-0.42530483,0.568240583,-0.215488851,0.704660833,-0.101371653,-0.0118848467,-0.365963608,-0.561723173,0.230416387,0.469995052,0.0589577556,-0.00527326204,-0.0638106689,0.00667707203,-0.0153057305,0.389915347,0.56987834,0.126180023,0.626503408,0.353721142,-0.350615859,-0.110882424,0.528302491
-1.44570494,-1.34862876,0.678564548,-0.0163614787,0.0264804438,0.906776547,0.420460999,-0.394261777,0.570387125,-0.226102039,0.664276481,-0.0845690742,-0.0118047744,-0.380267918,-0.553486466,0.221514493,0.517527223,0.0415618084,-0.00343793305,-0.0904727206,0.0123934913,-0.0263410565,0.403786778,0.53605175,0.114377975,0.625198781,0.357186347,-0.36603266,-0.120871507,0.531791627
-1.415241,-1.3200525,0.693341017,-0.00965389982,0.0315738581,0.905081093,0.423955292,-0.371505886,0.579701424,-0.24071531,0.615708411,-0.0638322532,-0.0120346211,-0.391089529,-0.522175074,0.201111183,0.570517182,0.0236951411,-0.000869203534,-0.1079899,0.0171885397,-0.0316987038,0.419883937,0.504502535,0.104068592,0.624718249,0.35843423,-0.370323539,-0.127396792,0.536333799
-1.38433099,-1.29320133,0.708375871,-0.00566724222,0.0352515392,0.903876185,0.426301628,-0.357195944,0.581587315,-0.250308245,0.566925645,-0.0420323908,-0.0121931024,-0.397051781,-0.476620942,0.175315693,0.619395018,0.00645480584,0.00180974277,-0.111378737,0.0215031896,-0.0368415639,0.430054545,0.478152633,0.0955888182,0.622082293,0.357153803,-0.366545022,-0.130709335,0.53914088
-1.35582805,-1.26908028,0.72081697,-0.00334429787,0.0391093977,0.903518617,0.426747561,-0.346123159,0.56455034,-0.246951088,0.527626097,-0.0237498973,-0.0120438095,-0.399302572,-0.43183592,0.154096916,0.656559348,-0.00978052057,0.00363195688,-0.103439823,0.0245816503,-0.0397788361,0.435199946,0.455499351,0.0889772996,0.617852151,0.356392711,-0.363397747,-0.133921191,0.540941
-1.3300575,-1.24847591,0.731347561,-0.0024377245,0.0443292074,0.90298301,0.427376539,-0.335124731,0.519891918,-0.225288406,0.505569458,-0.0106996447,-0.0120463213,-0.403833807,-0.393158764,0.139395624,0.680201232,-0.0239074063,0.00474143587,-0.0887393728,0.0278846789,-0.0416443311,0.433289617,0.436036259,0.0853263736,0.613005817,0.354183763,-0.365339786,-0.13840577,0.54091388
-1.30733788,-1.23133373,0.740397573,-0.00216556154,0.0509894043,0.902116895,0.428462893,-0.326669276,0.454565525,-0.188674852,0.498381913,-0.00132160471,-0.0128440913,-0.404778272,-0.365956306,0.131054536,0.687960207,-0.0349051245,0.0050989883,-0.0680712536,0.0299463905,-0.0418844372,0.428755224,0.421640247,0.0837364718,0.607443571,0.347269684,-0.371867448,-0.142435655,0.538900912
-1.28676009,-1.21692944,0.7486642,-0.00263059069,0.0581369847,0.900725782,0.430471987,-0.327470005,0.378186673,-0.143742025,0.502231121,0.00569187058,-0.014747506,-0.403443485,-0.339451283,0.124884613,0.681014419,-0.0426880643,0.00537964702,-0.0450419895,0.0312141385,-0.0402299091,0.425375253,0.417391568,0.0858785138,0.601274908,0.336512148,-0.381685019,-0.146510139,0.535199285
-1.26782727,-1.20582199,0.756000042,-0.00487711979,0.0656879768,0.89906913,0.4328233,-0.342278153,0.298303574,-0.0970610604,0.51481849,0.0103604384,-0.0177182797,-0.405353457,-0.313283324,0.122049011,0.660841227,-0.0474272706,0.00553221442,-0.024898177,0.0324432626,-0.0381219238,0.422638714,0.421213716,0.0904029235,0.594430745,0.319330812,-0.39332819,-0.150545806,0.528476477
-1.25065827,-1.19652128,0.762039423,-0.00822525937,0.0732505023,0.897811592,0.434167087,-0.368958086,0.218583748,-0.0513349883,0.53638953,0.0126327928,-0.0215888228,-0.407685757,-0.287388146,0.122500248,0.632235527,-0.0494225956,0.00560445199,-0.00923270546,0.0332353599,-0.0365892127,0.421752334,0.432503432,0.0977068171,0.587166667,0.298612148,-0.405897409,-0.155437872,0.51863277
-1.23597944,-1.18850386,0.767214239,-0.0108885737,0.0799062848,0.897367179,0.433853149,-0.402693689,0.141157448,-0.00904828403,0.56601578,0.0130678453,-0.0258523338,-0.405527025,-0.262226135,0.126548022,0.600534379,-0.0490953103,0.00563281914,0.0034683214,0.0337377004,-0.0371158905,0.422589451,0.447700173,0.107204631,0.579801798,0.278912008,-0.419477195,-0.162029758,0.506945312
-1.22211456,-1.18164504,0.770836055,-0.0138522172,0.084716849,0.897844613,0.431863695,-0.441550434,0.0703871623,0.0266096573,0.597675443,0.0126973605,-0.0298880842,-0.401028126,-0.23676613,0.131290063,0.56833899,-0.0469035544,0.00553286774,0.0126325777,0.0352335423,-0.037285354,0.421439648,0.464583516,0.116802394,0.572160304,0.262207717,-0.431138396,-0.168726802,0.494076401
-1.20953476,-1.17552733,0.773960531,-0.0168954078,0.0875049829,0.898765028,0.429277182,-0.478464901,0.00842362922,0.053921286,0.626071572,0.0134040033,-0.0326500125,-0.394602418,-0.21303989,0.136538982,0.535860837,-0.0435672365,0.00525848335,0.0197163075,0.0365158655,-0.0389165357,0.418043375,0.481520295,0.127124593,0.563626826,0.249210551,-0.439421684,-0.174821809,0.481517553
-1.19772136,-1.16933548,0.775971949,-0.0194156971,0.0884583294,0.89968276,0.427047014,-0.505739748,-0.0432642065,0.0714790747,0.646739066,0.0165179204,-0.0336092636,-0.385657281,-0.188681245,0.140249297,0.506395638,-0.0392173044,0.00496363128,0.0238886476,0.0374613069,-0.0404899903,0.414838254,0.495646447,0.136725768,0.554591477,0.241151378,-0.443258613,-0.179292515,0.469325215
-1.18771398,-1.16294158,0.777439892,-0.0211881176,0.0875011384,0.900406003,0.425633162,-0.518203795,-0.0848951638,0.0799084678,0.656007051,0.0221478511,-0.032838773,-0.372511804,-0.16471602,0.142622039,0.478450954,-0.034536913,0.00463801669,0.0277011823,0.03826553,-0.0422820561,0.412682056,0.505185843,0.144549832,0.544626057,0.238965482,-0.442544878,-0.181659251,0.459044278
-1.17875266,-1.15616202,0.778106332,-0.022771325,0.0846299455,0.900870204,0.4251495,-0.514918327,-0.114276618,0.0794349089,0.650696993,0.0299040154,-0.0307558589,-0.355267763,-0.139798924,0.142909288,0.450964659,-0.0295902975,0.0042773867,0.0297916364,0.0388306119,-0.0445308946,0.412436694,0.508581102,0.150656834,0.534236789,0.241255581,-0.436972678,-0.181520283,0.45039621
-1.17122149,-1.1495322,0.778726697,-0.0230827406,0.0807139501,0.901088476,0.42543152,-0.496143073,-0.135355905,0.0715632439,0.631386876,0.0384299718,-0.0279013403,-0.336304605,-0.115029119,0.142875656,0.425332487,-0.0246465392,0.00398571091,0.0310823843,0.0387088731,-0.0483388603,0.413699776,0.50549233,0.153744116,0.524301231,0.248094559,-0.428453803,-0.179463714,0.444204152
-1.16460288,-1.14334977,0.778736711,-0.0230612047,0.0758948997,0.901100993,0.42629239,-0.468039125,-0.148623541,0.0568502285,0.599302053,0.0464241393,-0.024802845,-0.315434098,-0.0916037261,0.142214611,0.399418533,-0.019779481,0.00368249323,0.033827547,0.0391781963,-0.0523647703,0.416478395,0.496727139,0.154480875,0.515972197,0.25944376,-0.416199386,-0.175865114,0.439986765
-1.15977931,-1.13670778,0.778292298,-0.0220652707,0.070288375,0.901600361,0.426250428,-0.429545581,-0.157103777,0.0374985784,0.556834996,0.053399872,-0.0217149798,-0.291200221,-0.068577446,0.14122884,0.375061184,-0.0148416292,0.00343805458,0.0361607075,0.0386440568,-0.0529451445,0.419908345,0.481706381,0.151869804,0.510109246,0.274436831,-0.401461452,-0.170895532,0.437622428
-1.15578914,-1.13000464,0.77759999,-0.0196534041,0.0639816895,0.90255183,0.425347269,-0.386241287,-0.160134777,0.0162945315,0.509189606,0.059171062,-0.0189398024,-0.264040202,-0.0451785438,0.139331758,0.352988839,-0.0101481695,0.00326696946,0.0392349102,0.0379166417,-0.053690508,0.422211617,0.463014781,0.147168517,0.506222785,0.293670148,-0.384541094,-0.165378839,0.438418031
-1.15254617,-1.12404251,0.776475787,-0.0166795403,0.0580885932,0.903694212,0.423891842,-0.344190538,-0.161234677,-0.00371527229,0.458114803,0.0645821244,-0.0165124573,-0.238209665,-0.0234812312,0.137385786,0.332957596,-0.00581691042,0.00314908195,0.0418794751,0.0366010889,-0.0543246754,0.424690932,0.441215277,0.140593991,0.504825592,0.314154893,-0.366648614,-0.159501597,0.441383868
-1.1504904,-1.11910605,0.775652707,-0.0140875224,0.0526991487,0.905287385,0.421282619,-0.302957147,-0.158327341,-0.0216770247,0.406277299,0.069371067,-0.0144472448,-0.213383943,-0.00750566972,0.13625887,0.313580245,-0.00226687524,0.00293697603,0.0439622626,0.035173852,-0.0531586856,0.428174883,0.414736897,0.131626695,0.506052732,0.334655553,-0.34973973,-0.153662592,0.447315633
-1.14920652,-1.11508417,0.774496019,-0.0117826527,0.0477559641,0.907173336,0.417872012,-0.26151222,-0.151652768,-0.0357854851,0.359153837,0.0716870502,-0.0126729105,-0.189129189,0.00533721363,0.134790733,0.294589847,0.000694455637,0.00272417045,0.0449249223,0.0335543118,-0.0524769127,0.431329101,0.388419032,0.121787816,0.508616984,0.353044719,-0.333585769,-0.148288801,0.455597341
-1.14856851,-1.11169195,0.773617864,-0.010251482,0.0433064513,0.90875423,0.414952129,-0.225795493,-0.144084439,-0.0446013734,0.313308805,0.0719390959,-0.0111430893,-0.167838186,0.0161666553,0.132356808,0.276023895,0.00295713032,0.00251790555,0.0443382077,0.032911554,-0.0563043095,0.436777353,0.360137254,0.110072091,0.514781177,0.370680034,-0.317781985,-0.144570217,0.466819197
-1.14956641,-1.1086024,0.773174644,-0.00756531907,0.0394765474,0.910477221,0.411601275,-0.191100135,-0.138240963,-0.0488473698,0.272484362,0.0716127306,-0.00986822415,-0.144139454,0.0229265932,0.130451858,0.258171201,0.00500024017,0.00237401179,0.0425455905,0.0314817056,-0.0563520119,0.446474224,0.334206641,0.0989690796,0.524221241,0.384601027,-0.305058062,-0.14233917,0.479144722
-1.15006757,-1.10622084,0.77306807,-0.00541958911,0.0359184183,0.91206646,0.408430219,-0.162714466,-0.130334765,-0.0505750738,0.236586913,0.0713678449,-0.00883554481,-0.122184373,0.0297469329,0.127574772,0.239509851,0.00711647468,0.00228999066,0.0403578021,0.0306277201,-0.0554129146,0.455649048,0.306714892,0.0859397948,0.535063386,0.394532353,-0.291623801,-0.139718994,0.491181344
-1.14979804,-1.10326564,0.77257818,-0.00340384431,0.031957455,0.913270593,0.406083733,-0.140327215,-0.118814424,-0.0515248403,0.209417716,0.0711561143,-0.00792692881,-0.101825461,0.0396833681,0.12274754,0.222164273,0.00947692059,0.00222477596,0.0366734155,0.0295301266,-0.0523056835,0.467068821,0.286649883,0.0761800483,0.548944294,0.399927974,-0.279836386,-0.139226884,0.50189513
-1.14997375,-1.10020661,0.772410333,-0.00154941482,0.0284433402,0.914030492,0.404643953,-0.12077456,-0.108996987,-0.0508252308,0.188606337,0.0711016655,-0.00710911117,-0.083881408,0.0472589768,0.118338361,0.206944466,0.0117809149,0.00210616086,0.0316202454,0.0291323233,-0.0494312644,0.47892499,0.27012828,0.0687318742,0.563324153,0.404676169,-0.267854899,-0.137204453,0.508935511
-1.15083766,-1.09910905,0.772411108,-9.44102794e-05,0.0269600749,0.91459924,0.403461844,-0.106897607,-0.106908455,-0.0467088521,0.170733571,0.0711941719,-0.00639214274,-0.0714987963,0.0481451787,0.115787581,0.193669081,0.0137658548,0.00197188812,0.0262175463,0.0284321848,-0.0459253527,0.488423854,0.248669177,0.05876977,0.577983201,0.405328363,-0.261884272,-0.135114893,0.512021065
-1.15083814,-1.09769142,0.772443295,0.000496103952,0.0254341196,0.914532363,0.403712183,-0.0969455764,-0.103055932,-0.0427325815,0.156879663,0.0714687631,-0.00576158287,-0.0613616407,0.0505664647,0.112281337,0.181498215,0.0156786088,0.00185605336,0.0217483509,0.0290280562,-0.0455587655,0.495267004,0.233318925,0.0523308218,0.591142058,0.402813315,-0.259496331,-0.133789077,0.512103319
-1.15110171,-1.09632432,0.772247195,0.000995695824,0.0238325782,0.914077699,0.404837012,-0.0880304202,-0.0988776833,-0.0387719683,0.146127924,0.0717050806,-0.00517924689,-0.0511314459,0.0537115298,0.10843502,0.169924527,0.0176356304,0.00178734644,0.0148482742,0.0283558071,-0.0418147296,0.502407432,0.217852294,0.0465258211,0.604110956,0.396092236,-0.257153779,-0.131997302,0.510354161
-1.1504122,-1.09533989,0.772106349,0.00106652372,0.0227191076,0.913384855,0.406461298,-0.0823642239,-0.0945346802,-0.0346940458,0.13706933,0.0720186159,-0.00465636235,-0.0445119403,0.0564727746,0.104360595,0.158307105,0.0194274019,0.0017105958,0.00744606974,0.0282938611,-0.0375654362,0.506202638,0.20442459,0.0412944816,0.614568353,0.386820793,-0.256929129,-0.130960852,0.506993771
-1.14967299,-1.09312499,0.771316886,0.000420835015,0.0207682177,0.912611306,0.40830031,-0.0759521872,-0.0860410705,-0.0319206901,0.129826352,0.0721440241,-0.00416965317,-0.0373431854,0.0623656958,0.0994634032,0.147250205,0.0217598025,0.00163916149,-0.000943302468,0.0288858134,-0.0326207057,0.505745351,0.197187781,0.0380366482,0.621922791,0.375015765,-0.256771058,-0.13042371,0.502352595
-1.14911568,-1.09291744,0.771144927,-0.000563363545,0.0204531513,0.912371755,0.408851206,-0.0738071874,-0.0828940943,-0.0273898412,0.122179203,0.0722368285,-0.00375189562,-0.0344758965,0.0635269657,0.0960751101,0.13628222,0.023893768,0.00157020765,-0.00831736252,0.0289264601,-0.027856864,0.500605822,0.191778645,0.0350555368,0.626339912,0.362820923,-0.258966655,-0.130402267,0.497422129
-1.1493504,-1.09141541,0.770944893,-4.78556758e-05,0.0195560027,0.911828876,0.410104394,-0.0681837946,-0.079548724,-0.0234053172,0.117534831,0.0722988099,-0.00337136397,-0.0275725964,0.0645951182,0.0927472711,0.127815887,0.0260345582,0.00147958833,-0.011253912,0.0287850499,-0.0267617628,0.492474765,0.193984181,0.0363334604,0.628854454,0.356784225,-0.26220265,-0.131150484,0.494325936
-1.14906311,-1.09015727,0.77057755,-0.00116749725,0.0183696859,0.911472023,0.410950094,-0.0654384196,-0.0735851452,-0.0202583708,0.112404034,0.0720739216,-0.00302627147,-0.0240472313,0.0686564595,0.0888078362,0.119900241,0.0282966513,0.00143977732,-0.0182090383,0.0291771628,-0.0227306746,0.479959816,0.193523452,0.0358719006,0.627978325,0.348838627,-0.26279664,-0.129505247,0.48967877
-1.14859176,-1.08845711,0.770303726,-0.00189898186,0.0177385528,0.911413908,0.411103964,-0.0633701235,-0.0691573024,-0.0170082953,0.108640969,0.0717610568,-0.00272782147,-0.0210158732,0.0720839798,0.0851702765,0.113528498,0.0305299461,0.00138594606,-0.0230779834,0.028586844,-0.0192096718,0.464504331,0.196304172,0.0364267416,0.625673234,0.342917204,-0.26418969,-0.127275065,0.485794336
-1.1480186,-1.08732736,0.76983577,-0.00357746426,0.0173383094,0.911520243,0.410874009,-0.0648947507,-0.0646975338,-0.0140509279,0.105579056,0.0713587776,-0.00246173306,-0.0217612274,0.0757370964,0.0817500502,0.107626043,0.0326961987,0.0013356565,-0.0261731483,0.0280038156,-0.0156348068,0.444052309,0.199849457,0.0379082151,0.621855259,0.338934928,-0.265878081,-0.125256315,0.482857198
-1.14761233,-1.08570564,0.769420266,-0.00518879574,0.0167911574,0.911629498,0.410637081,-0.0652230978,-0.0590160675,-0.0117117455,0.103549279,0.0707574263,-0.00221618311,-0.0215651952,0.0796878785,0.0784008875,0.103858389,0.0350228511,0.00127956725,-0.029325312,0.027077077,-0.0117266234,0.422972411,0.205338314,0.0407445543,0.617247701,0.336926311,-0.267811,-0.123129673,0.481549054
-1.14715993,-1.08425474,0.76968807,-0.00695246737,0.0165146049,0.91168648,0.410495758,-0.0666358918,-0.0533804931,-0.0096439803,0.101961948,0.0701491982,-0.00200730399,-0.0228332076,0.0836368725,0.0753692761,0.101636894,0.037067391,0.00124584313,-0.033134792,0.0257235952,-0.00778632518,0.400990367,0.210740015,0.043613486,0.611383021,0.33485046,-0.26966092,-0.121410303,0.481670082
-1.14672947,-1.08292699,0.770194888,-0.00847761892,0.01633,0.911637366,0.410583347,-0.0697746053,-0.047973007,-0.00814986695,0.102173321,0.0697224289,-0.00182442402,-0.0273015276,0.087746419,0.0727476552,0.101963229,0.0386970453,0.00122882135,-0.0373350382,0.0248109866,-0.00615126733,0.380754739,0.218168467,0.0483645461,0.60550791,0.333521634,-0.272002935,-0.120378174,0.482731074
-1.14403701,-1.08114696,0.770281196,-0.0122782122,0.0155935539,0.911605954,0.41058585,-0.0804983377,-0.0364619568,-0.00899973977,0.104279205,0.0693212152,-0.00167508237,-0.0390194617,0.0963545069,0.0694865137,0.105392106,0.0404201448,0.00117863691,-0.0428421088,0.0232728515,-0.00320160598,0.360644192,0.226764306,0.0532988869,0.597997844,0.33113277,-0.270595253,-0.117471859,0.483326346
-1.14090347,-1.07932055,0.771175444,-0.0169785097,0.014735885,0.91155529,0.410562426,-0.0949397609,-0.0240021646,-0.0107760578,0.10892424,0.0690208226,-0.00156537548,-0.0572290085,0.106508389,0.067174457,0.114378072,0.0418729633,0.00112213381,-0.049221579,0.0215850417,0.00148950703,0.342905194,0.235084772,0.0580092743,0.590213418,0.327458978,-0.269235134,-0.114821054,0.484152138
-1.1368978,-1.0764544,0.772248626,-0.0227760933,0.0132559584,0.91119808,0.411124825,-0.111519203,-0.00872828253,-0.0139661487,0.115695506,0.0684753954,-0.0014893593,-0.0803853199,0.117730387,0.0659419373,0.12984404,0.0426517688,0.000943781924,-0.0568347946,0.0198262036,0.00561636686,0.327768683,0.244811401,0.0623743869,0.58183229,0.323190063,-0.266575992,-0.111465991,0.484800547
-1.13133717,-1.07236207,0.77356261,-0.0302394331,0.0113944281,0.909991145,0.413366497,-0.12973389,0.0121456599,-0.0190616436,0.122065715,0.0673111007,-0.00142115878,-0.10905689,0.12809135,0.0639929175,0.149197116,0.0420938544,0.000527005701,-0.0654202253,0.0179364309,0.0105956132,0.315016061,0.254343629,0.0645705163,0.573946834,0.317052186,-0.261118025,-0.105932876,0.48394084
-1.12622428,-1.0686357,0.774644375,-0.0374897048,0.0109882681,0.907483697,0.418266743,-0.145959422,0.0298622549,-0.0231847614,0.126930133,0.0658827126,-0.0013743653,-0.138096124,0.1201699,0.0626873747,0.173307836,0.0389667116,-0.000642363855,-0.0689340383,0.0158058684,0.0158889182,0.307378918,0.269167632,0.0710035786,0.568424225,0.311844021,-0.256113768,-0.100400008,0.482189149
-1.11953509,-1.06504405,0.775489211,-0.0443835445,0.0115396865,0.903919339,0.425237358,-0.162856534,0.0475581214,-0.0270884335,0.130965203,0.0647307411,-0.00137301546,-0.167308107,0.0951527283,0.0616898313,0.199018881,0.0339136384,-0.00289434125,-0.0671829283,0.0147478776,0.0229453854,0.29942584,0.280360937,0.0753771067,0.564644516,0.304954618,-0.252694428,-0.0950388685,0.479612768
-1.11285329,-1.0605675,0.776764154,-0.0504715927,0.0130916676,0.899589896,0.4336119,-0.17872864,0.0640452132,-0.0307633504,0.136507019,0.0639627278,-0.00139697874,-0.195492148,0.0516747274,0.063787587,0.227061257,0.0282743797,-0.00630031712,-0.0596089624,0.0137736946,0.0271477476,0.296557575,0.289280146,0.0788808987,0.562811434,0.299402058,-0.251285285,-0.0904630274,0.477123111
-1.10696232,-1.05532479,0.77758199,-0.0542418659,0.0153056625,0.894628942,0.44324106,-0.191459313,0.0777735785,-0.0340399966,0.146637231,0.0636534765,-0.00137578242,-0.222490713,-0.0113295186,0.0719283372,0.25931412,0.0236531682,-0.0108046457,-0.0470874421,0.013315049,0.0297545064,0.299537331,0.297545791,0.08169581,0.562531888,0.296331823,-0.252033293,-0.0872382075,0.475543439
-1.1005969,-1.04982853,0.777909338,-0.0569071062,0.0190408155,0.88928479,0.453399926,-0.204448313,0.0876911953,-0.0368306898,0.16133666,0.0632256418,-0.00133097894,-0.248785958,-0.0857145414,0.0860349014,0.287965536,0.020691283,-0.0154113537,-0.0314675197,0.0124048097,0.0311839469,0.305628687,0.304295391,0.0833551958,0.562350512,0.29271546,-0.256786078,-0.0858217254,0.47389102
-1.09405529,-1.04376376,0.777671278,-0.0583961904,0.0231132358,0.884164512,0.462934971,-0.218312189,0.0983046219,-0.0406569391,0.182416737,0.0620281361,-0.00120042183,-0.274316639,-0.169753984,0.105200201,0.308382213,0.0202526283,-0.0196916442,-0.0120902257,0.0116857328,0.0315982513,0.313611448,0.313076884,0.084303461,0.56221199,0.29084456,-0.262436122,-0.0845369548,0.472558439
-1.08705688,-1.03607762,0.77671963,-0.0583555773,0.0270846337,0.87970686,0.47114411,-0.230752423,0.10968408,-0.0457451306,0.20991379,0.059166979,-0.00102433783,-0.298877805,-0.254744351,0.126565799,0.32175675,0.0219546072,-0.0231236797,0.0074546854,0.0108274892,0.0298413429,0.324195504,0.324516743,0.0843712986,0.561540544,0.291623473,-0.270477027,-0.0850957036,0.471679926
-1.0783509,-1.02760112,0.774555802,-0.057201419,0.0308310147,0.876191318,0.477562785,-0.242757097,0.122502185,-0.0520691574,0.242037445,0.0539706126,-0.00087481417,-0.323508739,-0.336678773,0.148314163,0.327756613,0.0241976269,-0.0258684102,0.0250952058,0.00957692415,0.0276551396,0.335929185,0.337643921,0.0835978538,0.561294258,0.293177158,-0.27870056,-0.0858791694,0.470685154
-1.06827414,-1.0184412,0.770519376,-0.0558524914,0.0346079022,0.873259664,0.482804626,-0.254970908,0.138195604,-0.0593488663,0.277200252,0.0461188927,-0.000713737158,-0.347288787,-0.412498325,0.169508725,0.328046978,0.0264634546,-0.0279699787,0.0387740359,0.00734585198,0.0278374366,0.345465183,0.350626498,0.0827920884,0.560505748,0.294077486,-0.288476855,-0.0891661271,0.470661968
-1.05664241,-1.00740683,0.766609669,-0.0530280359,0.0381278843,0.870763063,0.487345755,-0.264513135,0.155215546,-0.0669445693,0.315757424,0.035750147,-0.000779838709,-0.365017563,-0.47778821,0.187692165,0.325007409,0.0302810147,-0.0289796796,0.0463137627,0.00606604619,0.0226057395,0.356446058,0.364435315,0.0830955505,0.562162697,0.297650456,-0.299528211,-0.0943145379,0.472240686
-1.04279733,-0.995439112,0.76085037,-0.0490983613,0.0413659401,0.868700504,0.491159439,-0.273969054,0.175438821,-0.0748132765,0.357544005,0.0234562643,-0.00100726378,-0.378249586,-0.531318128,0.201757818,0.32254985,0.0356100127,-0.0291160699,0.0458949171,0.00423390977,0.0168663654,0.37004599,0.376878619,0.0835264623,0.56665045,0.303549975,-0.311767042,-0.101418123,0.474384338
-1.02719128,-0.981600583,0.753374338,-0.0446111113,0.0445939898,0.866908491,0.494460195,-0.281819552,0.200192258,-0.0830631778,0.401262045,0.00998228509,-0.0013411562,-0.387990117,-0.57159996,0.210582063,0.326016396,0.041423507,-0.0285418332,0.0373363458,0.00213284185,0.0130993659,0.384700179,0.388105571,0.0847600475,0.572707891,0.312029839,-0.323909253,-0.109192029,0.475861967
-1.00879657,-0.966813147,0.744726062,-0.0403389595,0.0478330366,0.865179062,0.497543991,-0.291109741,0.227924153,-0.0914852247,0.444632798,-0.00412804587,-0.00202821847,-0.39767161,-0.596270204,0.213834628,0.337322682,0.04758415,-0.0272577237,0.0195650626,0.000410594075,0.00935140252,0.401239991,0.396367669,0.0863811597,0.580777049,0.31983915,-0.338670284,-0.118378438,0.477863431
-0.988205075,-0.950615525,0.734311998,-0.0361436419,0.0514905415,0.862906992,0.501431942,-0.297192723,0.256588399,-0.0999066234,0.484551996,-0.0175366513,-0.00293629104,-0.409104079,-0.608147681,0.212773383,0.357418627,0.0536765717,-0.02539034,-0.0058755572,-0.000141093013,0.00745610753,0.419233143,0.402536213,0.0878610834,0.589927077,0.329453707,-0.358524591,-0.128938481,0.480236053
-0.964533806,-0.932846248,0.723333478,-0.0319699869,0.0547393076,0.859208882,0.507682562,-0.301682979,0.285948515,-0.10927663,0.518927217,-0.0290759802,-0.00411127508,-0.420963526,-0.6071257,0.206384316,0.388823867,0.0575387776,-0.0231096391,-0.0342675559,0.000667211367,0.00625662226,0.43697539,0.405583799,0.0884024501,0.599270999,0.340323865,-0.37938261,-0.140471771,0.482918859
-0.937475324,-0.911673248,0.711429536,-0.0260572117,0.0576342903,0.854794264,0.515098155,-0.294597954,0.316981167,-0.119907208,0.546212196,-0.0365139805,-0.00516508939,-0.426644921,-0.595781744,0.193146482,0.436103463,0.0575398579,-0.0205106866,-0.0633350536,0.00309097976,0.00541760493,0.456666529,0.405538648,0.0888991654,0.610010147,0.35013631,-0.399774253,-0.151209742,0.485422701
-0.908236086,-0.88919425,0.693983257,-0.0219740476,0.0588959344,0.849482596,0.523858547,-0.280852228,0.350022435,-0.133053675,0.560339928,-0.03932219,-0.00617088843,-0.431473285,-0.574043155,0.1707436,0.490642995,0.0530502312,-0.0177358426,-0.0833169296,0.00785997137,-0.00209964789,0.474413872,0.406110168,0.0906528309,0.619294167,0.362024605,-0.416418612,-0.161585003,0.490155935
-0.874668002,-0.864648879,0.702692032,-0.0169040859,0.0582648963,0.842853248,0.534712851,-0.264402032,0.38682425,-0.150149524,0.564061522,-0.036370229,-0.00705395546,-0.439637989,-0.545431197,0.142665401,0.546571374,0.0424517952,-0.0152851101,-0.0941924602,0.0144434357,-0.00460005505,0.488816649,0.404722452,0.0923225731,0.626297951,0.373527735,-0.426480323,-0.169713616,0.496478438
-0.840008795,-0.83896935,0.713024378,-0.0133149978,0.0560203344,0.835053384,0.547147512,-0.257925987,0.427037388,-0.172104985,0.564118207,-0.0272156838,-0.00816289708,-0.447760731,-0.502670825,0.107008427,0.605543494,0.029900495,-0.0126644457,-0.0897209123,0.0206481777,-0.00881559309,0.498273849,0.401053011,0.0941697732,0.629276931,0.385420144,-0.425956488,-0.173803344,0.505294263
-0.803826153,-0.813888848,0.723154306,-0.0113538094,0.0514992177,0.825730741,0.56159389,-0.266783357,0.46299845,-0.197076127,0.564534783,-0.0149793355,-0.00975738652,-0.453462601,-0.443530619,0.0669810101,0.662810266,0.0177978035,-0.0100914137,-0.0681101382,0.0268217679,-0.0128952982,0.501702607,0.397957563,0.0954813063,0.627196312,0.395115912,-0.412928313,-0.171071634,0.514326274
-0.768407702,-0.791243374,0.732035041,-0.0118763968,0.0478957668,0.815241218,0.577015281,-0.293414295,0.478836954,-0.217247546,0.571112275,-0.00506486092,-0.011586437,-0.457348466,-0.375646353,0.0281852148,0.70786792,0.00730489846,-0.00787672587,-0.0332601964,0.0326247066,-0.0162894744,0.502479374,0.394732058,0.0966623276,0.623300374,0.398867309,-0.393717259,-0.165053681,0.521221817
-0.736023188,-0.772326052,0.738791227,-0.0151370177,0.0460723862,0.804724693,0.591664135,-0.335998684,0.465434611,-0.225943774,0.591381192,-0.00150553545,-0.014188664,-0.455293685,-0.305069298,-0.00376626384,0.729852974,-0.00157656812,-0.00624325825,0.0112608932,0.0387261435,-0.0190249123,0.500350296,0.388337374,0.0960097685,0.618463039,0.395210207,-0.373232603,-0.157182917,0.52549845
-0.70798403,-0.756146848,0.743847549,-0.0195340049,0.0472779647,0.795141101,0.604263067,-0.393531114,0.41574958,-0.214455023,0.630462587,-0.00415712129,-0.018709816,-0.446809798,-0.244072497,-0.0224807579,0.724617958,-0.00822234061,-0.00533563085,0.0598126389,0.0451492593,-0.0213911291,0.4994151,0.37592572,0.0922609195,0.615717828,0.383644223,-0.355496049,-0.148480535,0.526388347
-0.682628632,-0.743452549,0.749175489,-0.0247427411,0.0514969565,0.787368059,0.61383009,-0.475945026,0.339517444,-0.186100915,0.67886281,-0.012370903,-0.0255756658,-0.439768046,-0.192958087,-0.0306878537,0.69780755,-0.01263591,-0.00476582116,0.107824452,0.0492062084,-0.0194226597,0.49708879,0.361672103,0.0868900046,0.613020539,0.365515471,-0.341306716,-0.139126748,0.523479879
-0.660131276,-0.732273042,0.754041851,-0.028778607,0.0575744994,0.781868696,0.620111525,-0.576378047,0.244145721,-0.146314949,0.727095544,-0.0224316996,-0.0333201177,-0.426991224,-0.149085373,-0.0308417678,0.657382011,-0.0146452216,-0.00425519655,0.151025921,0.0504742824,-0.015592589,0.501541615,0.346268684,0.0795780197,0.613569438,0.341820419,-0.337936103,-0.133897305,0.517277658
-0.640574694,-0.721651793,0.758171439,-0.0324265771,0.0636586174,0.777573943,0.624719799,-0.683316112,0.13520582,-0.100142211,0.763873935,-0.0285996385,-0.0400711969,-0.411102831,-0.108350977,-0.0254079401,0.60946703,-0.015363439,-0.00375594874,0.184553325,0.0518492013,-0.0156194,0.511223078,0.333189011,0.0728159994,0.615785897,0.316151708,-0.33942464,-0.130240515,0.509420693
-0.621888816,-0.709665716,0.760605633,-0.0345588699,0.0684100688,0.772461474,0.630419672,-0.77968365,0.0253360737,-0.0553973578,0.774234533,-0.0252981428,-0.0428252406,-0.388117522,-0.0708192363,-0.0175286029,0.561990738,-0.0150419325,-0.00334309135,0.210154712,0.052328229,-0.0167242661,0.529505968,0.323601484,0.0677703172,0.62139225,0.288996458,-0.34376356,-0.124925949,0.498584747
-0.605415106,-0.695032239,0.761843145,-0.0341125578,0.0706815869,0.765135288,0.639068425,-0.847081363,-0.0811896622,-0.0152153848,0.75066328,-0.00988896471,-0.0403494388,-0.356112033,-0.0373146497,-0.00770233851,0.519460857,-0.0146622164,-0.00299894135,0.235359177,0.0526138432,-0.0167434625,0.556551635,0.31537655,0.0641219839,0.630120277,0.262621522,-0.351596653,-0.121111959,0.487062186
-0.589036822,-0.678744435,0.762489557,-0.033364635,0.0712112337,0.755406678,0.650520146,-0.886437237,-0.17194137,0.0137368776,0.693547249,0.0149395261,-0.0337268077,-0.32350269,-0.00573864253,0.000511345977,0.483972549,-0.0163681488,-0.00277425558,0.260077566,0.0543331206,-0.022567654,0.590456963,0.308126509,0.0619564876,0.641519845,0.236375019,-0.358180553,-0.11848034,0.475745499
-0.571026564,-0.660723984,0.759970844,-0.0310381278,0.0696357563,0.744110703,0.6636917,-0.894309282,-0.244381845,0.0324921496,0.619227529,0.044344943,-0.0249857549,-0.28805083,0.0294820108,0.00498525659,0.459905148,-0.0191704463,-0.00249502948,0.284710169,0.0557905585,-0.0263986923,0.626503706,0.3016406,0.0603175648,0.653540254,0.208983123,-0.362020612,-0.113558516,0.464982629
-0.552468002,-0.640692711,0.755229414,-0.0279132072,0.0665847138,0.732495725,0.676932275,-0.879206598,-0.297469109,0.0436020866,0.546065211,0.0748923272,-0.0161246639,-0.250528932,0.0671722069,0.0073536993,0.445529372,-0.0235718768,-0.00218736543,0.305913687,0.0570663922,-0.027744703,0.659811378,0.29706943,0.0599762648,0.664198756,0.18249613,-0.363973826,-0.107791618,0.456004649
-0.533982754,-0.620196819,0.748869061,-0.024567578,0.0626704916,0.72097373,0.689685225,-0.852738321,-0.337061286,0.0528467111,0.483260959,0.104447842,-0.00817992073,-0.214121804,0.106795885,0.00830563437,0.440852016,-0.0301682986,-0.00180491013,0.323995382,0.0580720566,-0.0241438597,0.686426759,0.292679757,0.0597278439,0.67279774,0.15964365,-0.361426711,-0.0981392488,0.448434323
-0.514988899,-0.600071847,0.741445422,-0.0227223691,0.0594170615,0.710032701,0.701289535,-0.827817261,-0.361774623,0.0604979135,0.433361709,0.131573915,-0.00191240397,-0.183333695,0.144701168,0.00886416715,0.444510937,-0.0388833694,-0.00165059662,0.32645756,0.0604692325,-0.0256409999,0.706646204,0.284716964,0.0583069064,0.680742443,0.130445495,-0.355187923,-0.0858552083,0.441749573
-0.496419966,-0.580704749,0.733244956,-0.0214348976,0.0575961992,0.701099753,0.710409999,-0.806261897,-0.379149437,0.0674119368,0.392383784,0.155225754,0.00283272821,-0.157739535,0.179814011,0.0104319518,0.454028189,-0.0493680947,-0.00156771613,0.323627859,0.0613790974,-0.0190419368,0.712762952,0.273011565,0.0558075868,0.685058832,0.0997509286,-0.348539025,-0.0727045462,0.43468076
-0.476963371,-0.559968233,0.723743796,-0.0215019453,0.057142172,0.695256591,0.716163874,-0.786862493,-0.390078872,0.0723236352,0.360940963,0.176523745,0.00614026329,-0.135923043,0.214084372,0.0125347301,0.46726194,-0.0604424104,-0.00167061272,0.318107724,0.062119104,-0.0146001158,0.703354657,0.26617384,0.0554610677,0.684196889,0.0721701235,-0.34339717,-0.0585856475,0.426733553
-0.455589443,-0.537074983,0.711935997,-0.0216022022,0.0565608479,0.693501115,0.717907071,-0.764752865,-0.393267602,0.0732308701,0.342323422,0.19472371,0.00804144982,-0.105849586,0.251425892,0.0142626157,0.477034718,-0.0697631761,-0.00172798615,0.310740709,0.0625104979,-0.00879818015,0.680864394,0.268169254,0.0579553694,0.678118289,0.0519859195,-0.34187451,-0.0428725295,0.418394446
-0.432778358,-0.512216151,0.698950589,-0.0229954552,0.0564705729,0.696363389,0.715094686,-0.737159252,-0.391836315,0.0706085116,0.336681604,0.208320901,0.00909767952,-0.068571955,0.28972587,0.0166507885,0.473515898,-0.0755329877,-0.00180983765,0.301987916,0.0624243356,-0.00508448854,0.646359324,0.276872903,0.0637463853,0.667854786,0.0436617695,-0.343083888,-0.0291929059,0.413500041
-0.40950495,-0.486468643,0.686280251,-0.024875965,0.0551350042,0.704433262,0.707188129,-0.712532163,-0.390999407,0.0672745109,0.343562841,0.21771507,0.00978684146,-0.0276586879,0.332528442,0.0168877933,0.455934018,-0.0759560466,-0.00177290547,0.292649209,0.0634255409,-0.00283346768,0.604929507,0.290424287,0.0723312572,0.655912757,0.0505667888,-0.348684311,-0.0210888386,0.414355099
-0.383488715,-0.458177388,0.675257981,-0.030372072,0.0529951639,0.71752286,0.693851709,-0.69440794,-0.37776801,0.0576125607,0.362142652,0.222613364,0.00970813073,0.00838961359,0.376570195,0.0138236377,0.423336208,-0.0671088472,-0.0017738085,0.277094752,0.0615641735,-0.00612363266,0.555661201,0.30503422,0.0813261122,0.643394411,0.0721784607,-0.346466124,-0.0132646579,0.423123807
-0.35502103,-0.429233402,0.66713798,-0.0369639285,0.0466238074,0.733877897,0.676670611,-0.665584505,-0.354303181,0.0402747914,0.389415801,0.224452108,0.00944017153,0.0341466404,0.423336893,0.00720677711,0.385844737,-0.047247719,-0.0016342852,0.262256682,0.0588291064,-0.0071530086,0.501064003,0.333193809,0.0965892971,0.630770624,0.105118915,-0.341291547,-0.00842234399,0.435999155
-0.326784909,-0.399487495,0.677395582,-0.0413292237,0.0387606248,0.750489116,0.658449411,-0.630278051,-0.331887454,0.0206561703,0.418495983,0.221894443,0.00930023007,0.0489245653,0.457229465,0.00236935844,0.360648006,-0.021170482,-0.000962330319,0.24118048,0.0565017909,-0.00674630888,0.450044781,0.363605827,0.111822404,0.617390215,0.146285728,-0.337752789,-0.00366881886,0.449622273
-0.300249636,-0.371777713,0.693197608,-0.0439709798,0.0335714333,0.765779436,0.640719414,-0.598468244,-0.310475349,-0.000875611964,0.447676778,0.214412361,0.00909325201,0.0427970514,0.467873037,0.000954415475,0.356163144,0.00442834804,-0.000308826711,0.212195531,0.055835247,-0.00786629505,0.405907094,0.389401138,0.124683723,0.604009092,0.185822263,-0.341085434,-0.00081650319,0.462070525
-0.274116665,-0.346147656,0.706581593,-0.0464548543,0.0294518601,0.778966188,0.624648869,-0.573009849,-0.283314317,-0.0262773186,0.475460947,0.203985229,0.00872706529,0.0188457333,0.453183651,0.00264677615,0.376963675,0.0155928265,-0.00210479298,0.176101759,0.0575511605,-0.0101194754,0.368008465,0.4100914,0.134634852,0.587743223,0.220307559,-0.343440115,0.00230278517,0.474619985
-0.249559045,-0.32107529,0.718399346,-0.0475586802,0.0258050635,0.788753331,0.612323761,-0.547641098,-0.252901316,-0.0528614745,0.499833673,0.192616388,0.00827756617,-0.0110248886,0.397473425,0.0128046153,0.418628752,0.0124894204,-0.00816820562,0.13668102,0.0600342304,-0.0146675268,0.340546519,0.427261531,0.141806602,0.570305765,0.251727402,-0.344564825,0.00161314628,0.488257766
-0.225914598,-0.297143847,0.728772044,-0.0471528247,0.02219145,0.794753194,0.604691267,-0.521420717,-0.219636753,-0.0802284703,0.520264089,0.181072608,0.00784030743,-0.0463693924,0.307673872,0.0292248596,0.472538561,-0.00112458004,-0.018949097,0.0981592536,0.0627024099,-0.0220981427,0.324598461,0.441627055,0.145751193,0.553001404,0.281469613,-0.343074679,-0.00243541179,0.503662705
-0.202877015,-0.274641126,0.737344742,-0.0463709533,0.0201767944,0.797661602,0.600981474,-0.494882852,-0.185168803,-0.106456913,0.53303194,0.169397816,0.00743489014,-0.0902868435,0.190919429,0.0519673489,0.527499795,-0.0212571695,-0.0326370224,0.0662012994,0.0635365918,-0.028339453,0.315944493,0.455452144,0.14775677,0.535982251,0.306931734,-0.341268659,-0.0110788075,0.517991364
-0.181249723,-0.251917303,0.744695365,-0.0449035615,0.020494299,0.798511982,0.599951923,-0.469808936,-0.151056081,-0.13136369,0.542281449,0.157571748,0.00706804451,-0.140842512,0.0588835813,0.0813718438,0.571916938,-0.0417860337,-0.0453533083,0.0447627902,0.0626277775,-0.0346046872,0.310492635,0.466719836,0.14643684,0.519352436,0.333137453,-0.339601696,-0.0217590854,0.530967176
-0.160308957,-0.2302984,0.749003768,-0.0434096269,0.0220240336,0.7982499,0.60035634,-0.447603911,-0.117765293,-0.153990075,0.549381614,0.145345315,0.00679723825,-0.200260207,-0.0737245977,0.115953706,0.592621803,-0.0572914742,-0.0543726906,0.0312789194,0.0596228167,-0.0391974896,0.304446131,0.475117117,0.141907841,0.503377259,0.355785459,-0.340041488,-0.0347882323,0.541656673
-0.139152467,-0.20871155,0.751497746,-0.041677095,0.0234943572,0.798060596,0.600674808,-0.42663148,-0.083368957,-0.174699679,0.558276474,0.131988704,0.00667574024,-0.259752303,-0.19793117,0.151885673,0.583861172,-0.0639498457,-0.0585296191,0.0233314987,0.0548370518,-0.0435500555,0.297216177,0.480687112,0.133804515,0.489244372,0.378707439,-0.334628165,-0.0438502468,0.551478744
-0.117144167,-0.187778592,0.751851439,-0.0410942659,0.0255498383,0.798556507,0.599971652,-0.412871331,-0.0476622954,-0.193646222,0.569850385,0.116587847,0.00667990046,-0.319078445,-0.308009863,0.18599914,0.5477404,-0.0626229197,-0.0589531139,0.0181755386,0.0493008494,-0.0489618964,0.28563866,0.4843404,0.122955285,0.476969719,0.402930617,-0.327227294,-0.0525222458,0.560448468
-0.0933067352,-0.16719681,0.749838471,-0.0403211378,0.0279624574,0.800283849,0.597610354,-0.404996932,-0.00967422966,-0.211044937,0.587874711,0.0991197228,0.00678505516,-0.377129227,-0.399813682,0.215757042,0.497783601,-0.0570095517,-0.0577627346,0.0103241084,0.0444196165,-0.0535092913,0.272232503,0.489471495,0.112811238,0.469521701,0.432364911,-0.314800739,-0.0602825023,0.569039881
-0.0681364387,-0.144831419,0.745031834,-0.0393547565,0.0302836001,0.803632617,0.593050361,-0.399646342,0.0320958979,-0.227094889,0.611842573,0.0800745115,0.00690721627,-0.427899003,-0.4739317,0.240699172,0.448980778,-0.0495222248,-0.0562376194,-0.000153211498,0.0382179022,-0.0574454181,0.259579211,0.493198961,0.102406107,0.466103315,0.465125322,-0.30291298,-0.0686768517,0.578971267
-0.0407714359,-0.123153612,0.737166047,-0.0388884693,0.0337871388,0.807730436,0.587296963,-0.403185755,0.0764514655,-0.242999181,0.638577759,0.059703052,0.00696830917,-0.47404018,-0.530224442,0.261499047,0.407161027,-0.0413482636,-0.0546906851,-0.0138343954,0.0318741463,-0.0537683219,0.248463809,0.496972561,0.0942338854,0.466113865,0.495564461,-0.291284978,-0.0762350485,0.587950885
-0.0115248077,-0.0997275412,0.72677362,-0.0383258648,0.0374560356,0.811711907,0.581594408,-0.407432109,0.124224134,-0.259330004,0.66610533,0.0393208638,0.0067986967,-0.507869661,-0.566744089,0.273979276,0.380864382,-0.0307756979,-0.0525422953,-0.0313472636,0.0257667061,-0.0553726144,0.245192468,0.499567538,0.0877743959,0.470290691,0.52773422,-0.282979459,-0.0836426988,0.596334994
0.0200716164,-0.0753297806,0.714091778,-0.0375589021,0.0417151637,0.815532446,0.57598263,-0.410090744,0.172302976,-0.275260985,0.688631117,0.0199339073,0.00623729266,-0.528475583,-0.588403046,0.279090762,0.371816486,-0.0179357994,-0.0498287976,-0.049545072,0.022496026,-0.0581391342,0.252224624,0.500361741,0.0825653449,0.478502184,0.558312476,-0.279307634,-0.0911525711,0.602631688
0.0548452735,-0.0491210371,0.700205922,-0.0372302979,0.045688916,0.818795621,0.571051836,-0.40954411,0.223117158,-0.293852955,0.699787557,0.0031887868,0.00539741758,-0.535537243,-0.589414716,0.274672449,0.379244477,-0.0049698716,-0.0465714559,-0.0676060021,0.0200889036,-0.0620984249,0.270555556,0.500145793,0.0787700713,0.490676343,0.586235285,-0.27744931,-0.098481603,0.607622147
0.0933152661,-0.021315923,0.686155796,-0.036558602,0.0491438694,0.821161509,0.567399442,-0.400626302,0.27366522,-0.313465089,0.696648002,-0.00903195422,0.00429756287,-0.529358387,-0.579166591,0.264938921,0.40831247,0.00534486957,-0.0432852618,-0.0849012062,0.0203106739,-0.0687432364,0.300777316,0.499669909,0.0769777298,0.506969571,0.609495044,-0.277378291,-0.105401896,0.61025399
0.134073347,0.00784489978,0.674121141,-0.0357820839,0.0520564839,0.822743356,0.564892173,-0.391819477,0.324454874,-0.335075527,0.682384849,-0.0159648173,0.00310896896,-0.517461717,-0.555918992,0.248141527,0.454738796,0.00993599277,-0.0397657864,-0.0972444639,0.0215349942,-0.07486929,0.338938177,0.497345537,0.0766504258,0.526479483,0.627839983,-0.280068517,-0.11184451,0.610742509
0.176801205,0.0369888209,0.669856131,-0.0352552161,0.0544993505,0.822332323,0.565293252,-0.397865862,0.373731583,-0.357621819,0.666841447,-0.0156946369,0.00162931811,-0.517269969,-0.52342689,0.226871639,0.507630408,0.0076983911,-0.0361626819,-0.099124223,0.0248301923,-0.078014724,0.378408074,0.489773363,0.0757938698,0.546973169,0.640133262,-0.284471929,-0.117826343,0.608867884
0.220557585,0.0642385632,0.685662985,-0.0377176143,0.0569849201,0.818357944,0.570631504,-0.425443113,0.414892077,-0.381536931,0.654069662,-0.00916885678,-0.000379462115,-0.527658463,-0.473032892,0.19616209,0.56688416,0.00121981907,-0.0318455771,-0.0891094953,0.0267219953,-0.077646926,0.416597009,0.476492137,0.0734403729,0.56584388,0.637923777,-0.289849818,-0.122232117,0.603306234
0.262925804,0.0896741599,0.699235082,-0.040333271,0.0572030991,0.811243892,0.580503523,-0.470748454,0.436026931,-0.4024553,0.657767236,-0.000486388482,-0.00291205826,-0.53693217,-0.407730877,0.158870816,0.62501651,-0.00624259608,-0.0273327492,-0.0633389428,0.0282925311,-0.0752560273,0.453221112,0.462014437,0.0704047531,0.582427561,0.624444187,-0.298259228,-0.126435116,0.595116854
0.303588241,0.111654237,0.710781455,-0.045136217,0.0569004938,0.802223086,0.592590213,-0.533899724,0.430200726,-0.419180483,0.683578074,0.00461673783,-0.00634645903,-0.548027158,-0.329877555,0.120854981,0.671205759,-0.0141094765,-0.0231704582,-0.0288905147,0.0293593276,-0.0767335221,0.48794198,0.446369499,0.066426307,0.597100079,0.598071754,-0.309757352,-0.130590424,0.584640205
0.339069635,0.130344868,0.719039023,-0.0504822731,0.058683943,0.793133497,0.604108453,-0.604038596,0.385164618,-0.418667883,0.731099963,0.00214739004,-0.0111951334,-0.555754304,-0.256005704,0.0923037231,0.697345018,-0.0207583047,-0.0199858248,0.0112310797,0.0307619665,-0.079077661,0.514675319,0.428105712,0.0623809695,0.609589577,0.558823943,-0.326446474,-0.137209699,0.571601033
0.371147186,0.145762041,0.725701809,-0.0566828884,0.0626467913,0.784472883,0.614381611,-0.684202254,0.309681743,-0.397356033,0.79074806,-0.0063840989,-0.0177750215,-0.564968348,-0.192318171,0.0741756037,0.703686595,-0.0253133066,-0.0177605487,0.0512985699,0.0324327722,-0.0783610791,0.533528447,0.405590236,0.0559540503,0.617464423,0.511853397,-0.345496207,-0.145461842,0.557708323
0.39915514,0.159450576,0.731392264,-0.0621299706,0.0689601302,0.776391745,0.623378098,-0.770425558,0.210991621,-0.354056746,0.846864462,-0.0150889391,-0.0245523434,-0.568196893,-0.141233698,0.0652524605,0.693023801,-0.0270799771,-0.0160280708,0.0875727162,0.0333684385,-0.0751954764,0.548955739,0.382419735,0.0491660833,0.622812688,0.459459931,-0.368430942,-0.156076699,0.541893959
0.423735023,0.172622666,0.736633718,-0.0656158701,0.0753054917,0.76919049,0.631165326,-0.855485499,0.101838954,-0.293523073,0.882041931,-0.0189292673,-0.0296075307,-0.561236501,-0.09980122,0.0623243302,0.669585407,-0.0267590918,-0.0145436116,0.118137881,0.035078302,-0.0720049068,0.563345909,0.361204177,0.0423671566,0.626288176,0.405725271,-0.392207474,-0.167910457,0.525152445
0.446926445,0.186581478,0.741223097,-0.0676841512,0.0809401423,0.762287855,0.638580263,-0.930713773,0.00201088516,-0.224631071,0.886442721,-0.0146190412,-0.0317365602,-0.545925975,-0.0641667843,0.0617877804,0.638640583,-0.0255473983,-0.0132124657,0.139005572,0.0364660807,-0.0685407594,0.581176639,0.345187694,0.0369888805,0.630326331,0.354303539,-0.412969321,-0.176954538,0.506910026
0.468569726,0.201996773,0.744095206,-0.0683541521,0.0852281898,0.755231738,0.646288574,-0.987082422,-0.0826685429,-0.153779685,0.863460064,-0.0028763758,-0.0313331559,-0.523421705,-0.0319480523,0.0619942322,0.606258214,-0.0238984954,-0.0119748898,0.152562916,0.0380241573,-0.0646380708,0.599848449,0.334196091,0.032730341,0.632604182,0.306707799,-0.425486922,-0.180574358,0.486991584
0.489108652,0.218841702,0.745915711,-0.0674690455,0.0885339007,0.747382522,0.655003011,-1.02294409,-0.15174073,-0.0846907422,0.820367277,0.014001186,-0.0291659608,-0.497777432,-0.000138970994,0.0617885292,0.578135371,-0.0228084717,-0.0107472576,0.162131131,0.039718762,-0.0625208914,0.620356143,0.327943653,0.0300789662,0.635539412,0.264889151,-0.432354987,-0.181715995,0.466198385
0.509307086,0.237102255,0.745987177,-0.065231733,0.0900839567,0.738660872,0.664838195,-1.03508246,-0.206775606,-0.021951247,0.762690723,0.03525877,-0.0255616419,-0.469539076,0.032615535,0.0605673306,0.558113575,-0.022884611,-0.00959213171,0.170557961,0.0412687808,-0.0578778721,0.638634622,0.326037735,0.0285085198,0.63754791,0.229665026,-0.431502342,-0.177241743,0.4451285
0.530113459,0.256345928,0.743209183,-0.0628400221,0.0897135809,0.729337454,0.675329149,-1.02716827,-0.248706356,0.0317177698,0.695264816,0.0600745641,-0.0211558267,-0.441059291,0.068305172,0.0569028892,0.547377706,-0.0243846681,-0.00853079464,0.178554416,0.0431238599,-0.0560959019,0.65503782,0.32983467,0.0299700852,0.639442384,0.20044452,-0.424999654,-0.168020964,0.426034749
0.550825477,0.276698202,0.739150524,-0.0597979911,0.0883736983,0.720165849,0.685547471,-1.00513434,-0.283439785,0.0773428977,0.623158336,0.0859033912,-0.0166937839,-0.412818521,0.105277218,0.051680468,0.547947466,-0.0280230381,-0.00749549037,0.188462153,0.0450049341,-0.0535602644,0.667847514,0.336579353,0.0338553265,0.642413914,0.178788722,-0.415202081,-0.155169979,0.411334395
0.571725726,0.298319548,0.732446074,-0.0563767776,0.0858291239,0.71191591,0.694716334,-0.971490085,-0.312226862,0.113560796,0.553149879,0.112274922,-0.0126944734,-0.380494565,0.145094186,0.0452692658,0.555939555,-0.0331931934,-0.00646680454,0.200348049,0.0461207181,-0.0476406552,0.673260868,0.346718103,0.0406797528,0.645234942,0.164098531,-0.404948741,-0.140792996,0.401689827
0.593067884,0.320656776,0.724041581,-0.0527984947,0.0832137242,0.705496252,0.701828241,-0.930488706,-0.335859805,0.139881894,0.486402363,0.138482928,-0.00936155301,-0.346782565,0.184643477,0.0400193818,0.567674279,-0.0396176241,-0.00560598914,0.211984262,0.0471034348,-0.0451603532,0.672096074,0.359238237,0.0498296358,0.646955013,0.154345423,-0.39862451,-0.126427859,0.396587968
0.614827752,0.342974961,0.71399796,-0.0504769087,0.0815882087,0.701735258,0.705948353,-0.889882565,-0.352813303,0.156305254,0.42950806,0.162659794,-0.00672922609,-0.31579721,0.224008426,0.0356560051,0.578431666,-0.046725329,-0.00493642967,0.224269211,0.047255408,-0.0411602594,0.660548925,0.370746642,0.0593659729,0.646159947,0.148644045,-0.39659664,-0.112930201,0.395875335
0.638203681,0.366920441,0.702918351,-0.0496309176,0.0795183703,0.701933682,0.706047237,-0.844521701,-0.36354503,0.164885342,0.392751247,0.184296712,-0.00477386499,-0.277926713,0.264712811,0.031508252,0.581967652,-0.0528602414,-0.0045557362,0.233708143,0.0472383872,-0.0357898995,0.640115678,0.381384701,0.069295451,0.642661572,0.146043792,-0.39516288,-0.10019546,0.397730738
0.663945138,0.392968982,0.690447688,-0.0503432229,0.0761271566,0.706747115,0.701554537,-0.792394161,-0.364127457,0.165984109,0.381067097,0.200777933,-0.0033963162,-0.229823053,0.309096336,0.0254693348,0.56952858,-0.0557693616,-0.00435028179,0.237348542,0.0454095565,-0.0324542522,0.614538372,0.392387539,0.0791294649,0.637167156,0.14965409,-0.392813951,-0.088895753,0.402787358
0.691964269,0.420342475,0.679058313,-0.0522691607,0.0714745969,0.715025246,0.693468273,-0.742670834,-0.357077748,0.156847477,0.378692508,0.208337575,-0.00195562281,-0.182468951,0.356559902,0.0174659789,0.541880727,-0.0533655323,-0.00429386552,0.231283352,0.0431313738,-0.0313925706,0.587577999,0.399926305,0.0873709768,0.632356763,0.158542901,-0.386785835,-0.0777021348,0.410652936
0.721593082,0.44830507,0.669344366,-0.0558186695,0.0649144128,0.725416601,0.68296504,-0.699657679,-0.34256351,0.139276549,0.384675592,0.210133135,-0.000669322559,-0.142803296,0.404334992,0.0080120014,0.505128682,-0.0428161733,-0.00436233031,0.213978857,0.0403187647,-0.0310869347,0.563684642,0.402938128,0.0935909599,0.629478812,0.171650633,-0.375786841,-0.0650916919,0.417854518
0.751629055,0.475987524,0.663801968,-0.0608859509,0.0578517281,0.736786842,0.670888424,-0.667363107,-0.326499432,0.120422401,0.394614726,0.207726017,0.000541688525,-0.118616693,0.444670647,-0.000150109976,0.46912396,-0.0257237349,-0.00427762233,0.189323738,0.0376735218,-0.0317513011,0.546293795,0.40403235,0.0988792256,0.630149722,0.189586639,-0.36515817,-0.0537615232,0.42328462
0.779353917,0.503021181,0.674729824,-0.0648955554,0.0520195104,0.747718632,0.658786297,-0.641055226,-0.304207951,0.09758389,0.418334782,0.200126365,0.0012801846,-0.110909,0.467834413,-0.00708437758,0.449140102,-0.00581305614,-0.0041317679,0.157380819,0.0357629471,-0.0332747996,0.533951104,0.404006571,0.102908738,0.632676721,0.212608159,-0.357365698,-0.0421496816,0.427714914
0.805600762,0.529658794,0.687880337,-0.0659566,0.048380971,0.756743312,0.648574233,-0.621055424,-0.275964111,0.0726967379,0.454711497,0.189329639,0.00175829569,-0.116682924,0.469206184,-0.0133983223,0.45235756,0.0111563914,-0.00461163884,0.122656912,0.0345786847,-0.0355088823,0.527157903,0.401183844,0.104669444,0.637359202,0.241380304,-0.354260534,-0.0323792659,0.435278744
0.831168592,0.55375737,0.699942112,-0.0656220689,0.0445633717,0.763174653,0.641305149,-0.598994851,-0.242360905,0.046494551,0.494232088,0.177108124,0.00215201615,-0.132154301,0.441916376,-0.0160210356,0.484905154,0.0152982902,-0.00778794149,0.0846019238,0.037203107,-0.0384045653,0.524747908,0.399320602,0.106262863,0.642189443,0.271264493,-0.352509379,-0.025069559,0.445399165
0.856718838,0.577284575,0.710951865,-0.0640361086,0.0402026176,0.766615629,0.637639105,-0.573084474,-0.205870748,0.0193872824,0.529180288,0.16478999,0.00239005056,-0.153602004,0.388558656,-0.0150584113,0.547845781,0.00782493874,-0.0151428068,0.0487984903,0.0410549864,-0.0420934558,0.526719093,0.40176186,0.109649837,0.646859288,0.304282159,-0.348907977,-0.0220155865,0.458996445
0.879429996,0.597311139,0.719979823,-0.0622443072,0.039052669,0.76673311,0.637746811,-0.551635087,-0.174550995,-0.00412706332,0.553689063,0.152361378,0.00248697842,-0.193058863,0.302299738,-0.00476129353,0.639300764,-0.00893562101,-0.0277844816,0.020032268,0.0451309606,-0.0460261777,0.527450562,0.40274322,0.112425864,0.649959922,0.3383452,-0.346889764,-0.0235518757,0.475563824
0.901577652,0.617248178,0.727654219,-0.0600443184,0.0399005711,0.764181256,0.640959978,-0.52584213,-0.144738555,-0.026036812,0.567835808,0.141111255,0.00247753155,-0.254393101,0.196086556,0.0157120079,0.742625654,-0.0322839543,-0.0427657068,0.000629153918,0.0471814871,-0.0512685291,0.526405931,0.402917862,0.114418954,0.650087953,0.371332109,-0.345571667,-0.0286187194,0.492559642
0.922002017,0.636406541,0.733909309,-0.0573108718,0.043157734,0.76008898,0.645846486,-0.498622179,-0.119869091,-0.0435814112,0.573359311,0.130517095,0.00243437313,-0.332677811,0.0704566166,0.053137701,0.841593087,-0.0536689796,-0.0569724888,-0.00978035014,0.0473637693,-0.0546333157,0.522069395,0.404194862,0.115878142,0.645854652,0.403996289,-0.345200419,-0.036311321,0.510170698
0.941498816,0.654791474,0.739081562,-0.0545596294,0.0484813303,0.755908847,0.650595546,-0.473752677,-0.0957649499,-0.0593448617,0.573702335,0.119411483,0.00247425237,-0.427462459,-0.0555917211,0.104574993,0.910292387,-0.0696916133,-0.0665403828,-0.0127474396,0.0446646363,-0.0584025383,0.509768605,0.407090694,0.116897687,0.635643363,0.434986442,-0.346954882,-0.0457619615,0.527299643
0.961399436,0.673032045,0.742252707,-0.0528801493,0.053966634,0.752503276,0.654240072,-0.451416403,-0.0711276308,-0.0735962763,0.573416591,0.107312001,0.00255880808,-0.522238553,-0.163888797,0.161837265,0.929827154,-0.0749226063,-0.0698626116,-0.0121764196,0.0398935303,-0.0609800294,0.491519153,0.411269635,0.117154345,0.621910334,0.463860929,-0.347044826,-0.0548317023,0.543222189
0.982670665,0.691269159,0.743149579,-0.0520188585,0.0585744418,0.750341654,0.656391978,-0.433893681,-0.040598873,-0.0877146795,0.577565789,0.0937648714,0.00276962365,-0.604772508,-0.249995887,0.218571514,0.896811843,-0.0691499859,-0.0681803375,-0.0144278118,0.0352858342,-0.0655335784,0.470060855,0.419262916,0.116755992,0.605717897,0.48873511,-0.34406662,-0.0625312999,0.556324065
1.00592387,0.7090258,0.741628587,-0.0518531911,0.0623635836,0.749538958,0.656972945,-0.422380567,-0.00588511722,-0.100928634,0.588475883,0.0784707814,0.00298354332,-0.674277186,-0.315666795,0.269734621,0.825027347,-0.0567266457,-0.0639976114,-0.0196907558,0.0308309384,-0.0682255179,0.44541508,0.429607868,0.11658138,0.588923633,0.510748386,-0.335872859,-0.0680239052,0.566870809
1.03082395,0.729688048,0.738094032,-0.050793156,0.0639993325,0.749946594,0.656433105,-0.408056527,0.0361779518,-0.113823168,0.609422803,0.0616690107,0.00332416804,-0.722473741,-0.36604467,0.312693119,0.741567492,-0.0419076383,-0.0592905432,-0.0266805422,0.0265708156,-0.0726195946,0.421709746,0.44134745,0.116754144,0.572921038,0.533350885,-0.325233459,-0.072896108,0.575741768
1.05725622,0.751110435,0.731444478,-0.0491493233,0.0649250224,0.751306117,0.654910803,-0.39420864,0.0830943882,-0.125339732,0.636635184,0.0433927365,0.00362429582,-0.75769484,-0.409846723,0.349601239,0.663438916,-0.0263074767,-0.0550283566,-0.0353899486,0.0235108491,-0.0743184835,0.39833042,0.452550769,0.117017046,0.557569325,0.553897202,-0.313141674,-0.0765823945,0.582763374
1.0855062,0.774470568,0.721935511,-0.0464423187,0.0651342794,0.75379163,0.652226031,-0.377356112,0.133969575,-0.1364142,0.667053699,0.0242630653,0.00377437728,-0.777202785,-0.447006136,0.376796842,0.604733765,-0.0113130668,-0.0514851734,-0.0416360907,0.0206356384,-0.0774967298,0.377477229,0.463603318,0.117668115,0.545246065,0.574525297,-0.300927639,-0.0792001411,0.589420378
1.11643481,0.797923982,0.709858179,-0.04379135,0.0654394254,0.756839097,0.648840964,-0.361407995,0.18821612,-0.148024887,0.694539309,0.00526452996,0.00359459384,-0.787315428,-0.475291133,0.394533336,0.563186765,0.00343975984,-0.0483249761,-0.0482079834,0.0185823832,-0.0798517913,0.358336329,0.473764002,0.118554153,0.533886552,0.593150079,-0.290768027,-0.0818813667,0.594519258
1.14997923,0.823547602,0.695466042,-0.0400182046,0.0653747022,0.760130286,0.64523387,-0.339236498,0.242485017,-0.160338908,0.713820577,-0.0112335831,0.00307325413,-0.779517829,-0.491799921,0.401785105,0.543318152,0.0189426038,-0.0452039763,-0.0539984033,0.0176952034,-0.0829183385,0.346637934,0.480334073,0.119215377,0.525874496,0.611869037,-0.283082634,-0.0848518983,0.599032342
1.18723941,0.85238713,0.68082273,-0.0354327485,0.0645058379,0.76289618,0.642318487,-0.308144093,0.29476583,-0.175118625,0.718758881,-0.0234513823,0.00224924996,-0.752381563,-0.494890869,0.398560315,0.545804024,0.0326733254,-0.0420974158,-0.0553369969,0.0173676964,-0.0849934518,0.343214005,0.482550889,0.118857145,0.521203816,0.630447507,-0.277208924,-0.0878735855,0.60298568
1.22823703,0.882214248,0.667696595,-0.0317870229,0.0624154173,0.764191151,0.64117533,-0.273053795,0.345419586,-0.194179013,0.705967963,-0.0304018203,0.00120049156,-0.710156679,-0.483254582,0.383327425,0.56952697,0.0411837623,-0.0389216654,-0.051519163,0.0199955292,-0.0865980685,0.34917888,0.483166307,0.118661515,0.520110309,0.645658135,-0.272435695,-0.0902120546,0.604768753
1.27155542,0.912593007,0.647030413,-0.0287409537,0.0597884469,0.763994157,0.641804039,-0.242379785,0.395837188,-0.215401739,0.684479773,-0.0300635584,-9.56112945e-06,-0.671768725,-0.454317629,0.357229084,0.602559209,0.043639563,-0.0355948769,-0.0478402264,0.0226922762,-0.090672791,0.364524901,0.477268577,0.117111512,0.524558365,0.651751041,-0.271165133,-0.0921625122,0.602864861
1.31620979,0.94300735,0.656539202,-0.0273314994,0.055401206,0.761548102,0.645157516,-0.228818446,0.449556053,-0.240540221,0.661571622,-0.0232012812,-0.00163680827,-0.641027331,-0.408341736,0.323767245,0.641556263,0.0418491513,-0.03224409,-0.0365837775,0.0243489817,-0.0930099189,0.386878699,0.466260701,0.114140064,0.532261848,0.646903038,-0.270929724,-0.0937616155,0.598221958
1.35986924,0.972447395,0.672224283,-0.0269611888,0.0500522032,0.756945491,0.651000321,-0.231106609,0.491825819,-0.260525554,0.650167108,-0.0131840501,-0.00352676027,-0.607120872,-0.348028183,0.283349693,0.682274699,0.0383444689,-0.0286822505,-0.0166925527,0.0246613901,-0.0922820792,0.413951367,0.45175758,0.109570779,0.541072667,0.629602015,-0.272979409,-0.0963917077,0.59065038
1.40077662,0.998091042,0.686363161,-0.0285940375,0.0446141325,0.75194639,0.657091022,-0.259694964,0.514391601,-0.269619882,0.656181395,-0.00668605836,-0.00578152994,-0.572620511,-0.277048379,0.242599219,0.712101161,0.0336262919,-0.02524749,0.0143261766,0.0250023101,-0.0904552713,0.441870004,0.439810783,0.105581202,0.55050379,0.601471663,-0.27647832,-0.100566655,0.580831468
1.43765175,1.01957989,0.698569298,-0.0325201564,0.0426303521,0.747852147,0.661696494,-0.316616863,0.5048545,-0.258487821,0.683193982,-0.00969740842,-0.00980893523,-0.542039037,-0.204257011,0.210756823,0.722258627,0.0280778352,-0.0222579818,0.0501736477,0.0248685163,-0.0909489766,0.463288277,0.428790629,0.101688333,0.559577882,0.562478364,-0.283803582,-0.107193649,0.568558455
1.47068012,1.03962839,0.708562493,-0.0361883193,0.0427907519,0.745256722,0.664418399,-0.398684442,0.462491512,-0.222826153,0.729094565,-0.0203223359,-0.0171638373,-0.508700013,-0.141366631,0.18933925,0.71548605,0.0230508223,-0.0199679956,0.086397104,0.024318004,-0.0870490968,0.480239391,0.415589243,0.0963122994,0.568366766,0.518391788,-0.29515022,-0.115313612,0.555775285
1.49995148,1.05554128,0.716795206,-0.0419035256,0.0472310595,0.745115936,0.663939416,-0.511226773,0.392800868,-0.165744171,0.778248847,-0.0356074423,-0.0280499514,-0.486384898,-0.0952186733,0.179810926,0.691258252,0.0182996858,-0.0182683524,0.115120873,0.0248365626,-0.0837139264,0.494519353,0.400685012,0.0900864303,0.576678932,0.466046572,-0.313805282,-0.127385587,0.540955067
1.52675605,1.06951082,0.723949075,-0.0479148552,0.0541299023,0.747677028,0.660116017,-0.639271259,0.303907186,-0.0943888202,0.819703341,-0.0490305163,-0.0400147177,-0.470211655,-0.0577057116,0.173847318,0.66164875,0.0136988759,-0.0167041887,0.133928746,0.0250303224,-0.077271387,0.507320583,0.386222899,0.0834881738,0.584452391,0.409945518,-0.336817592,-0.141708583,0.523912549
1.5512681,1.08456254,0.728666723,-0.0526158623,0.061347872,0.751830995,0.654383838,-0.759535968,0.204724953,-0.0153343501,0.84119302,-0.0541880019,-0.0493057147,-0.45331949,-0.0282377303,0.17026481,0.634673774,0.00890273415,-0.0152432565,0.139904782,0.0247063302,-0.0708086714,0.521298766,0.376377612,0.0786650777,0.592301905,0.353431374,-0.364718795,-0.15808998,0.505150974
1.57541716,1.09990835,0.730193853,-0.0568944439,0.0671252459,0.754904926,0.64990449,-0.857560515,0.106801465,0.0633606836,0.83085227,-0.0481037237,-0.0538379997,-0.440009803,0.00412206957,0.163102478,0.61471653,0.00324508059,-0.0137274023,0.137069464,0.0251584742,-0.0639505759,0.536996722,0.373489827,0.0762255117,0.599278569,0.297264159,-0.390345097,-0.172016963,0.484438598
1.59760416,1.11736715,0.730233431,-0.0589912608,0.0719632208,0.754712403,0.649423242,-0.916307509,0.0133783994,0.136458695,0.786382675,-0.0301401634,-0.0528343506,-0.431196034,0.0344173759,0.155170843,0.608730972,-0.00410820637,-0.012237736,0.134670809,0.0269250646,-0.0590718351,0.556207776,0.372213691,0.0745026767,0.607214868,0.242996395,-0.412276179,-0.182090163,0.463952631
1.61831594,1.13598013,0.726935863,-0.0592604317,0.0760493129,0.751281679,0.652901769,-0.942901969,-0.0674349666,0.196501479,0.716364026,-0.00503878761,-0.0483879,-0.421627194,0.0615718961,0.146602035,0.61452353,-0.0130656054,-0.0108485892,0.139181271,0.0283726249,-0.0539136045,0.578449845,0.371419221,0.0734639317,0.616027653,0.191146702,-0.432456106,-0.188590914,0.4454723
1.63874662,1.15579152,0.72167033,-0.059182968,0.0790559426,0.745433629,0.659223974,-0.947671831,-0.1372578,0.242779315,0.631798506,0.0234919935,-0.0423820503,-0.413473576,0.0928591788,0.134314761,0.630761504,-0.0242996421,-0.00938856695,0.153158382,0.0302370004,-0.0485561825,0.596938789,0.371638298,0.0731168613,0.623807251,0.142935827,-0.448157668,-0.190002635,0.430074185
1.65880573,1.17670071,0.714216292,-0.0591013394,0.0808177665,0.738842189,0.666399062,-0.938432157,-0.197166607,0.274967998,0.544837177,0.0538367331,-0.0358814336,-0.407840848,0.127305433,0.120561384,0.657283664,-0.0375900604,-0.00806187466,0.175940916,0.0316328779,-0.0430235416,0.609442711,0.373076886,0.0747270957,0.632122338,0.0990052149,-0.459618926,-0.187662452,0.418151438
1.67871392,1.19882536,0.704308927,-0.0587501489,0.0819391236,0.733144581,0.672557414,-0.923557043,-0.245496377,0.294730335,0.466634423,0.0844776779,-0.0297896173,-0.399660558,0.16391404,0.106586821,0.690183818,-0.0512999557,-0.0068376381,0.204255208,0.033038713,-0.0358691849,0.611569405,0.377179444,0.0787721351,0.637503743,0.062322706,-0.468199432,-0.183183491,0.408940434
1.69854558,1.22325885,0.693251491,-0.0586707667,0.0821477696,0.72916472,0.676851809,-0.903929234,-0.283213645,0.30479911,0.406906992,0.113437042,-0.0244045071,-0.385021865,0.202363744,0.0932258964,0.724364042,-0.0644123852,-0.00587954232,0.234128892,0.0317138731,-0.0295136534,0.606267869,0.382225066,0.0838364363,0.639994204,0.0332666412,-0.475493997,-0.179228514,0.403137922
1.71853423,1.2500422,0.681981921,-0.0584625416,0.0826868042,0.727638841,0.678444445,-0.880430341,-0.311300844,0.307520628,0.369477779,0.139675841,-0.0199355669,-0.359462708,0.23847039,0.0819818228,0.749265671,-0.0752945319,-0.00520706596,0.26169306,0.0312934257,-0.0258538648,0.592585206,0.386206031,0.0892875791,0.639933586,0.0123754768,-0.480157763,-0.174897507,0.399386525
1.73976684,1.2789644,0.670984149,-0.0588383563,0.0824519098,0.729403615,0.676542819,-0.846716404,-0.327832758,0.303902656,0.349012941,0.162687689,-0.0165660884,-0.319539249,0.272710264,0.0719029233,0.752967417,-0.0824251249,-0.00489638606,0.283124954,0.0313547142,-0.0251102094,0.572374463,0.390660286,0.0950411633,0.637656212,0.000363801839,-0.479707152,-0.168810591,0.399174482
1.76294291,1.31120431,0.66093123,-0.059540581,0.0805942789,0.733963668,0.671756506,-0.801541924,-0.331667244,0.291325212,0.340757161,0.178549275,-0.0139567377,-0.268677413,0.309399605,0.0614729151,0.732892036,-0.0840632543,-0.00473588612,0.292289913,0.0301208887,-0.0239668861,0.550889373,0.395277292,0.100813709,0.633397937,-0.00231380505,-0.477803797,-0.163537681,0.401605159
1.78792071,1.34596419,0.650386274,-0.060728658,0.0765224323,0.740885019,0.664489031,-0.752444148,-0.32613796,0.268624425,0.346149981,0.187958345,-0.0115317646,-0.212915033,0.348887742,0.0496892929,0.694540739,-0.0775822774,-0.00470747845,0.286194563,0.0296227876,-0.0261252578,0.533076942,0.399793506,0.105847009,0.629813015,0.00116373308,-0.467572302,-0.15371877,0.404988557
1.81356812,1.3820864,0.641749978,-0.0629492328,0.0709570646,0.750143766,0.65443629,-0.703240752,-0.314826399,0.239928097,0.354574829,0.191296563,-0.00932356063,-0.16076465,0.385920733,0.0392670818,0.642854393,-0.0633158237,-0.00464700302,0.270170718,0.0270797499,-0.0219785161,0.519155145,0.409514427,0.113049179,0.626434684,0.0136034926,-0.453454316,-0.14148964,0.407542825
1.83805943,1.41705596,0.639822245,-0.0652436018,0.0665103272,0.760006249,0.64320302,-0.659981668,-0.304569066,0.213611215,0.36146313,0.188661993,-0.00739173079,-0.11974711,0.412726849,0.0300669447,0.591562986,-0.0446674712,-0.00435322011,0.246657267,0.0252513662,-0.0239788964,0.503495693,0.423342228,0.120968677,0.62335223,0.038351059,-0.440448403,-0.129758269,0.412190139
1.86039329,1.45036364,0.654509127,-0.0646212175,0.0633076206,0.770743906,0.630690157,-0.626295507,-0.286642879,0.185097858,0.387282044,0.181120485,-0.00600376958,-0.091871202,0.420789927,0.0237027537,0.558285058,-0.023585761,-0.00389244873,0.210211471,0.0239798594,-0.0248751044,0.487510473,0.435295731,0.128641516,0.62248081,0.069006741,-0.431950957,-0.11865931,0.420332044
1.88184881,1.4810257,0.668585479,-0.0633219704,0.062323302,0.780970931,0.618215621,-0.60350126,-0.259730339,0.156654418,0.424550086,0.170951262,-0.00493584201,-0.0873092338,0.402881324,0.0204551201,0.558335841,-0.0101331342,-0.00466005085,0.167036012,0.0240695048,-0.0261649005,0.468505114,0.44336617,0.133925959,0.621627808,0.110343277,-0.426337451,-0.112289198,0.43497014
1.90201604,1.50954342,0.680093229,-0.0609621108,0.0624280833,0.788644254,0.608626783,-0.584387064,-0.232877538,0.130288079,0.46584478,0.160210475,-0.00402885396,-0.0993718058,0.353170335,0.0218787864,0.596317172,-0.00718031684,-0.00861234032,0.119857959,0.026648825,-0.0287806876,0.451508731,0.453198075,0.139563054,0.6195907,0.160124213,-0.421566576,-0.110723183,0.453730851
1.92087018,1.53532755,0.688170254,-0.0578766093,0.0637877807,0.793278158,0.602736473,-0.566746831,-0.21129933,0.107814774,0.503623486,0.149527848,-0.0033293399,-0.13340497,0.273620307,0.0313161947,0.673006654,-0.0162093993,-0.017916318,0.0711979717,0.0306196269,-0.0327060074,0.439619005,0.466428071,0.146330521,0.616425872,0.213289589,-0.419716775,-0.112611078,0.474611968
1.93879342,1.56097484,0.694658041,-0.0527982898,0.0649779066,0.795625091,0.599975705,-0.539240479,-0.196909666,0.0871895552,0.534870803,0.138539076,-0.00279641012,-0.187022626,0.169966072,0.0542765707,0.778098583,-0.0339988172,-0.0316867046,0.0288407784,0.0349382795,-0.0419114344,0.428767592,0.48434186,0.154475108,0.610929787,0.269855201,-0.421447784,-0.117496565,0.497993946
1.95570707,1.58506143,0.699397922,-0.04682298,0.0682300702,0.796180606,0.599373579,-0.510544121,-0.186176047,0.0686119795,0.555926681,0.126928389,-0.00231408398,-0.267667294,0.0429089703,0.0993111432,0.88912034,-0.0565661713,-0.0472230241,-0.00599081721,0.0364972539,-0.0491311736,0.416980326,0.502559781,0.161646307,0.60310632,0.328288883,-0.425803244,-0.124326237,0.522389054
1.97223055,1.60806286,0.703448236,-0.0412359014,0.072809197,0.795745075,0.599823534,-0.483563095,-0.174849451,0.0505285189,0.57169354,0.114474118,-0.00181950664,-0.368947029,-0.0940543339,0.164503142,0.979448795,-0.0766949058,-0.0602641925,-0.0317601375,0.0346388668,-0.0540263206,0.402097702,0.521053493,0.168687701,0.591744125,0.386310667,-0.431683898,-0.133137539,0.546645463
1.98865986,1.62979066,0.705179751,-0.0371304415,0.0781508684,0.795123696,0.60024333,-0.460521311,-0.160283267,0.0329114273,0.584147632,0.100995816,-0.00125416077,-0.47978285,-0.225281253,0.240955472,1.02126658,-0.0874842331,-0.0672426596,-0.0492189787,0.0310297571,-0.0582838319,0.382195175,0.542892873,0.176213071,0.577160954,0.440989524,-0.435561508,-0.142830566,0.569440961
2.0056119,1.65115047,0.706595838,-0.033778239,0.0830614939,0.795593798,0.599157989,-0.439932913,-0.138919219,0.0155789163,0.598376095,0.0857086927,-0.000527650758,-0.580830276,-0.34161526,0.318050236,0.997084796,-0.084588781,-0.0671336874,-0.0591714978,0.0271129012,-0.0646838993,0.357661873,0.566667557,0.183535606,0.559431791,0.493695378,-0.433614016,-0.151958376,0.590530753
2.02498221,1.6724633,0.706574321,-0.0323743969,0.0869540423,0.797786236,0.595758438,-0.422533125,-0.107155435,-0.00162338268,0.615422428,0.0685004443,0.000299361098,-0.663134754,-0.43185401,0.380485713,0.917639494,-0.0723674372,-0.0628029034,-0.0648696795,0.0233610775,-0.0708282739,0.331038684,0.594111919,0.189652741,0.537691534,0.541860878,-0.421493798,-0.158204094,0.607707679
2.04710865,1.69394064,0.704566121,-0.0322854742,0.0891029462,0.80135572,0.590632975,-0.406391054,-0.0669662505,-0.0184183661,0.633545041,0.0491517968,0.000984772458,-0.727306604,-0.495011717,0.426101387,0.815991402,-0.058166828,-0.0579265282,-0.0719772205,0.0203453265,-0.0765546039,0.304441363,0.623026609,0.195418134,0.51384151,0.583537757,-0.400560409,-0.160759598,0.620895386
2.07104158,1.71704483,0.701077402,-0.0317690186,0.0904018059,0.805885732,0.584265709,-0.392977864,-0.0215385389,-0.0340086482,0.656502962,0.0282204784,0.00141902489,-0.767839909,-0.539825976,0.459230572,0.722503901,-0.0428807884,-0.0535836294,-0.0770920813,0.0169025995,-0.0752922446,0.280539453,0.650468767,0.200533763,0.489821792,0.614372551,-0.373292565,-0.159167573,0.629320741
2.09663391,1.74038017,0.695408463,-0.0324360132,0.0911675021,0.810832262,0.577223957,-0.384318352,0.0285351817,-0.0506051444,0.6767869,0.00669045234,0.00146257726,-0.787279665,-0.568965137,0.479814768,0.647817254,-0.0257943626,-0.0496033765,-0.0830140933,0.0148277516,-0.0805198401,0.261568695,0.674532533,0.203870326,0.467410147,0.636196196,-0.343957633,-0.154779881,0.633644462
2.12412071,1.76547468,0.688187957,-0.0323113799,0.0899711624,0.815697134,0.570525527,-0.369178653,0.0812856331,-0.0696427897,0.692119122,-0.0130147608,0.0010868496,-0.783578336,-0.583054483,0.484460056,0.596507967,-0.00846287329,-0.0458622873,-0.0874823555,0.0127287768,-0.0847154334,0.252064168,0.69077301,0.20403713,0.450154781,0.65016824,-0.313440502,-0.147709996,0.634844184
2.15433025,1.79150808,0.680979073,-0.0325071663,0.0884720609,0.819755912,0.564903736,-0.355787486,0.132528916,-0.0912863463,0.696577907,-0.029742267,0.000255566119,-0.763804972,-0.578980982,0.47252667,0.562889516,0.00785499625,-0.0422022566,-0.0884932801,0.0111023951,-0.0850716159,0.250762075,0.696087241,0.200005725,0.439215928,0.653900921,-0.287038326,-0.140848458,0.632644415
2.18760395,1.82011616,0.674007118,-0.0331454352,0.0870792642,0.822274446,0.561411917,-0.339106411,0.182163209,-0.116777711,0.687865555,-0.0409467556,-0.00072668225,-0.729915321,-0.561292589,0.450608641,0.54928416,0.0215038452,-0.0386465043,-0.0849345475,0.0110014901,-0.0897236839,0.258396626,0.691056252,0.191564977,0.43530196,0.65019089,-0.264062464,-0.132892191,0.627496541
2.22435379,1.85074747,0.668066442,-0.0335225835,0.0843725279,0.823425055,0.56011492,-0.31917873,0.232756123,-0.147397161,0.666718721,-0.0458093174,-0.00172184093,-0.683520138,-0.531965494,0.421901762,0.554979146,0.0302293897,-0.0351570286,-0.077075772,0.0123285605,-0.0893322378,0.276121497,0.678043008,0.181408808,0.439750016,0.637818038,-0.251375526,-0.127924755,0.618407726
2.26307058,1.8830986,0.657329321,-0.033723589,0.0803620219,0.823769867,0.560185552,-0.303934306,0.283193469,-0.177335367,0.64624685,-0.0435382128,-0.0029912407,-0.637124479,-0.490397751,0.387622088,0.563357294,0.0349568948,-0.0318899117,-0.0670984685,0.014772661,-0.0883614793,0.305359334,0.658495188,0.170144379,0.454156101,0.617615819,-0.24149403,-0.122798227,0.607939184
2.30313802,1.91482604,0.657643557,-0.0353172868,0.0747668222,0.823401809,0.561401904,-0.304876,0.335183918,-0.207823887,0.629275858,-0.0349150263,-0.00465898821,-0.592574954,-0.434027642,0.349048495,0.572165549,0.0362213925,-0.0287365634,-0.0507841259,0.0166728236,-0.0848672092,0.336674005,0.630099714,0.157085001,0.474536866,0.588010609,-0.232051641,-0.117485404,0.595980227
2.34203339,1.94590485,0.672434628,-0.0367426947,0.0680100992,0.82251811,0.563461185,-0.323157847,0.377073973,-0.231660709,0.626748443,-0.0251913834,-0.00666305376,-0.55207181,-0.368754655,0.31103301,0.582695305,0.0350788869,-0.0257658623,-0.0295216646,0.0187999848,-0.0786790624,0.369924307,0.597029865,0.143049747,0.498670757,0.550263524,-0.226183861,-0.113114297,0.584273338
2.37842846,1.97287393,0.68619895,-0.0407314524,0.0626657605,0.822238982,0.564213634,-0.366524667,0.39831987,-0.24134703,0.640536308,-0.0180083252,-0.00930883456,-0.522339582,-0.298953921,0.276356637,0.58982724,0.0319119878,-0.0229975916,-0.00614593364,0.0189495515,-0.0730077475,0.402158141,0.557888508,0.126070693,0.521951199,0.501799226,-0.226937026,-0.111205213,0.571840942
2.41238427,1.99654794,0.697198927,-0.046521306,0.0596790612,0.824382484,0.560952485,-0.43220529,0.389587343,-0.232280865,0.660591185,-0.0168474093,-0.0135173546,-0.499019533,-0.229649991,0.247418016,0.591357172,0.0280813761,-0.0204758905,0.019278571,0.0198728591,-0.0672453344,0.430209637,0.519176543,0.109695084,0.54416883,0.444543093,-0.231721297,-0.111248903,0.559445798
2.44316792,2.01747537,0.705064476,-0.0536640398,0.0586740151,0.828846931,0.553796291,-0.523630619,0.351324201,-0.202153653,0.682754993,-0.0209181644,-0.0202097408,-0.479662299,-0.169266224,0.226280287,0.587349653,0.0239261128,-0.0183585975,0.0500888191,0.0190927498,-0.0574434176,0.448824286,0.483676165,0.0931064263,0.562259614,0.386432588,-0.244155541,-0.116104573,0.546737909
2.47170568,2.03623652,0.711176276,-0.0601810738,0.0589008965,0.835500062,0.542999625,-0.627240121,0.290666848,-0.156320527,0.705768824,-0.02499488,-0.0283603743,-0.462853163,-0.116451539,0.210600644,0.580331922,0.0189394299,-0.0165143367,0.0728898123,0.0198830478,-0.0478336625,0.464439452,0.456001312,0.0791955888,0.578461587,0.32730186,-0.262098342,-0.123413056,0.533195198
2.49856544,2.05370927,0.713944197,-0.0666093454,0.0597842671,0.84320122,0.53009522,-0.732648849,0.213165849,-0.101705343,0.721813619,-0.0261731222,-0.0361872204,-0.449781686,-0.0706247687,0.197952226,0.572734892,0.012817407,-0.0148851667,0.0910451114,0.0202607065,-0.039311707,0.476877123,0.436510444,0.0680940151,0.591817319,0.270150125,-0.287079424,-0.133361608,0.518710673
2.52330446,2.07144761,0.715295196,-0.0710762739,0.0618774779,0.84965694,0.518847227,-0.822542191,0.118027776,-0.0396450497,0.724027038,-0.02242947,-0.0414914377,-0.447404146,-0.0293928608,0.1879199,0.573328316,0.0051132217,-0.0133422203,0.105976447,0.0205573272,-0.0324529931,0.489354044,0.41796127,0.0572182462,0.602039397,0.216993541,-0.317496181,-0.145478487,0.503468275
2.54516149,2.08867693,0.71458143,-0.0747154653,0.0647783652,0.853928268,0.510908902,-0.887795329,0.0175399631,0.0247324202,0.711297154,-0.010948725,-0.0434739031,-0.451592892,0.0061181956,0.180183649,0.584520042,-0.00430706795,-0.0119145177,0.119771861,0.0201784931,-0.0282461774,0.507021308,0.400556982,0.0488202125,0.613354683,0.165664658,-0.351197541,-0.158060879,0.488623708
2.56604242,2.10776162,0.710417092,-0.0757719651,0.0658235922,0.855679989,0.507678688,-0.914534986,-0.0765243843,0.0861608759,0.684858561,0.00834001042,-0.0421399176,-0.455896795,0.0442921817,0.169049114,0.606712699,-0.0146022402,-0.0105094705,0.135478839,0.0209444519,-0.0218943339,0.531979084,0.387039781,0.0451974683,0.626490414,0.117533028,-0.381441742,-0.168596625,0.475950599
2.58593655,2.12770581,0.705145299,-0.0756742284,0.065605551,0.854928195,0.508986354,-0.915805161,-0.158040181,0.139436081,0.640688062,0.0317421034,-0.0382081531,-0.45876506,0.0848557875,0.153839856,0.63524735,-0.0254867598,-0.00913504511,0.153787851,0.0224274378,-0.0146095892,0.556589544,0.373480111,0.0422213376,0.640690267,0.0715436861,-0.405175388,-0.17372714,0.465907335
2.60516095,2.14787817,0.698751152,-0.0756021589,0.0648220032,0.852376878,0.513357639,-0.906748772,-0.228647783,0.183937937,0.584762275,0.0570701584,-0.0329590961,-0.463808835,0.125348032,0.136089206,0.66658932,-0.0372663066,-0.00802395213,0.178740978,0.0248952396,-0.00791350752,0.579970896,0.363673627,0.0417455845,0.652621686,0.0263514314,-0.418486565,-0.17536898,0.457329065
2.6234498,2.17000031,0.690629303,-0.0750412792,0.0626362041,0.849445641,0.51854372,-0.885804534,-0.286802322,0.215815991,0.52897191,0.083585009,-0.0268772691,-0.46433109,0.170494631,0.115053572,0.698343098,-0.0483244807,-0.00699280621,0.207261071,0.0269603711,-0.000884930254,0.599937081,0.355964005,0.0414944962,0.66345489,-0.0151211647,-0.421449333,-0.172991022,0.450570762
2.64198518,2.19200683,0.681210935,-0.0750510842,0.060641598,0.846378744,0.523767889,-0.865521073,-0.330897897,0.237907961,0.478291661,0.110605188,-0.0213776138,-0.462614,0.215907618,0.0940846577,0.72403121,-0.0580746755,-0.00618906831,0.23554869,0.0298882816,0.0068323235,0.613840342,0.35547781,0.0449638851,0.67205584,-0.0550509654,-0.417211652,-0.16709955,0.443508506
2.65910316,2.2162168,0.671038985,-0.0746338218,0.0587321855,0.84385097,0.528105855,-0.841819882,-0.361869246,0.248553172,0.437256098,0.136216164,-0.0164585933,-0.450237513,0.259142607,0.0752400756,0.742728889,-0.0649334639,-0.00560726319,0.262281001,0.0317851417,0.0134029221,0.619440734,0.355602831,0.0488090776,0.677179217,-0.0930191204,-0.4083772,-0.157730281,0.436585575
2.67618275,2.24211979,0.662612319,-0.0735889003,0.0574799292,0.843075991,0.529625833,-0.81986022,-0.381635875,0.250774413,0.411410749,0.159426823,-0.012497114,-0.428216845,0.296405584,0.0601497628,0.747539937,-0.0697432235,-0.00539659429,0.285566002,0.0338850319,0.0201404523,0.617577553,0.355454326,0.0528555997,0.679746509,-0.127860114,-0.395985365,-0.144109577,0.430262506
2.69388032,2.27036047,0.654105902,-0.0725103393,0.0568862818,0.844306946,0.527875006,-0.79201591,-0.387494266,0.244963408,0.399260402,0.179256424,-0.00967624784,-0.392074376,0.330067933,0.0473086536,0.731379151,-0.0706855953,-0.00522386562,0.30332765,0.033996217,0.022117909,0.606756449,0.35430786,0.0556549467,0.67772615,-0.155177057,-0.380613446,-0.127998292,0.425645947
2.71179271,2.30176044,0.64784044,-0.0697832704,0.0545590632,0.847658157,0.523095787,-0.753637552,-0.381318122,0.23122564,0.401863992,0.195319951,-0.00777394557,-0.33840099,0.365465701,0.0345439799,0.694795609,-0.0684351102,-0.00503935618,0.311446398,0.0346334092,0.0273913555,0.591264784,0.355189204,0.0598460324,0.676109314,-0.175089061,-0.364328444,-0.10822963,0.421761632
2.73047447,2.33473635,0.64015913,-0.0670781806,0.0514794104,0.85198915,0.51668644,-0.712366223,-0.368151814,0.209276438,0.413849622,0.20502767,-0.00622916082,-0.275075227,0.39964667,0.0238764193,0.637382686,-0.0603275932,-0.00485361926,0.309102803,0.0351084657,0.0330832414,0.570510805,0.35754928,0.0657011345,0.67430377,-0.189918265,-0.350142896,-0.0866602361,0.415107757
2.75050998,2.37074637,0.632552922,-0.0653209835,0.0458000228,0.856209517,0.510431886,-0.666415036,-0.348023772,0.177086025,0.433325231,0.209511533,-0.00471058814,-0.213571608,0.438539386,0.0114073697,0.569741786,-0.0457068905,-0.00471407361,0.29549408,0.03405587,0.0364930704,0.548816979,0.361473471,0.0730201751,0.673179567,-0.198082924,-0.336338341,-0.0658912063,0.404522181
2.77079988,2.40737534,0.634865701,-0.0634514317,0.0376496501,0.859195352,0.506300271,-0.624322474,-0.326246649,0.143013746,0.454120576,0.208317131,-0.00321616698,-0.157806352,0.476315945,0.000438949413,0.503557265,-0.0243171155,-0.00421706866,0.266251683,0.0327803493,0.0359806493,0.529403925,0.368628293,0.081714198,0.673541784,-0.198746473,-0.323630631,-0.047433164,0.391626
2.78824878,2.44156265,0.64847219,-0.0595131218,0.0307510681,0.861241817,0.503760934,-0.587468624,-0.304097652,0.106388137,0.482203543,0.201152697,-0.00212353701,-0.117742412,0.49213618,-0.00568002602,0.461351603,-0.00128552178,-0.00315695838,0.224762738,0.0322806127,0.034570422,0.509039223,0.371791422,0.0886642262,0.674174249,-0.189808622,-0.317664623,-0.0359342471,0.381689698
2.80570865,2.47406077,0.661970019,-0.0541589409,0.0251549557,0.862262428,0.502928913,-0.560169935,-0.27365455,0.0671605691,0.52259475,0.189474747,-0.00135448913,-0.093194589,0.487703234,-0.0120678162,0.457470983,0.0188501738,-0.00271088397,0.175540492,0.031928502,0.032979887,0.486421913,0.371541619,0.0936083794,0.675135672,-0.171505958,-0.319545209,-0.0321544707,0.378432214
2.82344532,2.50469184,0.672824621,-0.0483254045,0.0195335969,0.862305999,0.503697753,-0.53346473,-0.240729794,0.0300197788,0.569237232,0.175774232,-0.000743206358,-0.0804647505,0.463590175,-0.0173407234,0.493998587,0.0272109862,-0.0049393205,0.119774796,0.0320052914,0.034908779,0.457571477,0.365374058,0.0943959132,0.672651112,-0.14709641,-0.324773431,-0.0329458863,0.382402509
2.84070778,2.53175759,0.679764032,-0.0430147797,0.0154628502,0.861445248,0.50578922,-0.511343658,-0.210720465,-0.00235148589,0.611448884,0.161009133,-0.000306484377,-0.0882627442,0.411302924,-0.0178273562,0.567702353,0.0206212364,-0.0123360669,0.064047657,0.0341435,0.0359678417,0.420763791,0.356606066,0.0914005265,0.666642725,-0.116079591,-0.334318072,-0.037658453,0.394230068
2.85685182,2.55671382,0.685604036,-0.0380347036,0.0130736949,0.860075176,0.508579552,-0.493728071,-0.181242034,-0.0309820585,0.650654554,0.146346822,3.52152529e-05,-0.113629453,0.331346631,-0.0106466468,0.674144566,0.00533627719,-0.0250994116,0.0100145927,0.0365940109,0.0380046815,0.377445042,0.349834859,0.0880468786,0.658867955,-0.0794817582,-0.345445871,-0.0455928147,0.412766963
2.87192559,2.57951546,0.688447952,-0.0336090587,0.0137630356,0.858401537,0.511691153,-0.476979584,-0.152840942,-0.0569107644,0.680013657,0.132450342,0.000425401115,-0.158597261,0.219200373,0.0121493591,0.797549367,-0.0141944997,-0.041610755,-0.0364068076,0.0388414301,0.0413226336,0.323266149,0.341500938,0.0829975307,0.648577809,-0.0364693813,-0.360334009,-0.0570408516,0.436837763
2.88532662,2.60226607,0.691594541,-0.028639812,0.0166216176,0.855944693,0.516005993,-0.453722388,-0.132138357,-0.0737194642,0.704439163,0.118663043,0.000704756822,-0.21993497,0.0843563378,0.0525813662,0.91571027,-0.0354128331,-0.0577356443,-0.073180452,0.0392788015,0.0398444645,0.258628279,0.333135724,0.0768336356,0.632806003,0.0144758364,-0.379170984,-0.0728386417,0.465308994
2.89892316,2.62168765,0.691866994,-0.0249654762,0.0229469016,0.853419065,0.520121098,-0.437160194,-0.112869762,-0.0867032707,0.720131099,0.104338415,0.00107633835,-0.301422387,-0.0651547164,0.114063665,1.00237429,-0.0541959889,-0.0702117682,-0.10418158,0.0379983932,0.0440207608,0.184754789,0.323444635,0.0698352605,0.61428529,0.0656543151,-0.399120837,-0.0913655907,0.495150626
2.91279173,2.64082646,0.691250503,-0.0218468346,0.0301878974,0.851801753,0.522537291,-0.423047811,-0.0936398804,-0.0958527774,0.732273579,0.0890845805,0.00141887716,-0.387914598,-0.208651707,0.185792461,1.03391349,-0.0643999055,-0.0758533776,-0.124862388,0.0346632823,0.0444623753,0.102425791,0.313927084,0.0614689514,0.588599145,0.121847965,-0.417989075,-0.111817144,0.527142942
2.92835402,2.66082025,0.689706922,-0.0206537861,0.0367134623,0.851791203,0.522185147,-0.412136286,-0.0666627139,-0.105244979,0.742068648,0.0725675821,0.00179141772,-0.465767443,-0.334350646,0.257155836,1.00159979,-0.0637148991,-0.0751997381,-0.138012677,0.0312185846,0.042654328,0.0153309898,0.311138123,0.0534552224,0.558253706,0.183494583,-0.430956841,-0.132632211,0.559933901
2.9468677,2.68158197,0.686527133,-0.0212761555,0.0422464348,0.853018165,0.519733071,-0.406695753,-0.0323315933,-0.114823744,0.751905739,0.0553672612,0.00203292374,-0.529118896,-0.435592413,0.320090801,0.920204043,-0.0555532649,-0.0710517168,-0.146616504,0.0274101924,0.0385253951,-0.070309937,0.314050198,0.047787495,0.524663329,0.249226972,-0.432723135,-0.15090996,0.592103064
2.96808052,2.70450306,0.683315992,-0.0217859875,0.0456955098,0.854380608,0.517176032,-0.400426477,0.0137493508,-0.127572328,0.766989291,0.037222717,0.00237446488,-0.575938046,-0.514283895,0.369012028,0.821456015,-0.0449962914,-0.0663226023,-0.154305398,0.0258072298,0.0382682569,-0.141113803,0.317979634,0.0416224077,0.488076538,0.313537061,-0.422971606,-0.162232339,0.617694974
2.99232769,2.73014235,0.678084254,-0.0220086109,0.046697177,0.855957985,0.514461756,-0.391400099,0.0648726746,-0.141203299,0.780484319,0.0190993901,0.0021774841,-0.604211032,-0.565435708,0.397594154,0.728439271,-0.0334703773,-0.061858777,-0.167474449,0.0228120014,0.0290578082,-0.19273898,0.326583445,0.0376668647,0.453525513,0.370733052,-0.407288581,-0.169560075,0.637399673
3.01776242,2.75728536,0.671375692,-0.0223624147,0.0457262248,0.857113719,0.512606204,-0.379946887,0.12229275,-0.159440935,0.787345409,0.00250572758,0.00190835691,-0.612948835,-0.597719371,0.40727514,0.65467906,-0.0203471668,-0.0576323979,-0.173223123,0.0230245981,0.0236132313,-0.234660447,0.330643326,0.0316260718,0.421245158,0.425639361,-0.381098211,-0.170604497,0.651404381
3.04629374,2.78648806,0.664462805,-0.0220087394,0.0436847359,0.857685149,0.511843204,-0.360320598,0.179656491,-0.180354938,0.782044411,-0.0111936247,0.00129335374,-0.603160739,-0.608419776,0.399049282,0.60305953,-0.00625797035,-0.0535023659,-0.177724823,0.0219511967,0.0177840199,-0.256475866,0.338780284,0.0294796228,0.395548433,0.470134974,-0.354445517,-0.168801561,0.658467174
3.07824469,2.81818056,0.658012748,-0.0207867213,0.0399725288,0.858329177,0.511117637,-0.333376765,0.236314788,-0.205507621,0.759989321,-0.0202610623,0.000518064364,-0.575096309,-0.592896283,0.375051051,0.572969556,0.00852812268,-0.0493078046,-0.180351138,0.0212436225,0.0124940686,-0.257085174,0.346523553,0.0278568175,0.380020201,0.50321126,-0.327877641,-0.163744614,0.659859896
3.11364198,2.85174584,0.652966738,-0.0205029864,0.0353473835,0.858397543,0.511354923,-0.306835592,0.292629063,-0.234000221,0.72753793,-0.0229683798,-0.000439184456,-0.533783019,-0.549629271,0.339745015,0.561031103,0.0223318581,-0.0451087132,-0.178438023,0.0225450005,0.0115332184,-0.242337182,0.350875169,0.0255415142,0.374288529,0.524363875,-0.303007036,-0.155638084,0.65561837
3.15286255,2.88842511,0.649585664,-0.0203904863,0.0279297885,0.858315706,0.511955321,-0.289975107,0.359710038,-0.267067313,0.69725889,-0.0198125467,-0.0017084307,-0.478278339,-0.493931592,0.299268335,0.569872141,0.032371249,-0.0411529392,-0.168387175,0.0239258707,0.0132457828,-0.210279122,0.35966146,0.025602797,0.379149288,0.535660267,-0.28008619,-0.145419091,0.647805035
3.19345474,2.92579794,0.645119011,-0.0223170724,0.0200462565,0.915470481,0.401265383,-0.28762868,0.434424698,-0.3019391,0.670233786,-0.0116837081,-0.00333447871,-0.420590013,-0.431449622,0.257667243,0.580343544,0.038710162,-0.0375826545,-0.147879973,0.0269831326,0.0155181773,-0.167560339,0.376272231,0.0277238563,0.390213788,0.538035631,-0.259894162,-0.134067118,0.636787951
