-0.331432343,0.308565825,0.239439234,-0.0602203496,0.486380786,0.82289201,0.287499368,-2.25454903,-0.0342035517,0.613182366,1.87617564,-0.239979133,-0.0204320978,-0.219935432,-2.26279855,0.3137061,-0.0872669965,0.27518791,0.261799991,-1,0.00546950521,0.34242022,-0.819188952,0.0927007794,-0.155851975,0.450788438,-0.768728614,-0.180182725,0.162523568,0.312779754
-0.330974728,0.307905048,0.239785552,-0.0640753955,0.490995049,0.820206285,0.286495805,-2.26092219,-0.0306948628,0.614458621,1.87290525,-0.240452036,-0.0203531981,-0.21881558,-2.26652765,0.31353727,-0.0872669965,0.275922388,0.261799991,-1,0.00616458012,0.331223667,-0.819377482,0.0947206169,-0.154707029,0.451099098,-0.768373847,-0.181785285,0.16173172,0.312987894
-0.330113292,0.307349563,0.239327043,-0.0645138621,0.491277218,0.820088923,0.286249399,-2.26484799,-0.0291563198,0.615570486,1.8694185,-0.240931883,-0.0204249974,-0.216626108,-2.26796436,0.312857777,-0.0872669965,0.27647686,0.261799991,-1,0.00698929653,0.328613847,-0.819318116,0.0954234749,-0.154221252,0.451501995,-0.767703831,-0.182518944,0.161371261,0.313132793
-0.329928428,0.307017207,0.239400044,-0.0650047809,0.491687149,0.819743872,0.286422968,-2.26585603,-0.0294166133,0.616374493,1.86761284,-0.24087584,-0.02046616,-0.214339122,-2.26855278,0.311805844,-0.0872669965,0.277201146,0.261799991,-1,0.00728480797,0.328010708,-0.82058543,0.0961965099,-0.153582856,0.451679081,-0.768084586,-0.182860717,0.161068529,0.313019216
-0.330622196,0.306972712,0.240059987,-0.0647595227,0.492376924,0.819351554,0.286416113,-2.26618004,-0.0286423266,0.616433918,1.86595142,-0.241181627,-0.0203811154,-0.21304898,-2.2687397,0.310443729,-0.0872669965,0.278197467,0.261799991,-1,0.00704905763,0.327908218,-0.82113874,0.097031951,-0.152976245,0.452095538,-0.768247962,-0.18359457,0.160705835,0.313101679
-0.330214202,0.306735963,0.239953727,-0.0648955479,0.492379397,0.819198072,0.286819845,-2.26588631,-0.0291049331,0.616750419,1.86510515,-0.241030574,-0.0204377677,-0.210856527,-2.26933885,0.309301317,-0.0872669965,0.279002875,0.261799991,-1,0.00699311728,0.32724452,-0.82174623,0.0974567607,-0.152605906,0.452472776,-0.768470645,-0.183532506,0.160828039,0.313203871
-0.330221921,0.306901515,0.239750922,-0.0650994927,0.492399633,0.819215894,0.286688089,-2.26549053,-0.0295634605,0.617730498,1.86454916,-0.24076432,-0.0205295142,-0.209804609,-2.26956487,0.308086425,-0.0872669965,0.279879063,0.261799991,-1,0.00697500166,0.326800764,-0.821969032,0.0980581045,-0.152146086,0.452845454,-0.768714607,-0.183159947,0.161101833,0.31341514
-0.330337614,0.306979269,0.239496991,-0.0647454709,0.492149413,0.819331646,0.286866903,-2.26589036,-0.0287724938,0.617564321,1.86413991,-0.240993828,-0.0205091536,-0.209502056,-2.27011108,0.307100832,-0.0872669965,0.280595273,0.261799991,-1,0.00664076814,0.327295363,-0.822057545,0.0983919352,-0.151786283,0.45322594,-0.768705308,-0.183175713,0.160958841,0.313291728
-0.330128759,0.307110071,0.238855302,-0.0645740926,0.491490573,0.819679976,0.287040144,-2.26497126,-0.028708905,0.616753399,1.86531031,-0.240950301,-0.0205440223,-0.209237412,-2.27062774,0.30633226,-0.0872669965,0.281450301,0.261799991,-1,0.00644846726,0.327182442,-0.821995199,0.0984450877,-0.151597887,0.453616709,-0.76831913,-0.182869151,0.16121535,0.313585877
-0.330140382,0.307263523,0.238517597,-0.0644650981,0.490739316,0.820068657,0.28723976,-2.26491451,-0.0287373792,0.616375685,1.86650574,-0.240984917,-0.0205987468,-0.209798872,-2.27081299,0.305683941,-0.0872669965,0.282616854,0.261799991,-1,0.00610232027,0.326867998,-0.820821226,0.0989127308,-0.151293039,0.454288304,-0.767527699,-0.182738617,0.161398843,0.313850403
-0.33023119,0.307562709,0.23783502,-0.0644616485,0.490353256,0.820290804,0.287265301,-2.26456809,-0.0282126162,0.614987612,1.86821675,-0.241075143,-0.020596372,-0.210734099,-2.27106547,0.305181354,-0.0872669965,0.283876985,0.261799991,-1,0.00591602456,0.326467276,-0.820392787,0.0983133614,-0.151433244,0.454624563,-0.766682088,-0.182599157,0.161652118,0.314032793
-0.329966187,0.307454526,0.237358928,-0.0643905178,0.489736259,0.820610404,0.287420869,-2.26511145,-0.0285796318,0.614747167,1.86961627,-0.241061524,-0.0206504837,-0.211164728,-2.27120686,0.30492872,-0.0872669965,0.285231709,0.261799991,-1,0.00608584937,0.32731843,-0.819687903,0.0983473212,-0.151367083,0.455122858,-0.765996039,-0.182311937,0.161954567,0.314288378
-0.330600679,0.307644546,0.238165185,-0.0638636649,0.490083039,0.820504367,0.287250102,-2.26550364,-0.0279554296,0.614293933,1.86995554,-0.241383463,-0.0205693096,-0.212408409,-2.27137756,0.304596066,-0.0872669965,0.286736906,0.261799991,-1,0.0058110361,0.327135742,-0.819622278,0.0976857468,-0.151489556,0.455370277,-0.765705287,-0.182601109,0.161821947,0.314225882
-0.3301,0.307479233,0.237988234,-0.0640973896,0.489643365,0.820715964,0.287343383,-2.26583481,-0.0282660294,0.61419493,1.87087524,-0.241366893,-0.0206398834,-0.212504432,-2.27204704,0.304652274,-0.0872669965,0.287821054,0.261799991,-1,0.00588777941,0.326874375,-0.819322824,0.0975162387,-0.151468292,0.455671191,-0.765093505,-0.182418138,0.162076667,0.314471543
-0.330137253,0.307407349,0.237501562,-0.0640868023,0.489668578,0.820707977,0.287325799,-2.26585722,-0.0287622437,0.614275575,1.87185895,-0.241297156,-0.0206648558,-0.212479264,-2.27208042,0.304467648,-0.0872669965,0.289239585,0.261799991,-1,0.00562969036,0.326901019,-0.819370627,0.0971703902,-0.151469663,0.455896825,-0.764881372,-0.182275832,0.16229941,0.314602554
-0.330186665,0.307318747,0.238076359,-0.0639791936,0.489940643,0.820606768,0.287174612,-2.26606417,-0.028419666,0.613778651,1.87186623,-0.241387397,-0.020635996,-0.212308735,-2.27259183,0.304338783,-0.0872669965,0.290543258,0.261799991,-1,0.00563688856,0.327005178,-0.819341421,0.0969857946,-0.151397437,0.455918223,-0.765014768,-0.182268411,0.16242677,0.314704955
-0.330023468,0.307103723,0.237752676,-0.0640842393,0.489764541,0.820596278,0.287481576,-2.2665987,-0.0286072157,0.613734245,1.87246931,-0.241334513,-0.0206705909,-0.211986676,-2.27330184,0.304347456,-0.0872669965,0.291553378,0.261799991,-1,0.00577400951,0.326628745,-0.819920599,0.0970422328,-0.151098192,0.455848187,-0.764957249,-0.182342008,0.162538618,0.314702362
-0.330192983,0.307292372,0.237408876,-0.0634141266,0.489083022,0.820997,0.287646085,-2.26711655,-0.0283665285,0.613815904,1.87332022,-0.241546839,-0.0207210444,-0.212163433,-2.27385807,0.304349303,-0.0872669965,0.292627513,0.261799991,-1,0.00560513511,0.327328801,-0.819459617,0.0968391895,-0.151019111,0.45594883,-0.764335394,-0.182360739,0.162773028,0.314724296
-0.330213279,0.307423353,0.236520544,-0.0632339194,0.488372445,0.821397364,0.287750214,-2.266572,-0.0278168134,0.61201328,1.87458098,-0.241671577,-0.0206880942,-0.213040501,-2.27429605,0.304467291,-0.0872669965,0.293838143,0.261799991,-1,0.00578024797,0.327704072,-0.818600059,0.096498549,-0.151092663,0.456365287,-0.763749063,-0.182450742,0.162990317,0.314765483
-0.330138147,0.307513386,0.236413911,-0.062867403,0.487753421,0.821742356,0.287895441,-2.26681972,-0.0273061879,0.610943794,1.87584305,-0.241984814,-0.0206872243,-0.214028805,-2.27463245,0.304699391,-0.0872669965,0.295250148,0.261799991,-1,0.00600554375,0.3278988,-0.818114221,0.0961902067,-0.151233569,0.456629574,-0.762954831,-0.18256104,0.163159162,0.314993352
-0.330442071,0.3075068,0.236175895,-0.0625387505,0.487568855,0.821968198,0.287634909,-2.2669642,-0.0272325706,0.610258579,1.87694621,-0.242237374,-0.0206532422,-0.214895353,-2.2748251,0.304944754,-0.0872669965,0.296799749,0.261799991,-1,0.00617876789,0.328440279,-0.817344606,0.0958652571,-0.151401713,0.457029164,-0.762337089,-0.182790592,0.163234457,0.314913064
-0.329979599,0.307587177,0.236080229,-0.0627877042,0.487361878,0.822130501,0.287467599,-2.26779056,-0.027177278,0.609663785,1.87768328,-0.242502362,-0.0206900798,-0.215732291,-2.27511382,0.305325955,-0.0872669965,0.298257291,0.261799991,-1,0.00645943079,0.328407347,-0.817311108,0.0958825052,-0.15129292,0.457151055,-0.761746168,-0.182777762,0.163387641,0.314687103
-0.329970449,0.307471842,0.236443102,-0.0628991947,0.487200618,0.822266936,0.287326366,-2.26848483,-0.0271132328,0.609127104,1.87798762,-0.242752403,-0.0206704494,-0.216520175,-2.27534485,0.305755734,-0.0872669965,0.299595624,0.261799991,-1,0.00676892977,0.32870093,-0.816899896,0.0958549604,-0.151313409,0.4574278,-0.761254787,-0.182866946,0.163457304,0.314408451
-0.329749823,0.307377785,0.236694053,-0.0625849292,0.487574309,0.822394431,0.286394566,-2.2686882,-0.0273018871,0.608801782,1.87801385,-0.242945433,-0.0206501912,-0.216370299,-2.27591157,0.306241363,-0.0872669965,0.301070988,0.261799991,-1,0.00622406835,0.329202116,-0.816824317,0.0959755629,-0.151179627,0.457548738,-0.760981381,-0.183155611,0.163423479,0.314011365
-0.329448044,0.307487786,0.236991286,-0.0625952706,0.488071978,0.822153687,0.28623569,-2.26902699,-0.0279480647,0.609238982,1.8774159,-0.243096545,-0.0206293706,-0.216767222,-2.27684855,0.306729853,-0.0872669965,0.302065194,0.261799991,-1,0.00700031547,0.328679293,-0.815871656,0.0988273323,-0.149499491,0.457484126,-0.760813475,-0.183820844,0.163169205,0.313560814
-0.329164296,0.307110786,0.237585038,-0.0626926571,0.488421023,0.822097361,0.28578046,-2.26971841,-0.0276515726,0.609123528,1.87632847,-0.243277565,-0.0206238199,-0.215692207,-2.27729893,0.307063311,-0.0872669965,0.30354926,0.261799991,-1,0.00664413627,0.328873605,-0.816972017,0.0974994525,-0.149982959,0.457000583,-0.760861993,-0.184129179,0.163203865,0.313058853
-0.328652024,0.3071419,0.236291468,-0.0630419552,0.489040196,0.821753383,0.2856341,-2.27031422,-0.02760127,0.609543383,1.87532401,-0.24341093,-0.0206535347,-0.214701653,-2.27762198,0.307149738,-0.0872669965,0.304878175,0.261799991,-1,0.00675944565,0.328501552,-0.818372369,0.0972576663,-0.150140166,0.456522226,-0.761326015,-0.184710518,0.163162455,0.312472105
-0.328600973,0.307241857,0.237119317,-0.0630418137,0.489168495,0.821672142,0.285648018,-2.27054048,-0.0275451429,0.609578371,1.87447441,-0.243559808,-0.0206545778,-0.214190498,-2.27806568,0.307249814,-0.0872669965,0.306141615,0.261799991,-1,0.00719601149,0.327810585,-0.817964017,0.097164087,-0.150250435,0.456418276,-0.7614097,-0.18497473,0.163244024,0.311931342
-0.328509331,0.307347685,0.238337219,-0.062766023,0.489468843,0.821534038,0.285591632,-2.27025747,-0.0277639646,0.60957706,1.87393177,-0.243668288,-0.0206444282,-0.21391432,-2.27833772,0.30719012,-0.0872669965,0.307735443,0.261799991,-1,0.00660872087,0.328199148,-0.817804575,0.0973343626,-0.150211617,0.456335217,-0.761513829,-0.185032859,0.163405657,0.311565667
-0.328072608,0.30753544,0.237232044,-0.0628195703,0.489688218,0.82138294,0.285638332,-2.2702291,-0.0280477609,0.609434426,1.8731178,-0.243751541,-0.0206630509,-0.213429481,-2.27854562,0.307157993,-0.0872669965,0.309083134,0.261799991,-1,0.00685809739,0.328406036,-0.817427337,0.0975886807,-0.150293425,0.456305265,-0.761712909,-0.185054943,0.163618058,0.311058968
-0.327984214,0.307790756,0.238134056,-0.0626662448,0.490115374,0.821150243,0.285608411,-2.26965117,-0.0286339428,0.609450877,1.87217343,-0.243790314,-0.0206381697,-0.212626174,-2.27797961,0.30679512,-0.0872669965,0.31048888,0.261799991,-1,0.00730726309,0.328339279,-0.817415893,0.0975146443,-0.150488138,0.456285596,-0.761643708,-0.184908777,0.163937509,0.310678005
-0.327672124,0.307998955,0.23868376,-0.0624327138,0.490725517,0.820792913,0.285638928,-2.26878214,-0.029499691,0.609646797,1.87073612,-0.243789718,-0.0206216536,-0.211318806,-2.27796674,0.306484044,-0.0872669965,0.311811864,0.261799991,-1,0.00697500817,0.328642756,-0.817823708,0.0980803445,-0.150265351,0.456298918,-0.761674225,-0.184777364,0.164159209,0.310395896
-0.327482164,0.308253229,0.239669591,-0.0625138208,0.491322666,0.820466936,0.285531312,-2.26856112,-0.0299276132,0.609817863,1.86919975,-0.243826583,-0.0206255894,-0.209929988,-2.27798438,0.306158423,-0.0872669965,0.312906802,0.261799991,-1,0.00744257774,0.328474224,-0.818268478,0.0987505615,-0.149911731,0.456231862,-0.761652946,-0.184392124,0.164481401,0.310263276
-0.327141762,0.308631241,0.239446193,-0.0621418394,0.492192745,0.820040405,0.285339028,-2.26783943,-0.0305077452,0.610126674,1.86786687,-0.243835732,-0.020611817,-0.208088309,-2.27825165,0.305801302,-0.0872669965,0.313919365,0.261799991,-1,0.00720521715,0.328556836,-0.818403482,0.0986368433,-0.150169477,0.456394196,-0.761876523,-0.184152514,0.164708644,0.310051024
-0.326726168,0.309241474,0.239343792,-0.0620228946,0.492413521,0.819975078,0.285171777,-2.26717067,-0.0309169088,0.61011821,1.8670752,-0.243865609,-0.0206486713,-0.206916586,-2.27864838,0.305544585,-0.0872669965,0.314528793,0.261799991,-1,0.00677178008,0.328419745,-0.818196654,0.0992841944,-0.15006873,0.4565593,-0.761754692,-0.184284136,0.164935872,0.310007602
-0.326132119,0.310260981,0.238853097,-0.0617810003,0.492496252,0.82004571,0.284878343,-2.26692915,-0.0308196954,0.609298885,1.86769068,-0.244065195,-0.0207271706,-0.206530392,-2.28095388,0.306005985,-0.0872669965,0.315012395,0.261799991,-1,0.00663529849,0.326400906,-0.816458404,0.0995755121,-0.150209725,0.456887215,-0.760601044,-0.184417069,0.165612876,0.310244232
-0.325780541,0.311392933,0.238296956,-0.0614141189,0.492163986,0.820242345,0.284965724,-2.26711059,-0.0303332563,0.607702196,1.86987364,-0.244404942,-0.0207747705,-0.207626119,-2.28281808,0.306662589,-0.0872669965,0.315913796,0.261799991,-1,0.0064031845,0.324806184,-0.813688636,0.0997242406,-0.150633574,0.457555026,-0.758206546,-0.184468433,0.166600391,0.310814321
-0.324946225,0.313135445,0.236233935,-0.0606582575,0.490654022,0.821092367,0.285283327,-2.26632476,-0.0302241389,0.604602098,1.87393761,-0.244737178,-0.0208916813,-0.210447863,-2.28443599,0.30752036,-0.0872669965,0.317213386,0.261799991,-1,0.00583678391,0.324978411,-0.809233427,0.100370526,-0.151050553,0.458836645,-0.754833937,-0.18421714,0.167999953,0.311491638
-0.324043661,0.315050513,0.23518163,-0.0595765598,0.488496631,0.822384179,0.28549248,-2.26555991,-0.0301243477,0.600064456,1.87998116,-0.245185718,-0.0210141726,-0.215348363,-2.28616858,0.309047788,-0.0872669965,0.319087923,0.261799991,-1,0.00527504366,0.325290084,-0.804510713,0.100322388,-0.151605591,0.459872663,-0.750353217,-0.183651835,0.169651434,0.312324643
-0.323239654,0.317655444,0.233248323,-0.0583870299,0.486308843,0.823557794,0.286089569,-2.26452827,-0.0300399158,0.594165266,1.88823342,-0.24571979,-0.0211153105,-0.222929642,-2.28858399,0.311307549,-0.0872669965,0.321541429,0.261799991,-1,0.00483683264,0.324469268,-0.79840827,0.10031414,-0.152239352,0.461240649,-0.744627595,-0.182646632,0.171486735,0.313342333
-0.3228769,0.320439875,0.231095657,-0.0566694289,0.48348248,0.825224161,0.286423236,-2.262707,-0.0299606156,0.587315798,1.89878488,-0.246321395,-0.0212006588,-0.232853234,-2.29071665,0.314261317,-0.0872669965,0.3245987,0.261799991,-1,0.00445487816,0.324934423,-0.791295826,0.0994591042,-0.153210461,0.46275124,-0.73769033,-0.181686565,0.173444703,0.314712733
-0.321505696,0.323337138,0.227902874,-0.0547970012,0.480417311,0.82684201,0.287278116,-2.26051331,-0.0298568457,0.579373538,1.91088796,-0.24696973,-0.0213461537,-0.243531123,-2.29465365,0.318494499,-0.0872669965,0.328005403,0.261799991,-1,0.00342583028,0.323527724,-0.782637179,0.0984652638,-0.154350355,0.464775264,-0.729526281,-0.180870146,0.175810337,0.31643191
-0.320940167,0.326291829,0.225157171,-0.0527884178,0.477238804,0.828557849,0.288007528,-2.25886917,-0.0302374959,0.570699573,1.92403162,-0.247721225,-0.0214561857,-0.255172789,-2.29780936,0.323172778,-0.0872669965,0.332038194,0.261799991,-1,0.00226899586,0.323875129,-0.774648488,0.0969397724,-0.155832693,0.466497213,-0.721329927,-0.180208102,0.17817153,0.318223417
-0.320338488,0.32935974,0.22076416,-0.050653737,0.473795354,0.830649495,0.288051367,-2.25781322,-0.0311358143,0.562016964,1.93835592,-0.248529688,-0.0216029342,-0.268114507,-2.30170703,0.328898668,-0.0872669965,0.336254299,0.261799991,-1,0.00187341811,0.324500442,-0.765319824,0.0949467421,-0.157546952,0.468810916,-0.711808562,-0.179172024,0.181199312,0.320067257
-0.319192737,0.330997229,0.219600111,-0.0488839187,0.472575068,0.83162725,0.287540138,-2.25779557,-0.0335815139,0.555969179,1.94931805,-0.249219418,-0.021631103,-0.277798742,-2.30441809,0.335048914,-0.0872669965,0.341163129,0.261799991,-1,0.00215030857,0.325214058,-0.758166194,0.0925697088,-0.159348026,0.470726371,-0.703594267,-0.178675473,0.183615729,0.32148996
-0.318794787,0.331815183,0.221386477,-0.0467123277,0.473619342,0.831577957,0.286322922,-2.25579047,-0.0397265777,0.555178463,1.95342076,-0.249453411,-0.0214447398,-0.282580763,-2.30263233,0.340480804,-0.0872669965,0.345373124,0.261799991,-1,0.00388453761,0.328858405,-0.754918337,0.0907553583,-0.16078712,0.471341908,-0.69832617,-0.179618046,0.185067013,0.322511047
-0.318141162,0.331300169,0.231617615,-0.043597836,0.476728767,0.830766201,0.284000605,-2.24851871,-0.0528341047,0.562180042,1.94567621,-0.248587057,-0.0210176427,-0.278705001,-2.29074168,0.343580782,-0.0872669965,0.348148376,0.261799991,-1,0.00765214581,0.333234161,-0.760253847,0.0919804946,-0.159751102,0.469958991,-0.699833035,-0.182282045,0.183672667,0.321755618
-0.316919535,0.329728574,0.248881415,-0.0411465131,0.481102049,0.828897774,0.282446891,-2.23438072,-0.0751273409,0.577804983,1.92062044,-0.246058643,-0.020387141,-0.267674178,-2.26269388,0.342502445,-0.0872669965,0.34867394,0.261799991,-1,0.0115046417,0.330050915,-0.777473986,0.100591026,-0.154349163,0.466339022,-0.714906633,-0.188484892,0.177550122,0.317454547
-0.315538943,0.327786684,0.272168517,-0.0383822843,0.484907418,0.827507317,0.280398488,-2.21180463,-0.105300121,0.598666787,1.87766898,-0.241574451,-0.0196288619,-0.25034079,-2.21612144,0.336207002,-0.0872669965,0.347025961,0.261799991,-1,0.0128919939,0.323996603,-0.806283832,0.115702398,-0.143879339,0.46041137,-0.739415944,-0.19992879,0.167402223,0.311192393
-0.311645091,0.325909168,0.333992243,-0.0380708501,0.486216545,0.826861739,0.280078053,-2.18049693,-0.141002983,0.61924994,1.81689572,-0.234710813,-0.0188911725,-0.229313135,-2.15158463,0.324407369,-0.0872669965,0.342611909,0.261799991,-1,0.015636066,0.317981273,-0.842884958,0.139485866,-0.126311824,0.454314381,-0.774253547,-0.218712479,0.150078088,0.304716974
-0.307511151,0.325410753,0.413557887,-0.0393370353,0.485425919,0.826960981,0.280980319,-2.13958263,-0.178800657,0.633431911,1.74127018,-0.225655556,-0.0181201454,-0.209063739,-2.07145882,0.307368159,-0.0872669965,0.33569476,0.261799991,-1,0.0174069814,0.316173524,-0.881387055,0.167603016,-0.106292456,0.448512405,-0.811100602,-0.242045566,0.128144532,0.298526168
-0.303046048,0.325935841,0.464804828,-0.0399806723,0.482063115,0.828128755,0.283230424,-2.08572125,-0.221215218,0.640946746,1.65444601,-0.213774309,-0.017330233,-0.19362475,-1.98045194,0.287053615,-0.0872669965,0.324599504,0.261799991,-1,0.0192553252,0.312387556,-0.915783584,0.197367013,-0.0868428946,0.443859041,-0.843359113,-0.263460606,0.107701562,0.294360608
-0.297772855,0.328307152,0.51356709,-0.0397632271,0.472932816,0.831891,0.287594944,-2.01920509,-0.264062554,0.635921001,1.56224442,-0.198873967,-0.0165795125,-0.188227773,-1.87912011,0.26472643,-0.0872669965,0.307595223,0.261799991,-1,0.0195654053,0.309128344,-0.940018177,0.225584507,-0.0693158135,0.442340732,-0.87004298,-0.28207159,0.0909934044,0.292323232
-0.292132676,0.331842095,0.560830176,-0.0395260602,0.459650129,0.837039769,0.294149548,-1.9415431,-0.30479148,0.616627038,1.46893752,-0.181149483,-0.0158947818,-0.194703639,-1.7700038,0.242513791,-0.0872669965,0.285018653,0.261799991,-1,0.0188114587,0.308537424,-0.954680026,0.250907302,-0.0538548827,0.442388415,-0.887617469,-0.295774132,0.0801135153,0.293080598
-0.285368353,0.337016046,0.606866241,-0.0396472439,0.443809539,0.842387199,0.303059489,-1.85376692,-0.340218216,0.582309902,1.37466753,-0.160638154,-0.0153021282,-0.212561175,-1.65216506,0.221390903,-0.0872669965,0.256827861,0.261799991,-1,0.0179831218,0.306822479,-0.954725146,0.273486137,-0.0407165326,0.445554107,-0.893822134,-0.303017229,0.0748959184,0.297908902
-0.277356029,0.342831731,0.648792684,-0.0402832255,0.425017774,0.847570717,0.315215915,-1.75793648,-0.369613022,0.535052061,1.2792927,-0.137170032,-0.0147127341,-0.238866761,-1.52526653,0.202343389,-0.0872669965,0.223259613,0.26172772,-1,0.0163649768,0.305331767,-0.939154088,0.295693547,-0.0285955351,0.452055812,-0.887982368,-0.302608281,0.0749048889,0.307184607
-0.267920345,0.349715859,0.685967326,-0.0431463085,0.404600829,0.850537062,0.333201617,-1.65484679,-0.387856692,0.473962605,1.18196034,-0.110687569,-0.0141572449,-0.267823011,-1.39237702,0.185634866,-0.0872669965,0.186292246,0.261557162,-0.995214045,0.0159768257,0.301821649,-0.909994364,0.319102347,-0.0163847711,0.46112591,-0.872660577,-0.292453408,0.0798078924,0.31912756
-0.256909668,0.357682079,0.718108237,-0.0465614274,0.381317407,0.851912498,0.355913162,-1.54369354,-0.389760643,0.398411304,1.08587229,-0.081325829,-0.0135317203,-0.293870926,-1.2504611,0.17060785,-0.0872669965,0.147498086,0.261443108,-0.970630765,0.0160135925,0.297435313,-0.867945194,0.33743766,-0.00721073896,0.472325057,-0.844540179,-0.278066784,0.0866086558,0.334142029
-0.244435206,0.36731106,0.745619774,-0.0522958748,0.356769115,0.85095644,0.381908298,-1.42790997,-0.372294098,0.312272131,0.989400983,-0.0497032329,-0.0129483156,-0.313738406,-1.09954643,0.156385005,-0.0872669965,0.108413756,0.259055346,-0.931392789,0.016889438,0.290732712,-0.814033687,0.351480663,-0.000521838316,0.485825568,-0.804875314,-0.260154426,0.0955985859,0.351148754
-0.23044391,0.377594888,0.767457247,-0.0588718541,0.330449462,0.848064005,0.410030127,-1.3130132,-0.336422741,0.221203089,0.893717349,-0.0157242045,-0.012474997,-0.325013518,-0.943525255,0.142816231,-0.0872669965,0.0707610399,0.251756281,-0.879961491,0.0190870333,0.280005902,-0.749604225,0.361376673,0.0043853703,0.500950158,-0.754148781,-0.240070477,0.107164577,0.36949572
-0.214392409,0.388986021,0.783092082,-0.0650655925,0.30242601,0.844041288,0.438063204,-1.20580339,-0.286205888,0.130496874,0.804103136,0.02052062,-0.0117145497,-0.325951189,-0.783586562,0.127998218,-0.0872669965,0.0364400484,0.240711197,-0.820099652,0.0213766098,0.266484946,-0.673902273,0.370507389,0.0096757682,0.518497109,-0.692263126,-0.217898771,0.120706975,0.389279038
-0.197520673,0.401226491,0.793035865,-0.0704888999,0.274829865,0.838552296,0.465112865,-1.11489534,-0.229767114,0.0467868224,0.725013912,0.058509212,-0.0105673615,-0.325960726,-0.628882766,0.109753847,-0.0718070641,0.00713098235,0.22711505,-0.75705713,0.022611035,0.247007906,-0.59075737,0.37965408,0.0149712227,0.537245452,-0.622326612,-0.198297918,0.135715514,0.40867117
-0.180166304,0.413780749,0.798459411,-0.0746771172,0.247367442,0.832072735,0.490803242,-1.03561747,-0.175838083,-0.0265883785,0.660802364,0.0951145366,-0.00820694864,-0.324887186,-0.485433578,0.0845271945,-0.0374937095,-0.0151885031,0.211537749,-0.688000083,0.0240946598,0.224818647,-0.508402228,0.38854441,0.0203430429,0.55537647,-0.548671603,-0.184461713,0.150292382,0.42755726
-0.164475963,0.426373452,0.80001229,-0.0776916668,0.221214741,0.824661613,0.514744103,-0.969403565,-0.133948952,-0.0874637812,0.61460954,0.124738336,-0.00452140998,-0.321069658,-0.358760685,0.0521809421,0.00921039656,-0.0294488426,0.195139319,-0.612865925,0.0259099491,0.201288298,-0.428692341,0.39585489,0.0239823908,0.571776927,-0.475430518,-0.179420829,0.162551761,0.444758505
-0.15081653,0.438276857,0.79934144,-0.0789491162,0.198354945,0.816526771,0.536382735,-0.916510642,-0.110936873,-0.136017963,0.595855653,0.142796487,-0.000994072994,-0.311123043,-0.25875473,0.0178027712,0.0561776608,-0.0357697196,0.178307071,-0.533518076,0.0264837593,0.178816825,-0.354249209,0.403431714,0.0271456875,0.586042821,-0.409054369,-0.184630409,0.172443002,0.457126021
-0.139118001,0.45121029,0.79679662,-0.0789697543,0.178031817,0.808311164,0.555609167,-0.876695037,-0.112942845,-0.170570061,0.603025377,0.152681574,0.001847776,-0.291445971,-0.179226264,-0.0135727311,0.0920442715,-0.0355628058,0.162121013,-0.451436967,0.027020229,0.153670087,-0.283520699,0.40714094,0.0258299503,0.597925365,-0.347132266,-0.199016005,0.177353203,0.466057956
-0.129687324,0.462413102,0.794393837,-0.076646097,0.161224365,0.800904095,0.571563423,-0.851221561,-0.139511377,-0.189060897,0.625482559,0.160439134,0.00382447918,-0.265130788,-0.121888801,-0.0381523967,0.114128135,-0.032380119,0.14692001,-0.363492161,0.0282453094,0.135710612,-0.221240148,0.412985295,0.0261824727,0.607462645,-0.289791048,-0.224015787,0.176263794,0.470814526
-0.121562913,0.473841548,0.79105711,-0.0722956657,0.147346914,0.794969678,0.584025204,-0.838723123,-0.178572297,-0.192979202,0.653230071,0.167748526,0.00498985592,-0.232249752,-0.0799450725,-0.0565623306,0.125409469,-0.0285521057,0.132902101,-0.278116375,0.0291641019,0.121298403,-0.163925067,0.416505992,0.0264863987,0.616225362,-0.234970137,-0.25390327,0.170639142,0.473457545
-0.114494108,0.486079276,0.786850035,-0.0672225282,0.137286425,0.789784729,0.594031632,-0.841547191,-0.224709377,-0.184965864,0.672186196,0.172409579,0.00547288079,-0.196033821,-0.0497866124,-0.0696973056,0.128194466,-0.0256440341,0.120139852,-0.198781997,0.0302335843,0.110471062,-0.109402917,0.415142119,0.0257540736,0.624871135,-0.184076935,-0.283832014,0.162584618,0.474864811
-0.108362235,0.498862714,0.782692373,-0.0622370131,0.130003959,0.785100758,0.602363944,-0.854496717,-0.270748943,-0.169931129,0.671386242,0.175819591,0.00592296058,-0.159705535,-0.0271902531,-0.0795290321,0.125155941,-0.0247664284,0.108574323,-0.128384203,0.0312258918,0.10061042,-0.0557606332,0.410882056,0.0276089218,0.635425389,-0.137600139,-0.308545649,0.154305518,0.477436483
-0.102002017,0.513860703,0.778510153,-0.0574509948,0.123060338,0.78028506,0.610500455,-0.867358804,-0.31066063,-0.151707053,0.645684004,0.181471884,0.00698623061,-0.115731761,-0.00543728005,-0.0883194953,0.116811566,-0.026070945,0.0981223807,-0.0647587478,0.0329828039,0.0876364261,0.00343757542,0.402556211,0.0301897377,0.649063587,-0.0952001587,-0.326183766,0.14638561,0.481876791
-0.0957273394,0.531196892,0.772231936,-0.0527600013,0.116391242,0.775135994,0.618735552,-0.875754535,-0.341471285,-0.134293497,0.599063754,0.190525949,0.00860229693,-0.0647140071,0.0174779333,-0.0968808159,0.1017823,-0.0284526572,0.0888175815,-0.0108330268,0.0336792096,0.0743241757,0.0714186653,0.390958667,0.0335555337,0.666105211,-0.0577274226,-0.333876491,0.140910566,0.487510741
-0.0890321583,0.551108479,0.765275121,-0.0489379987,0.109234467,0.769591212,0.627217889,-0.878871679,-0.360300452,-0.12029241,0.539679945,0.202347398,0.0103203822,-0.0085801743,0.042969279,-0.106339715,0.0807736963,-0.0316537768,0.0805076733,0.0330976658,0.035447143,0.0594465062,0.145033509,0.377384245,0.0369890295,0.683583558,-0.0269490425,-0.333920121,0.136462525,0.492461234
-0.0818901509,0.572553933,0.757619441,-0.0453127846,0.102541126,0.763420045,0.636098981,-0.880346358,-0.371579677,-0.109714627,0.477410048,0.215051621,0.0118173603,0.0482052341,0.0667952895,-0.115719602,0.05780356,-0.0350688137,0.0730198547,0.0674733445,0.037324287,0.0477814823,0.224542588,0.358753055,0.0373899713,0.701185644,-0.00343720056,-0.32778573,0.133834481,0.495400876
-0.0753844455,0.596063137,0.750047803,-0.0415467992,0.096845679,0.75597316,0.646064579,-0.881321907,-0.37903589,-0.101564281,0.421209276,0.227646992,0.0128840972,0.106839456,0.0859100521,-0.124096863,0.035437379,-0.0386747904,0.0662333891,0.095011577,0.0387636088,0.0368014611,0.304403812,0.332279384,0.0337730907,0.718073368,0.0111143477,-0.319434255,0.131374851,0.496688664
-0.0692434236,0.620995641,0.740994513,-0.038299825,0.0913243592,0.748012304,0.656255007,-0.881354392,-0.381705523,-0.0958902091,0.377217054,0.240064666,0.0137436185,0.166099653,0.10303282,-0.132093787,0.0134882191,-0.0421888717,0.0600712039,0.109959282,0.0411312804,0.0286391415,0.389378965,0.299740672,0.0260821152,0.735500813,0.020532893,-0.30949679,0.130579546,0.495134473
-0.0627459213,0.648058355,0.730176628,-0.0357512385,0.0851012319,0.74035728,0.665845811,-0.876410723,-0.379388213,-0.0920821801,0.347746402,0.2515423,0.0142583363,0.229315773,0.121673591,-0.140431091,-0.00787655171,-0.0448250584,0.0545162968,0.1183917,0.041923549,0.0219707154,0.469573945,0.259657621,0.0135195926,0.750834346,0.024312349,-0.297229737,0.131390661,0.491187692
-0.0559020899,0.676946521,0.718751729,-0.0324984379,0.0793394819,0.73359859,0.67415297,-0.863244772,-0.377226919,-0.088359639,0.33410722,0.261620045,0.0146442978,0.294923931,0.135766879,-0.147625938,-0.0276381206,-0.0466829538,0.0494942069,0.118296497,0.0428911075,0.0179925617,0.542823255,0.215422988,-0.00201508566,0.764349878,0.0239757784,-0.285273254,0.132403374,0.484907091
-0.0491281934,0.708122492,0.706653059,-0.0287630167,0.0728389472,0.728793502,0.680240571,-0.841142476,-0.375435442,-0.0856630132,0.341180682,0.270936728,0.0147961769,0.361534894,0.147829831,-0.153869182,-0.043801818,-0.046318125,0.0450874977,0.112841524,0.043729201,0.012439087,0.602509975,0.17052345,-0.018806817,0.774061561,0.024202466,-0.27558431,0.132006586,0.478868484
-0.0436191447,0.742660403,0.695605636,-0.0240858961,0.0669511855,0.726813078,0.683139861,-0.809694231,-0.381475419,-0.0816083401,0.368567139,0.278161764,0.0149110248,0.426132232,0.152778521,-0.157193989,-0.0525497273,-0.0422476791,0.0413703099,0.102656178,0.0437935628,0.00351374899,0.645611167,0.129443079,-0.0341225453,0.778348804,0.0304451771,-0.269600183,0.129536986,0.476595014
-0.0380408801,0.779494822,0.686995983,-0.0185861457,0.061436817,0.728818476,0.681691825,-0.779400587,-0.392552555,-0.0785671175,0.405617476,0.281935006,0.0145632364,0.480947107,0.153612122,-0.157081336,-0.0504111908,-0.0323780514,0.0383640379,0.0886062011,0.0440253429,-0.0045823995,0.666420043,0.09711501,-0.0448279604,0.776062012,0.0465410613,-0.268512696,0.12342757,0.478020102
-0.0311101023,0.818310618,0.682916105,-0.0136949942,0.0545121692,0.735101342,0.675623417,-0.737197042,-0.398469537,-0.0796173364,0.452159464,0.280934185,0.013950346,0.518759549,0.156747594,-0.153624386,-0.0314577818,-0.0153702293,0.0359833911,0.0683126524,0.0414074995,-0.0103265364,0.662382066,0.0825970992,-0.0472107641,0.765874267,0.0707279742,-0.266650498,0.116683602,0.483709425
-0.0232395697,0.85767591,0.694416463,-0.00969689619,0.0468960479,0.744930983,0.665420592,-0.685962021,-0.398386806,-0.0851607099,0.497704118,0.275478363,0.0132090338,0.536084354,0.164208576,-0.145809993,0.00688671507,0.00712306239,0.033909943,0.0385573283,0.0375119783,-0.0115179513,0.633255184,0.0840300396,-0.0418012105,0.74854809,0.100645714,-0.264941186,0.10893593,0.49161768
-0.0145012727,0.894511938,0.70788902,-0.00755056692,0.0403965525,0.757079542,0.652028918,-0.63168776,-0.391995817,-0.094971396,0.532951593,0.266829431,0.0124198385,0.524638414,0.174969256,-0.134319425,0.0613656156,0.0301899463,0.0317446738,-0.00612250902,0.0331615172,-0.00844067149,0.580762327,0.0989594236,-0.0289945193,0.726246476,0.13032417,-0.261199534,0.102198847,0.500352681
-0.00629251171,0.929726541,0.719475329,-0.00571401231,0.0349778049,0.770569026,0.63637042,-0.57283932,-0.383826584,-0.10649769,0.555518091,0.256165266,0.0117151868,0.488852322,0.17952092,-0.118702978,0.124382094,0.0497813039,0.0294483509,-0.0672111362,0.0284268782,-0.0012378348,0.51145643,0.123908475,-0.0104842549,0.701804996,0.15456827,-0.260109365,0.0934076384,0.508960187
0.00230684783,0.962362766,0.729609609,-0.00502152275,0.0307960417,0.783740699,0.620303869,-0.514675021,-0.371684015,-0.120903596,0.564984798,0.244040608,0.0110768825,0.424583107,0.178920001,-0.101318598,0.181669757,0.051723063,0.0260469653,-0.140293151,0.0261487402,0.00692039821,0.430793017,0.159690112,0.0131393587,0.677497566,0.174742922,-0.259584278,0.0843630359,0.517093599
0.0106168175,0.993381679,0.738959014,-0.00553904055,0.027433414,0.794303536,0.606876135,-0.457818806,-0.354077965,-0.138140127,0.564166427,0.23134993,0.0104857208,0.340684891,0.158699304,-0.0838363022,0.229967698,0.0335015468,0.0206986032,-0.218512565,0.0256259926,0.0173449274,0.345511287,0.202889025,0.0388734415,0.654585242,0.188528746,-0.256468028,0.0766082481,0.524341762
0.0180376619,1.02361763,0.747670114,-0.00546020782,0.0251488723,0.800909042,0.598232746,-0.401981056,-0.333569795,-0.156250134,0.556018531,0.218712538,0.00989064481,0.245715797,0.116563976,-0.0667510256,0.273047358,0.00235352339,0.0138684614,-0.290809453,0.0263300464,0.0260472838,0.262363493,0.25327006,0.0669420436,0.634441435,0.200964257,-0.256686807,0.0665837377,0.531404316
0.0248668678,1.05115235,0.756365776,-0.00624214532,0.0254126787,0.802404225,0.596207023,-0.350296944,-0.312559456,-0.17409879,0.536238134,0.206104293,0.00931781065,0.13229157,0.0566762462,-0.0490341075,0.310015827,-0.0364879631,0.00629494851,-0.349426597,0.0261419732,0.0330523178,0.179981425,0.307031393,0.0954192579,0.614674211,0.211222082,-0.259287864,0.0548189022,0.538937151
0.0316470787,1.07727528,0.767461777,-0.00854641851,0.0272487737,0.798607767,0.601173997,-0.303498268,-0.288833976,-0.191883102,0.508877695,0.193729028,0.00876591913,0.000628427195,-0.0084741395,-0.0315758102,0.338805944,-0.0761595443,-0.000388986431,-0.390205413,0.0265580583,0.0382656381,0.100907043,0.364385962,0.124161042,0.594571471,0.220208347,-0.260948867,0.0427574217,0.545828819
0.0376892947,1.10230839,0.767081976,-0.0111907404,0.0307587236,0.790002048,0.612229884,-0.258659303,-0.267348081,-0.206107095,0.474535584,0.18105121,0.00829516631,-0.144932136,-0.0666722208,-0.0152458241,0.355044872,-0.10963989,-0.0043477444,-0.410076052,0.0260325726,0.0426877774,0.0266343914,0.422677875,0.151813373,0.573471725,0.226876214,-0.264289767,0.0302585587,0.55143249
0.043395102,1.12862802,0.769630075,-0.0136864698,0.0343592949,0.778311431,0.626788318,-0.211324036,-0.245289072,-0.21744892,0.438525617,0.167772621,0.00790868048,-0.291723132,-0.100947402,-0.00332809472,0.355478913,-0.128846288,-0.00504443236,-0.413038284,0.0254564565,0.0467880368,-0.0427377559,0.476965338,0.174933657,0.550635934,0.233393282,-0.2664029,0.0184476171,0.556667626
0.0486688837,1.15650141,0.770772398,-0.0159707721,0.037339244,0.765041292,0.64269942,-0.159576923,-0.223617271,-0.224745199,0.402982324,0.152841315,0.00766607886,-0.425315589,-0.107049517,0.00414790399,0.339888662,-0.131506681,-0.00427815458,-0.403640002,0.0255459845,0.0475125387,-0.10652703,0.526326358,0.193564668,0.526503444,0.24262163,-0.26848492,0.00759815844,0.562543511
0.0542263426,1.18720627,0.76884079,-0.0169998631,0.0379809104,0.751163602,0.658803225,-0.0975213349,-0.202152789,-0.228254497,0.369921416,0.136571854,0.0075054625,-0.531386197,-0.0896017551,0.0072623631,0.311805904,-0.120834105,-0.00338650704,-0.386815995,0.0253068544,0.0458578542,-0.162659258,0.567029595,0.207031757,0.502851546,0.255097479,-0.269149899,-0.00216463627,0.569182277
0.0600052923,1.22006726,0.764659464,-0.0176395569,0.0372751132,0.737020314,0.67461139,-0.0285925195,-0.181591719,-0.22806707,0.338888913,0.11848022,0.00739980582,-0.609158456,-0.0554727763,0.00631137798,0.278288215,-0.102214269,-0.00267901761,-0.366280943,0.025372263,0.0432222448,-0.210390761,0.596016645,0.215229198,0.479784757,0.270633161,-0.2682859,-0.0109554874,0.57685101
0.0664279163,1.25450993,0.758027315,-0.0174132995,0.0344795734,0.722630143,0.690154731,0.0480136499,-0.163083553,-0.224356353,0.309574574,0.0987158418,0.00724964775,-0.659204304,-0.0109951496,0.00232646591,0.249182642,-0.080443427,-0.00223330501,-0.342365205,0.0257686377,0.0403998643,-0.248883471,0.613103211,0.218783438,0.45866102,0.286957324,-0.263980299,-0.0182465389,0.585128307
0.0736921728,1.2903434,0.748476982,-0.0170989502,0.030538654,0.707931399,0.705413461,0.125724673,-0.147359729,-0.217614919,0.281788439,0.0783146098,0.00700557604,-0.682943523,0.0416992716,-0.00325484411,0.23503986,-0.0574091263,-0.00200561946,-0.317818075,0.0260740221,0.034687493,-0.274936557,0.617107272,0.218305826,0.44137305,0.303175896,-0.255963296,-0.0240910705,0.593724728
0.0807425827,1.32886529,0.736671865,-0.0154354293,0.0255168322,0.692996085,0.720324278,0.207838327,-0.135971531,-0.207477704,0.258265555,0.0591763593,0.00666866871,-0.678025782,0.0959326923,-0.00801422261,0.245725155,-0.0342142396,-0.00193809113,-0.291459322,0.0257082973,0.0289488155,-0.285468221,0.608143628,0.215377077,0.430267692,0.319081217,-0.247090876,-0.0304019824,0.602146864
0.0883784816,1.36941564,0.72367537,-0.0128548723,0.0194444042,0.677958965,0.734730124,0.290628135,-0.129424021,-0.194924682,0.237691432,0.0434879363,0.00613862835,-0.657625735,0.146219417,-0.0101449741,0.276478738,-0.00985188317,-0.00200788211,-0.264335096,0.0264164545,0.0267248526,-0.278366804,0.588101268,0.209490508,0.426089078,0.333887607,-0.235710233,-0.0361639746,0.609465778
0.0961056128,1.411991,0.709451854,-0.00949627906,0.0127080539,0.662948072,0.748497248,0.367451191,-0.129829213,-0.180565104,0.221981883,0.0342959948,0.00541510154,-0.638528228,0.188591659,-0.00887009688,0.313155234,0.0131367519,-0.00217527896,-0.233305305,0.0258857664,0.0240940601,-0.253693163,0.557183802,0.199503109,0.430034339,0.346740574,-0.22287266,-0.0409314632,0.616069376
0.102594018,1.45696533,0.698169827,-0.00482714502,0.00661173277,0.647780836,0.761782765,0.431189299,-0.139188826,-0.164399326,0.217295021,0.0334680974,0.0045729233,-0.603935957,0.219762817,-0.00228995387,0.36703217,0.0342362113,-0.00247316295,-0.198204204,0.0261006784,0.0218365192,-0.212301955,0.515519857,0.185228169,0.443914294,0.354857624,-0.21212475,-0.0459210239,0.621223032
0.108783349,1.50196707,0.691828847,-4.36296032e-05,0.00108611735,0.631935596,0.775020123,0.474400818,-0.15344508,-0.149169743,0.228068173,0.0407676771,0.00369734364,-0.567559183,0.244938985,0.00813210476,0.426845223,0.0497909226,-0.00275995955,-0.157129228,0.0275832079,0.0246818177,-0.156829625,0.466973782,0.166016936,0.465849429,0.355151802,-0.202534735,-0.0502389856,0.622820973
0.115031891,1.54530525,0.70252192,0.00365497777,-0.00274839136,0.614528656,0.788881183,0.488188833,-0.166960865,-0.13633348,0.257529438,0.0530877225,0.00282761012,-0.525552809,0.26757139,0.0212372448,0.485930055,0.0596629642,-0.00297357305,-0.10653352,0.0294237398,0.0294522662,-0.0918731093,0.416799903,0.143848643,0.495463163,0.345733076,-0.194567099,-0.0540266819,0.621238768
0.119501427,1.58566105,0.714095592,0.00624193018,-0.00379135297,0.59561646,0.80323571,0.464078277,-0.178453416,-0.125097483,0.304556847,0.0647918135,0.0024419094,-0.480272889,0.281170875,0.0388864428,0.533468068,0.0656525344,-0.00308579253,-0.0436453559,0.0307889059,0.0360764973,-0.0228632856,0.369511425,0.123491049,0.52993077,0.324123532,-0.188450441,-0.0575682372,0.615611553
0.123154715,1.62251639,0.722937584,0.00683719898,-0.00215742597,0.577606618,0.816283762,0.401981324,-0.185002655,-0.114317738,0.360154092,0.0672393292,0.00319943624,-0.43682757,0.287779897,0.0594656989,0.564636767,0.0689887777,-0.00309776235,0.0301277172,0.0310605671,0.0424191952,0.0473533832,0.326605678,0.104683205,0.565102994,0.292872608,-0.18555285,-0.0600773916,0.607253015
0.125511453,1.657938,0.731643975,0.00693673454,0.00116437837,0.563515842,0.826075315,0.30924499,-0.180522084,-0.103890039,0.411856025,0.0544531718,0.00537572941,-0.391614109,0.282140136,0.0839778036,0.580678701,0.0707700029,-0.00301784114,0.109586492,0.0308861043,0.0457452722,0.11584533,0.283270031,0.0863967463,0.597711802,0.258039057,-0.187165096,-0.0627803653,0.598151743
0.127179742,1.69103432,0.74009186,0.00577317551,0.00628629653,0.555156589,0.831702054,0.18944861,-0.158516437,-0.0962390378,0.456956953,0.0288843326,0.00879994128,-0.346623659,0.265962183,0.110192142,0.579927146,0.0712393299,-0.00288768415,0.185205564,0.0300904047,0.0482186899,0.18171154,0.24769561,0.0716137439,0.626131356,0.220737666,-0.195331797,-0.0666208863,0.588537574
0.129344359,1.72251344,0.747569561,0.00303566945,0.0114941932,0.555028915,0.831746042,0.0524758734,-0.117767885,-0.0927817374,0.497979671,-0.00368524552,0.0126558533,-0.30000928,0.246707112,0.134242728,0.564855874,0.0704259202,-0.00275836652,0.251024991,0.0298629999,0.0448315851,0.243752807,0.222443074,0.0601825863,0.649368644,0.184339404,-0.209816247,-0.0718745738,0.578488827
0.131390885,1.75282943,0.752931058,-0.000842081732,0.0170088205,0.563028872,0.826261759,-0.0982644036,-0.0701793283,-0.09189675,0.530829132,-0.0365572833,0.015381272,-0.252578288,0.230135173,0.153993964,0.537510335,0.0683720633,-0.0026892724,0.298077136,0.0314734504,0.0396752693,0.303919464,0.208539724,0.0524004474,0.668679416,0.148512065,-0.231462181,-0.0788697377,0.56766516
0.133281961,1.78249502,0.756676555,-0.00502717029,0.0230378974,0.576851726,0.816508412,-0.258234382,-0.0339116454,-0.0916049108,0.545576453,-0.0623890199,0.0157561228,-0.204896763,0.215003356,0.170429468,0.502356708,0.0646733344,-0.00270362524,0.325761318,0.03450251,0.0341357924,0.356591851,0.202552453,0.0461562835,0.683260083,0.112614237,-0.259313524,-0.0872602314,0.555032611
0.1352911,1.81314373,0.757701695,-0.00988272019,0.0282668807,0.592425883,0.805068254,-0.408628821,-0.0138912555,-0.0916840583,0.535877824,-0.072239697,0.0141829196,-0.151988059,0.20308122,0.182190195,0.462786585,0.058961276,-0.00280631403,0.336295635,0.0376228243,0.0339137018,0.405934453,0.20350115,0.0428866483,0.696160614,0.0756251216,-0.289920807,-0.0951202959,0.540138185
0.137425885,1.84571481,0.756718814,-0.0120534375,0.0323579796,0.606687009,0.794190586,-0.533841431,-0.0171969645,-0.0887322873,0.499439865,-0.0652906597,0.0120586827,-0.0911832377,0.189840823,0.19093886,0.424015611,0.0504818335,-0.00299653411,0.33622852,0.0398797356,0.0312179998,0.456907511,0.206249967,0.0416041315,0.708898127,0.038192641,-0.322179705,-0.101640053,0.524281025
0.140311569,1.88116753,0.752238452,-0.0121351099,0.0343565308,0.61946547,0.78417784,-0.625336349,-0.035605263,-0.0829282701,0.443216383,-0.0455455631,0.0102764089,-0.0184548628,0.178217947,0.195332557,0.386458158,0.0394437462,-0.00318437093,0.331276566,0.0421671569,0.0293044429,0.506536722,0.209465086,0.0422784314,0.722901762,0.00287873182,-0.351878196,-0.10582573,0.509590626
0.14310801,1.9182322,0.744470835,-0.0115387402,0.0347662605,0.631811321,0.774256229,-0.684902608,-0.0609989502,-0.0741189867,0.38060689,-0.020253988,0.00902280491,0.0594181381,0.169799432,0.195223033,0.349389374,0.0260936003,-0.00332481577,0.321087599,0.0440493189,0.0278721657,0.551040232,0.2108946,0.0443950482,0.736226082,-0.0296482965,-0.376984805,-0.107436515,0.496567816
0.145511881,1.95743334,0.734707057,-0.00910060573,0.0345238708,0.643954277,0.76423043,-0.711423159,-0.0931237489,-0.0606971495,0.328836352,0.00466054073,0.00829904806,0.140230522,0.161353365,0.192547143,0.315177917,0.0114155896,-0.00339420722,0.306319594,0.0440508239,0.026394546,0.58782196,0.208084315,0.0466201678,0.747829258,-0.056243632,-0.397095591,-0.107703097,0.48670882
0.147784054,1.99853992,0.723838568,-0.00499938847,0.0333023369,0.655671239,0.75429517,-0.704744875,-0.130824745,-0.0440033376,0.301091373,0.0286761802,0.00807932019,0.221912965,0.152784258,0.187662661,0.284848899,-0.00237189024,-0.0033195531,0.283823133,0.0436845645,0.0239589177,0.617028058,0.19874832,0.047123123,0.757155597,-0.0770904124,-0.40939337,-0.106059954,0.479833961
0.149995163,2.04093289,0.712866664,-0.00136460678,0.0307769217,0.667203605,0.744238019,-0.675320208,-0.168512091,-0.0295473672,0.30221647,0.0532869585,0.00816898793,0.298977286,0.147778824,0.180056095,0.257099688,-0.0128007773,-0.00306926807,0.259658098,0.0428494513,0.0227508694,0.634009063,0.186810791,0.0466500297,0.761267543,-0.0854019374,-0.412881911,-0.10313493,0.477427125
0.153876513,2.08558846,0.701940894,0.00338392216,0.0260149501,0.679068685,0.733605802,-0.644315779,-0.198829606,-0.020206701,0.317827135,0.0756183341,0.00817199051,0.37023139,0.147825971,0.170693025,0.238104925,-0.0160030462,-0.00260844175,0.227671266,0.0423055179,0.0181542821,0.6390751,0.17388618,0.0452632643,0.760564387,-0.0828108415,-0.403264105,-0.0963350683,0.478802443
0.158170566,2.13174248,0.693554044,0.00806495268,0.0206467677,0.691815317,0.721734166,-0.60289675,-0.220462576,-0.0159189403,0.3507438,0.0940919071,0.00800366048,0.425626814,0.154138535,0.16097191,0.232417375,-0.0102204215,-0.00201159623,0.190554753,0.0399780534,0.0138323512,0.628272712,0.161352038,0.043905545,0.753874063,-0.0663955957,-0.384857178,-0.0863146633,0.483231694
0.162992582,2.17712069,0.691935837,0.0118063521,0.0150163556,0.705198169,0.70875293,-0.558547199,-0.239012599,-0.0149227111,0.391142488,0.106248036,0.00788862444,0.459878832,0.165152624,0.151929095,0.244592503,0.00251916517,-0.00147375208,0.144973606,0.0366403274,0.0128450552,0.60224545,0.150075495,0.0428550318,0.741184235,-0.0427419096,-0.361087233,-0.0740023032,0.48842898
0.167644352,2.22013521,0.701060116,0.0142432805,0.0111117512,0.719172299,0.694596887,-0.510634303,-0.250751823,-0.0180752091,0.429818302,0.112787463,0.00773316016,0.467478484,0.175430298,0.144935638,0.274418443,0.0189506765,-0.00107131223,0.084180139,0.0333084837,0.0145272091,0.558470368,0.140490398,0.04207322,0.724648476,-0.0189835299,-0.333656698,-0.0591340065,0.493010342
0.172045082,2.26013994,0.712590337,0.0155460117,0.00869181566,0.733257294,0.679717898,-0.460819572,-0.260020941,-0.0241736975,0.458933532,0.115080498,0.00757094799,0.444688022,0.184555739,0.139779881,0.315855443,0.0350259691,-0.000963320083,0.0139844976,0.0294676144,0.0200005639,0.499261081,0.132631928,0.0414330624,0.705613375,0.00543880975,-0.305311888,-0.0437501669,0.497459292
0.177176207,2.29690981,0.721903086,0.0154640861,0.00727571221,0.745993912,0.665733457,-0.410793126,-0.262089938,-0.0343247019,0.476053417,0.114666879,0.00736705493,0.386545509,0.190507635,0.13556771,0.358902246,0.0367030054,-0.00206238101,-0.065732047,0.028295245,0.026165897,0.427872241,0.131530806,0.0434685498,0.686050057,0.0286248531,-0.277655303,-0.0291003361,0.502070189
0.182537198,2.33242035,0.730806231,0.0148547338,0.00616913382,0.755550504,0.654892862,-0.357924163,-0.25644511,-0.0479901172,0.483179659,0.112587608,0.00711842859,0.303948194,0.184172139,0.132893324,0.398708522,0.0240342654,-0.00454613753,-0.145313799,0.0275974646,0.0334578753,0.348575205,0.13933678,0.0487876572,0.665405989,0.0529332533,-0.253283411,-0.0166740976,0.507345974
0.187701255,2.36656308,0.738845289,0.01405147,0.00625891984,0.760411799,0.649259031,-0.304686636,-0.246939167,-0.0633179247,0.480080128,0.109491028,0.00682911137,0.203897581,0.158893093,0.13301827,0.434723109,0.00107798912,-0.00824002549,-0.217009604,0.0282246824,0.0410234593,0.266463369,0.156775594,0.0568425171,0.644966781,0.0784657449,-0.233773649,-0.00700468151,0.514194131
0.192041233,2.3983376,0.745385885,0.0122932224,0.00781440362,0.759943306,0.649826169,-0.25438273,-0.234596401,-0.078983672,0.466984332,0.105465204,0.00653613824,0.0855610371,0.119476013,0.135915175,0.465091765,-0.0277580731,-0.0121306842,-0.276079237,0.0282340199,0.0466114841,0.184046596,0.182786569,0.0681734979,0.624519229,0.104720503,-0.220653012,-0.000628510781,0.52271229
0.195831522,2.42872787,0.75346005,0.00965870824,0.0116092591,0.754412234,0.656227171,-0.205968782,-0.22452195,-0.0924260393,0.444333076,0.100634813,0.00627793279,-0.0486768708,0.0743585378,0.142418757,0.485772818,-0.0570744686,-0.0150611773,-0.316773981,0.028877994,0.0493836105,0.101856433,0.216544852,0.082325764,0.601544619,0.130102426,-0.21369645,0.00270101381,0.531797588
0.199360728,2.45776391,0.752883911,0.0059419875,0.0174187683,0.74411422,0.667798877,-0.163326427,-0.216046795,-0.103311367,0.414892584,0.094946675,0.00605042093,-0.194951668,0.0368287824,0.150293201,0.490327895,-0.0817730576,-0.0162304193,-0.335658371,0.0293380972,0.0549138859,0.022357,0.258184373,0.0988892689,0.576518953,0.155070335,-0.212225541,0.00315397186,0.541258872
0.203063026,2.48741364,0.753515899,0.00178277388,0.022925321,0.730756164,0.682251155,-0.118534468,-0.20612292,-0.112144701,0.384168833,0.0883732811,0.00590730924,-0.34173888,0.019100951,0.155950189,0.47637704,-0.0951324552,-0.0156147545,-0.34033674,0.0294822585,0.0535013825,-0.0502725802,0.302994043,0.115638681,0.550786495,0.178544715,-0.214355871,0.00177541247,0.550727129
0.206996948,2.51936483,0.752555788,-0.00227844575,0.0266275089,0.716243148,0.697338879,-0.067065984,-0.195922062,-0.117874429,0.354094058,0.080216296,0.00585690234,-0.467359424,0.0262492821,0.156346723,0.445216745,-0.0920380428,-0.0139941918,-0.334304452,0.0298201386,0.0515638813,-0.114446409,0.348756045,0.131581947,0.525457621,0.202260494,-0.219975874,-0.00266494416,0.55985111
0.210301116,2.55281281,0.748640239,-0.0048445384,0.0291969869,0.70152384,0.712031186,-0.0075429366,-0.189131945,-0.119261362,0.323484868,0.0701092184,0.00585262338,-0.569687188,0.0479822382,0.153176814,0.398315489,-0.0765434727,-0.0122651486,-0.322534353,0.0306314174,0.0475430489,-0.169363528,0.391464591,0.145257711,0.501665533,0.228525028,-0.227046996,-0.0095349988,0.569035053
0.213937119,2.58927274,0.741900325,-0.00598992966,0.0293183066,0.68709743,0.725948811,0.0636743382,-0.182128727,-0.117530502,0.294189572,0.0584051795,0.00589338131,-0.641470492,0.0807798356,0.144413933,0.34371683,-0.0561878569,-0.0108897695,-0.30607444,0.0300313104,0.0446598455,-0.213453308,0.42733258,0.156466052,0.481460541,0.25883922,-0.233930364,-0.0168920178,0.579485059
0.218347818,2.62758446,0.732196093,-0.00637419708,0.0276527852,0.673257768,0.738863111,0.142821029,-0.177443579,-0.112713069,0.264063925,0.0454814471,0.00587208522,-0.684611022,0.119698383,0.130749792,0.295152247,-0.0333336778,-0.00986893009,-0.2872006,0.0298516564,0.0409200825,-0.248832121,0.454430699,0.164082825,0.464819074,0.28983438,-0.239791587,-0.0246833265,0.590430081
0.222567335,2.66691542,0.719705403,-0.00586401857,0.0251957923,0.660263479,0.750588357,0.223952219,-0.178793907,-0.103788495,0.233357131,0.0323923677,0.00571152335,-0.699313998,0.162274286,0.11449834,0.266893387,-0.010013191,-0.00927098375,-0.265919536,0.0301744398,0.038748078,-0.273380876,0.469723254,0.167924881,0.452759117,0.318383485,-0.243936837,-0.0333888866,0.599731565
0.227763221,2.70832276,0.70655793,-0.00440520002,0.0218080916,0.648153424,0.761184752,0.30425173,-0.181590199,-0.0931648761,0.205466643,0.0216436777,0.00536647346,-0.686006248,0.205361173,0.0995076969,0.270081162,0.0145262145,-0.00895507634,-0.244880572,0.0305107664,0.038086623,-0.283255428,0.473611981,0.168252587,0.446562558,0.34364754,-0.244706303,-0.0412421934,0.60924089
0.233439535,2.75154471,0.692543387,-0.00170093926,0.0179194193,0.636747122,0.770862579,0.378484696,-0.186498582,-0.0812836066,0.182891339,0.0166794751,0.0048074387,-0.668787897,0.242932901,0.0879542381,0.294104427,0.0396678746,-0.00880816579,-0.221448138,0.0306993444,0.0361108258,-0.2770859,0.465117514,0.16467379,0.447908521,0.364763081,-0.243759558,-0.0499552228,0.61741823
0.23843725,2.79733324,0.680915952,0.00243337941,0.0128569091,0.625452399,0.780152619,0.442975968,-0.195780009,-0.0684864521,0.172771871,0.01966854,0.00404459797,-0.642298341,0.270583183,0.0828279853,0.338163108,0.0635122135,-0.0086111417,-0.19528617,0.0310237948,0.0350540653,-0.251959831,0.442989975,0.156242758,0.458141178,0.381182402,-0.241181478,-0.0582108125,0.624808609
0.242823631,2.8449955,0.673743367,0.00723529607,0.00842326321,0.61405611,0.789184272,0.490691841,-0.20786126,-0.0566270687,0.177806109,0.03039339,0.00312752393,-0.60977447,0.28647539,0.0839671567,0.398412228,0.0832529292,-0.00843593664,-0.162493825,0.0319074951,0.0338906609,-0.209140301,0.412397534,0.144044146,0.474663198,0.389971942,-0.238072708,-0.0658531263,0.628623068
0.247024611,2.89129162,0.678113997,0.0111298757,0.00430560997,0.601649046,0.798671424,0.517300546,-0.218475223,-0.0469853319,0.201275721,0.0461766906,0.00219338201,-0.575126708,0.301834732,0.0875022113,0.464526325,0.0956992805,-0.00828832854,-0.119129322,0.0326066129,0.0372424126,-0.157048449,0.378248692,0.128047332,0.494242549,0.38881436,-0.232849672,-0.071795173,0.62821424
0.251257002,2.93453956,0.693836451,0.0141036175,0.0022735619,0.586803198,0.809603512,0.510267615,-0.228154227,-0.0392557643,0.240163147,0.0624078363,0.00145691982,-0.534962416,0.311455011,0.0957986265,0.525749445,0.102394387,-0.00810780469,-0.0634363964,0.033844199,0.0432636179,-0.104671426,0.343956381,0.110547915,0.515510857,0.374079823,-0.224566579,-0.0749793947,0.623129725
0.2547656,2.97410846,0.705069661,0.0151155982,0.0014569324,0.570809722,0.820941865,0.467950344,-0.233251452,-0.0316509567,0.291616678,0.0739411935,0.0013173084,-0.490718186,0.317911267,0.106475718,0.571542561,0.105528593,-0.00782626402,0.00218661083,0.0336962529,0.0465424955,-0.0445427224,0.308970422,0.093610622,0.540991604,0.345421314,-0.214138284,-0.0748931989,0.615435779
0.256586641,3.01066995,0.714468062,0.0156424642,0.00294377073,0.556799531,0.830494344,0.398029506,-0.229642317,-0.0207620393,0.343270183,0.0706432462,0.00224430114,-0.446347773,0.314285696,0.122488238,0.600050509,0.106425606,-0.00747900223,0.076582469,0.0331540518,0.0464163534,0.0178697053,0.277864903,0.0794170722,0.568490028,0.30742076,-0.207198858,-0.0738957822,0.605007648
0.258572012,3.04550838,0.723395348,0.0145513304,0.0045595048,0.546692133,0.83719486,0.306336761,-0.204455063,-0.0118768206,0.389084846,0.0529173017,0.00410599355,-0.39774695,0.304084092,0.140340745,0.611993253,0.105888456,-0.00709036365,0.153644875,0.0325113721,0.0462789237,0.0805433467,0.249576777,0.0673996583,0.595730007,0.264838517,-0.20210889,-0.0717823505,0.593322098
0.259710073,3.07777071,0.731167376,0.0124667147,0.00773508893,0.542067885,0.840206504,0.190326706,-0.160638347,-0.00680664508,0.42497614,0.023876695,0.00683162082,-0.349374712,0.286133796,0.159652337,0.606155097,0.103984505,-0.00671369256,0.225125715,0.0323874205,0.0445174724,0.141950831,0.226867095,0.058404576,0.621340513,0.21934922,-0.2029531,-0.0709608644,0.580598712
0.26055041,3.10690975,0.737838864,0.00814662315,0.0136443265,0.544091105,0.838875651,0.0516834222,-0.101374999,-0.00820337422,0.451481551,-0.0103851948,0.00987209007,-0.3069821,0.265434027,0.177408516,0.584609747,0.100575849,-0.00637927558,0.284146488,0.0319074318,0.0400105007,0.199912488,0.211267233,0.0523831807,0.644071519,0.170196116,-0.210584819,-0.0714344457,0.565754116
0.262104005,3.13523674,0.74416393,0.00273075933,0.0186612457,0.552914798,0.833024263,-0.0997383818,-0.0366856977,-0.0149252145,0.467716038,-0.0433031544,0.0119611472,-0.26320833,0.247038156,0.190834552,0.553580046,0.0957121328,-0.0061001787,0.32454136,0.0326540098,0.0359445736,0.25321424,0.204314619,0.0489362888,0.663074136,0.117686845,-0.225403473,-0.0740317181,0.548433661
0.263636142,3.16300273,0.746305227,-0.00407670205,0.0249359477,0.566549242,0.823640406,-0.259421706,0.0164408423,-0.0232920311,0.467925131,-0.0670358241,0.012313351,-0.221650913,0.231707588,0.200775683,0.516088963,0.0891764015,-0.0059019574,0.345571905,0.0338455401,0.0320722684,0.30344364,0.204402506,0.0477142185,0.679297149,0.0641419962,-0.246093631,-0.0777855814,0.528974712
0.265731573,3.19190788,0.747490764,-0.0101646874,0.0299345069,0.581872106,0.812665641,-0.408135384,0.0492943451,-0.0303285997,0.451112866,-0.074533619,0.0110779861,-0.17381826,0.219250187,0.20715788,0.477272242,0.0810292885,-0.00575640099,0.350369602,0.0357491672,0.028992109,0.35040012,0.210820645,0.048882369,0.69347769,0.0101774149,-0.269472122,-0.0812035054,0.507489085
0.267534554,3.22212434,0.746647954,-0.0142109664,0.0334364362,0.596480489,0.801804841,-0.534294009,0.0567701012,-0.0325403884,0.41470775,-0.0656435564,0.00917641725,-0.117517397,0.207786962,0.21059294,0.438129008,0.070394896,-0.00567854801,0.348692298,0.037215855,0.0330275856,0.394092619,0.218444437,0.0509422459,0.705814958,-0.0406729989,-0.295310378,-0.0846356824,0.485524595
0.26909703,3.25602961,0.742748559,-0.0162836462,0.0359335579,0.609787881,0.791582227,-0.625582635,0.0449365303,-0.0297776368,0.36484614,-0.0461882241,0.00767930131,-0.0507548116,0.195174173,0.211962372,0.399725288,0.0575136282,-0.00564268744,0.34168148,0.0373004153,0.0299300049,0.439085513,0.227254644,0.0548546575,0.719029069,-0.0845346153,-0.31995517,-0.0865956396,0.465340555
0.271470934,3.29201674,0.736119628,-0.0157724414,0.0354030803,0.622498572,0.781660616,-0.682861865,0.0220323503,-0.0225950256,0.313970298,-0.0228220467,0.00677742437,0.0274697579,0.18482852,0.209531263,0.362274468,0.0421940237,-0.0056150374,0.331653506,0.0369786844,0.0290482529,0.482587397,0.235198677,0.0586322844,0.731511593,-0.120029837,-0.340570271,-0.0863069892,0.448353738
0.272004932,3.32988691,0.728330135,-0.0129958773,0.0347905047,0.63431716,0.772180319,-0.708588123,-0.0122909341,-0.0104343491,0.277012438,0.00116953719,0.00634844881,0.108507119,0.170910642,0.206427932,0.326880813,0.0251264255,-0.00554941501,0.315610528,0.0366950966,0.0267607942,0.521760941,0.236471742,0.0611445345,0.742413402,-0.146622702,-0.356740415,-0.0841558576,0.435450703
0.273101956,3.36961818,0.71868819,-0.00910274498,0.0334076434,0.645663559,0.762836635,-0.702982008,-0.0535391383,0.00305033964,0.262029499,0.0246426295,0.00634522457,0.189878851,0.159492806,0.20023571,0.294057518,0.00835204776,-0.00533296959,0.29619807,0.0359432399,0.0205582324,0.557217538,0.232229307,0.0622478798,0.752581596,-0.159610167,-0.366552681,-0.0808734968,0.427207321
0.273885339,3.41016006,0.708832085,-0.00439757016,0.0306196585,0.656315207,0.753852367,-0.675972641,-0.09430556,0.0140591105,0.269828647,0.0481633544,0.00652801804,0.26951772,0.148390919,0.19210735,0.263589293,-0.00584310479,-0.00499621732,0.269997925,0.0366356075,0.0166892577,0.584319651,0.221080512,0.0616195463,0.758635938,-0.160133407,-0.368218094,-0.0758477375,0.422950149
0.274695039,3.45331025,0.698276341,0.0010652527,0.0263692252,0.666569293,0.744975746,-0.650326967,-0.131187677,0.0220170803,0.283584863,0.0700406656,0.00667287316,0.34643665,0.139472112,0.182883069,0.240284711,-0.0138962818,-0.00444691069,0.23734352,0.0370830633,0.0108499313,0.602923691,0.20365268,0.058292266,0.761197329,-0.145837754,-0.360561848,-0.0681384429,0.424315512
0.274777144,3.49709249,0.690082788,0.00773120625,0.0226398055,0.677242577,0.735370815,-0.613415897,-0.16618894,0.0274998806,0.310062736,0.0904863104,0.00677549606,0.407941967,0.130993575,0.174407929,0.228244305,-0.0147639224,-0.00372346607,0.197643131,0.0365148708,0.00873626675,0.60826236,0.185097486,0.0543040559,0.758356571,-0.119236551,-0.348016053,-0.0592371263,0.428438783
0.276874036,3.54085875,0.685298562,0.0132010896,0.0171075985,0.689909995,0.723572552,-0.57453984,-0.19312039,0.0279401708,0.344353557,0.106024347,0.00685124565,0.450548321,0.134130821,0.16438821,0.235970721,-0.00843234826,-0.00308513572,0.150284916,0.0333455615,0.00954126474,0.59737432,0.171599254,0.0512352772,0.749019682,-0.0810489729,-0.329460591,-0.0477790423,0.436145812
0.278692573,3.58145952,0.681607425,0.0166002549,0.0122952815,0.70517242,0.70873481,-0.534537554,-0.214455545,0.0250872299,0.384069115,0.114813849,0.00681756297,0.461671352,0.144652307,0.155088633,0.269536465,0.000914884848,-0.0027495909,0.0876134038,0.0312345605,0.0141343717,0.566943109,0.159551576,0.0475542098,0.734209061,-0.0388208479,-0.309695661,-0.0358579941,0.445765018
0.281140864,3.62046504,0.69145304,0.0183712225,0.00947372988,0.722495198,0.691066861,-0.487536907,-0.230136737,0.0192611199,0.415573329,0.118886136,0.00671815639,0.437782079,0.159643337,0.146606699,0.324681133,0.0102818618,-0.00294404104,0.0130763724,0.0281609092,0.0156605896,0.517779469,0.151404798,0.0456424952,0.717766881,0.00691043865,-0.288877904,-0.0246475115,0.458556235
0.284522742,3.65335822,0.7012766,0.0170439482,0.00802113395,0.739260972,0.673155546,-0.44247064,-0.239154771,0.0104830768,0.431356758,0.119463019,0.00655901898,0.373005301,0.180539325,0.135557145,0.396284521,0.00896404497,-0.00412296178,-0.0727451444,0.0262419879,0.0193378218,0.453379631,0.156292468,0.0471022204,0.696984231,0.0499662533,-0.268834591,-0.0139324469,0.472272813
0.28957063,3.68390059,0.711223722,0.0144361258,0.00592845725,0.752063215,0.658906162,-0.396814466,-0.23452431,-0.00313552725,0.436837673,0.118372604,0.00630499981,0.274282873,0.1966158,0.122274697,0.472797722,-0.0109290248,-0.00678189751,-0.162690848,0.025146734,0.0276262555,0.381519735,0.168321744,0.0519454032,0.676742136,0.0889155865,-0.249053076,-0.00450846413,0.487645835
0.294516832,3.71179581,0.720417857,0.0109262755,0.00511112763,0.758728325,0.651295483,-0.352594316,-0.220621988,-0.0189251136,0.432541043,0.116337404,0.00599662354,0.147565991,0.194456995,0.110183544,0.554932773,-0.0474212058,-0.0112655647,-0.247953132,0.0260361414,0.0323651582,0.305638999,0.186875582,0.0597640611,0.655829728,0.123411909,-0.23335129,0.00254214648,0.503490686
0.298384547,3.73613977,0.728664756,0.00688652229,0.00740928669,0.75788033,0.652315199,-0.317975372,-0.206878245,-0.0329923294,0.419924527,0.11390347,0.00563310366,-0.00493202219,0.168623805,0.102556832,0.646044672,-0.0951397344,-0.017069662,-0.315546244,0.0257170331,0.0374404676,0.230424836,0.21587117,0.073006101,0.634037793,0.153677523,-0.224085525,0.00586969825,0.519591093
0.302005053,3.7566359,0.735156953,0.001232618,0.0123386029,0.749010026,0.662442565,-0.293306589,-0.192656845,-0.0455298685,0.401043653,0.111379355,0.00530105596,-0.186332762,0.127886489,0.0992277339,0.748375177,-0.15123561,-0.0240750164,-0.356271952,0.0262076687,0.0444503613,0.157098472,0.253457189,0.0897496045,0.609953701,0.17737554,-0.219775215,0.00647758879,0.533238709
0.305231482,3.77511501,0.740501225,-0.00690833852,0.0194655806,0.732742727,0.680192232,-0.276480526,-0.177751496,-0.0564088859,0.377292961,0.108478896,0.00505284965,-0.396610022,0.089059636,0.0978402942,0.861889482,-0.209131226,-0.0305389781,-0.36795336,0.0284222029,0.0529294945,0.0856641829,0.30090946,0.110205032,0.582414448,0.194636807,-0.219611138,0.00464938674,0.544440567
0.307682902,3.79292345,0.745069385,-0.0142960576,0.0267104618,0.711869895,0.701657653,-0.259536505,-0.164868459,-0.064820379,0.353128761,0.105369166,0.0048458064,-0.621260405,0.06856969,0.0947892964,0.982026041,-0.261154741,-0.0343216583,-0.352578819,0.029063696,0.0620136522,0.0152212372,0.352629691,0.132333785,0.55412221,0.206644088,-0.221498325,0.000969594403,0.554658473
0.310180277,3.81176758,0.748219967,-0.0210003313,0.0340346172,0.690748215,0.721988678,-0.237325162,-0.152170047,-0.0708157644,0.328071177,0.101550922,0.00470428076,-0.837646663,0.0737686455,0.0878243074,1.0924685,-0.295079559,-0.0349420831,-0.318043709,0.0275398549,0.0652958378,-0.0519273691,0.405457705,0.15392299,0.525642037,0.219748169,-0.225387409,-0.0047188215,0.564458787
0.313503176,3.83293295,0.751557648,-0.0261918623,0.0391617864,0.672867775,0.738260984,-0.207192987,-0.140686497,-0.0741451085,0.303194255,0.0962773785,0.00456995238,-1.012182,0.102009721,0.0745544881,1.16447926,-0.301881284,-0.0327124633,-0.275513798,0.0247990042,0.0656553283,-0.11201676,0.455033392,0.174098402,0.50134939,0.240857169,-0.228915498,-0.0122519918,0.575730979
0.317189276,3.85553694,0.753646493,-0.0291762743,0.0394088179,0.659967482,0.74969238,-0.164044335,-0.128781423,-0.0753219128,0.279558837,0.0897346586,0.00443599606,-1.1205734,0.141012147,0.0572659001,1.17554617,-0.280999422,-0.0294077732,-0.240515247,0.0230470952,0.0717909113,-0.167730272,0.489495188,0.185318321,0.479245573,0.264921159,-0.229369462,-0.0196668748,0.585918665
0.321534306,3.88043284,0.753636301,-0.0344887339,0.044290375,0.650646031,0.757303476,-0.127858579,-0.121378437,-0.0730586946,0.253303468,0.0820622668,0.0042797015,-1.18366349,0.176122025,0.0436786637,1.12664163,-0.244180501,-0.0262628794,-0.212699458,0.0227281861,0.0577630848,-0.211135924,0.50579083,0.186432585,0.461755186,0.291867107,-0.226765528,-0.0257291961,0.596756816
0.326038003,3.90584731,0.752385676,-0.0359234586,0.045002088,0.643575251,0.763213754,-0.0826903135,-0.117387831,-0.0682969615,0.229186803,0.0740418658,0.00406520301,-1.19440162,0.209051728,0.0334626436,1.04530489,-0.198754996,-0.023724271,-0.19480136,0.0215521082,0.0566510819,-0.244847119,0.50590986,0.178658441,0.445020139,0.313202083,-0.221491024,-0.0298571344,0.604935408
0.330918133,3.93321514,0.749612629,-0.0361239277,0.0436711423,0.637300491,0.768528461,-0.0312316846,-0.11343649,-0.0625702813,0.208594561,0.0658876076,0.00391823519,-1.17182827,0.240119353,0.0270367656,0.954386592,-0.152361616,-0.0217192825,-0.183699086,0.0201805774,0.0523763672,-0.256614536,0.500739634,0.169605479,0.436795354,0.330042064,-0.216192782,-0.0336912721,0.611433923
0.335425198,3.96040392,0.745270014,-0.0366974138,0.0442495942,0.630411983,0.774129272,0.0167407822,-0.113874003,-0.0542361662,0.187134087,0.057377968,0.00375666562,-1.13406742,0.267729372,0.0284321271,0.870905876,-0.108904161,-0.0200798213,-0.175146088,0.0189372208,0.0469798706,-0.257508188,0.492424667,0.159933463,0.435037881,0.338214219,-0.210802287,-0.0370382965,0.614511311
0.339717954,3.98940492,0.739189327,-0.0351319723,0.0438312665,0.623252511,0.780000567,0.0708658621,-0.119097203,-0.0439278893,0.166698024,0.0492910892,0.00357568078,-1.08784354,0.290046483,0.0389504954,0.809503913,-0.07146319,-0.0186725538,-0.166010201,0.0187838376,0.0439459234,-0.24234885,0.478756845,0.148355097,0.437132508,0.341653049,-0.206449926,-0.0409268178,0.611921251
0.343796313,4.01956701,0.731600583,-0.0334592052,0.0433350429,0.616582632,0.785384238,0.126456559,-0.125441536,-0.0326208584,0.146178067,0.042155996,0.00339830318,-1.0259167,0.312538207,0.0531370901,0.770108759,-0.0370441191,-0.0178536233,-0.158192649,0.0170946177,0.0430414788,-0.222058669,0.46279791,0.135819927,0.444156468,0.340303242,-0.203788996,-0.0444270186,0.605154395
0.347054154,4.05118132,0.723114133,-0.0301839933,0.0442275032,0.609979153,0.79060632,0.181975707,-0.138535827,-0.0188603923,0.125956729,0.0373168401,0.00312726339,-0.975264966,0.33070761,0.0702809468,0.740815341,-0.00393420504,-0.0172149371,-0.14929603,0.0152732618,0.0425642207,-0.192347169,0.44224906,0.120809831,0.457164288,0.336870164,-0.204501316,-0.0482238084,0.595353186
0.352080524,4.08198309,0.715492368,-0.0286125969,0.0467180945,0.601309717,0.797135711,0.226207778,-0.149399132,-0.00582824228,0.105595447,0.0360637866,0.00270051835,-0.948394537,0.353089958,0.0822599232,0.736139536,0.019835012,-0.016381342,-0.132708684,0.014091095,0.0482365154,-0.154203311,0.418946564,0.103099085,0.475610912,0.327709585,-0.2039579,-0.0511162765,0.583225965
0.356259376,4.11124325,0.697673142,-0.0421883129,0.079382062,0.894777954,0.437368304,0.254115462,-0.166419819,0.00796712283,0.0908083767,0.0404945947,0.00210165535,-0.934150994,0.372917861,0.0947420225,0.7507388,0.0361564532,-0.0153749697,-0.110515341,0.0143477609,0.0593383089,-0.118126392,0.395029008,0.0847325101,0.496246099,0.307660282,-0.207051039,-0.0562079214,0.56902194
