-2.25827765,-2.14349103,0.76952213,0.00466155633,0.00473604118,0.444704235,0.895652831,0.0149856471,-0.0315546095,0.0927825868,-0.0112079233,0.0459639132,0.000512853265,0.0850610957,0.0303670019,-0.089353703,-0.0262961742,0.0380497649,-0.00018473329,-0.0388574414,0.0294158831,0.0724346116,0.14090988,0.136845067,0.0115911653,0.658385873,0.118789583,-0.153126419,-0.0208406951,0.543329895
-2.25867224,-2.14391255,0.769527256,0.0046783369,0.00487157982,0.444206148,0.895899177,0.0143232159,-0.031872198,0.092786409,-0.0110133374,0.0460059717,0.000522799266,0.083062306,0.0295943338,-0.0893341005,-0.0265222751,0.0378677845,-0.000200029564,-0.0390734188,0.0295266174,0.0723614991,0.139869943,0.136642411,0.0111142304,0.657764792,0.119199276,-0.153509662,-0.0216196943,0.543713331
-2.25950813,-2.1449399,0.769426048,0.00506032398,0.00613884907,0.442558557,0.896704316,0.0100497426,-0.0352746062,0.0931256041,-0.0116781993,0.0474012382,0.00049019116,0.0782937109,0.0281419363,-0.0891306624,-0.0266796071,0.0375334993,-0.000172792206,-0.0425929204,0.0302398894,0.0702210739,0.142103389,0.136433855,0.0106078917,0.658393919,0.115184441,-0.155391112,-0.0215161853,0.542422116
-2.25929379,-2.14482284,0.769892037,0.00537311425,0.00604724744,0.44219017,0.896884859,0.0109280124,-0.0320602357,0.0918264315,-0.0116461199,0.0487019271,0.000483546668,0.0782651603,0.026519414,-0.0885279626,-0.0249099117,0.0375754982,-0.000172072629,-0.0430793166,0.0306908526,0.0700155422,0.142438412,0.135262951,0.0098766461,0.658349574,0.114816546,-0.155194536,-0.021133557,0.542664587
-2.25929141,-2.14491153,0.770102203,0.00554886227,0.00595487701,0.442012995,0.896971703,0.0114903934,-0.0316798985,0.0911346525,-0.0116860699,0.0498057045,0.00047153412,0.0782113224,0.0237400942,-0.0875752494,-0.0230590794,0.0375596136,-0.000242174312,-0.0431078896,0.0310670771,0.0696559101,0.142476782,0.134824827,0.0093743382,0.657586634,0.114359543,-0.154529437,-0.0204045083,0.542814314
-2.25935841,-2.14513421,0.770133078,0.00580175174,0.00586014194,0.441775709,0.897087634,0.0116790915,-0.0323800296,0.0905418396,-0.0117704412,0.0508543961,0.000452798238,0.0774525329,0.0235991124,-0.0868250802,-0.0213240851,0.0373965874,-0.000226573058,-0.0431531705,0.0305816792,0.0698195398,0.143557072,0.133778423,0.00868048053,0.658263862,0.114682816,-0.155082911,-0.020363424,0.542724669
-2.25965881,-2.14544487,0.770238996,0.00608963938,0.00610958319,0.441335648,0.897300661,0.0111118825,-0.0336473733,0.0902958736,-0.0120622432,0.0518770367,0.000423102989,0.076251559,0.0226200968,-0.0859409422,-0.0204754137,0.0371645726,-0.000204342286,-0.0436816737,0.0307539701,0.0699167177,0.143305138,0.132361531,0.00827379152,0.659118891,0.114743099,-0.155285537,-0.0209600627,0.542790651
-2.25945067,-2.14552927,0.770241559,0.0062886579,0.00595135847,0.441207349,0.897363424,0.0117936488,-0.0329758301,0.0897739828,-0.0118787866,0.0526020303,0.000416875089,0.0761949569,0.0227694549,-0.0852807313,-0.0193167012,0.0369585454,-0.000185923083,-0.0433235168,0.0309253708,0.0696990043,0.143358678,0.132030055,0.00809538271,0.659206629,0.114503391,-0.155989841,-0.0211733505,0.543416679
-2.25861025,-2.14566898,0.770038128,0.00623172428,0.00542036491,0.440882236,0.897526979,0.0133750113,-0.031826403,0.0889364332,-0.0114852209,0.0532801561,0.000399333803,0.0771966353,0.0243294276,-0.0848667547,-0.0179658402,0.0369302407,-0.000178283721,-0.0435389839,0.0303587262,0.0690488964,0.1440323,0.13227722,0.00834808499,0.659140408,0.115810424,-0.15498887,-0.0210369658,0.543942332
-2.25867105,-2.14597344,0.770173669,0.00641020387,0.00535413716,0.44067511,0.897627831,0.0134259528,-0.0319381431,0.0885430723,-0.0117752105,0.0538224541,0.000388545304,0.0771324188,0.0242694542,-0.084209688,-0.0176296346,0.0366240554,-0.000172760381,-0.0432859324,0.0305098724,0.0690280572,0.144602045,0.131984755,0.00804606453,0.659385622,0.115929022,-0.155021057,-0.0211862568,0.544468582
-2.25866008,-2.14623928,0.770181954,0.00642064586,0.005488222,0.440534264,0.897696078,0.0130887376,-0.0318309851,0.0880405903,-0.0119730057,0.0544554368,0.000370223337,0.0762096867,0.0245303065,-0.0837239698,-0.016972553,0.0363136902,-0.00015541754,-0.0429866612,0.0306895282,0.0681158751,0.144850284,0.132450327,0.00797167514,0.659639359,0.115597859,-0.155417085,-0.0217483435,0.545096576
-2.25836134,-2.14652801,0.770183086,0.00669231638,0.00543041807,0.44037798,0.89777112,0.0134177599,-0.0317939781,0.0876064822,-0.0119107673,0.0549510308,0.000347720139,0.0763768479,0.0247833356,-0.0832747221,-0.0165076368,0.0360494889,-0.000139902593,-0.0426253453,0.0302560199,0.0682236254,0.145028993,0.132139251,0.00769667188,0.659506559,0.116437308,-0.154973775,-0.0218134616,0.545634151
-2.25830531,-2.14672232,0.770169973,0.00672442699,0.00553961098,0.440358967,0.897779524,0.0132727632,-0.032030385,0.0873654336,-0.0122309206,0.0553750321,0.000324970373,0.0758213699,0.0243883245,-0.0826319456,-0.0160803962,0.0358517282,-0.000140144839,-0.0420932807,0.0306523778,0.0682291314,0.145395815,0.132974401,0.00813578255,0.659350693,0.116664574,-0.155444622,-0.0221230611,0.546149731
-2.25827217,-2.14686728,0.770302832,0.00681217574,0.00571071543,0.44026494,0.89782393,0.0126130357,-0.0317962542,0.0873513669,-0.0123815918,0.0555280671,0.000314705947,0.075063549,0.0241228547,-0.0821770802,-0.015911648,0.0355976112,-0.000128317799,-0.0417142957,0.0308036059,0.0679558367,0.146059021,0.133245856,0.0084427055,0.659347415,0.117102996,-0.155236721,-0.0220727213,0.546626031
-2.25781059,-2.14736819,0.770130873,0.00667958986,0.00574586773,0.440073729,0.897918463,0.0123823537,-0.0309859831,0.0870728865,-0.0122677404,0.0556312315,0.000307741953,0.0746935531,0.0252210461,-0.081914708,-0.0155432783,0.0354009271,-0.000131418958,-0.0415805988,0.0306296647,0.0672785044,0.145931825,0.133008331,0.00846136454,0.659022808,0.117074586,-0.154769987,-0.0217061322,0.546702683
-2.25754237,-2.14781618,0.770010173,0.00653164787,0.00578211108,0.439849496,0.898029149,0.0119195357,-0.0303074289,0.0866648853,-0.0121754771,0.0559601262,0.000296164595,0.0739567652,0.0264155939,-0.0818576142,-0.0151623758,0.035184212,-0.000117674594,-0.0410644934,0.0307196584,0.0676983446,0.145825341,0.133129984,0.0089501394,0.6582672,0.117682412,-0.153508469,-0.0210173484,0.546521485
-2.25715733,-2.14822578,0.769905388,0.00629083579,0.00580023136,0.439479113,0.898212075,0.0116571169,-0.0290866345,0.0861766413,-0.0120393327,0.0561602898,0.000283441623,0.0729849264,0.0280674249,-0.0816919431,-0.0145012354,0.0350726321,-9.45861539e-05,-0.0417441502,0.0313379541,0.0673908368,0.147414625,0.132377684,0.00916128699,0.659496307,0.117308468,-0.153222591,-0.0213340223,0.546636462
-2.25719142,-2.14847684,0.770195007,0.00615009619,0.00609135814,0.439523339,0.898189485,0.0103067672,-0.0284155887,0.0862743184,-0.0118651753,0.0561418384,0.000266963296,0.0712320209,0.0281884205,-0.0812180638,-0.013576597,0.0349478461,-8.0893944e-05,-0.0414496772,0.0313681811,0.0675103664,0.147323072,0.13146615,0.00944258459,0.66027236,0.117524482,-0.152972057,-0.0216056742,0.546807826
-2.25654411,-2.14871764,0.770287991,0.00634753471,0.00604871195,0.439489156,0.898205101,0.0103908721,-0.0273964014,0.0860561803,-0.0106129395,0.0561113022,0.000266611401,0.0712032318,0.0287474226,-0.0808932632,-0.0121813742,0.0347861871,-8.93459946e-05,-0.0409650765,0.0311127082,0.0673413724,0.147157714,0.131371602,0.00981063023,0.660300791,0.117397435,-0.151726261,-0.0209937263,0.546643257
-2.25586104,-2.14900494,0.770500124,0.00656388374,0.00604849728,0.439463347,0.898216188,0.0103632817,-0.0272578038,0.0856591687,-0.00965974014,0.0562323183,0.00024991628,0.0701042786,0.0293101314,-0.0806730837,-0.0105950758,0.0344395861,-9.46669315e-05,-0.0401049256,0.0307794716,0.0668423027,0.147155717,0.131440356,0.0100741787,0.660647988,0.117833592,-0.150537208,-0.0201453529,0.546726227
-2.25538945,-2.149225,0.770637095,0.00639658561,0.00588811701,0.439214259,0.898340225,0.0108697321,-0.025374515,0.0849298537,-0.00889478065,0.056335967,0.000245259405,0.0692742541,0.0301310774,-0.0802714825,-0.00816305168,0.0342303589,-0.000107903841,-0.0411365628,0.0310120545,0.0649290383,0.148187518,0.132154867,0.0104780309,0.66148597,0.117636949,-0.14974314,-0.0199213866,0.547117889
-2.2542088,-2.14935541,0.770737886,0.00687136734,0.00559560675,0.439562827,0.898168147,0.0117821675,-0.0247904584,0.0843864381,-0.00811026525,0.0562131777,0.000228913792,0.0698062479,0.03137343,-0.0797828734,-0.00531845912,0.0339672156,-0.000114243805,-0.0403038152,0.0309565533,0.065500021,0.147680461,0.131944969,0.0108591449,0.661928177,0.119402923,-0.150546372,-0.0210264269,0.548188984
-2.25362182,-2.14966416,0.770871937,0.00716074044,0.00579732936,0.439714223,0.898090482,0.0114765689,-0.0246370789,0.0837591439,-0.00752871437,0.0563188978,0.000211204344,0.0680594519,0.0314056687,-0.0788432658,-0.00292078708,0.0336092934,-0.00012372213,-0.0400363542,0.0306319762,0.0641784221,0.14723675,0.132116899,0.011363388,0.662060201,0.119786575,-0.151168242,-0.0216659922,0.548706055
-2.25272584,-2.14989829,0.771247149,0.00760311214,0.0058620288,0.439778745,0.898054898,0.0115809655,-0.02398449,0.083086364,-0.00676138885,0.0562940985,0.000203033211,0.0658139586,0.0313773565,-0.0777753815,0.00117650523,0.0331284441,-0.000140101663,-0.0410510376,0.0307250451,0.0645612329,0.147732303,0.132861853,0.0122902244,0.662872195,0.119770035,-0.151377857,-0.0222022776,0.548991203
-2.25108123,-2.15006518,0.771538198,0.00770978257,0.00558755873,0.440163553,0.897867143,0.0119733503,-0.0223829951,0.0821727812,-0.00511380238,0.05607922,0.000199714807,0.0642675832,0.0329471193,-0.0769939572,0.00640337169,0.0323889256,-0.000184301694,-0.0411119796,0.030862743,0.0644481853,0.147262841,0.132655978,0.0126711586,0.664155185,0.120136179,-0.150935292,-0.0223927815,0.549386799
-2.24936771,-2.1505034,0.771791518,0.00787487347,0.00582348648,0.440637439,0.897631705,0.0130369049,-0.0200444125,0.0809559822,-0.004404495,0.0559204817,0.00018560575,0.0631911457,0.0351439007,-0.0761666745,0.0113438927,0.0316678435,-0.000190649196,-0.0408052057,0.0312456395,0.0651674643,0.145988464,0.134317994,0.0141411405,0.664637983,0.119902186,-0.15076004,-0.0226335786,0.549312055
-2.24711561,-2.15096474,0.771476805,0.00767031265,0.00606565783,0.440716475,0.897593141,0.0126991821,-0.0170332752,0.0794890076,-0.00311249378,0.055696588,0.000171906111,0.0621874295,0.0382710248,-0.0755874217,0.014917179,0.0309918337,-0.000216062865,-0.0407513455,0.0315105505,0.0654140338,0.145729974,0.136691168,0.0156716295,0.664539576,0.119015336,-0.149431363,-0.0218924601,0.548426986
-2.24570394,-2.15131998,0.771688044,0.00754808914,0.00707512815,0.440975577,0.897459447,0.0108629167,-0.0156957991,0.0783837512,-0.00248108245,0.0556338988,0.000149665633,0.0594150051,0.0396393612,-0.0746395886,0.0178674031,0.0301500056,-0.000233683313,-0.0404668599,0.0318390951,0.0654681474,0.144983649,0.138332561,0.0169828366,0.664475203,0.119558163,-0.151071087,-0.0231901836,0.547957838
-2.24355197,-2.15185976,0.772003055,0.00761833321,0.00822476391,0.441202372,0.897337615,0.00950987451,-0.0141731054,0.0772621036,-0.00209398684,0.05536706,0.000125603896,0.0563381426,0.0412991308,-0.073898457,0.0214110315,0.0290685035,-0.000264112867,-0.0416401103,0.0320132934,0.0668434873,0.144164383,0.140034661,0.01863534,0.663890958,0.118723944,-0.151708394,-0.0235780906,0.546988666
-2.24086809,-2.15316343,0.772042394,0.00718017761,0.00981021021,0.442474216,0.896698833,0.00625063619,-0.0108743282,0.0759161115,-0.00253420509,0.0548809618,8.72415039e-05,0.0498925149,0.0452085733,-0.0736944675,0.0255410392,0.0279550236,-0.000279197528,-0.0406749062,0.0321861431,0.066923596,0.142666772,0.144133344,0.0210518073,0.662707925,0.11939992,-0.15252924,-0.0239479709,0.546425819
-2.23797512,-2.15390062,0.772337317,0.00679623708,0.0113774994,0.443919599,0.895968616,0.0026827713,-0.00763568329,0.0743867531,-0.00206312607,0.0546361953,4.94765954e-05,0.0436832011,0.0481862426,-0.0729999766,0.0320982039,0.0268800091,-0.000327036483,-0.0396886207,0.0325876325,0.0677330196,0.141486511,0.147817329,0.0235164724,0.661589742,0.120842189,-0.154801488,-0.0248025134,0.546122015
-2.23447466,-2.15453386,0.772527397,0.00598836876,0.0137073016,0.44572252,0.895046175,-0.00182757026,-0.00405950984,0.0726978406,-0.000511827529,0.0543995835,3.75302811e-08,0.0371274315,0.0519112125,-0.0722966939,0.0387506746,0.0258733612,-0.000374186027,-0.038368389,0.0334388055,0.0661041439,0.142671555,0.155079186,0.0276903864,0.661590993,0.121271148,-0.157932848,-0.0263801944,0.545713484
-2.23042107,-2.15663338,0.772060096,0.00328460732,0.017203778,0.448455364,0.893633604,-0.013346618,0.00260723522,0.0704332441,5.28406817e-05,0.0542742833,-9.60652251e-05,0.0255830642,0.0604363494,-0.0730162039,0.044558648,0.0251652896,-0.000417719333,-0.0340092517,0.0358069427,0.0630980283,0.140563101,0.163828656,0.03238732,0.661586165,0.121189594,-0.15990141,-0.0285637043,0.544626474
-2.22612739,-2.15707564,0.771955073,0.00305381301,0.0184175633,0.450431496,0.892615795,-0.019521147,0.0074044629,0.0678613782,0.00670211995,0.0543624498,-0.000119330201,0.0205666516,0.0653717965,-0.0723926872,0.0529363789,0.0244286247,-0.000474137632,-0.0309710279,0.0344237611,0.0637225881,0.144207641,0.177187026,0.0394670144,0.662248611,0.127045438,-0.164835021,-0.0309150498,0.545055151
-2.22118497,-2.15774465,0.771800876,0.00181824551,0.0207793675,0.453193277,0.891168118,-0.0299439263,0.0130677,0.0642879158,0.0151900938,0.0545823276,-0.000191428888,0.0146996556,0.0708934516,-0.0715886727,0.059813045,0.023761902,-0.000562551664,-0.0250652004,0.0350627787,0.0644460842,0.146938458,0.192663997,0.0478608087,0.662410676,0.132741779,-0.170195311,-0.0332575068,0.543979645
-2.21602845,-2.15917063,0.771805763,-0.000330138893,0.0244533196,0.45652473,0.889374554,-0.0495567694,0.019615937,0.0601383634,0.0287166536,0.054761637,-0.000322008331,0.00467811245,0.0772926509,-0.0712766945,0.0657419115,0.0233225264,-0.000635158329,-0.0154276351,0.0360152945,0.0643243417,0.149203047,0.209684595,0.0575599335,0.663021445,0.137016416,-0.178002536,-0.035907533,0.541660368
-2.21113849,-2.15984869,0.77152288,-0.00262949732,0.0284988657,0.459929407,0.887494147,-0.0761421919,0.0251892246,0.0548402965,0.0526382327,0.0549478456,-0.000434397603,-0.00470126886,0.0834065154,-0.0707922354,0.0704931766,0.0229149926,-0.00070485269,-0.00117387192,0.0368916802,0.0641236976,0.153487891,0.229068294,0.0688739792,0.664490938,0.141816556,-0.189521015,-0.0397770666,0.539900482
-2.20556116,-2.16061521,0.77070713,-0.0051470208,0.0334579945,0.463313282,0.885547817,-0.114628688,0.0294096693,0.0485221483,0.0890942961,0.054107327,-0.00063975103,-0.0140100224,0.0895907283,-0.0704542994,0.073432833,0.0224897172,-0.000808699115,0.0175041612,0.0371453762,0.0644108281,0.154801115,0.247219846,0.0795464963,0.664702177,0.146093875,-0.202193514,-0.0434254743,0.53712815
-2.20118856,-2.16031504,0.77055037,-0.00718142232,0.0386658795,0.467322767,0.883211672,-0.163069203,0.0311119407,0.0414371006,0.140158713,0.0524971746,-0.000862475659,-0.0230185427,0.0922762305,-0.0693899617,0.0760950372,0.0219200812,-0.000898968254,0.0394916274,0.0371805243,0.0666284487,0.156819552,0.263060957,0.089756228,0.6657691,0.150641665,-0.217853248,-0.0479066782,0.534761429
-2.19615006,-2.15843916,0.770568132,-0.00920477416,0.0440292992,0.472097635,0.880397916,-0.224995911,0.0239275564,0.0344677679,0.204240099,0.0476573668,-0.001690779,-0.0281509906,0.0930089056,-0.0678641424,0.0771326348,0.0214950368,-0.000995392445,0.0636795685,0.0369188264,0.0694712102,0.160223871,0.273479968,0.0982717499,0.667096972,0.153990701,-0.234895945,-0.0527482294,0.534726799
-2.19101787,-2.15592933,0.77037406,-0.0112219388,0.0490341671,0.478361875,0.876720905,-0.298137486,0.009210933,0.0272643846,0.276437134,0.0383395441,-0.00317339343,-0.030960666,0.0952828005,-0.0671847239,0.076011464,0.0214112308,-0.00102835055,0.0858465582,0.0363827311,0.0709166899,0.165369853,0.279179841,0.104455829,0.669818759,0.157868713,-0.251854897,-0.0582164973,0.535535216
-2.18507242,-2.15224981,0.770349026,-0.0131834596,0.0535923578,0.485958964,0.872237384,-0.381001264,-0.015306754,0.0201587472,0.349831372,0.0270041935,-0.00541561004,-0.0309479889,0.0981482863,-0.0673165619,0.0739634112,0.0218141247,-0.00103683083,0.103071488,0.0362363271,0.0705142245,0.178526595,0.282690644,0.110288322,0.675212145,0.16062668,-0.267456025,-0.0636198595,0.536702633
-2.17769313,-2.14771199,0.769840837,-0.0156161524,0.0575294904,0.495028406,0.866829455,-0.467155486,-0.0450605899,0.0118766278,0.419592589,0.0168095101,-0.0077647795,-0.0278848037,0.103896968,-0.0686578527,0.0704362243,0.0225510579,-0.00106641965,0.114093363,0.0359026492,0.0702770725,0.194097653,0.283261418,0.114782318,0.681198955,0.161555856,-0.280847192,-0.0683162287,0.536377251
-2.16941285,-2.14144921,0.769238472,-0.017366413,0.0605943054,0.504852712,0.860901058,-0.549954236,-0.0810430497,0.00302881398,0.480233759,0.00995761063,-0.00961695891,-0.0197689869,0.109944507,-0.0705343038,0.0669361129,0.0231022686,-0.00114556239,0.121997386,0.0356344357,0.0695548654,0.214559004,0.280869544,0.118044518,0.688576221,0.16069594,-0.292112142,-0.0714852884,0.53456074
-2.16045952,-2.13356686,0.768481195,-0.0182811767,0.0635856837,0.513803601,0.855352879,-0.627027571,-0.123643711,-0.00472662598,0.526953042,0.00889510848,-0.0107959406,-0.00857493188,0.114798911,-0.0727167577,0.0633232594,0.0226289127,-0.00128060265,0.12558277,0.0347640254,0.0690392554,0.237301037,0.273333848,0.118944496,0.695741594,0.156611577,-0.3019723,-0.0729348511,0.53010869
-2.14955735,-2.12357259,0.766251266,-0.0192825161,0.065274775,0.522284865,0.850050509,-0.689032674,-0.165732995,-0.012862049,0.55086416,0.0146496864,-0.0109216301,0.00972564332,0.1226274,-0.0758278668,0.0595855005,0.021292489,-0.00147522485,0.129859313,0.0346629061,0.0678984746,0.263617635,0.260922492,0.117498241,0.703209698,0.152391165,-0.310683817,-0.0736593977,0.525140882
-2.13749051,-2.11192775,0.762841761,-0.0193758532,0.065976724,0.528923869,0.845878959,-0.736246288,-0.205706209,-0.0199924298,0.555368245,0.0263308324,-0.0102498457,0.034451168,0.130029947,-0.0795651898,0.0542111173,0.0189390667,-0.00172722863,0.131515339,0.0348246284,0.0629928336,0.294967294,0.243285894,0.114194877,0.712260842,0.145214349,-0.316257417,-0.0719274879,0.519231915
-2.1233604,-2.09900737,0.758426785,-0.0201947428,0.066026859,0.534582138,0.842291236,-0.769444525,-0.240442321,-0.0263725892,0.542048812,0.0418509953,-0.00903588627,0.06505844,0.142370164,-0.0845991671,0.0471956059,0.0158069972,-0.00195324467,0.133579165,0.0359990858,0.0594338961,0.328298271,0.224864215,0.1091085,0.720757365,0.137597352,-0.316097975,-0.0676228553,0.511959374
-2.10761523,-2.0833385,0.752542615,-0.0192118138,0.0646156818,0.539386392,0.839355767,-0.787765503,-0.271759719,-0.030347852,0.517066836,0.0595440455,-0.00755649386,0.104827657,0.155241251,-0.0897919908,0.0390976742,0.0119855646,-0.00216928427,0.134723231,0.035691902,0.0552602224,0.361729354,0.197812885,0.100441948,0.729213774,0.130073845,-0.315250099,-0.0619850494,0.505761206
-2.09032464,-2.06597304,0.745377839,-0.0187854245,0.0628858209,0.543652654,0.836740255,-0.796985924,-0.299989909,-0.0336887091,0.48664552,0.0774828196,-0.00591463316,0.148876533,0.170051411,-0.0958518088,0.0287195053,0.00783082657,-0.00237127324,0.137917936,0.0358163081,0.0550914556,0.394220561,0.172347233,0.0914542153,0.736781538,0.1219666,-0.312405884,-0.056231644,0.498968303
-2.07216454,-2.04520726,0.735539138,-0.0170583129,0.0604311302,0.547562599,0.834405363,-0.798674285,-0.325814426,-0.0340932049,0.462727606,0.0948813558,-0.00440880982,0.200124279,0.184193105,-0.101930097,0.016865287,0.00378061016,-0.00258691027,0.135321692,0.0363065489,0.0489339791,0.427663773,0.14485319,0.0813152716,0.745503366,0.11246638,-0.30939433,-0.0498886369,0.491003722
-2.05133462,-2.02397799,0.723261833,-0.0164602809,0.0577966981,0.552407861,0.831404924,-0.797759473,-0.347366482,-0.0345285535,0.448322743,0.110509507,-0.00304484414,0.253272712,0.204699636,-0.110288605,0.00397325214,0.000641917693,-0.00276042265,0.134899139,0.0361740366,0.0492515154,0.452933967,0.120489366,0.0719083846,0.751609564,0.103139907,-0.30431205,-0.0429499559,0.48350808
-2.02842402,-2.00096059,0.709222376,-0.0154144522,0.0550911464,0.556494296,0.828879654,-0.793860972,-0.369119227,-0.0352906361,0.447481811,0.124422498,-0.00179054693,0.309759408,0.226947829,-0.119433813,-0.00931065716,-0.0017675237,-0.0029259068,0.133338794,0.0351814665,0.0476389602,0.471981078,0.0988344699,0.0636364967,0.756918848,0.0938920602,-0.297490865,-0.034709122,0.475578338
-2.00383687,-1.97559881,0.693879724,-0.0139207384,0.052072674,0.560292363,0.826539278,-0.789045036,-0.387542367,-0.0388518944,0.463337779,0.137097284,-0.00084949343,0.370453984,0.247433886,-0.127973914,-0.0198984072,-0.00288131111,-0.00301664346,0.128976449,0.0349207148,0.0465830378,0.485065967,0.0815211833,0.058023341,0.761308789,0.086231932,-0.290622175,-0.0244540665,0.46661517
-1.97667301,-1.94903994,0.677000403,-0.013556229,0.0490266122,0.564151227,0.824103177,-0.781953037,-0.400836259,-0.0457972661,0.505553067,0.146727696,-0.000117249248,0.429718584,0.272444338,-0.136982843,-0.0267267395,-0.000970097783,-0.00292766886,0.118483312,0.0338101797,0.0495340563,0.486949086,0.0695326403,0.0554209501,0.763956428,0.0770182759,-0.283075154,-0.0142089594,0.45901081
-1.94704831,-1.91680205,0.661099434,-0.0127292704,0.0433609635,0.567854464,0.821887553,-0.755940974,-0.413395703,-0.0551186875,0.570288002,0.152533174,0.00044754456,0.486275822,0.293465078,-0.142135724,-0.0222461,0.00659771077,-0.00242621521,0.0990339518,0.0299158562,0.0542497635,0.478997767,0.0645688549,0.057324145,0.764547169,0.0726368204,-0.271246225,-0.00164032879,0.451656848
-1.91345918,-1.88536382,0.667730868,-0.0164808985,0.0365872458,0.571748912,0.819446683,-0.72550112,-0.410206765,-0.0729348734,0.645065248,0.152491286,0.000884440844,0.522876143,0.320622981,-0.145727813,-0.00700007612,0.0210993849,-0.00162864581,0.064931877,0.0238839276,0.0611671731,0.45142138,0.0745760724,0.0665687025,0.759468317,0.0758818239,-0.253916383,0.0123299463,0.4469513
-1.87674427,-1.85311282,0.685700059,-0.0217280108,0.0280606784,0.577303171,0.815758288,-0.689291656,-0.387267947,-0.0984015688,0.722053468,0.146749347,0.00146421231,0.54033941,0.346343189,-0.144570783,0.0261483788,0.0421045572,-0.000486809004,0.0122923236,0.0164488722,0.0723829642,0.410341799,0.0976608917,0.0797004327,0.747249603,0.0876909345,-0.24010773,0.0241033435,0.44339624
-1.83946884,-1.82107174,0.70016861,-0.026695082,0.0220364947,0.585022032,0.810278356,-0.648343682,-0.360086352,-0.128074959,0.797258973,0.137508482,0.00208059419,0.529067099,0.364898145,-0.136168033,0.0821120813,0.0644404814,0.00047843522,-0.0585531779,0.00966422632,0.0824894533,0.353040159,0.136149317,0.0982073024,0.728887618,0.106459089,-0.237545356,0.0297407918,0.446696192
-1.80289185,-1.79000592,0.709761441,-0.0301300157,0.0185338389,0.594564676,0.803269267,-0.595980346,-0.330899745,-0.16079466,0.856751263,0.126564533,0.00246581389,0.484733075,0.367852032,-0.121003143,0.152926281,0.0824412555,0.000862362911,-0.146120861,0.00477580354,0.090992108,0.283208489,0.186291024,0.120693997,0.704606175,0.124365062,-0.24689135,0.0258174855,0.456292808
-1.76752281,-1.76075375,0.720364928,-0.0328390449,0.0159563888,0.603142262,0.796797574,-0.533428848,-0.293341786,-0.19593206,0.881343365,0.116704479,0.00242761755,0.411537856,0.356565624,-0.103874817,0.226338133,0.0755900145,-0.00123292755,-0.256244779,0.00433627795,0.0939514488,0.214647144,0.241107628,0.144129932,0.678794146,0.135498479,-0.261422187,0.0143119013,0.468493909
-1.73152149,-1.73232687,0.733487368,-0.0333330519,0.0129131768,0.608446717,0.792789221,-0.45339185,-0.243394062,-0.232537761,0.867976725,0.111311644,0.00195525656,0.317979246,0.322795093,-0.0890545696,0.294576794,0.0480892546,-0.0060789017,-0.370407254,0.00371640362,0.0905357525,0.161825836,0.295601428,0.167229205,0.658838868,0.146296814,-0.270575821,0.00261137774,0.483241469
-1.69945443,-1.70295501,0.751411378,-0.031853985,0.0117166648,0.609860897,0.791781425,-0.3720707,-0.201457098,-0.261503518,0.819766462,0.111202694,0.00116087333,0.209399641,0.264042407,-0.0732612237,0.357850552,0.0112359002,-0.0120919831,-0.469637841,0.00384506024,0.0789770931,0.120583974,0.339640051,0.185824186,0.643073916,0.158926085,-0.278258622,-0.0108379917,0.499338955
-1.67045116,-1.67150867,0.771478355,-0.0258520376,0.0110816061,0.607472479,0.793842614,-0.294032484,-0.177577674,-0.278580666,0.749242067,0.11755655,0.000341353123,0.0964742899,0.185471758,-0.0544679873,0.421324998,-0.0304922145,-0.0184200536,-0.542898655,0.00346115464,0.0705651492,0.0876134112,0.37246877,0.198623314,0.627751768,0.176917464,-0.288363039,-0.0255994145,0.516598582
-1.64302945,-1.6408118,0.794220746,-0.0183651056,0.0128648449,0.6004861,0.799320757,-0.226751819,-0.17098254,-0.287985057,0.674172282,0.128892109,-0.000146916733,-0.0271359049,0.100862809,-0.0336883813,0.484837115,-0.0749260485,-0.0248669125,-0.583156943,0.00260473602,0.0624685176,0.0586518198,0.39901799,0.206337944,0.612129748,0.198463947,-0.300710976,-0.0410825647,0.535370767
-1.61768901,-1.61223519,0.80633527,-0.0131912259,0.0202132259,0.588670135,0.808012962,-0.182562247,-0.189147249,-0.285600185,0.590598881,0.144782916,0.000373406801,-0.170976415,0.0243045054,-0.0103545487,0.543564141,-0.117645644,-0.0297050383,-0.589922309,0.00423943624,0.0593433045,0.0201261528,0.418595076,0.205714718,0.591104686,0.222928375,-0.313173562,-0.0561187156,0.552847445
-1.59131753,-1.58511245,0.820611417,-0.0119269062,0.0301744733,0.571926951,0.819662631,-0.152016804,-0.208734021,-0.279435039,0.520899951,0.157587409,0.00114663714,-0.329629958,-0.0283954963,0.0120062148,0.586852551,-0.153648943,-0.0326575078,-0.57134366,0.00404360099,0.0589179471,-0.0237132143,0.426672518,0.196124941,0.567040443,0.248278022,-0.320355833,-0.0687090978,0.569530904
-1.56523573,-1.55814981,0.81905967,-0.0133478893,0.0403502472,0.552497506,0.832430363,-0.144039363,-0.224364236,-0.273078293,0.451034456,0.169403121,0.00139743683,-0.481469482,-0.0497458726,0.0303405039,0.607735395,-0.175890222,-0.0330580473,-0.534445703,0.00262265373,0.0572593436,-0.0680320114,0.42712307,0.181269988,0.542140782,0.273428738,-0.32371515,-0.0798171312,0.584966898
-1.53792405,-1.53070331,0.810466766,-0.0162877496,0.0479876921,0.532990932,0.844601989,-0.13839373,-0.226172596,-0.267784268,0.389894933,0.177670568,0.00142452493,-0.614188373,-0.0383396335,0.0404464789,0.601391435,-0.18264848,-0.0315762423,-0.494102359,-0.00324699236,0.0525607988,-0.108929634,0.420602769,0.16408655,0.518909812,0.299271941,-0.322080791,-0.0890963152,0.598929465
-1.50947165,-1.5030725,0.789913893,-0.0218631979,0.0524894558,0.515242517,0.855156124,-0.122453451,-0.219543427,-0.260709941,0.347797811,0.183466047,0.0019379548,-0.726600468,-0.00301281759,0.0417614989,0.57389462,-0.177095786,-0.0293520503,-0.456164211,-0.00812411867,0.0478611216,-0.144123957,0.411747336,0.146808192,0.497736275,0.324821591,-0.315593183,-0.095223479,0.611122549
-1.47926366,-1.47566819,0.773820996,-0.0290414393,0.0553764328,0.499750316,0.863909543,-0.0613682605,-0.207176849,-0.249213085,0.343780279,0.18049629,0.00322572142,-0.824252844,0.0447359756,0.0368946493,0.534211934,-0.161115319,-0.0269371569,-0.426580101,-0.0135264816,0.042988535,-0.174842522,0.40292874,0.13048318,0.478823066,0.346782804,-0.30362314,-0.0969381183,0.619772971
-1.44529974,-1.44479048,0.757313728,-0.0353101715,0.0540687591,0.486557573,0.871258557,0.023220133,-0.180999592,-0.240515515,0.342094243,0.166875258,0.00442421669,-0.892785013,0.094098486,0.0291764829,0.496307403,-0.137889296,-0.0247301608,-0.405644119,-0.018759761,0.0401748829,-0.197201937,0.384660512,0.111104406,0.46592769,0.365351617,-0.29180342,-0.0992858186,0.627455413
-1.40768218,-1.40974963,0.737097681,-0.0389290266,0.0492935218,0.474291474,0.878124356,0.122537613,-0.153434783,-0.231075615,0.337475628,0.146587938,0.00526822824,-0.929481089,0.137864545,0.0213507619,0.466175944,-0.110696681,-0.0227279682,-0.385705173,-0.0226374771,0.0380938798,-0.19406575,0.361082405,0.0943895355,0.464892238,0.38520366,-0.274145067,-0.0982599854,0.639014184
-1.36723936,-1.37130082,0.714306831,-0.0412607007,0.0427413993,0.462072372,0.884850144,0.23411949,-0.129144549,-0.219983667,0.323502064,0.123750433,0.00546976319,-0.936450899,0.180730492,0.0128112985,0.451547384,-0.082083486,-0.0209702775,-0.367022008,-0.0261174496,0.0289241914,-0.157361478,0.33386898,0.0809933767,0.476263076,0.396222442,-0.257436514,-0.099727653,0.648959339
-1.32527673,-1.32839715,0.690788627,-0.0414352529,0.0357368179,0.450512886,0.891091466,0.334849179,-0.111882947,-0.206437662,0.307545155,0.104269311,0.00505069876,-0.91399771,0.225600466,0.00427769963,0.462687343,-0.0554729514,-0.0194806736,-0.339953333,-0.0288822241,0.0263255928,-0.0966121554,0.301352173,0.0664785132,0.497125477,0.401221067,-0.238318548,-0.102134652,0.65639323
-1.28233993,-1.2797308,0.670342028,-0.0372922309,0.0302687418,0.440443754,0.896494508,0.42234996,-0.108269438,-0.188942403,0.296507686,0.0942164436,0.00409237901,-0.864818394,0.259952337,0.00107439607,0.504571557,-0.0309462436,-0.018339999,-0.29467836,-0.0287832338,0.0336377025,-0.0239678528,0.265630722,0.0498228297,0.525877893,0.400450379,-0.225723714,-0.107789919,0.661193788
-1.23802996,-1.22818267,0.656840146,-0.0287289619,0.024590034,0.426956058,0.903481305,0.485693574,-0.112843134,-0.171977669,0.304834515,0.0944230109,0.00289348071,-0.818426132,0.282126009,0.0029359078,0.561044276,-0.0106995609,-0.017583251,-0.234294653,-0.0273400992,0.0474117212,0.0595223382,0.232665598,0.0356563441,0.561848581,0.386000454,-0.224339321,-0.116446383,0.660661101
-1.19415569,-1.17523396,0.660901785,-0.019529976,0.0196542218,0.407331675,0.912859917,0.505744874,-0.127418503,-0.156426862,0.344912112,0.0981261656,0.00212524296,-0.762417912,0.303884059,0.00501170196,0.642338693,0.000993468915,-0.0172189642,-0.156220287,-0.0198680516,0.061775323,0.153193235,0.208758399,0.0294324011,0.603884935,0.354129463,-0.233807534,-0.127389595,0.654084146
-1.15240693,-1.12601173,0.677353799,-0.0107828639,0.0169045124,0.380965829,0.92437166,0.466418266,-0.148385748,-0.142890647,0.418664873,0.0936647654,0.00336729945,-0.703190565,0.32096383,0.0100644575,0.732390583,0.00558994245,-0.0172283463,-0.0524313115,-0.00792357326,0.071022734,0.236185715,0.196371391,0.0321203992,0.642213047,0.307403803,-0.251479447,-0.137970731,0.642419457
-1.11433446,-1.082219,0.688227952,-0.00490040611,0.0163427666,0.353925943,0.935117781,0.366693586,-0.164135158,-0.130894557,0.518948078,0.0622770488,0.00803157222,-0.638466954,0.334453911,0.0200461652,0.809121966,0.006575495,-0.0170185138,0.0748208165,0.00368082779,0.0694943741,0.299150258,0.205118045,0.0447994843,0.669810832,0.255132616,-0.277458161,-0.15127562,0.62643832
-1.07975781,-1.04021072,0.699812472,-0.00194774743,0.016099209,0.334512353,0.942251801,0.212284327,-0.152101785,-0.124498405,0.632659972,0.011523,0.0160700437,-0.560692787,0.330022901,0.0412430651,0.85702318,0.00804821029,-0.016484797,0.206795633,0.0141222533,0.0646406338,0.335517049,0.224474594,0.0612693131,0.686508358,0.209031418,-0.300947785,-0.16284661,0.6098544
-1.0469054,-1.00266993,0.713176191,-0.0026133866,0.0158437584,0.326436758,0.945082605,0.00857797451,-0.110206589,-0.130854622,0.746290445,-0.0487089194,0.0256809723,-0.469970703,0.311435938,0.0686162487,0.862758636,0.0124500934,-0.0154332807,0.322811395,0.0199325439,0.0574127398,0.345825672,0.245164931,0.0775441229,0.694709361,0.17512624,-0.322101325,-0.173095822,0.595714748
-1.01425004,-0.969049454,0.72871381,-0.00653517479,0.014584464,0.3307046,0.943598986,-0.227979228,-0.0551093109,-0.149798796,0.845946431,-0.110103562,0.0338469446,-0.375723422,0.294284612,0.0935337171,0.822373033,0.0213397816,-0.0140127884,0.405079484,0.0221207142,0.0480139777,0.340000212,0.262806535,0.0916909575,0.697186291,0.151536524,-0.337573022,-0.178417504,0.583302498
-0.977903843,-0.937331319,0.743591487,-0.0136214243,0.0125503261,0.344251007,0.938694894,-0.463734657,-0.0175758451,-0.172327593,0.925775707,-0.16004701,0.0368404351,-0.281216025,0.290143937,0.112605609,0.743215442,0.0371756665,-0.0124945557,0.446625739,0.0250442997,0.0365287401,0.336399525,0.283279359,0.105936311,0.69836998,0.132500365,-0.345413476,-0.176690862,0.567842722
-0.941453338,-0.905697584,0.765232086,-0.0211159009,0.0110228034,0.361488581,0.932072222,-0.666250467,-0.0177963935,-0.190638512,0.975774527,-0.189203754,0.0361932516,-0.198019087,0.301001489,0.127354175,0.648285568,0.0598665066,-0.0114350328,0.452747434,0.0285830479,0.0303003546,0.342333794,0.308756948,0.121418722,0.700716317,0.113107786,-0.350607663,-0.169956267,0.546334088
-0.904845178,-0.873458207,0.788075268,-0.0264418442,0.0122818528,0.376608312,0.925913632,-0.803229928,-0.0549891703,-0.200172365,0.98136431,-0.192079797,0.0332170017,-0.139497593,0.321257919,0.135321766,0.554189324,0.0836245641,-0.0111673875,0.44275558,0.0338130668,0.032465484,0.354910493,0.326080471,0.133394763,0.705344498,0.0924964994,-0.352661669,-0.155166283,0.522269428
-0.868565679,-0.839577258,0.800269842,-0.0283123069,0.0142759457,0.387980044,0.921122193,-0.869168341,-0.105222315,-0.202092379,0.943668604,-0.176291525,0.0303291995,-0.102895632,0.334257394,0.142209694,0.465208262,0.105342679,-0.0104931686,0.426959962,0.041361995,0.0332863182,0.372727394,0.327454358,0.13887009,0.713472426,0.0750109479,-0.355217546,-0.135376528,0.50108403
-0.831882238,-0.803904116,0.80310595,-0.025685491,0.0155299008,0.39506045,0.91816467,-0.883324444,-0.154585779,-0.1966995,0.874221087,-0.151086017,0.0283940397,-0.0761458501,0.330587476,0.149736777,0.390496284,0.122288644,-0.00921901315,0.408789605,0.0473125763,0.0300716273,0.397999048,0.321629524,0.14163743,0.724212408,0.0629094094,-0.360154271,-0.113203235,0.484264433
-0.795897245,-0.768360257,0.792324662,-0.0201476458,0.015737921,0.397633761,0.917187989,-0.876527965,-0.199079514,-0.186310902,0.787267387,-0.123814799,0.0271306168,-0.0482025221,0.317059487,0.154931724,0.331643313,0.136009559,-0.00798501819,0.386933416,0.0515416451,0.0206219107,0.428739101,0.308647901,0.141638488,0.735949218,0.054583177,-0.364420116,-0.0890236497,0.47144866
-0.76005435,-0.732431352,0.768514037,-0.0134371202,0.0163189843,0.396069437,0.917977214,-0.871406794,-0.236146688,-0.17423743,0.698287725,-0.099399507,0.0259114373,-0.0132047357,0.300040483,0.154682383,0.292128652,0.14861849,-0.00720652519,0.359025687,0.0551295392,0.0111309728,0.464123279,0.290001303,0.139729664,0.747645736,0.0456937365,-0.368908167,-0.0661347657,0.458881974
-0.724032164,-0.695907235,0.752184927,-0.00631098775,0.0172363147,0.392593801,0.919528842,-0.874674261,-0.266637743,-0.163940728,0.617312133,-0.0761794224,0.024529459,0.0570587106,0.298382729,0.143906102,0.285941839,0.151776999,-0.00758019695,0.326854289,0.0594378375,0.00820379797,0.497374296,0.266081989,0.13520439,0.757496238,0.0344292261,-0.374115288,-0.0463809147,0.446626335
-0.685421228,-0.658886492,0.73104912,-3.76615135e-05,0.0180739388,0.388532817,0.921257615,-0.880009413,-0.28578797,-0.157235563,0.55292052,-0.0536591262,0.0230782479,0.156731948,0.299820006,0.131098345,0.28607589,0.144689709,-0.00837324467,0.290845811,0.0637233257,0.00775458757,0.52489388,0.24090454,0.13031359,0.765980661,0.0230781212,-0.374316156,-0.0281094462,0.438105524
-0.642664075,-0.619081199,0.705124736,0.00565783633,0.0144271608,0.386538416,0.922143102,-0.865920961,-0.294698328,-0.153202817,0.508985221,-0.0299365222,0.0215804745,0.278487504,0.299037993,0.119679198,0.274331361,0.132201254,-0.00897965021,0.255318195,0.066344209,0.00406071264,0.540955603,0.218070865,0.126045004,0.771315217,0.0263866205,-0.365359694,-0.0105796186,0.438062727
-0.594758093,-0.578537703,0.677996635,0.00959254056,0.00700446498,0.386527002,0.922201574,-0.823601127,-0.291846782,-0.150672674,0.487602592,-0.00519166375,0.0203229878,0.407381088,0.301656157,0.106588185,0.248230696,0.120157398,-0.00889402255,0.219383687,0.0662637949,0.00488996692,0.544614851,0.20277001,0.124448374,0.772046387,0.0487137437,-0.349884897,0.00635166513,0.444365829
-0.545137823,-0.535673201,0.655199111,0.0113798436,-0.000441469805,0.388904929,0.921207488,-0.761311471,-0.287358731,-0.147189513,0.495339125,0.0175136682,0.019379057,0.508225858,0.298659474,0.0954836011,0.224473566,0.114755929,-0.00788516458,0.177088201,0.0632876903,0.00575965829,0.537091255,0.183722273,0.121781416,0.76887852,0.0849565044,-0.334284157,0.020651482,0.455406606
-0.493781775,-0.491718173,0.640167356,0.0113609629,-0.00707973726,0.39266783,0.919582963,-0.717410028,-0.291865557,-0.141548932,0.522624314,0.0368404277,0.0184962992,0.581685603,0.287761658,0.0882220268,0.215534255,0.118796363,-0.0059479815,0.127865061,0.0589778461,0.0175018739,0.513010025,0.166101083,0.119457282,0.762195528,0.129762724,-0.320069224,0.0323826224,0.468979657
-0.438628256,-0.449276626,0.648813128,0.00831794553,-0.0142088756,0.401782155,0.915587246,-0.678181946,-0.288418114,-0.140365541,0.577893734,0.0514206626,0.0178223066,0.626475394,0.287937492,0.0822111517,0.232793644,0.130446553,-0.00391082186,0.0701268911,0.0506227724,0.0316480622,0.467560291,0.164362907,0.121918499,0.748987138,0.179535598,-0.307041109,0.0430111885,0.482691169
-0.384223759,-0.408785284,0.666079581,0.0047109588,-0.021520352,0.417886138,0.908232272,-0.629010201,-0.286739796,-0.139265209,0.660734057,0.0561487153,0.0174168143,0.633176148,0.3004857,0.0770648569,0.276374936,0.143569633,-0.00272679073,-0.000879733881,0.0391816869,0.0437256731,0.404916018,0.180504516,0.129820123,0.728728533,0.231942967,-0.303003877,0.0476488955,0.497899771
-0.335392147,-0.371227026,0.682984471,0.00134325051,-0.0271437578,0.440570623,0.897306502,-0.581481814,-0.290586948,-0.141401067,0.745866299,0.052153714,0.0169373509,0.584140718,0.32115674,0.07346154,0.338743538,0.141320318,-0.00363173592,-0.0922623649,0.0302401278,0.0471227206,0.329472542,0.20549114,0.139951468,0.703522921,0.280290663,-0.310021758,0.0436455831,0.515301228
-0.28681922,-0.338990599,0.696408391,-0.00299165631,-0.0317685604,0.463639408,0.885449231,-0.514148891,-0.277349859,-0.156709269,0.816787601,0.0474974215,0.0164141525,0.484558165,0.339152008,0.0694032013,0.406009585,0.116249129,-0.00722918101,-0.1952461,0.0239605643,0.0476547778,0.25167498,0.23742047,0.152264804,0.676903665,0.317850024,-0.317514092,0.0343401842,0.531200528
-0.239609212,-0.311896741,0.708719313,-0.00701770978,-0.0358852297,0.479848534,0.87658906,-0.432193786,-0.236980796,-0.188398048,0.847452581,0.0457930192,0.0156350452,0.349803716,0.334787846,0.0661717728,0.476592273,0.0770063996,-0.0133412741,-0.303349584,0.0193923209,0.0473953038,0.188621402,0.271163046,0.166066632,0.655399203,0.341319025,-0.318003863,0.0247643702,0.544009626
-0.194532543,-0.287136942,0.726197124,-0.00938109122,-0.0375765562,0.486783773,0.872663498,-0.342936724,-0.188366041,-0.223646417,0.82847631,0.047239475,0.0144299604,0.189267918,0.306253344,0.067391865,0.5441764,0.0302744303,-0.0205189921,-0.399114907,0.0162594337,0.0472033918,0.142999947,0.302076966,0.178029478,0.639023304,0.352020025,-0.310607284,0.0191289783,0.552878439
-0.153368071,-0.262970299,0.746930599,-0.00906646531,-0.0369800255,0.484070808,0.874200106,-0.25756219,-0.152876407,-0.2501508,0.776026726,0.053179428,0.0132578807,0.01219361,0.258851737,0.0767920315,0.608154595,-0.0208300669,-0.0272225868,-0.472606033,0.0154424412,0.0428040922,0.113716312,0.331535846,0.188455388,0.627492368,0.35425964,-0.300834894,0.0160844028,0.559172511
-0.116990045,-0.237980694,0.770646572,-0.00563116465,-0.0330118202,0.473094583,0.880374908,-0.183922634,-0.146684468,-0.260162026,0.709945023,0.0631873608,0.0127371894,-0.171538264,0.200173542,0.0960955918,0.675024748,-0.0715837255,-0.0337730013,-0.513997853,0.0161919501,0.0425127037,0.0931979716,0.361078531,0.19670935,0.616908908,0.351970762,-0.292473525,0.0130395433,0.563400209
-0.08154881,-0.2122816,0.789637327,-0.00272127008,-0.0241820421,0.455161482,0.890076339,-0.127352148,-0.16560623,-0.254095078,0.641689658,0.0755001828,0.0131313195,-0.352610499,0.153167084,0.118350126,0.742531061,-0.114175059,-0.0389825627,-0.524483621,0.0168613754,0.0442631245,0.0670847446,0.383528799,0.197242752,0.60379523,0.348357916,-0.283387154,0.0102424845,0.567423344
-0.0469999276,-0.186477438,0.795581996,0.000391137379,-0.0108498838,0.433833957,0.900927424,-0.0994006321,-0.210528612,-0.232271105,0.557200253,0.0888696238,0.0142061049,-0.519934356,0.130695045,0.140273646,0.795537472,-0.140879288,-0.0407260843,-0.515515924,0.0159905702,0.0502403453,0.0352991112,0.396590143,0.190640152,0.588947296,0.344759583,-0.274575353,0.00554797472,0.571938038
-0.0116909649,-0.160277769,0.786602914,0.00299005909,0.0020137995,0.412626743,0.910893083,-0.0930295512,-0.256134897,-0.209872633,0.467034221,0.105670325,0.0149309263,-0.655691743,0.131810158,0.158694074,0.817105234,-0.148811355,-0.0399445817,-0.491400987,0.013517525,0.0518118069,0.002094934,0.401086688,0.179221362,0.574810207,0.344912678,-0.267003149,-0.00114938954,0.579390466
0.0247679781,-0.133396313,0.77231884,0.00357666798,0.0100655789,0.394510984,0.918829143,-0.0919838697,-0.285279691,-0.194735855,0.384992689,0.121912852,0.014781313,-0.753029406,0.154058278,0.16954118,0.802598596,-0.141821176,-0.0378723852,-0.462245107,0.00890094321,0.0492353849,-0.0273131058,0.397722602,0.165077269,0.562746286,0.350797564,-0.261378139,-0.00927096792,0.589669406
0.0633812174,-0.106800333,0.752204061,0.000188037506,0.0140604461,0.381738901,0.924163222,-0.083995983,-0.296952754,-0.184910208,0.32562685,0.134705797,0.0144813843,-0.821589231,0.192378432,0.170360744,0.759530187,-0.125272557,-0.0353161655,-0.433204263,0.00382087659,0.0453351066,-0.0537657849,0.38463524,0.146478683,0.550526142,0.362171888,-0.253891259,-0.0164066181,0.600991011
0.104504772,-0.0811036676,0.738024056,-0.00735681597,0.0160334669,0.372902006,0.927703023,-0.0219604298,-0.303929418,-0.17003186,0.318873256,0.137037545,0.0150779868,-0.876941979,0.238794327,0.164164439,0.701065779,-0.103603683,-0.0326996818,-0.406556606,-0.000801420072,0.037508402,-0.0757817999,0.371629059,0.127448827,0.539851546,0.377609223,-0.242741093,-0.0216614436,0.612844765
0.146509916,-0.0530299135,0.724314511,-0.0144860186,0.0153189683,0.365144193,0.930712163,0.0588267706,-0.288960785,-0.162612081,0.319450051,0.128300607,0.0154294334,-0.913680613,0.282948464,0.155257821,0.641586483,-0.0789304152,-0.0301322807,-0.38346225,-0.00536204083,0.0360887684,-0.0892997757,0.349806368,0.105893672,0.534436822,0.391507953,-0.230027586,-0.0263851658,0.624525547
0.191394806,-0.0208528843,0.709293067,-0.018780021,0.0118209124,0.355474561,0.934422493,0.150566474,-0.272257179,-0.155392364,0.319729477,0.113625154,0.0154201947,-0.919445097,0.320557833,0.145981491,0.58763206,-0.0506271049,-0.0274868663,-0.366407573,-0.00975263491,0.0240634587,-0.0759879202,0.323225439,0.087452583,0.540228009,0.400417775,-0.21974729,-0.0329077244,0.634408772
0.239005595,0.0161280595,0.690990984,-0.0207069665,0.00481536472,0.344787598,0.938439965,0.257874608,-0.259771824,-0.147013634,0.310720563,0.0988829061,0.0148413489,-0.892270327,0.353363901,0.134861171,0.546967506,-0.0214093886,-0.0249648225,-0.353194922,-0.0117128044,0.0134090688,-0.0363036655,0.294353664,0.070920907,0.554950655,0.406639367,-0.212151513,-0.0406770781,0.639678419
0.28736335,0.0568977445,0.670344532,-0.0181785338,-0.0034352201,0.335120887,0.941993475,0.368041277,-0.257317364,-0.135075986,0.293088853,0.0885094106,0.01383607,-0.842853725,0.373761714,0.12646763,0.528090358,0.00517350016,-0.0228472669,-0.328921109,-0.0130080301,0.0136182001,0.0125037376,0.263422161,0.0543787219,0.57171464,0.412505507,-0.206268117,-0.0490816571,0.642234027
0.334231287,0.101885922,0.649437666,-0.0118276346,-0.00768082915,0.326894522,0.944955587,0.459431022,-0.268936425,-0.118941084,0.27291441,0.0862843096,0.0125572402,-0.784342408,0.374097735,0.126111582,0.53608942,0.0285853408,-0.0213034842,-0.291059643,-0.010827505,0.021367196,0.0627797544,0.235541031,0.0406248868,0.589424968,0.411634564,-0.205548272,-0.0599310957,0.643803179
0.378319979,0.149461329,0.633302808,-0.00336186844,-0.00587055879,0.320828497,0.947113156,0.518744528,-0.286790967,-0.102199137,0.261590838,0.0932110548,0.0110547943,-0.742031634,0.356653094,0.133648872,0.563130677,0.0501944683,-0.0203044396,-0.237763926,-0.00547567243,0.0411888622,0.108578101,0.210281879,0.0281858332,0.605110884,0.394292325,-0.207928017,-0.0713852569,0.642819285
0.422090322,0.196729913,0.636431754,0.0045032464,-0.000395287701,0.312940955,0.949761808,0.541767359,-0.301441908,-0.0890560076,0.275956571,0.104703434,0.00937190466,-0.715232432,0.348363698,0.138740361,0.616661608,0.0628972426,-0.0198246799,-0.167685047,0.00251637842,0.0633992627,0.146772891,0.19858025,0.0217056237,0.61825496,0.359279394,-0.213702545,-0.0833050236,0.639235973
0.462529033,0.240074486,0.662115574,0.00969234202,0.00745620858,0.299520254,0.954011619,0.509818673,-0.309971154,-0.0805382878,0.316526979,0.113679811,0.00823536329,-0.700828671,0.349013865,0.142506942,0.697549701,0.0657882914,-0.0196159706,-0.0732215121,0.0116990935,0.0847187415,0.17375797,0.202665105,0.0237949006,0.628345668,0.30714938,-0.223580986,-0.095106408,0.630319059
0.499573439,0.278890908,0.674110413,0.0116987694,0.0141688865,0.281466782,0.959395051,0.43117699,-0.310257435,-0.0744679347,0.383092612,0.102396496,0.00991967693,-0.67544961,0.347830057,0.146451756,0.7795012,0.0642966777,-0.0196429212,0.0516095832,0.018823782,0.101215869,0.19253549,0.216222525,0.0323964432,0.636233747,0.246553153,-0.237527266,-0.104499899,0.615609825
0.534493685,0.316194147,0.685716271,0.012439684,0.014309275,0.267830491,0.963279486,0.318645656,-0.287167937,-0.070622243,0.464035124,0.0678328797,0.0149262166,-0.626302421,0.339188606,0.154936746,0.845658958,0.0622257888,-0.0192862321,0.191249505,0.0218413956,0.111115724,0.201174289,0.230695441,0.0434023775,0.642994881,0.19427079,-0.25644657,-0.111138098,0.599945545
0.566799402,0.351059347,0.699140429,0.0120110856,0.0103821354,0.263432503,0.964547157,0.179005697,-0.233656213,-0.0717399046,0.551157475,0.0195588265,0.0224243887,-0.548946977,0.318179458,0.168443307,0.876480341,0.0627303571,-0.0183718763,0.324650288,0.020431878,0.11109554,0.201924577,0.242830381,0.0556721576,0.649542689,0.159708351,-0.276698381,-0.113465756,0.588256717
0.59826827,0.382356554,0.721697927,0.00879041012,0.00459374255,0.269450992,0.962963045,0.0126991589,-0.157222092,-0.0803590789,0.633078039,-0.0340925455,0.029713627,-0.454639077,0.295845896,0.183145881,0.862880409,0.0669793859,-0.0171096884,0.428483576,0.0173520353,0.102981217,0.198776722,0.253910244,0.0677860379,0.655307591,0.142918348,-0.292361856,-0.109930977,0.580204129
0.628591597,0.411621451,0.735763907,0.00380682852,-0.000619871018,0.283307731,0.95902127,-0.174849242,-0.0796117261,-0.0926669464,0.70255053,-0.0866436362,0.0352082029,-0.361116141,0.277349472,0.198219001,0.811146796,0.0763737559,-0.0156021416,0.488008261,0.0154635943,0.0937699229,0.196203247,0.264482498,0.0800463408,0.660204649,0.135702968,-0.301501274,-0.100971229,0.572660923
0.659189939,0.439025164,0.74667716,-0.00501442887,-0.00293922983,0.303266823,0.952887952,-0.368720055,-0.0152921174,-0.106487527,0.759773731,-0.131053567,0.0377571583,-0.276285917,0.273066819,0.209721789,0.733689547,0.0896532163,-0.0141934147,0.504191637,0.0155483363,0.0889527872,0.201976061,0.277000189,0.090752691,0.664978266,0.132456049,-0.304415405,-0.0855290294,0.562722087
0.689995468,0.466303319,0.764433861,-0.0120603526,-0.00185856374,0.32504496,0.945619822,-0.546299279,0.0119163459,-0.116103798,0.798375428,-0.159039944,0.0375344381,-0.213473484,0.285523832,0.217439339,0.650301337,0.104393214,-0.0134743145,0.485316843,0.016000526,0.0921654627,0.215042353,0.285419703,0.0972730219,0.67046839,0.128142938,-0.303875357,-0.0636587068,0.549289465
0.720135033,0.494785339,0.774390221,-0.0184950586,0.00264140521,0.343756348,0.938872993,-0.686567485,0.00408209674,-0.120464504,0.805855334,-0.166638479,0.0350952446,-0.180316404,0.309913605,0.220331624,0.566432536,0.117702469,-0.0130462004,0.446141213,0.0173553452,0.0954125449,0.237075642,0.282989174,0.0983242691,0.67821455,0.124737099,-0.304015934,-0.0391472392,0.534337044
0.750337183,0.52516222,0.772930801,-0.020965768,0.00631842669,0.357748985,0.933561027,-0.774317026,-0.0251426436,-0.118071549,0.779168785,-0.155011728,0.0321425162,-0.155699521,0.320192307,0.224711061,0.492298216,0.128768533,-0.0121449688,0.402379781,0.0196456891,0.0921971276,0.266980737,0.270023406,0.0949994847,0.688740015,0.126056522,-0.304676622,-0.0140731782,0.521734476
0.781251311,0.55658114,0.758238614,-0.0202250239,0.00879571214,0.366410971,0.930191696,-0.821860611,-0.0570727438,-0.112698838,0.722033083,-0.131204829,0.0296932887,-0.127165705,0.307121545,0.229594037,0.432266116,0.139143601,-0.01086888,0.36270985,0.0233317763,0.0880517811,0.301092625,0.25225541,0.0894621685,0.700001776,0.132288516,-0.303937227,0.0103957392,0.512346864
0.813262522,0.587511182,0.746300697,-0.0153080691,0.00975028053,0.371795774,0.928137124,-0.842175722,-0.0855624378,-0.105290607,0.649210989,-0.102069296,0.027613936,-0.0667291135,0.296396375,0.224974722,0.400837064,0.142367229,-0.0108455112,0.326132536,0.0275710803,0.0821610987,0.33725664,0.230104342,0.0817608908,0.711712599,0.142744958,-0.304057658,0.0328572802,0.506637573
0.846553862,0.621401727,0.735364914,-0.0101471404,0.0095150061,0.376031697,0.926502407,-0.847313344,-0.112845942,-0.095250763,0.577687979,-0.0719735026,0.0257184468,0.0261850338,0.286681324,0.216587171,0.392256528,0.135807142,-0.011336755,0.292422354,0.0338285901,0.0748145878,0.369162768,0.201799691,0.0721289814,0.722538114,0.156241611,-0.304106653,0.0511157922,0.507376671
0.882524729,0.657951236,0.718661308,-0.00540473917,0.00702682696,0.380105466,0.924900711,-0.831180274,-0.13120386,-0.0866004825,0.517755687,-0.0429026298,0.0237553529,0.133763492,0.276820481,0.207065672,0.37928319,0.122856051,-0.011632056,0.252083808,0.0394905135,0.0553115048,0.403364182,0.16648607,0.0607324503,0.736022532,0.174828544,-0.301478148,0.0649548322,0.516403258
0.918422461,0.696765184,0.70070976,0.000182617528,0.00211586221,0.385156006,0.922849,-0.790904284,-0.153176323,-0.0754037499,0.470429063,-0.0157974027,0.0219941586,0.244275302,0.263099462,0.198894054,0.357708871,0.106770404,-0.0115482444,0.20584175,0.0407339931,0.0379063375,0.43835023,0.13212049,0.0509953797,0.748384893,0.196920887,-0.297384411,0.0740435794,0.525957942
0.956527889,0.736265779,0.683176339,0.00550006609,-0.00550151756,0.391949475,0.919953823,-0.725750625,-0.174283415,-0.0645491108,0.446619064,0.00901441369,0.0206763037,0.349309504,0.252687633,0.188972399,0.332340389,0.0922847763,-0.0109532634,0.155652329,0.039683219,0.0236371737,0.469985306,0.102125056,0.0430052169,0.756587863,0.223485008,-0.29270336,0.0795728415,0.535040915
0.996729016,0.775824904,0.667960703,0.00833529793,-0.0143552404,0.39803496,0.917220056,-0.656916499,-0.190863475,-0.0567714758,0.442634404,0.0337708704,0.0197061561,0.441369206,0.244472235,0.177925929,0.308649719,0.0843541473,-0.00989121944,0.101251081,0.0374397561,0.0160350837,0.495446712,0.0778115764,0.0370985083,0.760335922,0.250262529,-0.2859703,0.082296364,0.543585539
1.03805113,0.815168202,0.657162666,0.00896465313,-0.0233027916,0.403933793,0.914447486,-0.615570188,-0.206146583,-0.0522083044,0.448848724,0.0566097312,0.0187449306,0.511525512,0.235929549,0.168375522,0.296231538,0.0852584615,-0.00846776366,0.0465708338,0.0346274674,0.017576918,0.507373452,0.0679672509,0.0363459252,0.758684874,0.274257362,-0.278177321,0.0836452022,0.549833179
1.07883,0.853903234,0.648452401,0.00848274864,-0.0295115877,0.411194533,0.911030293,-0.570649445,-0.225053743,-0.0492978059,0.47885105,0.0743188336,0.0180248693,0.554504633,0.229423404,0.161369532,0.30441159,0.0927047357,-0.00705959182,-0.0116199963,0.0271832366,0.0263172518,0.501173437,0.0736701265,0.0417554714,0.750766039,0.289040565,-0.275169522,0.0821599662,0.549670517
1.11573672,0.889624894,0.663192987,0.00822536461,-0.0320263878,0.423157841,0.90545243,-0.530491292,-0.241870731,-0.0511475913,0.52952826,0.0837741047,0.0172249377,0.558470964,0.226852164,0.156202599,0.334678829,0.102116667,-0.00606609881,-0.079927206,0.0214665178,0.032120835,0.476734847,0.0853672028,0.0499088392,0.739549577,0.296764016,-0.274271816,0.0789323002,0.548614204
1.14989698,0.921554387,0.67622453,0.00691397442,-0.0327611081,0.440128297,0.897310436,-0.48372981,-0.25159356,-0.0582503229,0.57508707,0.0888429582,0.0164259151,0.516692579,0.233972475,0.150790289,0.381271899,0.104280643,-0.00613346323,-0.156793967,0.0196916033,0.0360541418,0.431947619,0.103547409,0.0601918362,0.724060416,0.298723638,-0.272597879,0.0742629915,0.548314154
1.18126321,0.950079799,0.68971175,0.00636217371,-0.0335621759,0.458000362,0.888295412,-0.427953959,-0.254584759,-0.0695828497,0.604575098,0.091012001,0.0155850779,0.436176628,0.242433891,0.144425333,0.437024444,0.090111509,-0.0076477332,-0.24079062,0.0189365558,0.0392578617,0.373091698,0.12957871,0.0741491318,0.704594612,0.296669155,-0.270049751,0.068959035,0.546913803
1.21099365,0.976718426,0.700689316,0.00543240272,-0.0340017788,0.472084671,0.880880535,-0.365057796,-0.245496824,-0.0866625607,0.610720575,0.0931097046,0.0146243572,0.327818602,0.239153892,0.139637679,0.493618727,0.0644071624,-0.0104348604,-0.325013816,0.018622417,0.0375684164,0.31598419,0.164394975,0.0916419178,0.68524909,0.29269135,-0.26587671,0.0649710149,0.545819283
1.23859608,1.00121319,0.713234484,0.00376894348,-0.0324899554,0.480788648,0.876226306,-0.296901464,-0.227615774,-0.106249928,0.591695666,0.0944677964,0.0136144133,0.19941996,0.221020535,0.137741834,0.545378149,0.0333959125,-0.0138752162,-0.398740441,0.0176313724,0.0382500179,0.257049441,0.206417665,0.111530676,0.664756775,0.286199659,-0.261243403,0.0603752546,0.545132101
1.26264548,1.0235914,0.723751545,0.00183462945,-0.0281225797,0.482856423,0.875245988,-0.235008553,-0.210057542,-0.124156855,0.549322665,0.0948892087,0.0125952996,0.054454308,0.186691657,0.140607953,0.586157322,0.000787442026,-0.0168728326,-0.451389402,0.0160922538,0.0416328013,0.192371249,0.255209029,0.132925525,0.640116334,0.277212381,-0.254898995,0.0557293333,0.544908702
1.2848115,1.04542553,0.73083365,-0.000506390759,-0.0211019125,0.477896184,0.878162682,-0.178607568,-0.194999397,-0.138733491,0.497184038,0.0946122855,0.0116995964,-0.0992376283,0.145386025,0.147734836,0.60996896,-0.0283622798,-0.0182773042,-0.476020038,0.0142056979,0.0442707166,0.124284998,0.308999687,0.154352516,0.611284077,0.267357767,-0.248642683,0.0504079051,0.545248687
1.30568767,1.06735659,0.735223472,-0.00332046975,-0.0125062577,0.467729211,0.883777082,-0.127286166,-0.183720827,-0.149114877,0.440647244,0.0924600065,0.0109827202,-0.25107792,0.111073576,0.157016143,0.608294964,-0.047353521,-0.017605681,-0.473633379,0.0124207446,0.0454632416,0.0498850904,0.363246351,0.173216164,0.577061951,0.258947819,-0.242541313,0.0440078899,0.547291577
1.32810414,1.09043145,0.736527264,-0.00689701224,-0.00482793991,0.455650866,0.890118778,-0.0720542744,-0.170996636,-0.156728148,0.387083918,0.0876763016,0.0105068898,-0.388968527,0.0987131596,0.163314372,0.577312291,-0.0526184998,-0.0156205595,-0.452575535,0.0106827533,0.0451280363,-0.0305194948,0.410170257,0.184324279,0.539024055,0.255890042,-0.236778244,0.036739029,0.551871955
1.35132718,1.11511409,0.734632611,-0.0110603506,0.00130710367,0.443452656,0.896228552,-0.0116602033,-0.155026555,-0.161440343,0.339323938,0.0800819471,0.0102068176,-0.500579655,0.10713622,0.165087119,0.521611273,-0.0446897186,-0.0135647124,-0.422260493,0.0100685442,0.0422571935,-0.10849914,0.452048212,0.190276414,0.502636671,0.259992152,-0.231264651,0.0276584681,0.559276104
1.37547219,1.13983166,0.728710651,-0.0151177133,0.00571246445,0.431138873,0.902140915,0.0529714525,-0.140991658,-0.161876664,0.294092745,0.0695983991,0.0099955108,-0.586007953,0.132914931,0.160216197,0.450400651,-0.0293940064,-0.0119130462,-0.390555173,0.00837821234,0.0406352244,-0.181804493,0.484902799,0.19192107,0.468962908,0.263896972,-0.225164816,0.0180789419,0.56650573
1.40073669,1.16612422,0.721247256,-0.0186204631,0.00782306585,0.417829931,0.908300698,0.12286704,-0.129811317,-0.158232629,0.254331619,0.0563318692,0.00977213494,-0.643013775,0.169890448,0.148049206,0.378613114,-0.0114010964,-0.0107416548,-0.360993057,0.00664442033,0.0397707447,-0.244144961,0.506743252,0.190597236,0.441275805,0.267549127,-0.217377305,0.00906481687,0.573134899
1.42843008,1.19365954,0.710923135,-0.0221308246,0.00761761749,0.405054629,0.913992882,0.196949035,-0.12223956,-0.151106924,0.219672292,0.0415577255,0.00938009098,-0.670301735,0.214527965,0.130597696,0.321057588,0.00853745453,-0.0100101652,-0.332675189,0.00416506082,0.0369701497,-0.289888084,0.516958892,0.187647671,0.420121312,0.27236259,-0.208817527,1.90415758e-05,0.579357743
1.45705533,1.22244287,0.698045611,-0.0245570708,0.0069934628,0.392916173,0.919219732,0.271473378,-0.11714755,-0.141232297,0.189538702,0.0271130539,0.00892709661,-0.671639442,0.260607481,0.112376176,0.28884989,0.0302714743,-0.00965054519,-0.305639803,0.00167590345,0.0349847451,-0.318475962,0.51208657,0.181060374,0.404803306,0.276611179,-0.200840011,-0.0081342347,0.58448118
1.48729253,1.25395155,0.683016062,-0.0248823725,0.00477337558,0.381765127,0.923912048,0.34819594,-0.116248161,-0.129360989,0.164380059,0.0154408794,0.00835068431,-0.648619831,0.304485261,0.0971124992,0.290383428,0.0538817234,-0.00948786829,-0.281397969,-0.00011943619,0.0340850428,-0.325071543,0.494983464,0.172743067,0.39919576,0.280459881,-0.197042406,-0.0175498798,0.588545799
1.51852071,1.28600764,0.669730067,-0.0235002209,0.00091686903,0.371075749,0.928304732,0.419541687,-0.119429722,-0.116464525,0.14659442,0.00831691362,0.00760161132,-0.629117131,0.34189865,0.0871478841,0.308327854,0.078598693,-0.00926573295,-0.253593057,-0.00157736242,0.0367323309,-0.307916552,0.465578437,0.162564829,0.406016707,0.284613848,-0.194145143,-0.0269668363,0.593148887
1.55017316,1.3216002,0.656195998,-0.0201208945,-0.0029878593,0.359763861,0.932821631,0.476552367,-0.132138878,-0.102878019,0.142006576,0.00969344191,0.0066950731,-0.597647727,0.362934023,0.083361797,0.345497012,0.101256803,-0.00899286196,-0.220520377,-0.001227709,0.0413169339,-0.268749297,0.424435437,0.14821279,0.424026191,0.286115378,-0.192924172,-0.0365333185,0.598172843
1.58151615,1.35827196,0.648871064,-0.0156218261,-0.00597077748,0.347425878,0.937558293,0.509985149,-0.14838247,-0.091412887,0.157533199,0.020326063,0.00566126732,-0.561994255,0.377227962,0.0841445774,0.397836715,0.116571501,-0.00878335908,-0.178049192,0.00125481177,0.046843417,-0.212823272,0.375925899,0.12930961,0.453036278,0.283974648,-0.191344768,-0.0457391292,0.603271246
1.61062491,1.39387882,0.657542706,-0.0108038103,-0.00642974954,0.331575751,0.943344831,0.508350074,-0.166680723,-0.082760796,0.193074882,0.0343933888,0.00472759502,-0.525380731,0.380387634,0.0918036997,0.458055824,0.125110433,-0.00848167296,-0.123054489,0.0056971577,0.0568101741,-0.146926925,0.325413376,0.106952868,0.488369763,0.270544589,-0.18894355,-0.0535553209,0.605054796
1.63736868,1.42793286,0.67252624,-0.00603856239,-0.00476750964,0.311939716,0.950070739,0.466592103,-0.180497035,-0.0780094638,0.247464404,0.0470085181,0.00444478402,-0.479845494,0.372977197,0.10442818,0.510295212,0.129741088,-0.00811546948,-0.0518102683,0.0101191467,0.0684049875,-0.0720003247,0.282437801,0.087495856,0.528386593,0.246958956,-0.18791464,-0.0605176799,0.602796495
1.66132355,1.45929241,0.684283614,-0.00213984353,-0.00101490784,0.291341245,0.956616282,0.389359564,-0.187190607,-0.0742045939,0.30911687,0.0453327671,0.00595249655,-0.43671456,0.360402167,0.120675147,0.545488894,0.131336987,-0.00766768446,0.031065451,0.012760465,0.0784623995,0.00303901522,0.244455054,0.0699713305,0.567673743,0.214482784,-0.189086363,-0.0652651936,0.596301973
1.68429554,1.48889852,0.694904685,0.00119777687,0.00345608266,0.275835335,0.961197972,0.286282122,-0.171533048,-0.0722849965,0.36836645,0.0262491237,0.00968235638,-0.389569193,0.341562271,0.139958054,0.563869774,0.131224185,-0.00718574366,0.122647226,0.0142631195,0.0822686628,0.0749879554,0.214706719,0.0586580299,0.605234385,0.183605865,-0.191116497,-0.0667658076,0.589765787
1.70607471,1.51680934,0.704100311,0.00300830347,0.00944895763,0.266169757,0.963875175,0.161292478,-0.134071559,-0.0718239024,0.423462898,-0.00537894433,0.015299187,-0.339464903,0.317236185,0.160483018,0.563256085,0.129660472,-0.00674329884,0.204689264,0.01521366,0.0798150226,0.142123818,0.190551713,0.0499166697,0.635660946,0.151625574,-0.198047578,-0.0675906539,0.581773579
1.72765732,1.54351962,0.712818265,0.00301710656,0.0161198173,0.266276479,0.963757157,0.018110469,-0.0805923566,-0.073778823,0.472435445,-0.0425884053,0.0209364481,-0.288430542,0.288360745,0.181057379,0.546517789,0.126562387,-0.006302597,0.271915913,0.0187107883,0.0666936561,0.209256604,0.180826858,0.0477515273,0.662457287,0.120526858,-0.210670039,-0.0695571974,0.57168591
1.74760687,1.56772602,0.7190364,0.000996074174,0.0244758278,0.275257379,0.961058438,-0.146319777,-0.0233743545,-0.0784519017,0.508128047,-0.0787085965,0.0247717742,-0.243231878,0.264362216,0.197598204,0.515356064,0.121654943,-0.00595679972,0.316097289,0.0235756896,0.0520301387,0.26991725,0.183955655,0.0507244244,0.683150411,0.0867243186,-0.230616555,-0.0730009452,0.557135344
1.76680171,1.5915463,0.723482072,-0.00142909097,0.0338813923,0.290332884,0.956324637,-0.318973988,0.0166809838,-0.082978867,0.52222383,-0.103148058,0.0255586393,-0.20091933,0.242961168,0.210865587,0.47845903,0.11468,-0.00572597422,0.337297499,0.0295479279,0.0432767384,0.322823316,0.194752529,0.0565445051,0.697720528,0.0478954613,-0.255052567,-0.0771925822,0.536720812
1.78738773,1.61629128,0.724696636,-0.0026613446,0.0416908115,0.306916028,0.950819314,-0.475159854,0.0282167513,-0.0844136998,0.509644866,-0.107670262,0.0237485375,-0.152017042,0.223223314,0.220697537,0.442847699,0.105835959,-0.00559845846,0.342136562,0.0359433591,0.0393150635,0.369743466,0.210499555,0.0647828355,0.708616734,0.00584580749,-0.281730145,-0.0804767832,0.512777567
1.81040394,1.64280522,0.722878516,-0.00197114749,0.0466116704,0.32210803,0.945552707,-0.593892694,0.0148487678,-0.080867514,0.472516686,-0.0923908651,0.0211521965,-0.0900706351,0.205400154,0.22654745,0.409864575,0.0945707038,-0.00554842828,0.340126514,0.0404155962,0.0377481282,0.4149414,0.228759661,0.074716717,0.71845907,-0.0369080417,-0.308744162,-0.0815302208,0.48778528
1.83519518,1.67104733,0.717189312,0.000182127522,0.0485145673,0.33531332,0.940856695,-0.671771467,-0.0124239437,-0.0733829513,0.418272853,-0.0658394992,0.0189638082,-0.0136421081,0.188819781,0.228948548,0.376505435,0.0806385428,-0.00552891614,0.335407585,0.0440328009,0.0375615358,0.4599877,0.245112911,0.0849094838,0.729361415,-0.0753586963,-0.333528161,-0.080054611,0.464539289
1.86137056,1.7010932,0.708877385,0.00365713588,0.0476379283,0.347720385,0.936380148,-0.713361681,-0.0450299792,-0.0627830997,0.364637107,-0.0364463106,0.0172917433,0.0705408007,0.172842219,0.228355944,0.344290853,0.0638924688,-0.00551099051,0.325723737,0.0470799319,0.0358402804,0.501323342,0.256391525,0.0940536708,0.741369724,-0.106505193,-0.353869706,-0.0765439346,0.446233451
1.88793349,1.7335521,0.698319256,0.00914069638,0.0457978137,0.358683109,0.932290435,-0.721337795,-0.0849471465,-0.0478011258,0.327928722,-0.00780233834,0.0161288604,0.156553462,0.154586211,0.226070389,0.31526655,0.046184931,-0.00535313087,0.309374124,0.0485106818,0.034952268,0.540151358,0.257207394,0.0999546051,0.753664076,-0.132396594,-0.369240016,-0.0721937194,0.432247907
1.91470313,1.76603699,0.688033938,0.015061806,0.0430363864,0.369210243,0.928226709,-0.696355641,-0.127115086,-0.0326288827,0.321632743,0.0195046719,0.0154169369,0.237040594,0.136697248,0.221519172,0.288532883,0.0298526008,-0.00502090435,0.284999013,0.0485570095,0.0363081656,0.575129509,0.241664931,0.0982667431,0.761990964,-0.147600755,-0.376979291,-0.0675040856,0.424699187
1.94361317,1.80046344,0.677522659,0.0202632546,0.0380677432,0.378056318,0.924777627,-0.661355913,-0.165076509,-0.0222339556,0.331726819,0.0466969088,0.0149810435,0.311145693,0.120227195,0.215838403,0.269783199,0.0192253832,-0.00456860242,0.251093477,0.0494009964,0.0344977528,0.594767094,0.22478503,0.0984374657,0.768556893,-0.149629071,-0.371588051,-0.0606018975,0.424068004
1.97499418,1.8359412,0.668798566,0.0244603269,0.0311287995,0.388086885,0.920772076,-0.625086963,-0.196008921,-0.0168227218,0.356765807,0.0704709738,0.0144192213,0.370382309,0.112426862,0.208967268,0.265125424,0.0165851749,-0.00399740692,0.209087849,0.0486504734,0.0313044749,0.605112195,0.20096378,0.0942862332,0.77047199,-0.13470839,-0.355102152,-0.051628612,0.429259539
2.00755835,1.8710742,0.663880229,0.0279989392,0.0231514499,0.400346994,0.915643156,-0.579133272,-0.220995218,-0.0154288076,0.397893667,0.0870792493,0.0138775334,0.413024336,0.112749241,0.202099681,0.280075401,0.021663107,-0.00351458834,0.156587318,0.0460047685,0.0296353456,0.601867259,0.177721754,0.0886125416,0.767407954,-0.108141318,-0.33323732,-0.0423381217,0.43624568
2.0386517,1.90451241,0.660384715,0.0303513054,0.0169409309,0.415527344,0.908916295,-0.53300339,-0.242245585,-0.0170486085,0.444048256,0.0966065675,0.0133102797,0.432295084,0.117036924,0.196024448,0.312672555,0.0303661786,-0.00326433382,0.093564935,0.0423037671,0.0288619064,0.580075264,0.153809726,0.0818060189,0.758570552,-0.0749922916,-0.310222387,-0.0321702659,0.445324868
2.06753397,1.93429446,0.671232581,0.0314143747,0.0129313078,0.433288693,0.900614738,-0.48674053,-0.257740527,-0.0227889325,0.481934249,0.100814551,0.0127358586,0.418625593,0.125626028,0.190084547,0.357237816,0.0404884666,-0.00334518054,0.0231294148,0.0382144861,0.0324494913,0.535373569,0.132167712,0.074582994,0.743016601,-0.0383671559,-0.289010555,-0.0233637616,0.456062347
2.09608936,1.96197987,0.680429399,0.0300635677,0.00999872945,0.450847626,0.892038465,-0.436446697,-0.263667077,-0.0338100493,0.509943724,0.101683512,0.0122131724,0.371977061,0.138684824,0.183026791,0.406205565,0.0399777293,-0.00441843644,-0.0538500361,0.0353844091,0.0342535116,0.470809221,0.121751018,0.0716200918,0.722841561,-0.000482360745,-0.268571019,-0.0145992674,0.468731165
2.1228869,1.98634768,0.688894033,0.0274514537,0.00835162029,0.465177476,0.884752274,-0.385816604,-0.259266317,-0.0495438091,0.524853647,0.100706682,0.0116311908,0.29071179,0.145956486,0.176469043,0.451082915,0.0255634543,-0.00665272446,-0.134025484,0.0327328928,0.0396833681,0.392798126,0.117597729,0.0702783242,0.70036453,0.0355742574,-0.249309257,-0.00620304979,0.482731551
2.14984035,2.01102805,0.697376549,0.0248242524,0.00700787781,0.474246979,0.880013883,-0.328424305,-0.24719207,-0.0681950599,0.526331961,0.0987648368,0.0110266348,0.192481175,0.139138728,0.172182024,0.490988493,0.00333882403,-0.00958210696,-0.206463113,0.0305802729,0.0434509739,0.311154395,0.123831376,0.0729945004,0.677781701,0.0730943978,-0.233642131,-0.000324259861,0.498458833
2.17468429,2.03220582,0.705713272,0.0201932713,0.00760571938,0.476848036,0.87872088,-0.275395483,-0.226065859,-0.0894503072,0.511555254,0.0954358056,0.010404299,0.072218664,0.124504834,0.16903232,0.52016741,-0.0227481388,-0.0125094848,-0.265756637,0.0278265141,0.0497628711,0.219631538,0.139652669,0.0787352696,0.651518226,0.109247014,-0.220414326,0.00418092869,0.515359402
2.19879222,2.05257964,0.712702453,0.0148018636,0.0102435416,0.47216472,0.881326556,-0.224013165,-0.202203706,-0.110004947,0.484530896,0.0909794942,0.00984693971,-0.0627888367,0.104822874,0.168319598,0.53511107,-0.0480723642,-0.0143822134,-0.307512164,0.0252331346,0.0527458675,0.13135381,0.17257151,0.0916161165,0.624554753,0.142896041,-0.212696776,0.00442844722,0.531751752
2.2221396,2.07176518,0.71637094,0.00898575038,0.0141365761,0.461105138,0.887187302,-0.173600256,-0.179399803,-0.127011836,0.451111525,0.0856947526,0.00938763842,-0.203892782,0.0895459279,0.168382749,0.531539142,-0.0683830976,-0.0148124481,-0.329671919,0.02287619,0.0548383035,0.0418669768,0.215151578,0.106858738,0.593327463,0.17446734,-0.208763704,0.00180635659,0.546773911
2.24549961,2.09153509,0.718666077,0.00355474534,0.0184361972,0.445966542,0.894852698,-0.121133029,-0.159390837,-0.139298707,0.415018588,0.0787994936,0.00903939176,-0.33817479,0.0854285732,0.167969629,0.508580863,-0.0757793412,-0.013767289,-0.335475653,0.0204668492,0.0550791919,-0.0429258756,0.263596296,0.122484937,0.560380816,0.205110341,-0.209531918,-0.00428299466,0.560869813
2.26984239,2.1125164,0.719088316,-0.00113593158,0.0212050471,0.429000914,0.903054416,-0.0646148697,-0.140711606,-0.147115111,0.379685372,0.0698377267,0.00876365416,-0.453693748,0.0942279622,0.165791988,0.468382984,-0.0680652484,-0.0120800296,-0.33166489,0.0192333292,0.0557085164,-0.120989367,0.313704193,0.135563537,0.526435375,0.23398298,-0.212204382,-0.0111922259,0.572597504
2.2958374,2.13482094,0.714826763,-0.00518233934,0.0219806246,0.411861748,0.910966516,0.00150045613,-0.124263495,-0.15070124,0.346818089,0.0595732257,0.00857256819,-0.544491231,0.11562445,0.160647392,0.415279001,-0.0509892516,-0.0104397386,-0.32242161,0.0179050211,0.0548773669,-0.188310564,0.360513717,0.146083951,0.495405644,0.264800012,-0.215865374,-0.0188463945,0.583934546
2.32330298,2.15809035,0.709114492,-0.00892683119,0.0215021484,0.395278811,0.918266058,0.0731723085,-0.108426012,-0.150641978,0.314353347,0.0470680706,0.00842261501,-0.61416775,0.144628942,0.151916832,0.356295049,-0.030680187,-0.00906575471,-0.307758361,0.0173739586,0.0539995693,-0.2462219,0.400080502,0.152709171,0.465611309,0.29656294,-0.218821064,-0.0265617836,0.594335437
2.35183072,2.18275762,0.699804366,-0.0114256851,0.0197075643,0.378482848,0.925327957,0.152239695,-0.0984065309,-0.145480901,0.282286167,0.0332907028,0.00820628833,-0.658578813,0.174775138,0.140810192,0.305599183,-0.00908066425,-0.00798149779,-0.290026903,0.0162333716,0.0517448969,-0.291607082,0.430701464,0.15666084,0.439625651,0.326077342,-0.223127514,-0.0349999629,0.603401244
2.38226581,2.20840669,0.687282324,-0.012881875,0.0164883751,0.362052381,0.931922913,0.234621018,-0.0924816802,-0.136855006,0.252018958,0.0197136775,0.00787999295,-0.674466312,0.207995594,0.127518192,0.276162863,0.0122480802,-0.00726483017,-0.27028966,0.0158921536,0.0458726399,-0.319385588,0.449382275,0.15838173,0.420481533,0.353597939,-0.226822525,-0.0440929346,0.612181604
2.41438961,2.23503494,0.673683405,-0.0139255486,0.0121207871,0.347178578,0.937617302,0.315612882,-0.0897771046,-0.12575382,0.226633787,0.0086632641,0.00735213654,-0.66091603,0.242574677,0.114651039,0.280041128,0.0348991118,-0.00682754721,-0.24789992,0.0153758414,0.0442369804,-0.329628676,0.454388142,0.158246815,0.408910722,0.376645684,-0.227968186,-0.0528099425,0.620256603
2.44833231,2.26270342,0.660356879,-0.013113155,0.00630517164,0.333257854,0.942723453,0.391293079,-0.091736801,-0.112849958,0.209175095,0.00288495747,0.00663551828,-0.636213899,0.269585907,0.103908218,0.306255102,0.0583507307,-0.0065541123,-0.219216406,0.0146883735,0.044108279,-0.320935994,0.442833692,0.155044213,0.40597418,0.395012885,-0.225776076,-0.0611085333,0.627900302
2.48302078,2.29292917,0.648741603,-0.0106205856,-1.62942833e-05,0.319845378,0.947410166,0.453444123,-0.101618849,-0.0983521417,0.203714401,0.00531199574,0.00572333811,-0.600822687,0.285781622,0.0971966535,0.345441908,0.0801503882,-0.00640846509,-0.183463633,0.0146830101,0.0439502075,-0.292062849,0.41255933,0.146227241,0.413065851,0.406205267,-0.221493527,-0.0686442852,0.633588552
2.51804256,2.32428813,0.64394182,-0.00664796913,-0.00661951443,0.306183398,0.951926351,0.497095317,-0.115811653,-0.0842295587,0.215207487,0.0146960393,0.00479293056,-0.559734821,0.296081781,0.0941932946,0.396794975,0.0967419967,-0.00636469899,-0.139568791,0.0161188506,0.0464270636,-0.243547693,0.370644152,0.132641405,0.430074662,0.407260805,-0.21544534,-0.0748379305,0.635914147
2.55104589,2.35473299,0.64726156,-0.00236887718,-0.0107314838,0.290905505,0.956688702,0.510888696,-0.132238835,-0.0719352216,0.246417999,0.0279750377,0.00399198942,-0.520769119,0.302364528,0.0953748599,0.45494619,0.106002882,-0.00637697335,-0.0830867514,0.0187618192,0.0540041365,-0.183055028,0.322536081,0.114441089,0.454565614,0.394909799,-0.207777128,-0.0780192837,0.63339901
2.58260369,2.3837657,0.661404133,0.00233535143,-0.0131555637,0.273021728,0.961915076,0.488162965,-0.149330363,-0.0608147904,0.294359505,0.0405275151,0.00364373717,-0.473532528,0.300347418,0.10170716,0.507031083,0.110725604,-0.0063608326,-0.0130440956,0.0214974601,0.0620719083,-0.114030778,0.274068117,0.0949112326,0.487101138,0.368910789,-0.199848562,-0.0784791932,0.626088202
2.61068058,2.41069913,0.672331095,0.00743355788,-0.0137699842,0.254112989,0.96704793,0.43014282,-0.16372256,-0.0485633686,0.352839023,0.0445225053,0.0040782406,-0.422406286,0.293021709,0.112617746,0.542823851,0.112255678,-0.00626188237,0.066474095,0.023025861,0.0705725402,-0.0397262201,0.231845319,0.0772610679,0.526076674,0.329111904,-0.194215536,-0.0769011602,0.613686919
2.63589334,2.4367826,0.681954861,0.0112800272,-0.0119448388,0.236910194,0.971392632,0.338517964,-0.167741016,-0.0356990583,0.404661059,0.0336974822,0.00532442657,-0.372739643,0.279270768,0.127867922,0.560317934,0.111525513,-0.00607475918,0.143806309,0.0245620832,0.0728478879,0.0375194848,0.196348757,0.0630690157,0.568291306,0.279164106,-0.192328811,-0.0746936947,0.598833263
2.65903926,2.46185112,0.69118917,0.0141020548,-0.00802903902,0.226650193,0.973841012,0.220524922,-0.15301773,-0.0264014509,0.444542497,0.0120719839,0.00712634064,-0.322103351,0.256126165,0.146896511,0.561059594,0.109309375,-0.00586484,0.218247399,0.0267183743,0.0752072781,0.113241404,0.169854164,0.0540201329,0.608729959,0.226533428,-0.195515752,-0.0730188563,0.58291918
2.68043351,2.4844985,0.699110448,0.014652173,-0.00166119367,0.22389333,0.974502087,0.080653891,-0.117071904,-0.0231690798,0.471295357,-0.0172767323,0.00917170849,-0.2779181,0.233386517,0.164270893,0.544726133,0.105669096,-0.00561290886,0.278916031,0.028185064,0.0727287605,0.184851304,0.153386727,0.0496243946,0.64448595,0.170400932,-0.205782667,-0.073710613,0.565070152
2.70132565,2.50584888,0.70491606,0.0132509219,0.00558348326,0.230822131,0.972889721,-0.071200788,-0.0700621009,-0.0253326856,0.485381722,-0.0455752127,0.0103576835,-0.232679591,0.211912259,0.178645149,0.517232299,0.100620136,-0.00545108132,0.323034674,0.0308998022,0.0690819025,0.251258016,0.150715217,0.0500039048,0.67409122,0.112142764,-0.224776641,-0.0761741772,0.54400903
2.72174668,2.52712798,0.708819151,0.0104645127,0.0135386558,0.245643511,0.969209194,-0.22708869,-0.0260461383,-0.0302929692,0.48247242,-0.0656675473,0.0103345485,-0.1861801,0.1924005,0.189644098,0.481464028,0.0936744288,-0.00537554221,0.348496258,0.0350972302,0.0625303686,0.309394926,0.160931036,0.0545680001,0.69665879,0.0551783442,-0.251538724,-0.0812611729,0.520160496
2.74281859,2.54214883,0.708711565,0.0049323393,0.0215253383,0.265057445,0.963979721,-0.38166672,0.0156791192,-0.0399165154,0.456337333,-0.0711503997,0.00872117467,-0.144966051,0.192054227,0.190428019,0.437356532,0.0851176381,-0.00522809755,0.35567683,0.0383532308,0.0621062703,0.35701248,0.182430223,0.0623028986,0.711019337,-0.00696536154,-0.279973388,-0.0855025351,0.492251635
2.76704431,2.56420064,0.706692815,0.00187955447,0.0258183926,0.285186768,0.958122313,-0.501688242,0.0275338162,-0.0431829877,0.415605396,-0.0603609644,0.00698926207,-0.0842329785,0.186520025,0.191348672,0.398737162,0.075287126,-0.00524269976,0.356835753,0.0417754017,0.0614032149,0.402598917,0.207528338,0.0717138499,0.721805573,-0.0591076799,-0.302481622,-0.0829084143,0.464357466
2.7932322,2.59145212,0.702674866,0.00299166166,0.0266222488,0.303103179,0.952581108,-0.582801282,0.014386462,-0.0398186371,0.364875674,-0.0409987457,0.00570490723,-0.00862257648,0.172207296,0.192972764,0.366014481,0.0633657128,-0.00540115777,0.351188481,0.0443873033,0.0569599606,0.453236848,0.231867641,0.0818116367,0.733812094,-0.0996207967,-0.331126839,-0.082745567,0.440231651
2.81987286,2.62057328,0.69638288,0.00681813387,0.0256264284,0.320685446,0.946814477,-0.63009578,-0.0173425805,-0.0303362701,0.314747214,-0.0189310163,0.00493171765,0.073156938,0.153590932,0.192997351,0.335639268,0.0493137874,-0.00557108363,0.343343765,0.0468658581,0.0480503701,0.498810619,0.251141757,0.0904279649,0.745288014,-0.130129218,-0.360192269,-0.0812978148,0.420055181
2.84623837,2.6493485,0.689269066,0.0119090155,0.0243353378,0.35024932,0.936264515,-0.646467686,-0.0572441258,-0.0178547502,0.279040605,0.00451003015,0.00465871347,0.15264222,0.137047753,0.18916741,0.306346178,0.033851143,-0.00556692341,0.327780813,0.0490676463,0.0436003394,0.539246678,0.25910601,0.0969549045,0.756552279,-0.150950044,-0.382781327,-0.0781954601,0.406208962
