-0.0630427077,-3.20787263,0.686715007,0.0174112786,-0.0185608678,0.878541827,0.476987034,-0.440300822,-0.346740603,-0.180028975,0.37681818,0.115153395,-0.000365701213,0.402225703,0.296767622,-0.322025836,-0.0872669965,0.0424855463,-0.00296288589,-0.303091109,0.0393869765,-0.0487658232,0.495856911,0.280406326,-0.00158148212,0.677208006,0.333891153,-0.193408102,0.061479222,0.488801062
-0.0610907339,-3.19338202,0.681552172,0.0177627765,-0.0165786874,0.877150834,0.479599923,-0.453723818,-0.378480643,-0.170961559,0.356737942,0.117567979,4.13744419e-06,0.418984711,0.305857092,-0.32205081,-0.0872669965,0.0430387706,-0.00304129883,-0.293821573,0.0404498503,-0.0453866273,0.506289303,0.275130838,-0.00285419985,0.680671751,0.319895059,-0.193911523,0.0603774339,0.486301005
-0.059724614,-3.17546439,0.676051199,0.0185173061,-0.0180642977,0.871865094,0.489062458,-0.453821421,-0.395986348,-0.165087581,0.337659091,0.12213663,0.000618208782,0.44135651,0.319369316,-0.32168597,-0.0872669965,0.0442536622,-0.00297589763,-0.293788016,0.0419738553,-0.0522823259,0.525092661,0.267489195,-0.00497026043,0.687021673,0.308279842,-0.193396986,0.0607881024,0.487232536
-0.0577072278,-3.16960859,0.679739535,0.0176138356,-0.00133873976,0.863430083,0.504159153,-0.473369867,-0.433754057,-0.150243878,0.304010183,0.133314714,0.00173146464,0.432446748,0.285406291,-0.319014519,-0.0872669965,0.0419498123,-0.00314948615,-0.285786182,0.0388470106,-0.0313741639,0.513320804,0.230960831,-0.0149881355,0.681409121,0.26735118,-0.206853718,0.0560126901,0.482063234
-0.055482056,-3.17147374,0.684407771,0.0168028399,0.0218634848,0.853999078,0.51954329,-0.510867357,-0.473684162,-0.133373529,0.276813418,0.15169856,0.00304854196,0.407815695,0.23629722,-0.313884974,-0.0872669965,0.0346627794,-0.00398148317,-0.263144881,0.0364660919,0.00679740543,0.480735242,0.178591803,-0.0279410649,0.673510134,0.2049997,-0.234249502,0.0459786467,0.470153779
-0.0536694489,-3.15993595,0.683802545,0.015363141,0.0313768946,0.845158577,0.5333727,-0.533281267,-0.481273741,-0.127170399,0.282841742,0.173387095,0.00412901817,0.407097131,0.21670635,-0.308841318,-0.0872669965,0.0280373525,-0.00420837803,-0.241591722,0.0371022783,0.0198023003,0.46255368,0.141104952,-0.0345262773,0.674960136,0.163331866,-0.251843035,0.0400336459,0.465653569
-0.052121684,-3.13612962,0.67753911,0.0154680973,0.0299972929,0.838301361,0.544161558,-0.531765699,-0.4734613,-0.126732036,0.308194965,0.192456901,0.00546996435,0.434635848,0.222826794,-0.302497298,-0.0872669965,0.026424719,-0.00392353395,-0.226791859,0.0382296108,0.0218706168,0.461979896,0.122549653,-0.0333026163,0.683078587,0.146785647,-0.253104568,0.0417611785,0.467074156
-0.0515835583,-3.10912347,0.672220528,0.0172129814,0.0270811133,0.832852662,0.552563787,-0.518060744,-0.46660307,-0.127734587,0.339919746,0.205644637,0.00643113256,0.468969852,0.228849292,-0.293675542,-0.0872669965,0.02951774,-0.003367458,-0.216673464,0.0391304493,0.0222951416,0.460975647,0.108092874,-0.0317274667,0.689269662,0.141752228,-0.257836491,0.0334672257,0.472478211
-0.0501291566,-3.07922888,0.672083855,0.0198927186,0.0226242747,0.829349935,0.557916701,-0.493429095,-0.455457449,-0.133057952,0.378183782,0.212200403,0.00698693795,0.50268805,0.229601905,-0.283626407,-0.0871206895,0.0364518128,-0.00241575134,-0.217220724,0.0381162539,0.0241986364,0.455525428,0.0989744291,-0.0246480908,0.699103773,0.147251561,-0.248353571,0.0388260372,0.476695538
-0.0477954149,-3.0488224,0.664348125,0.0221456829,0.0174724981,0.827933967,0.560115814,-0.461502254,-0.439617455,-0.141243026,0.414595008,0.213532686,0.00719516817,0.528328776,0.232741922,-0.268471569,-0.064887993,0.0542161874,-0.00128326227,-0.223992586,0.0360444784,0.0185892638,0.446857899,0.0987731218,-0.0154011473,0.70453155,0.159133598,-0.244967788,0.0402304344,0.481051058
-0.0448511392,-3.01832962,0.683817506,0.0245383605,0.0122968704,0.828818977,0.558843195,-0.422375888,-0.4181391,-0.151308775,0.445210963,0.21116218,0.00705772359,0.535925329,0.23594971,-0.248839334,-0.033286944,0.071716398,-0.000446396647,-0.240506962,0.0327877626,0.018413322,0.430759847,0.102534659,-0.00595545396,0.7036798,0.179283351,-0.242594749,0.0437806509,0.486644864
-0.0422086902,-2.99031377,0.691248119,0.0244185068,0.00874163583,0.831547081,0.554848433,-0.385922432,-0.397924274,-0.161037564,0.467018276,0.205983147,0.00687303068,0.530457258,0.23653549,-0.226222709,0.0091522662,0.0842739493,6.43284802e-05,-0.268847972,0.0313817561,0.0167702548,0.406452775,0.110487424,0.00464610476,0.698256552,0.190140918,-0.246774003,0.0424249433,0.488762468
-0.0400808305,-2.96508431,0.698281407,0.0234448351,0.0086150812,0.83626467,0.547756851,-0.356952757,-0.384369761,-0.168520838,0.478657484,0.197771251,0.00660554878,0.512078941,0.232039794,-0.199236929,0.0625013709,0.097955592,0.000419070304,-0.310249448,0.0285843499,0.0192964375,0.37396276,0.11843852,0.0151831526,0.69071734,0.197667956,-0.249600455,0.0428875163,0.49014473
-0.0388198756,-2.93981314,0.702465713,0.0219842307,0.00782353617,0.841426373,0.53986764,-0.320450187,-0.374400765,-0.175616264,0.484089166,0.18905516,0.00645840541,0.477055579,0.220730498,-0.169867337,0.118183747,0.104356252,0.000291756762,-0.362252414,0.0267630592,0.023853099,0.33594054,0.132964909,0.0283644293,0.680278182,0.200344607,-0.255797952,0.0414136648,0.49082166
-0.0333949886,-2.91397715,0.710765958,0.0203577913,0.00543354079,0.846744895,0.5315817,-0.28383255,-0.344725817,-0.19033663,0.487735718,0.179602966,0.00612367177,0.418942302,0.205719516,-0.145643458,0.165462136,0.0958909094,-0.00136199151,-0.421710372,0.0247658547,0.0296431892,0.300264031,0.153807849,0.0436066948,0.670874,0.199731305,-0.257637799,0.0387584083,0.494853646
-0.0319039151,-2.89231229,0.715349495,0.0181986447,0.00640622573,0.85008806,0.526287198,-0.254615754,-0.329376966,-0.199365973,0.482206911,0.169443175,0.00580141554,0.348412603,0.170099646,-0.121143088,0.206656143,0.0707846209,-0.00459318934,-0.481255531,0.0246649608,0.0339374468,0.259094268,0.174626052,0.0571993105,0.660865128,0.19728227,-0.260438055,0.0346528366,0.498474509
-0.0294325035,-2.87104368,0.719715774,0.0153946187,0.00760573661,0.85002923,0.526455581,-0.227089405,-0.310259283,-0.209778726,0.473055542,0.16021198,0.00541358674,0.263630837,0.123131238,-0.099706389,0.241314813,0.0348147042,-0.00894669537,-0.534045935,0.0238858443,0.0395830311,0.219170988,0.19731757,0.0712193102,0.652239323,0.193415716,-0.261575013,0.0297668241,0.502062976
-0.0262737926,-2.85217261,0.725432932,0.012109817,0.0109488675,0.846612036,0.53196007,-0.204091758,-0.293145716,-0.219056129,0.45617947,0.150728062,0.005033914,0.16022864,0.0668036342,-0.0800723433,0.270251334,-0.00752827013,-0.0136890896,-0.575857639,0.0226533543,0.0452886336,0.179036379,0.222938657,0.0857853293,0.643622875,0.18778798,-0.260655642,0.0256036222,0.504497647
-0.0234412458,-2.83416533,0.732830286,0.00732341316,0.0154834278,0.839264154,0.543453991,-0.183785483,-0.276692092,-0.226798594,0.435049206,0.142117873,0.00471160235,0.0396324992,0.0065105469,-0.0612228401,0.294049889,-0.0488026552,-0.0173842274,-0.59845382,0.0203762483,0.0514146127,0.138153538,0.249155626,0.0991738737,0.633092701,0.179943919,-0.255672693,0.0236987714,0.508514225
-0.0202728119,-2.8162384,0.732743263,0.000764659781,0.0214713961,0.827982843,0.560341656,-0.168913662,-0.259104162,-0.233100325,0.410515338,0.133130044,0.00444001378,-0.0962590128,-0.0460426956,-0.0444841236,0.306348145,-0.0845871642,-0.0194128715,-0.6018821,0.0174280014,0.0545294769,0.0963522121,0.274989098,0.110454455,0.620203555,0.173386604,-0.250010312,0.0221261401,0.514518559
-0.0179246999,-2.79797506,0.730583131,-0.00544216065,0.0279268827,0.813705444,0.580580711,-0.151060879,-0.24339056,-0.236031696,0.386567205,0.124276593,0.00428499654,-0.237160608,-0.0782119334,-0.0315345265,0.307006121,-0.109227508,-0.0188690536,-0.587915301,0.0161433704,0.0555711798,0.0599986911,0.300571591,0.119602181,0.607186198,0.169462159,-0.246137097,0.0190324709,0.517988443
-0.0171637572,-2.77739358,0.731370628,-0.00993053894,0.0336609706,0.798099875,0.60150224,-0.124151804,-0.232153833,-0.234562829,0.36215806,0.113770351,0.00421360694,-0.365831822,-0.0878642723,-0.0210732222,0.297385842,-0.118688807,-0.0171036925,-0.56213975,0.0150035843,0.0559711568,0.0264993496,0.32006222,0.124986202,0.592729211,0.170046717,-0.245120719,0.015028866,0.520844102
-0.0155232018,-2.75430727,0.729914546,-0.0140297851,0.0372895151,0.782153726,0.621810436,-0.0906675532,-0.216612354,-0.231363297,0.340457588,0.101931967,0.00426231744,-0.474994808,-0.073465541,-0.0144705214,0.275183409,-0.115024723,-0.0152797084,-0.527880847,0.0143832229,0.0543595664,-0.00273735868,0.332717001,0.126294211,0.577689707,0.178079098,-0.243328795,0.0109695671,0.526473463
-0.0133577026,-2.72902703,0.727288365,-0.0170272756,0.0395300575,0.766475439,0.640829802,-0.0489748567,-0.20116742,-0.225713342,0.320608795,0.0886934847,0.00433439109,-0.559472322,-0.041476965,-0.0116165094,0.246652216,-0.103649572,-0.0135605671,-0.487869501,0.0137312403,0.0517085418,-0.0260002371,0.33896476,0.125222743,0.564169645,0.19176586,-0.238970682,0.00724614738,0.535406291
-0.0114878407,-2.70064116,0.723708689,-0.0192757677,0.0393276475,0.751235783,0.65857923,0.0020145718,-0.184411958,-0.21822919,0.302369237,0.0735516697,0.00446589245,-0.614055037,0.00139286218,-0.0119899428,0.218152374,-0.0875900611,-0.0121602109,-0.446173429,0.0126732057,0.0494001023,-0.0412180088,0.336389184,0.120208204,0.553347886,0.21048978,-0.234937593,0.00293445541,0.546025813
-0.00917107705,-2.67129278,0.715526879,-0.0202503763,0.0379467495,0.736426353,0.675149024,0.0604121275,-0.17218475,-0.208048001,0.283280134,0.0582513325,0.00448839925,-0.643693745,0.0475548767,-0.0141747426,0.200212762,-0.0678628609,-0.0110430224,-0.403863072,0.0123017654,0.0480833501,-0.0488139577,0.327921152,0.112023614,0.544840634,0.231712267,-0.229733527,-0.00129717099,0.557646394
-0.00722656865,-2.64017892,0.707552195,-0.020444395,0.0351031572,0.72248888,0.69018805,0.121675447,-0.161757648,-0.196019694,0.264281154,0.0425678715,0.00446081161,-0.647825837,0.0926938951,-0.0160315875,0.203877866,-0.0456151292,-0.0102175465,-0.362686813,0.012095293,0.047714591,-0.047569491,0.316088736,0.103446566,0.540611625,0.251657903,-0.224762693,-0.00611911342,0.569861352
-0.00424904842,-2.60715461,0.698868096,-0.0200488344,0.0311455447,0.709356785,0.703875721,0.185678452,-0.152048305,-0.183765382,0.2470247,0.0281062704,0.00434001023,-0.638796628,0.134807155,-0.0166708604,0.227057919,-0.019801721,-0.00965626352,-0.324308336,0.0111778537,0.046759516,-0.0350490287,0.301676124,0.0946905017,0.542559385,0.270265907,-0.21886085,-0.0113704763,0.582281709
-0.00156198256,-2.57224441,0.688604057,-0.0184636451,0.0268567223,0.696544409,0.716773212,0.250508517,-0.148814157,-0.169544414,0.23183836,0.0177312382,0.00396810193,-0.629745543,0.171584025,-0.0148787936,0.259731144,0.00523956772,-0.00921575632,-0.286570758,0.0103293955,0.0461695045,-0.012338235,0.282798022,0.0856118351,0.550477564,0.286709577,-0.212726891,-0.0168209579,0.594226897
0.000651094248,-2.535887,0.680845916,-0.0164722484,0.0224007163,0.68368721,0.729245305,0.307243049,-0.149372324,-0.154678464,0.221378028,0.0128066111,0.00337556074,-0.609799027,0.202776909,-0.00974158198,0.308220774,0.027837934,-0.00884474628,-0.24559626,0.0102889016,0.0431197658,0.020801289,0.26103586,0.0763939321,0.564307928,0.298017591,-0.20749858,-0.0231346171,0.604824901
0.00169086177,-2.49822927,0.674815238,-0.0125726294,0.0180238709,0.670523107,0.741563141,0.352837384,-0.155075252,-0.139492825,0.220660135,0.0155296419,0.00259275804,-0.582044065,0.2283189,-0.000781267241,0.362576216,0.0452089757,-0.00848428439,-0.201330379,0.0111693274,0.0426710546,0.0629533008,0.236523256,0.0658624172,0.582291722,0.303814739,-0.203175366,-0.0296448134,0.612592876
0.00373718003,-2.46095538,0.674800575,-0.00910238549,0.0134813664,0.65671885,0.753960133,0.379153877,-0.163386106,-0.126497194,0.236390874,0.0248900633,0.00176324486,-0.545686543,0.250883847,0.0110801021,0.414684683,0.0578429885,-0.00810304377,-0.150958717,0.0128532117,0.0419098251,0.111631885,0.216427654,0.0567966439,0.601698697,0.301381141,-0.1989896,-0.0353416875,0.615720809
0.00388237881,-2.42509007,0.685310781,-0.00594354514,0.0108927591,0.641676724,0.766874731,0.38155967,-0.17241779,-0.11581143,0.268952966,0.0371391065,0.0010533107,-0.501438677,0.263678402,0.0275657531,0.456677139,0.0670798048,-0.00770682748,-0.0919457525,0.0148967598,0.0429420546,0.160784766,0.199592769,0.0486219488,0.62047559,0.291318923,-0.195725948,-0.0398790799,0.613885641
0.00320936483,-2.39384842,0.695097744,-0.00508204149,0.0118707921,0.626163304,0.779585004,0.346095771,-0.178430349,-0.107595064,0.318005472,0.0481188931,0.000977434567,-0.463235259,0.268550187,0.046957396,0.483365327,0.0734481812,-0.0072346963,-0.0218189154,0.01691534,0.0443654358,0.203019544,0.189105436,0.0426245593,0.636132956,0.270626158,-0.192813054,-0.0428376682,0.606643617
0.00171717349,-2.36384797,0.702695549,-0.00424836064,0.0145162223,0.613192379,0.789788783,0.285193354,-0.176816002,-0.100026108,0.378220677,0.048712898,0.00235970854,-0.425700605,0.266394824,0.0682902485,0.499303788,0.0776632503,-0.00680047553,0.0568333045,0.0179516897,0.0459815525,0.231741488,0.181468219,0.037892051,0.647071421,0.245737389,-0.191089883,-0.0445730276,0.596242428
0.00106282264,-2.33660007,0.709339261,-0.00588362431,0.0178997144,0.605002344,0.796000719,0.200073689,-0.159791395,-0.0933262631,0.438837707,0.0364426151,0.00493158726,-0.393819422,0.261241198,0.0886722207,0.504968107,0.0797364488,-0.00638144696,0.137324199,0.0193667803,0.0462518707,0.250843406,0.177479357,0.0336020552,0.653296113,0.220791489,-0.19187066,-0.0456585847,0.584146261
-0.000221244045,-2.31078696,0.715607822,-0.00791272148,0.0215202346,0.602918804,0.797473013,0.0945789143,-0.125661075,-0.0883360878,0.493088722,0.012738171,0.00863783993,-0.358158529,0.251170039,0.108410947,0.501480818,0.0805657133,-0.00597833935,0.209056124,0.0199354459,0.0490167513,0.259800643,0.177217886,0.031376265,0.655942917,0.191498518,-0.198598906,-0.0475265682,0.571648002
-0.000945337,-2.2861352,0.720483303,-0.0122024836,0.0236585084,0.607643127,0.793763995,-0.0243792869,-0.074276723,-0.0869404525,0.53901422,-0.0160846021,0.0121397842,-0.320365876,0.243235528,0.124540389,0.487247109,0.080315724,-0.00560492836,0.261750072,0.0211263113,0.0450956821,0.265695274,0.179746076,0.0304685198,0.657058001,0.159270123,-0.209247291,-0.0509741493,0.55985111
-0.00167792686,-2.263937,0.725229561,-0.0170319621,0.0280223675,0.618637979,0.784991562,-0.160654604,-0.0228730179,-0.0863071159,0.56883347,-0.0430862233,0.0141467424,-0.287021875,0.233082131,0.139795721,0.465706319,0.07903523,-0.00528029259,0.293859631,0.022046227,0.0464764833,0.264699101,0.181791291,0.0297446027,0.654420137,0.12368542,-0.224789426,-0.0552641749,0.547672093
-0.00206399662,-2.24219465,0.72858417,-0.0232083965,0.0320492163,0.633619666,0.772632062,-0.302833021,0.0205186103,-0.0871647745,0.575941086,-0.062814489,0.0138748325,-0.256248862,0.225825146,0.151228115,0.438079834,0.0761521906,-0.00502493884,0.305513561,0.0246811602,0.0499287583,0.260925651,0.18399474,0.0293062069,0.650309086,0.0836806521,-0.24265857,-0.0601028018,0.534045577
-0.00328453234,-2.21818256,0.730595708,-0.0276706591,0.035491202,0.649353206,0.759154201,-0.432783902,0.0434067063,-0.0865938142,0.55741936,-0.0699932501,0.0122028291,-0.216507137,0.217855141,0.160397947,0.410111815,0.0719094425,-0.00485198293,0.302741677,0.0264569055,0.0516394041,0.2605187,0.186440334,0.0293265246,0.64730376,0.045578476,-0.262797415,-0.06454584,0.520251393
-0.00476441905,-2.19307065,0.731333077,-0.0299293678,0.0388156213,0.663871229,0.746239007,-0.541517496,0.0431707241,-0.0839122161,0.512932241,-0.0629454851,0.0100552402,-0.172436982,0.207391113,0.16749154,0.382790565,0.0656178221,-0.00476389844,0.293286651,0.0282914713,0.0550975986,0.264541119,0.185188964,0.0291298144,0.646935403,0.00849130563,-0.285360128,-0.0675351545,0.505585909
-0.00648443121,-2.16521263,0.729940355,-0.0298353452,0.0405873321,0.677112222,0.734153628,-0.620286882,0.0269164164,-0.0789399892,0.450920045,-0.0461690314,0.00828781538,-0.11897663,0.196732149,0.17202571,0.358242542,0.0572551899,-0.00473968918,0.280639917,0.0294758901,0.0571258664,0.272261053,0.180088684,0.0275610145,0.648862004,-0.0230641961,-0.304643899,-0.0686536133,0.492379725
-0.00802937709,-2.13445735,0.726023018,-0.0283675864,0.0400580056,0.689433575,0.722683966,-0.66975069,0.000177364011,-0.0713412389,0.384162754,-0.0258123968,0.00715265237,-0.0536269136,0.189750791,0.172376156,0.333688647,0.0467601493,-0.0047112084,0.265564322,0.0308722481,0.0547763817,0.285315216,0.174396977,0.0264055114,0.653413236,-0.0477307662,-0.319052309,-0.0675777867,0.481506437
-0.00948899519,-2.10225224,0.719788611,-0.0251627378,0.0380343087,0.701209307,0.711495399,-0.693764031,-0.032021556,-0.0607109182,0.326212764,-0.0047350307,0.00652847951,0.0185958501,0.185443535,0.169610769,0.308493704,0.0342860557,-0.00466396334,0.247193456,0.0314521305,0.0531988777,0.301824391,0.16731903,0.0249254163,0.660898745,-0.0657387525,-0.329278469,-0.0660552755,0.47293365
-0.0115862014,-2.06859994,0.711556554,-0.0213712696,0.0355585925,0.712200224,0.700749397,-0.695960283,-0.0675123781,-0.0475698858,0.285665482,0.0160953458,0.00631709304,0.0930968076,0.183408231,0.164433315,0.283081114,0.0207660422,-0.00454909122,0.224995285,0.0321946479,0.0509953387,0.318980485,0.158428967,0.0230540708,0.669526517,-0.0766964406,-0.333666652,-0.0629831776,0.466792673
-0.0139938146,-2.03304482,0.702983916,-0.0166803487,0.0324583091,0.722243071,0.690675914,-0.675677061,-0.102481134,-0.0348244682,0.27122736,0.0372660197,0.00631207088,0.169310004,0.17992653,0.157801256,0.258300692,0.00743878074,-0.00442422926,0.1985998,0.0324850641,0.0479184948,0.338777453,0.146870196,0.0214835741,0.680553854,-0.0789617002,-0.332811117,-0.0592261814,0.463850677
-0.0171959884,-1.9965471,0.693796277,-0.0110915611,0.0284824017,0.731393039,0.681270838,-0.645689726,-0.134598583,-0.025016062,0.27780205,0.0596905984,0.00638473872,0.244915202,0.176688716,0.149993733,0.234145328,-0.00330606871,-0.00412912574,0.168740481,0.0327464379,0.045770701,0.35935986,0.131229863,0.0192188118,0.691360056,-0.0715947896,-0.326591253,-0.0543862469,0.463451892
-0.0205538496,-1.95720661,0.685133755,-0.0046289973,0.0235571507,0.739818215,0.672378361,-0.617304206,-0.162912712,-0.0181547999,0.294927895,0.080267027,0.00638767891,0.318039924,0.174383596,0.141597241,0.214812398,-0.00871902239,-0.00362364226,0.134122267,0.0330733061,0.0408504978,0.381014258,0.113191932,0.0161310472,0.701522827,-0.0539056882,-0.314419329,-0.0473462716,0.467128664
-0.0217155106,-1.91777539,0.677529812,0.000194093416,0.0185036603,0.748048663,0.663385808,-0.579320312,-0.185320392,-0.0163885485,0.324297369,0.0980018228,0.00658231089,0.375125855,0.17944406,0.132078916,0.202538595,-0.00688241795,-0.00296568661,0.095536381,0.0326806195,0.0370193385,0.399098307,0.0995381698,0.0159321316,0.709854066,-0.0267941374,-0.297741801,-0.0392425321,0.473925471
-0.0239156168,-1.87745237,0.67483741,0.0060626315,0.0132781388,0.75735569,0.652839422,-0.539004028,-0.204818264,-0.0180598032,0.359197676,0.111289851,0.00653839344,0.415740341,0.181284845,0.125787333,0.207436875,0.00178603129,-0.00222073309,0.0493921265,0.0317345932,0.0359780639,0.410001606,0.0878983513,0.0175005645,0.716051757,0.00741552515,-0.279875666,-0.0306155588,0.483239681
-0.0254208893,-1.83887923,0.679803967,0.00969216507,0.00956361461,0.767916262,0.640405476,-0.494717538,-0.216924891,-0.0233106129,0.395705462,0.118389852,0.00642958237,0.433679551,0.187645331,0.120497182,0.230265036,0.0150546879,-0.00163664552,-0.00449719187,0.0298831072,0.0365309194,0.410299778,0.0820016935,0.0206614677,0.717918515,0.0438298173,-0.263520777,-0.0216695312,0.492503434
-0.026454933,-1.80265772,0.689859271,0.0129255876,0.00659863045,0.779042244,0.626803458,-0.448785335,-0.225704744,-0.0309125055,0.424402654,0.121632367,0.00625705533,0.427835107,0.196493655,0.116026044,0.270351738,0.0285721999,-0.00142408267,-0.0672144666,0.0280076992,0.0401090123,0.399607509,0.0808073431,0.0251809191,0.716337562,0.0777818188,-0.249589607,-0.0128836902,0.501350939
-0.0264635738,-1.76851344,0.698056459,0.0145784188,0.0046109031,0.789839685,0.613122821,-0.402061552,-0.230171785,-0.0409720466,0.442714542,0.121793114,0.00610450981,0.395844132,0.203486755,0.111878693,0.32072562,0.04000457,-0.00163934543,-0.13610658,0.0261560548,0.0429782942,0.378217578,0.0869609714,0.0319111273,0.7098279,0.108048193,-0.239694804,-0.0050916872,0.50900656
-0.0256670583,-1.73613012,0.705352604,0.014995913,0.00360010425,0.798170805,0.602233768,-0.356346041,-0.2300926,-0.0530825332,0.451638341,0.11966528,0.00592502533,0.336785465,0.204155549,0.107899338,0.371656507,0.0383927114,-0.00290251058,-0.208071306,0.0250332989,0.0438744612,0.34883827,0.098722294,0.0399698317,0.700090528,0.134096101,-0.231853291,0.00167119747,0.517110288
-0.0243035555,-1.70451248,0.712126076,0.0158274937,0.0030276929,0.803206921,0.595482111,-0.306822449,-0.223576784,-0.0674698874,0.452087343,0.116257161,0.00571358157,0.257752508,0.192768455,0.105227664,0.417556971,0.0232263301,-0.0052008382,-0.279720634,0.0245335884,0.0476444401,0.31927532,0.119856842,0.052464366,0.691516578,0.155823648,-0.226060227,0.00674268696,0.523231387
-0.0230050683,-1.67600894,0.718741477,0.0145485708,0.00439858623,0.803469956,0.595151365,-0.263161272,-0.213026762,-0.0826334208,0.442117959,0.111653529,0.00543831056,0.156081945,0.166732013,0.105140455,0.454296798,-0.00174120138,-0.00826045312,-0.338579953,0.023839036,0.0526448973,0.28148216,0.143347546,0.0656151995,0.680608153,0.172292024,-0.221816704,0.00976552255,0.529127121
-0.021686729,-1.65006065,0.723462284,0.0119009623,0.00752065377,0.798700571,0.601563931,-0.223757595,-0.201654509,-0.0961929038,0.424701273,0.106640875,0.00517438818,0.036999166,0.12582463,0.109151036,0.483372658,-0.0316926911,-0.011537279,-0.3857961,0.0225703698,0.0521983504,0.243286029,0.171995163,0.081492804,0.669413209,0.182712108,-0.220545277,0.00992887095,0.534071922
-0.021295527,-1.62533164,0.726920843,0.00987183023,0.0112963226,0.789240539,0.6139009,-0.18332386,-0.192150742,-0.10726127,0.402318418,0.101566754,0.00491106417,-0.0918036476,0.0829778463,0.115979418,0.501756012,-0.0601495281,-0.013660416,-0.412112176,0.0212210137,0.055008553,0.202157006,0.203941524,0.0978526101,0.656695664,0.188071191,-0.221129522,0.00923414808,0.538056672
-0.0201314036,-1.60142684,0.729773104,0.0063635055,0.0161112193,0.776072383,0.630405843,-0.146669805,-0.183617204,-0.116021752,0.375021577,0.0955391675,0.00471430691,-0.226246998,0.0491859093,0.123713464,0.502863407,-0.0811954364,-0.0143404575,-0.418690354,0.0192038286,0.0555414297,0.15978992,0.240530461,0.114795908,0.641236126,0.190891609,-0.221290141,0.00782334525,0.541712463
-0.0193903018,-1.57656765,0.730453968,0.00345834787,0.0209062397,0.760974109,0.648436069,-0.105790921,-0.176528111,-0.12141753,0.34659642,0.0887293518,0.00459465338,-0.352747351,0.0296428129,0.129230216,0.485075444,-0.0909510627,-0.0134984599,-0.407535076,0.0178434495,0.0564151146,0.11784789,0.279203743,0.131121695,0.623917758,0.194210932,-0.222906753,0.0048828302,0.545131266
-0.018500194,-1.55011106,0.729075968,0.000340683648,0.0237665735,0.745159507,0.66646266,-0.0589943416,-0.16864188,-0.124324061,0.318792492,0.0806060508,0.00458205957,-0.460568219,0.0327606834,0.12892516,0.450090379,-0.0878970698,-0.0118566267,-0.385255784,0.0174134802,0.0542553142,0.0777552351,0.316579342,0.144722879,0.605965376,0.200700909,-0.224515647,0.00167296675,0.549315453
-0.0179333054,-1.52218664,0.725615203,-0.00107424427,0.0261448957,0.729550362,0.683426321,-0.00588964438,-0.164924696,-0.123039313,0.291485697,0.0710557625,0.00458234781,-0.54598403,0.0471499078,0.126044318,0.401638031,-0.0763597563,-0.0102645131,-0.355443597,0.0165445618,0.0533189848,0.0401376858,0.346873254,0.153645054,0.588128507,0.21130608,-0.22567223,-0.00180306216,0.554464519
-0.0172120612,-1.4923439,0.720633864,-0.00261254935,0.0263601914,0.714599192,0.699032485,0.0528558418,-0.158902243,-0.119469456,0.264908642,0.059626963,0.0046608313,-0.607180417,0.0728254169,0.118289128,0.346763432,-0.0604154877,-0.00897282455,-0.320621014,0.0165606663,0.0506590679,0.00528500881,0.370992005,0.159264117,0.571123481,0.226323798,-0.225570455,-0.00566905085,0.561293125
-0.0161289759,-1.46037471,0.714141428,-0.00280458713,0.0250122678,0.700496316,0.713212073,0.118149802,-0.154816255,-0.112819619,0.239910394,0.0468866713,0.0046932227,-0.642007411,0.102138646,0.108378433,0.298145562,-0.0418512225,-0.0080367662,-0.282429963,0.0164033528,0.0495241657,-0.0244867653,0.385870785,0.160649046,0.555715382,0.245271638,-0.222187385,-0.00833864324,0.56960088
-0.0140077351,-1.42707503,0.705110312,-0.00335646071,0.0228713285,0.687600791,0.725720882,0.184910417,-0.152514368,-0.104114011,0.215053394,0.0338408388,0.0046223863,-0.653686464,0.137016848,0.0966620296,0.265499294,-0.0216583479,-0.00745400041,-0.24522312,0.0155834565,0.0490923859,-0.0467604697,0.389916569,0.158454224,0.542475581,0.262844563,-0.218098372,-0.011974738,0.578250468
-0.0118765486,-1.39224374,0.695172131,-0.0029016044,0.0201842245,0.675793707,0.736808717,0.25332877,-0.150961176,-0.0935017616,0.192280397,0.0217687041,0.00450072391,-0.642329991,0.172831953,0.0856712833,0.260326296,0.000860829372,-0.00716807926,-0.209364519,0.0145971058,0.0495173186,-0.0589438491,0.384406179,0.153960645,0.532685757,0.28090474,-0.214998692,-0.0152996732,0.586916685
-0.00856523309,-1.35608602,0.684960961,-0.0016498958,0.0166503228,0.664700985,0.746922135,0.319918156,-0.150649741,-0.0820795,0.171499997,0.0131621044,0.00411994103,-0.623405695,0.206230223,0.07683222,0.272957861,0.0255021118,-0.00700888736,-0.175623313,0.0129126692,0.0489153713,-0.0581991374,0.369163454,0.147456408,0.528225005,0.295745879,-0.211266071,-0.0195936672,0.596453965
-0.00636735559,-1.31775463,0.67464751,0.000666263863,0.012933176,0.653727293,0.756619453,0.382496148,-0.156692043,-0.0689335987,0.156096146,0.0108104032,0.00350592844,-0.600375473,0.23042132,0.0728370026,0.297898531,0.0491212495,-0.00683662854,-0.141844749,0.0122790644,0.0477647074,-0.041951213,0.345784456,0.138243318,0.530817509,0.307415545,-0.20803304,-0.0245239418,0.605102181
-0.00434147986,-1.27792335,0.666662216,0.00435752328,0.00948859565,0.642560959,0.766163409,0.433687001,-0.165762439,-0.0558943041,0.150386125,0.0156674217,0.00270312745,-0.570746958,0.247708067,0.0730626434,0.339978755,0.0698681697,-0.00666626589,-0.107714392,0.0116566084,0.0470791236,-0.00904387701,0.316258281,0.125998169,0.53977704,0.313568234,-0.205370933,-0.0294855777,0.611255765
-0.00173107977,-1.23761153,0.663546443,0.0071475408,0.00474137999,0.630832672,0.775871575,0.468460649,-0.171356723,-0.0463051684,0.159833997,0.0271868426,0.00172271102,-0.538578928,0.265709341,0.0756404698,0.389201224,0.08502312,-0.00645041186,-0.0678683445,0.013003231,0.0454514101,0.0348107889,0.285688013,0.112186052,0.553861201,0.313664943,-0.202209249,-0.034358982,0.614223838
0.000270741381,-1.19951391,0.672309637,0.00863964297,0.0015757865,0.617490888,0.786528945,0.47947225,-0.17714335,-0.0394790657,0.187088147,0.0424299873,0.000745975412,-0.504765868,0.279948413,0.0817192495,0.438322991,0.0950022712,-0.00621531624,-0.0211569276,0.0151269352,0.048906479,0.0843271315,0.258091092,0.0986972153,0.571620107,0.302794099,-0.197183788,-0.03825197,0.612448573
0.00135041052,-1.16289687,0.684233367,0.010129191,0.000297501916,0.602351785,0.798166454,0.463531166,-0.184810042,-0.034381941,0.231601521,0.0571677759,0.000136362854,-0.46631968,0.287200212,0.0918976516,0.480331361,0.101063736,-0.00596250035,0.0343905464,0.0163938124,0.0524042584,0.135452554,0.233860418,0.0863841549,0.592006147,0.283376396,-0.193055749,-0.0405233204,0.606785834
0.00203113537,-1.12926376,0.692837477,0.0105989501,0.000604539411,0.586643517,0.80977571,0.417847127,-0.186513051,-0.0309806038,0.290339112,0.0668313727,0.000330081239,-0.427443027,0.290650249,0.10454756,0.5098629,0.104165949,-0.00570018357,0.100628741,0.017863797,0.0561886504,0.182057798,0.213063434,0.075566031,0.612629175,0.256751478,-0.192200407,-0.042299252,0.596970677
0.00156160095,-1.09884965,0.700327694,0.0103195598,0.00302360952,0.573108912,0.819408655,0.344741881,-0.182477787,-0.025957305,0.349219471,0.0629541278,0.00172068679,-0.393677533,0.288485855,0.120477237,0.528475881,0.104811758,-0.00541241048,0.170829728,0.018104855,0.0577144623,0.220873818,0.195227027,0.0666861534,0.630964518,0.224756852,-0.195362106,-0.0434430651,0.584970891
0.00026102495,-1.07018757,0.707123637,0.00879458245,0.00615309831,0.564095914,0.825639486,0.250336945,-0.16211988,-0.0214237943,0.402466595,0.0452748351,0.00433017546,-0.36033085,0.278818458,0.138820425,0.53698647,0.104090348,-0.00511532556,0.240147874,0.0186279491,0.0580638982,0.252912074,0.181318879,0.0593099892,0.645855427,0.191494286,-0.201598898,-0.0442965217,0.571983874
-0.000917625322,-1.04339325,0.713923395,0.00609343546,0.00983834825,0.56110698,0.827662349,0.13763608,-0.124616943,-0.0188831966,0.446559459,0.0185204428,0.00742880581,-0.327262342,0.264446676,0.157332212,0.53378427,0.10211172,-0.00480987458,0.298893422,0.0201113522,0.0586406663,0.276546538,0.17162165,0.0541900024,0.658478022,0.157572314,-0.212295398,-0.0465435572,0.559830546
-0.00112528168,-1.01852953,0.718958855,0.00132721139,0.0136008756,0.565384507,0.824714303,0.0120415119,-0.0689462498,-0.0208512824,0.479299843,-0.0123488931,0.0102984998,-0.293521613,0.252000123,0.172338143,0.51934433,0.0991917476,-0.00454323925,0.341738552,0.0213815141,0.0566687025,0.293195277,0.168348566,0.0510719754,0.665164232,0.123101197,-0.227399364,-0.0505450182,0.546989679
-0.00127823895,-0.995340586,0.723930597,-0.00522417994,0.0172906686,0.576471806,0.81691736,-0.124451548,-0.0107819987,-0.0246226955,0.494533747,-0.0399613604,0.011356269,-0.262012094,0.24193798,0.184125975,0.497050524,0.0952121094,-0.00431738468,0.36311698,0.0238367151,0.0542206168,0.303992361,0.170520425,0.0491295345,0.668548048,0.0866535529,-0.244724661,-0.0553217754,0.534244955
-0.0018023072,-0.970789075,0.726601899,-0.0108753936,0.0203589071,0.591903627,0.805678189,-0.256241739,0.0360236578,-0.0284037609,0.488646209,-0.0563791133,0.0106927883,-0.22520183,0.230811372,0.194203749,0.471878409,0.0897273347,-0.00417870888,0.365771502,0.0265822578,0.0536899418,0.311716825,0.173941225,0.0473361239,0.669946253,0.0517763011,-0.26337871,-0.0601367652,0.521072745
-0.00243597734,-0.945174217,0.727754474,-0.0152848326,0.0234088842,0.608692646,0.792913377,-0.375822216,0.0625664517,-0.0300249066,0.458491594,-0.0586990342,0.00886752456,-0.183828309,0.220593885,0.201409549,0.445397735,0.082743831,-0.00411851704,0.354657859,0.0295237228,0.0537730791,0.319755852,0.176360145,0.0455350131,0.670537889,0.0184944738,-0.283278525,-0.064850986,0.506724119
-0.00298651378,-0.918058515,0.726608455,-0.0181789678,0.0252000038,0.625053525,0.779963195,-0.476144582,0.0708213896,-0.0298775136,0.407835156,-0.0484286882,0.00688425265,-0.13530539,0.212875038,0.205063194,0.419211626,0.074233599,-0.00410374394,0.337197393,0.031793315,0.0527995229,0.330252886,0.176149011,0.043655999,0.672529221,-0.0117168315,-0.299055696,-0.0672329888,0.492902815
-0.00357621256,-0.887816846,0.724266708,-0.0187342782,0.0251810402,0.640048087,0.767693579,-0.547656298,0.0634100735,-0.0270089991,0.346604019,-0.0326536968,0.00541656464,-0.0755116567,0.2044231,0.206190899,0.393852979,0.0637285337,-0.00413373299,0.312961251,0.0335773602,0.0493429452,0.345323294,0.175035119,0.0421843342,0.676676273,-0.0357771851,-0.311019123,-0.0673089772,0.480959535
-0.00448704557,-0.855112433,0.71966368,-0.0168201011,0.0241794735,0.654336512,0.755629659,-0.59340483,0.042440325,-0.0200620443,0.287435591,-0.0160885584,0.00449615764,-0.00457174983,0.1934717,0.205885664,0.367856592,0.0513147339,-0.00422445452,0.284641743,0.0340853222,0.0459325239,0.363645256,0.170756996,0.0406211726,0.683005393,-0.0526422448,-0.317626745,-0.0650603473,0.470570147
-0.00624481542,-0.821527362,0.712911844,-0.0140907094,0.0223141145,0.668107867,0.743596196,-0.617729545,0.0137552517,-0.0104272757,0.24263826,0.000504098251,0.00399278151,0.0694272369,0.183466077,0.20300214,0.339660734,0.0372136496,-0.00430554198,0.253260344,0.0350792855,0.0441537052,0.380422413,0.163457796,0.038307827,0.690355182,-0.0624179952,-0.320808887,-0.062415462,0.463243544
-0.00745389238,-0.786405861,0.704452276,-0.0115148146,0.0202210862,0.680968642,0.731942713,-0.61955142,-0.0211946424,-1.36753283e-06,0.221408263,0.0178925227,0.00390831567,0.144258931,0.177642882,0.196724862,0.311461449,0.0226955488,-0.00427302718,0.221259639,0.0350064002,0.0412566438,0.393403828,0.152246192,0.0358714089,0.697608292,-0.0653280616,-0.319989264,-0.0592512079,0.457671642
-0.00980926771,-0.750251889,0.695813298,-0.00785930175,0.0176976901,0.693342686,0.720347822,-0.602907181,-0.055192627,0.00872705132,0.226127237,0.037408866,0.00397432595,0.218073562,0.171290681,0.188982457,0.284521163,0.00945271272,-0.00410601962,0.187385634,0.0355710462,0.0411526375,0.40228495,0.140367851,0.0328605957,0.704248905,-0.0599263608,-0.315888464,-0.055530522,0.455590636
-0.0121131102,-0.712727666,0.686103702,-0.00309695466,0.0147870788,0.704956114,0.709089994,-0.584988654,-0.0885924771,0.0156452395,0.241834581,0.0569415502,0.0040592351,0.290265352,0.167383745,0.179907948,0.260360807,0.000226798686,-0.00372386677,0.154745921,0.0336717032,0.035635706,0.412583172,0.125654876,0.0303134955,0.708983302,-0.0406723134,-0.310555041,-0.0522950813,0.459491968
-0.0143010775,-0.673102021,0.678550363,0.00252680923,0.0100173866,0.715836465,0.698191524,-0.55588752,-0.118025802,0.0189411901,0.270582736,0.0753847361,0.00425456185,0.356554866,0.164996043,0.17018421,0.243612364,-0.00342738722,-0.00318054482,0.116157666,0.0339570567,0.0280873757,0.420088053,0.112748891,0.0292974375,0.712890208,-0.0109208012,-0.300422817,-0.046992749,0.469356716
-0.0163369104,-0.632717848,0.672977567,0.00876727235,0.00425276905,0.726975858,0.68659389,-0.518015742,-0.141589075,0.018092379,0.310091734,0.0901234075,0.00437713414,0.409248263,0.16626896,0.160384685,0.239440352,0.000203543357,-0.00249568466,0.0723373443,0.0328511074,0.0248579103,0.422657192,0.103408463,0.0297819935,0.714835942,0.0256109927,-0.287032217,-0.0402796566,0.482226849
-0.0177799799,-0.593573153,0.671660602,0.0138190603,-0.000192990643,0.738772392,0.673813224,-0.481067717,-0.163030565,0.0141821504,0.351742238,0.0995234549,0.00444864854,0.44213444,0.171195611,0.151685864,0.251330465,0.00998522528,-0.00184042577,0.0235559177,0.0305897687,0.0234435201,0.415677279,0.100565985,0.0323396586,0.713405728,0.065318808,-0.273489624,-0.0338460281,0.49570477
-0.0182592031,-0.556825459,0.681291699,0.0172973257,-0.00361339096,0.750978231,0.660090566,-0.439652711,-0.176941141,0.00619250489,0.388333976,0.104633585,0.00446802704,0.452178359,0.183303297,0.142770827,0.279952377,0.0225980841,-0.00140481547,-0.0323074423,0.0278930869,0.027127631,0.394577503,0.104353108,0.0370964259,0.709083736,0.102968141,-0.261453956,-0.0283908416,0.508144081
-0.0178718567,-0.522587776,0.690530479,0.0193505939,-0.0056423815,0.763282061,0.64575094,-0.396155059,-0.186325103,-0.00410848344,0.413469732,0.106422931,0.00444611395,0.434356958,0.195110068,0.134677112,0.32306847,0.0356329754,-0.00123610022,-0.0981950983,0.0260560103,0.0327931903,0.36294046,0.113153428,0.0430956557,0.702584565,0.135036319,-0.250742167,-0.0226356722,0.517917871
-0.0165390354,-0.490833253,0.698119879,0.0205489974,-0.00683233934,0.774187505,0.632585883,-0.353041708,-0.190904766,-0.0163433366,0.428141177,0.105835453,0.00437760307,0.390968919,0.2074202,0.125965402,0.37591055,0.0427148081,-0.00158071669,-0.168956667,0.0247060526,0.0342748761,0.323694199,0.12755096,0.0519973487,0.693929553,0.161862269,-0.24137868,-0.017732637,0.52539283
-0.014889474,-0.46080941,0.704910457,0.0201957449,-0.00756310485,0.78240031,0.62240231,-0.311185449,-0.188553393,-0.0309736021,0.434274077,0.103474148,0.0042870855,0.31987071,0.211413518,0.117763959,0.427378565,0.0357678495,-0.00288604852,-0.244236439,0.0248641204,0.036431998,0.282663256,0.149062485,0.0626112819,0.68340677,0.180654734,-0.234366044,-0.0140590006,0.53019923
-0.0132768946,-0.432518631,0.711051345,0.019126378,-0.00667982874,0.786703944,0.616997898,-0.270597905,-0.182272121,-0.0458234809,0.432541102,0.100070544,0.00414480455,0.229065865,0.201292604,0.111742377,0.474831492,0.0175441448,-0.00513842562,-0.313444197,0.0256958269,0.0378501825,0.239645958,0.174797386,0.0737577751,0.671761155,0.193404809,-0.22887148,-0.0108717475,0.533707857
-0.0113534378,-0.406450897,0.716040611,0.0176012963,-0.00411571562,0.786360025,0.617504001,-0.232379928,-0.175333858,-0.0597688071,0.42324236,0.0959711745,0.00398674421,0.120260224,0.175651997,0.109690808,0.514383793,-0.00796876848,-0.00787278172,-0.36988917,0.0264968798,0.0381470695,0.196934268,0.206114143,0.0863714069,0.659287572,0.200404197,-0.225244179,-0.00858157501,0.53604579
-0.0106135746,-0.382355452,0.71987623,0.0156715792,0.000150093052,0.780727684,0.624674857,-0.196306676,-0.170654878,-0.0714558214,0.405473024,0.0911020562,0.00383034139,-0.00185679342,0.134655923,0.113644071,0.545196712,-0.0363018289,-0.0106317038,-0.408725232,0.0274855588,0.0373229086,0.153667673,0.237395316,0.0984516293,0.644363582,0.204913333,-0.224884853,-0.00813519582,0.537958503
-0.00879109185,-0.360052973,0.722462535,0.0134771662,0.00575727969,0.770270407,0.637549043,-0.163653791,-0.166536376,-0.0811778903,0.383396953,0.0859223455,0.00368361943,-0.133629397,0.090922296,0.120621867,0.562375307,-0.0618598312,-0.0124987634,-0.426673025,0.0277508833,0.0385072008,0.11135605,0.269248128,0.110145368,0.627852798,0.204760343,-0.224527687,-0.00804249197,0.538574219
-0.00766006066,-0.338089019,0.723690629,0.0106346048,0.0125600388,0.756225169,0.654104471,-0.131441221,-0.164341539,-0.0876849294,0.358094424,0.0803138688,0.00358692859,-0.26729551,0.0530915819,0.129431233,0.561369121,-0.0802327543,-0.0129778814,-0.423567057,0.0282159038,0.0394250564,0.0711973384,0.302178085,0.122091897,0.610706925,0.204540879,-0.22352764,-0.0074399747,0.539171576
-0.00651790248,-0.316014439,0.72411412,0.00737400167,0.0189089943,0.740377903,0.671884418,-0.0977425724,-0.162502855,-0.0913796127,0.331818491,0.0736277625,0.00355778332,-0.393123806,0.0302761979,0.136234,0.539191127,-0.0867172778,-0.0120682912,-0.404760838,0.0281515289,0.0393415838,0.0319986716,0.330679744,0.131200209,0.592068195,0.204591289,-0.221829683,-0.00769355427,0.540760577
-0.00475547602,-0.292767614,0.722231627,0.00474445056,0.0237560794,0.723943532,0.689433753,-0.0596780144,-0.160360217,-0.0924584419,0.305441409,0.0662546009,0.003567565,-0.499785721,0.0239396282,0.139477447,0.500688612,-0.0812338218,-0.0104973409,-0.375169903,0.0279324371,0.0386493541,-0.00355058,0.354317218,0.138099104,0.574407876,0.208579212,-0.218987048,-0.00821057335,0.543933034
-0.0036339846,-0.267139316,0.719839931,0.00323976926,0.0276398621,0.707720459,0.7059443,-0.0126202451,-0.159954801,-0.0899847969,0.279796332,0.057221625,0.00364796491,-0.581499696,0.0274215769,0.140140057,0.449801981,-0.0679918453,-0.0089418171,-0.341354638,0.0290474109,0.036942549,-0.0346983001,0.367969692,0.140300274,0.558012664,0.216744572,-0.217100993,-0.0101507846,0.548384607
-0.00233197329,-0.239622474,0.715195835,0.00266508642,0.0299440008,0.692239046,0.721041799,0.0414401852,-0.161231846,-0.0845871568,0.254127711,0.0468556359,0.00372862467,-0.639270127,0.0396868773,0.136706322,0.393407911,-0.0508566238,-0.00766931521,-0.303446978,0.0295271128,0.0351158977,-0.0591526106,0.374176353,0.13972874,0.544419825,0.228148326,-0.216241732,-0.0126174884,0.553998411
-0.000800032867,-0.211033747,0.708807468,0.00281430455,0.0314966217,0.677621424,0.734730661,0.0992885903,-0.165148661,-0.0762934536,0.227304325,0.0354343913,0.0037787701,-0.674040377,0.0571931116,0.129990384,0.33938548,-0.0316475108,-0.00676102145,-0.263618112,0.029325163,0.0325107016,-0.077418752,0.373776704,0.137075529,0.534960985,0.242491961,-0.21545279,-0.0154954745,0.560585976
0.00100567727,-0.180895418,0.701161504,0.00357083092,0.031697154,0.664283156,0.746800125,0.160649449,-0.170258984,-0.0659788996,0.2008214,0.0239998661,0.00376074202,-0.684638143,0.0781263188,0.121800274,0.297727078,-0.0119894939,-0.0062317783,-0.222390667,0.0296510961,0.0310735367,-0.0886842161,0.36552164,0.131610453,0.529842019,0.257745504,-0.214023262,-0.0190294217,0.567908764
0.0036108871,-0.149498597,0.692492366,0.00500116777,0.0302188024,0.652547896,0.75712806,0.22321631,-0.174465552,-0.0546639711,0.17573677,0.013552594,0.00368109229,-0.671364069,0.101983808,0.113558114,0.278767526,0.00883992761,-0.00600616913,-0.182920456,0.0298913829,0.0306695811,-0.0903789774,0.35297519,0.124894768,0.530658364,0.273107052,-0.212560847,-0.0229330212,0.575482011
0.00707688555,-0.11699117,0.683674395,0.00745484559,0.0276059322,0.642288148,0.765929699,0.287093729,-0.176867723,-0.0431520902,0.154228851,0.00649537146,0.00344404834,-0.646420836,0.124492399,0.107109718,0.276660353,0.0332201384,-0.00590244867,-0.145461515,0.0299183745,0.033731278,-0.0820901543,0.336562634,0.116859674,0.536822498,0.286865324,-0.210352495,-0.0267121028,0.582007647
0.0113671739,-0.0830193684,0.675420344,0.0103564449,0.0238227192,0.632927358,0.773775399,0.347061902,-0.179940954,-0.031564828,0.137506455,0.00436481321,0.00298503297,-0.621535957,0.145280838,0.102299482,0.28135249,0.0571154095,-0.0057735173,-0.108420223,0.0303091574,0.0349288136,-0.0616297051,0.318015367,0.108943768,0.549401045,0.298609376,-0.209401697,-0.0317897052,0.589006305
0.0158441216,-0.0480466969,0.669524014,0.0136000151,0.0198296234,0.623965442,0.781081975,0.397995919,-0.184564561,-0.0202855952,0.129336044,0.0078916112,0.0023655626,-0.589678705,0.16050972,0.100880213,0.302393794,0.0802346095,-0.00561396405,-0.0704128519,0.0302903391,0.034510918,-0.0290906522,0.297399819,0.100435585,0.565520227,0.306757897,-0.20826681,-0.0368657969,0.594731212
0.0205123257,-0.0129527822,0.666332126,0.0163227543,0.0158283953,0.615051925,0.788158774,0.434727877,-0.187736973,-0.0109412773,0.133363768,0.0178126898,0.00158382964,-0.560654044,0.171972618,0.10224703,0.331217706,0.0997849181,-0.00530418335,-0.0289859399,0.0305541996,0.0349779539,0.0137933083,0.27606985,0.0917895213,0.583046675,0.309664398,-0.207608029,-0.0417023338,0.597901881
0.0244164374,0.0210084077,0.66725111,0.0183235127,0.0129792783,0.605466068,0.79555428,0.454020411,-0.192315072,-0.00344541064,0.151127487,0.0319901668,0.000845900737,-0.53312993,0.182438046,0.105026975,0.366038829,0.11406146,-0.00507896347,0.0184585806,0.0312879644,0.034338519,0.0619590208,0.255044132,0.0826576054,0.600427985,0.306205571,-0.207437217,-0.0460610837,0.59838444
0.027805781,0.0520625152,0.673850596,0.0194713995,0.0115081379,0.5942204,0.803984225,0.451394588,-0.198336169,0.00218522409,0.183962584,0.0461862832,0.000316754158,-0.505411267,0.190557808,0.109787628,0.400209397,0.123235218,-0.00484231906,0.0747590065,0.0308652371,0.0348149426,0.110053204,0.233943298,0.073036015,0.615792871,0.292167604,-0.208215058,-0.0497162305,0.595339894
0.0297694337,0.0803824812,0.683498383,0.0200068429,0.010170918,0.582006514,0.812874317,0.426165074,-0.201906234,0.0069204187,0.232123181,0.0583619438,0.000141202618,-0.474499792,0.19494389,0.116348788,0.42631045,0.128908604,-0.0045568957,0.140583247,0.0313944593,0.0344802625,0.157275096,0.219064876,0.0658929721,0.629843652,0.27090469,-0.210554481,-0.0526360348,0.589843571
0.0305694677,0.106754929,0.691161692,0.0203811359,0.00946051627,0.571302831,0.82043165,0.38368541,-0.201492161,0.0135156754,0.289601654,0.0642797127,0.000443413213,-0.444089442,0.196598977,0.124520987,0.444404215,0.132039636,-0.0042836396,0.211717546,0.0306026004,0.0302497316,0.202543199,0.20716469,0.0599919148,0.643086314,0.2473903,-0.213967457,-0.0546107292,0.582627177
0.0290901922,0.130363479,0.698669732,0.0202499628,0.0103815757,0.564342201,0.825227261,0.324947447,-0.194043621,0.0240316465,0.342693567,0.0598076656,0.00108879292,-0.415797025,0.190956622,0.135563999,0.454398036,0.133178025,-0.00401730603,0.283899933,0.0297347493,0.0278466307,0.237127498,0.198060498,0.0553361252,0.652492642,0.223042309,-0.221908838,-0.0580622666,0.57416153
0.0272372887,0.150455266,0.70464921,0.018842157,0.0121737719,0.561873138,0.826919138,0.249363452,-0.167709395,0.0342108272,0.384459943,0.0449641049,0.00221328204,-0.38909024,0.181879878,0.147103891,0.453306377,0.132703647,-0.00378023344,0.350156933,0.0278338902,0.0287242066,0.263928622,0.189091131,0.0509711094,0.660236955,0.196278512,-0.232668802,-0.0620742552,0.563531995
0.0251831952,0.16743277,0.709662735,0.0159045085,0.0142249148,0.565239727,0.824650705,0.161915928,-0.123309739,0.0412151106,0.414483398,0.0227610134,0.00356750749,-0.367855906,0.172838926,0.15722236,0.444977194,0.130995467,-0.00355924829,0.406387925,0.0268459748,0.0287885722,0.281724036,0.184506893,0.0487981513,0.666410208,0.169188738,-0.24431552,-0.0661167353,0.55161804
0.0229011215,0.182519332,0.713748395,0.0115853287,0.0163977519,0.573873639,0.818697691,0.071044378,-0.0628055483,0.0432526842,0.4332892,-0.00122304284,0.00533023709,-0.349546283,0.16317232,0.165892228,0.43303588,0.128466785,-0.00337883178,0.445924848,0.0256602447,0.0280844681,0.291677028,0.184043035,0.048626475,0.671223283,0.141324043,-0.261206239,-0.0710726976,0.537953675
0.0209096894,0.196278512,0.717080116,0.00651938608,0.0176625587,0.586558819,0.809687853,-0.015579652,0.00903993007,0.0398145206,0.44190383,-0.0221579541,0.0072541004,-0.33277908,0.155966908,0.171776399,0.421144307,0.124934152,-0.00325334538,0.465396613,0.0234726369,0.0329559334,0.296447158,0.182887241,0.0494350605,0.674729943,0.112351246,-0.277719051,-0.073990725,0.521675348
0.0184238944,0.208977878,0.719639421,0.00119689596,0.0188996512,0.601542592,0.79861629,-0.0961320251,0.0824022517,0.032681834,0.439171165,-0.0372491926,0.00895164907,-0.316284716,0.150384068,0.175885826,0.409730017,0.12084578,-0.00313404016,0.464724272,0.0221023057,0.0335740447,0.29825744,0.182914436,0.0518208407,0.677291155,0.0836686566,-0.291649699,-0.0743304715,0.504878521
0.0153842522,0.221606404,0.721912444,-0.0025388198,0.0187906306,0.616975605,0.786753833,-0.162754118,0.148555636,0.023551615,0.426382065,-0.0456162803,0.0100916047,-0.297787577,0.142513871,0.179161325,0.401453912,0.116069622,-0.00305712363,0.448770612,0.0209240448,0.036455702,0.30087918,0.182828695,0.0547157489,0.680191219,0.0571600795,-0.303135425,-0.0722182766,0.488060862
0.0109652467,0.234743357,0.724149466,-0.00448478619,0.0176722221,0.63091737,0.775635779,-0.213006333,0.20333527,0.0134327896,0.404274613,-0.046762839,0.010539907,-0.274751514,0.131884366,0.181832016,0.395073563,0.110511899,-0.00299347122,0.423659861,0.0211050827,0.0397038274,0.30607602,0.181668103,0.0572182499,0.684305727,0.037070144,-0.311011881,-0.0681147128,0.472896755
0.0066219545,0.247748405,0.725899875,-0.00531861093,0.0157105811,0.642269611,0.766299307,-0.246645778,0.2460998,0.00286050444,0.375882655,-0.0419803634,0.0102893235,-0.247069985,0.12146385,0.182560295,0.387517899,0.103944346,-0.00294879102,0.389615357,0.0205586161,0.0368948355,0.313623011,0.180352256,0.0596696585,0.688301086,0.0210693683,-0.312525332,-0.0610528104,0.460068882
0.00144948147,0.260915726,0.727671623,-0.00464876182,0.0136368042,0.650957346,0.758977592,-0.264663398,0.272897243,-0.00603552954,0.347819179,-0.0337728262,0.00976100098,-0.215972096,0.108767144,0.182771638,0.378019005,0.0963131562,-0.00289687584,0.353984505,0.0211385358,0.0385161415,0.319759488,0.177135319,0.0609132871,0.691369236,0.0131604243,-0.308163077,-0.0517208464,0.449427515
-0.00540531613,0.273918897,0.728864729,-0.00353852427,0.0106647247,0.656507313,0.754235983,-0.268255919,0.288027197,-0.0140752932,0.323150843,-0.0229413435,0.00913162343,-0.182303831,0.0949657932,0.182350963,0.36588636,0.0880384296,-0.0028133539,0.314552128,0.0224165171,0.0385677591,0.327356577,0.171118498,0.0607222021,0.694485009,0.0117290001,-0.299981326,-0.0413324423,0.441205382
-0.0130456183,0.285737932,0.730041265,-0.00227637193,0.00874142814,0.659336209,0.751793981,-0.263562471,0.289982349,-0.0204547178,0.302385539,-0.0109052761,0.00842833426,-0.151847452,0.0782885477,0.181964368,0.350382119,0.0789606944,-0.00271623139,0.275646806,0.0232386533,0.0382819138,0.332075119,0.16315861,0.0597803667,0.695325613,0.0165183302,-0.289422423,-0.0303373747,0.436383963
-0.0224341173,0.297317654,0.730825901,-7.69102408e-05,0.00706147077,0.660421252,0.750862062,-0.245230749,0.286795884,-0.0257940721,0.290666074,0.00205672882,0.00783398375,-0.122730196,0.059061721,0.181980714,0.334917903,0.0694693401,-0.00255228742,0.23300232,0.0236326233,0.0367509685,0.335460037,0.153755575,0.0584983379,0.694966078,0.0268212184,-0.278536439,-0.0189681314,0.435623795
-0.0330538079,0.308796048,0.731971383,0.00293521327,0.00588714983,0.660810411,0.750524104,-0.216014475,0.275952578,-0.0278765708,0.280082166,0.01452736,0.00720578758,-0.0945928469,0.0356428996,0.182747319,0.320750505,0.0595416166,-0.00238358486,0.189893216,0.0239107758,0.0368331894,0.333778977,0.14398703,0.0564623401,0.692951977,0.0431944057,-0.268439204,-0.00898256246,0.439915538
-0.0451467037,0.319137007,0.73221916,0.00620847754,0.00477678282,0.660827398,0.750496984,-0.181050494,0.257640153,-0.0264551621,0.264424473,0.0234633442,0.00659490563,-0.066983439,0.00818270538,0.184307635,0.305611998,0.0493778214,-0.00225619623,0.148528621,0.0243791621,0.0359125584,0.32690227,0.139191836,0.0559460893,0.687795579,0.0656864792,-0.261305153,-0.000916412973,0.449674696
-0.0573733635,0.329094887,0.732050419,0.00961524062,0.00322905369,0.660800159,0.750493407,-0.143049225,0.233210638,-0.0219665244,0.242669716,0.0289209206,0.00593472598,-0.0387667455,-0.0177778769,0.184980527,0.288927644,0.0395549238,-0.00197727326,0.108605951,0.0256584585,0.0367386043,0.316558301,0.140135795,0.0566399544,0.682197392,0.091929324,-0.255177766,0.00467057899,0.464254558
-0.0688641295,0.338284105,0.731712818,0.0133405784,0.00187646656,0.661138773,0.750142694,-0.103432506,0.20594728,-0.0156753659,0.214463651,0.0314929448,0.00527367275,-0.00881768391,-0.04242846,0.184429422,0.269877195,0.0301357843,-0.00160121126,0.0730142146,0.0268279295,0.0369544216,0.299988091,0.148291305,0.0598193295,0.675763905,0.12140774,-0.250585049,0.00637737662,0.483267546
-0.0799161717,0.346671343,0.730954587,0.0171298143,0.000367059867,0.661970973,0.74933356,-0.0661352649,0.183954149,-0.00990295876,0.182664305,0.031989269,0.0047739502,0.0189431515,-0.0679951906,0.18314603,0.250284761,0.0207399055,-0.00134342269,0.0418158732,0.0284953564,0.0370141752,0.281042069,0.163996577,0.0653643981,0.667917073,0.154236957,-0.247874781,0.00427353801,0.504127741
-0.0897670835,0.353550375,0.729754508,0.019782424,-0.000957138138,0.663158417,0.748216987,-0.0382519551,0.168146968,-0.00542737031,0.152031213,0.0314245895,0.00434674416,0.0434059612,-0.0897220597,0.179948553,0.230890289,0.0120147765,-0.0010196924,0.0181023832,0.029610455,0.0359856077,0.256290764,0.18102026,0.0701304078,0.657713234,0.188253447,-0.245623782,-6.89054141e-05,0.527303755
-0.0983374938,0.35960409,0.729209304,0.0216405187,-0.00224583759,0.664496541,0.746974528,-0.0167737976,0.154824004,-0.00148019055,0.127506658,0.0309220105,0.00388808455,0.0647918358,-0.108497575,0.175435856,0.2125884,0.00442366023,-0.000669523433,-0.000637518708,0.0307546258,0.0339914933,0.22983405,0.199250042,0.075579688,0.645947993,0.220747575,-0.240835413,-0.00545069156,0.550738394
-0.105758071,0.365066111,0.728850424,0.022733584,-0.00368459849,0.666045129,0.745555818,0.00108382176,0.143745154,0.00206444692,0.107457265,0.0307048205,0.00341827725,0.083923094,-0.12348868,0.169467255,0.195141748,-0.00181043439,-0.000305362337,-0.0158457477,0.0312620886,0.0320384428,0.204279259,0.215708986,0.0799800456,0.633058548,0.249336123,-0.234038085,-0.0120428102,0.571378469
-0.111962646,0.369156659,0.727716386,0.0231711343,-0.00455625262,0.667473733,0.744258761,0.0144915273,0.133621961,0.00556539232,0.0898209959,0.030582767,0.00294507807,0.0996874943,-0.134099826,0.162390903,0.178971171,-0.0063381386,0.000142238234,-0.0285653174,0.0310612936,0.0302425008,0.182959244,0.231266931,0.0838174224,0.620063365,0.273565114,-0.229976192,-0.0196338203,0.586722732
-0.11669153,0.372464865,0.727118492,0.0232344382,-0.00532205822,0.668244064,0.743560135,0.0252420977,0.127033025,0.00824659411,0.0751634315,0.0304399393,0.00253886799,0.112238675,-0.142038226,0.15465349,0.164658263,-0.0100102546,0.000521345239,-0.0418622606,0.0315508246,0.028667856,0.167849794,0.244709209,0.0869740471,0.608182728,0.292092681,-0.226504713,-0.0266618617,0.596097708
-0.120185845,0.376912147,0.726369977,0.0240627173,-0.00703015132,0.668447435,0.743336797,0.0397584327,0.122377612,0.0103112049,0.064580746,0.0299451686,0.00219985191,0.129240409,-0.149639413,0.146772489,0.152301133,-0.0132355625,0.000752861146,-0.0544155315,0.0315884985,0.0240937863,0.162367865,0.255479515,0.0898554176,0.599670827,0.30549404,-0.224913985,-0.0332243778,0.601598978
-0.122669153,0.378757656,0.724811137,0.0237744413,-0.00759946462,0.668500602,0.743292689,0.0477055125,0.119858027,0.012150012,0.0538505428,0.0291300267,0.00186576624,0.140009388,-0.155271649,0.138990194,0.137374938,-0.0158119854,0.000987978885,-0.0667669773,0.0309308954,0.0221999381,0.161512062,0.261658072,0.0912857503,0.593096018,0.309285939,-0.222824514,-0.0385509059,0.601023853
-0.124605879,0.379829794,0.723198175,0.0235427935,-0.00808292627,0.668574989,0.743228018,0.0542942062,0.118266784,0.0140368529,0.0439204834,0.0282158814,0.00156746141,0.148702994,-0.160512775,0.131390855,0.122603744,-0.0182312187,0.00117050926,-0.0788211897,0.0305657145,0.0207685195,0.166284665,0.263278961,0.0910286456,0.589991629,0.305504501,-0.22090134,-0.0429786928,0.596856475
-0.125455573,0.380111188,0.722515106,0.0231009293,-0.00863010064,0.668949485,0.742898703,0.0588231646,0.118344001,0.0155971898,0.0352525897,0.0273806583,0.00124515314,0.155878216,-0.162472144,0.123698756,0.109177195,-0.019503925,0.00140315364,-0.0893124118,0.0300213695,0.0208819248,0.174638987,0.260395378,0.0889430195,0.590450227,0.296291023,-0.217384025,-0.0456339791,0.590780437
-0.12567082,0.379976571,0.722075462,0.0225005262,-0.00856814347,0.669637263,0.742297888,0.0590108745,0.118568324,0.0171527416,0.0289544892,0.0268714316,0.000929171219,0.160244554,-0.164584637,0.116161987,0.0965006799,-0.020736374,0.00155082718,-0.09663672,0.0293631386,0.0216756258,0.185232684,0.253326297,0.0847533345,0.59406662,0.282611102,-0.213598058,-0.047208827,0.583016396
-0.125056595,0.378801972,0.722110331,0.0215638988,-0.00850625616,0.670596302,0.741460264,0.056957975,0.120648719,0.0183078982,0.0242415946,0.0266894959,0.000628954032,0.162410259,-0.163031712,0.108302146,0.0853560939,-0.0214716308,0.00175889896,-0.10290385,0.029011257,0.0241091345,0.198545754,0.245945245,0.0800088271,0.600444078,0.266133904,-0.209855616,-0.0474379621,0.574457228
-0.124851294,0.376684457,0.722047806,0.0204164535,-0.00744247902,0.671827078,0.740389228,0.0510856025,0.12008822,0.0203119554,0.0199969243,0.0267502945,0.000321904226,0.160131693,-0.164202765,0.101790302,0.0758757293,-0.022047637,0.00186627626,-0.109448083,0.0290791392,0.0268261842,0.212748945,0.236881003,0.0743674487,0.60904628,0.248358846,-0.207061946,-0.0472107828,0.565554857
-0.123250164,0.375377774,0.722121,0.0195447076,-0.00674062315,0.673081577,0.739279211,0.0467287935,0.122696213,0.0213949028,0.0175856389,0.0270114597,8.95392295e-05,0.160952717,-0.163538352,0.09529984,0.0681233108,-0.0221681986,0.00191913208,-0.114468992,0.0279884264,0.027309278,0.231272295,0.22881192,0.0691398755,0.61967206,0.231221423,-0.204494685,-0.0457559638,0.556760192
-0.121915989,0.374290317,0.722015738,0.0186892729,-0.0067816521,0.674469829,0.738034606,0.0431256369,0.125957832,0.0222164281,0.0165241063,0.0272878781,-0.000123656151,0.163455099,-0.161212504,0.0889298618,0.0608344823,-0.0219430812,0.00201432034,-0.118191786,0.027632609,0.0283580218,0.252400428,0.221204698,0.0647656545,0.631731093,0.216096967,-0.201869547,-0.0432954989,0.548823237
-0.120759346,0.375465184,0.721935511,0.019957969,-0.00709543424,0.676018596,0.736580074,0.0468715802,0.125738695,0.0233971067,0.0168956351,0.0275635142,-0.00026606649,0.171991214,-0.163459733,0.0841939077,0.0556959398,-0.0218533054,0.00201831735,-0.122378841,0.0271191578,0.0262792408,0.277582943,0.21338363,0.0608383231,0.644604027,0.206071168,-0.202863961,-0.0416588895,0.541601598
-0.119288139,0.373564988,0.721695065,0.0189389028,-0.00708919438,0.677946389,0.734833181,0.0412584618,0.128693715,0.0239753779,0.0156146688,0.0277445894,-0.00048633886,0.173086762,-0.161337554,0.0788115859,0.0483161248,-0.0216816217,0.00204249797,-0.125172392,0.0272336956,0.027023701,0.29926914,0.206224069,0.0575335212,0.656458139,0.196011454,-0.201325595,-0.0388876088,0.535178185
-0.117801301,0.372679889,0.721338391,0.0186974537,-0.00762141496,0.6800524,0.73288542,0.0378441811,0.132085994,0.0240520388,0.0166807342,0.0280848462,-0.00063837925,0.177012011,-0.157877445,0.0735412911,0.0428072438,-0.0211725384,0.00213950174,-0.126511276,0.0276561901,0.0261380579,0.317495644,0.1973131,0.0536402911,0.666211009,0.189432934,-0.200267121,-0.0365662761,0.530851007
-0.117119655,0.373227328,0.72151655,0.0195289236,-0.00767871924,0.682310998,0.730760813,0.0376137905,0.13196288,0.0243599024,0.0184806641,0.0284270234,-0.000737128605,0.183558896,-0.158979937,0.0697057322,0.0385546759,-0.0208582152,0.00217952067,-0.128846616,0.0276292004,0.0240516309,0.335306823,0.187997282,0.0505862869,0.674526989,0.187948078,-0.201651603,-0.03529175,0.528740644
-0.116825297,0.373070657,0.721197844,0.0198636111,-0.00783701148,0.684635103,0.728573143,0.0360431746,0.131579012,0.0246338416,0.0192831289,0.0287456382,-0.000861215987,0.189366162,-0.158786431,0.0657023415,0.0335489213,-0.0203151666,0.00225889636,-0.130267158,0.0283007361,0.0219965223,0.350925446,0.180486053,0.0479282066,0.680800796,0.189364001,-0.203451142,-0.0344902389,0.528511822
-0.116297558,0.372222155,0.721207678,0.0197413974,-0.0075112218,0.687010884,0.726340055,0.0314553007,0.131542489,0.0245225374,0.0197688583,0.0291767661,-0.000987358508,0.191877693,-0.158428758,0.0616368726,0.0278461501,-0.0197997615,0.00232368801,-0.132478237,0.0287071653,0.0206844937,0.361747056,0.175278842,0.0463748537,0.684185207,0.191487551,-0.204223245,-0.0345452353,0.529793322
-0.116174407,0.3720043,0.721065104,0.0198459197,-0.00720819738,0.689585328,0.723896563,0.0281790029,0.130925,0.0242783427,0.0204545688,0.0297476985,-0.00107313436,0.195536628,-0.15847002,0.0577484295,0.0233509634,-0.019099813,0.00239838054,-0.134197325,0.028872747,0.0195720494,0.36887598,0.17121461,0.0443774126,0.685020924,0.196187198,-0.205287784,-0.0351926275,0.532809913
-0.11666099,0.371828139,0.720809042,0.0199292451,-0.00680740504,0.692219436,0.721379817,0.0251664761,0.129252568,0.0240990426,0.0208036155,0.0301545858,-0.00113655743,0.19902803,-0.159134254,0.0541485958,0.01949572,-0.0183367897,0.00248044753,-0.136742368,0.0283135567,0.0187020544,0.372940809,0.168261439,0.042771969,0.684116542,0.201476842,-0.206460804,-0.0359230042,0.537284613
-0.116746195,0.3714481,0.720834255,0.0194466598,-0.00647246139,0.694867253,0.718845904,0.0207752287,0.129347488,0.0232772697,0.0209950749,0.030620303,-0.00120148307,0.201338992,-0.15884532,0.050337825,0.0156752896,-0.0176078379,0.00251947157,-0.139112875,0.0283312704,0.0175337698,0.371989578,0.168047935,0.0423688442,0.681634724,0.207928374,-0.206144705,-0.0368968621,0.542809308
-0.117698021,0.371301323,0.720751762,0.0197232962,-0.00597994775,0.697495878,0.716292381,0.0182198733,0.126696765,0.0229289383,0.0212749448,0.0310673434,-0.00123774388,0.2047299,-0.160785288,0.0471779406,0.0126427496,-0.0169360582,0.00258435705,-0.142847106,0.0283707511,0.0167014189,0.368575186,0.168168053,0.0421026684,0.678794563,0.215680197,-0.207127973,-0.0382041633,0.548197269
-0.118498378,0.371105909,0.720557809,0.0196350925,-0.00552128907,0.700178444,0.713676512,0.015164909,0.124299102,0.0224424861,0.0209080074,0.0314033218,-0.00129518844,0.207343295,-0.161845013,0.0439004526,0.00951570924,-0.0162012987,0.00264524762,-0.146723375,0.0283358041,0.0167135186,0.361848801,0.168928921,0.0420533605,0.675356627,0.221898615,-0.206503004,-0.0395926982,0.553238273
-0.119086243,0.371166199,0.720391929,0.019423103,-0.00531937601,0.702712655,0.711188734,0.0123951705,0.123399608,0.0214667544,0.0208611283,0.0317110606,-0.00132194872,0.210543916,-0.162078679,0.0405080654,0.00714875432,-0.0154281501,0.00268603978,-0.150453731,0.0281435493,0.0168485343,0.352369726,0.171568915,0.0428415984,0.670488715,0.22854048,-0.205530629,-0.0405256078,0.558337569
-0.119652018,0.370738536,0.720337391,0.018978836,-0.00505482266,0.704953551,0.708981514,0.00865823217,0.122601651,0.0203472376,0.0209312085,0.0321148001,-0.00136016565,0.212358162,-0.161943033,0.0369641706,0.00460242853,-0.0146605046,0.00273602712,-0.154998854,0.0279556308,0.0168493912,0.341510922,0.173815757,0.0434104204,0.665805936,0.234492466,-0.203839689,-0.0412026234,0.56352669
-0.120373331,0.370676577,0.72025913,0.019025702,-0.00490706507,0.707159936,0.706780553,0.0061504771,0.121139929,0.0192826334,0.021506561,0.0323560387,-0.00137631712,0.214984313,-0.163090587,0.0338289663,0.00253985194,-0.01399663,0.0027639044,-0.160875261,0.0279453602,0.0160414297,0.330901593,0.177749425,0.0444999784,0.660694718,0.239111707,-0.20278886,-0.0417123362,0.566500962
-0.121304743,0.370557696,0.720165789,0.0191672835,-0.00473921793,0.709310591,0.704619527,0.00394966593,0.118838139,0.0182958525,0.021840822,0.0325152725,-0.00139816524,0.217900947,-0.164385766,0.0309017282,0.000865740236,-0.0133826248,0.00280308793,-0.166106597,0.0282738395,0.0151415598,0.320245713,0.181494266,0.0456173047,0.655335188,0.243187606,-0.20079048,-0.0420027375,0.56878072
-0.122141667,0.370490313,0.719973981,0.0193625111,-0.00460977759,0.711285949,0.702620924,0.00215550349,0.116785944,0.0173601359,0.022509817,0.0326617882,-0.00141325721,0.22099039,-0.165243357,0.02795933,-0.000983651611,-0.0126646133,0.00286551937,-0.172269732,0.0280084778,0.015012675,0.307834387,0.182764038,0.0459211096,0.649182022,0.244599447,-0.198257312,-0.0426821038,0.569929123
-0.122870855,0.370371789,0.719941735,0.0195189323,-0.00453869905,0.713170886,0.70070374,-0.000718123512,0.114567697,0.0162365884,0.0234419182,0.0328373797,-0.00143905741,0.223796874,-0.166468114,0.025234716,-0.00315829553,-0.0121414904,0.00288648554,-0.17776078,0.0275491513,0.0138705811,0.298934013,0.184680134,0.0465822108,0.643877923,0.245713621,-0.197338089,-0.0430352353,0.570369899
-0.123617001,0.370523632,0.719944775,0.0198846683,-0.00474533066,0.714708149,0.699123979,-0.00233131275,0.113325916,0.0147547107,0.0258391406,0.0329622962,-0.00143067795,0.22740151,-0.167496055,0.0226677135,-0.00458962005,-0.0115786726,0.00291803363,-0.183600754,0.0273524076,0.0128900502,0.292519212,0.186944798,0.0472189151,0.639783263,0.245660245,-0.197352737,-0.0433756523,0.56958437
-0.123963818,0.37088713,0.719855487,0.020394979,-0.00509199128,0.716128469,0.697651923,-0.00289487606,0.111877665,0.0131438011,0.0286686867,0.0330037959,-0.00144659006,0.231774583,-0.168113589,0.0200168062,-0.00621736934,-0.0110810315,0.00294030271,-0.190206483,0.0271224827,0.01352116,0.288003981,0.187520683,0.047176607,0.636087239,0.244847655,-0.197102278,-0.0434213839,0.567780197
-0.124183543,0.371147603,0.719528913,0.020657789,-0.00565514574,0.71763736,0.696087539,-0.00386806321,0.111606963,0.0112178344,0.0309255347,0.032971248,-0.00145547267,0.236197457,-0.16772458,0.0172924269,-0.0081439307,-0.010525262,0.00295244367,-0.195514858,0.0267632902,0.0146799954,0.285389513,0.187696621,0.04719273,0.633403718,0.243697807,-0.196310848,-0.0430216268,0.566082299
-0.124716066,0.371446609,0.719473124,0.0210527666,-0.00586545374,0.719028056,0.694637358,-0.00442485185,0.110146098,0.00950355548,0.0331751555,0.0328933336,-0.00145824824,0.240515187,-0.167995498,0.0146762747,-0.0104457233,-0.0100900531,0.00299388031,-0.200873777,0.0265239663,0.0143283037,0.285541117,0.187982023,0.0471627116,0.632476866,0.241638377,-0.196782798,-0.0428513922,0.563810587
-0.124890737,0.371856391,0.719285548,0.0214027725,-0.0063250009,0.720241547,0.693364322,-0.00505923387,0.109510154,0.00762808695,0.0353581645,0.0327043273,-0.00146943971,0.244891122,-0.168092087,0.0121563822,-0.0129457638,-0.00966119114,0.00299393502,-0.206339374,0.0263931602,0.0140176332,0.287463456,0.188003972,0.0471651554,0.632665992,0.239991948,-0.196718022,-0.0433313064,0.562007368
-0.125071168,0.372323632,0.718981326,0.0215636808,-0.00685354881,0.721348882,0.692202151,-0.00512671052,0.109272078,0.00562133547,0.0376887918,0.0323620103,-0.00147953304,0.24954471,-0.167346507,0.00940779224,-0.0157542173,-0.00912199449,0.00301341224,-0.211672589,0.0262820963,0.0135001298,0.291455179,0.187617987,0.046797242,0.633918285,0.237933978,-0.196958765,-0.0438446887,0.560893655
-0.12517868,0.372501761,0.717947841,0.0253104419,-0.00844610389,0.834727407,0.550016582,-0.0057278974,0.108877361,0.0037536961,0.0396037772,0.031939514,-0.00148654892,0.253516972,-0.167317584,0.00691550365,-0.0186642669,-0.00856313203,0.00301298616,-0.217387661,0.0258482993,0.0133753819,0.296418518,0.186693922,0.0464167856,0.635928512,0.235523954,-0.195322931,-0.0436327495,0.559472859
