3.13051581,3.13110065,0.718273401,-0.00497587817,-0.013670885,0.983195662,-0.181974247,0.486730456,-0.209684938,0.256598383,-0.0872669965,0.0550727248,0.00189520943,-0.635797977,0.458339751,0.168131173,0.408046931,0.274952918,-0.00100040867,0.178065345,0.0199077688,0.0515926182,-0.0012221135,0.229417935,0.0543035381,0.575983882,0.247770727,-0.174982831,-0.0277060289,0.595564902
3.10275817,3.1035738,0.715809345,-0.00235934439,-0.0103590256,0.983678222,-0.179622665,0.507303059,-0.218261719,0.251181513,-0.0683057681,0.0630293414,0.00115032203,-0.606995344,0.45253405,0.175393745,0.445623755,0.276950657,-0.00156277488,0.183247164,0.0194915626,0.0528508835,0.0391259938,0.217151418,0.0531223752,0.593943298,0.25586468,-0.175813675,-0.030618012,0.601056755
3.07292032,3.074893,0.716296077,0.00267243292,-0.00620887335,0.984927237,-0.172837153,0.519398034,-0.224434629,0.24098976,-0.0264758952,0.0774343982,0.000314577075,-0.565226734,0.442569703,0.185494363,0.492606997,0.274847955,-0.00187124626,0.196133167,0.0186794363,0.0534081981,0.0947737321,0.201640546,0.0505905189,0.619220853,0.268622875,-0.185662434,-0.0399553105,0.603530347
3.04533124,3.04869342,0.729635715,0.00684932712,-0.00306969951,0.98707366,-0.160091639,0.509690404,-0.222135052,0.225377575,0.0310053397,0.0923665091,-0.000504081254,-0.519701481,0.42929101,0.196575299,0.535371959,0.268414795,-0.00198022695,0.22791788,0.0222962033,0.0524436198,0.151231661,0.192912057,0.0516227633,0.645049453,0.26309526,-0.192941949,-0.0488170944,0.605887532
3.0183847,3.02137947,0.74777472,0.00851648021,0.000947704597,0.98910886,-0.146936268,0.480925024,-0.214285076,0.20484823,0.104296796,0.105465941,-0.000852492696,-0.468695313,0.412854642,0.210014865,0.569879889,0.25929755,-0.00209263735,0.271872789,0.0229746569,0.0466191396,0.212358594,0.188082695,0.0517177843,0.665196359,0.260302424,-0.194006264,-0.0528670102,0.601716995
2.99424791,2.99693966,0.757498741,0.00892009772,0.00323664933,0.990697622,-0.135750979,0.423103839,-0.198675171,0.184070453,0.172755048,0.104225509,0.000197809757,-0.421522617,0.395405352,0.225094035,0.590809822,0.247741699,-0.00211136206,0.332716972,0.0241562836,0.0413430817,0.259187102,0.183844015,0.0510337912,0.678361773,0.248765051,-0.195140272,-0.0547396056,0.594587624
2.97181821,2.97236705,0.766158819,0.00752025563,0.00652169902,0.991616428,-0.128832281,0.348712504,-0.177522928,0.167266324,0.234713808,0.0876172036,0.00263233902,-0.37528196,0.369043469,0.244016275,0.600720882,0.235148862,-0.00212323782,0.397576451,0.0251482502,0.0364180282,0.294754088,0.179830536,0.0501322001,0.685878158,0.234151781,-0.20013316,-0.0570201203,0.586813271
2.95025086,2.9483819,0.774191856,0.0065399576,0.00851971004,0.991792917,-0.127402917,0.261439592,-0.134932846,0.152188152,0.287278056,0.0587206259,0.00635536015,-0.32341522,0.336389035,0.262859106,0.597652018,0.222159833,-0.00208426197,0.461705118,0.0260429662,0.0324349888,0.321777493,0.177185819,0.0494077392,0.691220105,0.21705015,-0.208050996,-0.0600075983,0.578570187
2.93125057,2.92774963,0.780775309,0.00373014552,0.00712068519,0.991031528,-0.133386239,0.154882297,-0.0731821284,0.137020811,0.327872127,0.0216497462,0.0102162734,-0.277898669,0.308329344,0.277449727,0.578542888,0.208378613,-0.0019940855,0.513870358,0.0274241436,0.0286963638,0.337496281,0.177633986,0.0496780053,0.692269683,0.194422022,-0.215786263,-0.0623259954,0.569346547
2.91368103,2.90736103,0.78595233,-0.00155903783,0.00594739756,0.989257157,-0.146056548,0.0303656384,-0.00656506978,0.12397667,0.354851305,-0.0166730098,0.013307699,-0.239417925,0.279425681,0.290625215,0.551254392,0.194071025,-0.00196193997,0.544909537,0.0296840277,0.0260666385,0.345946968,0.178545877,0.049836982,0.690674961,0.166183978,-0.228282258,-0.0662969202,0.558500469
2.89631152,2.88881516,0.789614558,-0.00847867317,0.00297105941,0.986322641,-0.164581135,-0.107061535,0.0601416342,0.111039154,0.365645468,-0.0493051484,0.0143624274,-0.201787218,0.255407244,0.299360722,0.518326104,0.178975016,-0.00197392656,0.553230703,0.0323914476,0.0276096798,0.350106537,0.179210499,0.0497527122,0.688058853,0.130054623,-0.244160205,-0.0719765797,0.545293093
2.87828565,2.86984682,0.792128742,-0.014946918,-0.000408942695,0.982494295,-0.185691372,-0.24653402,0.114454746,0.0990571231,0.35648343,-0.0694999173,0.0136958519,-0.160515368,0.233698115,0.304682136,0.483563572,0.162103966,-0.0020768838,0.543697,0.0357239358,0.0309876148,0.351681262,0.178343847,0.0484997444,0.684856296,0.0919119865,-0.2537148,-0.0720797852,0.528790832
2.85971594,2.84912729,0.790461123,-0.0210719593,-0.00216719112,0.977866888,-0.20815298,-0.378127486,0.141594768,0.0912538171,0.327183157,-0.0744451284,0.0121704303,-0.114266731,0.211597845,0.30781579,0.449164391,0.144079089,-0.00224081753,0.523131073,0.0391238369,0.0335067175,0.353079081,0.175501555,0.0465610288,0.682938278,0.0547592007,-0.265769005,-0.0727841854,0.512392581
2.83945107,2.82688618,0.788469076,-0.0253164638,-0.00209066691,0.972727239,-0.230556697,-0.48657915,0.142608032,0.088377513,0.283008307,-0.0675577894,0.0105328644,-0.0610463135,0.188222021,0.308416337,0.419029295,0.123888925,-0.00243842555,0.496759534,0.0415213667,0.0351285711,0.356410772,0.170411348,0.0439575724,0.682430744,0.0219468307,-0.277308702,-0.072641179,0.497492909
2.81704187,2.80233669,0.783564091,-0.0293495078,-0.000437134498,0.966962397,-0.253223687,-0.566495001,0.121179096,0.0912800655,0.234545872,-0.0548467711,0.00919392332,-0.00480577908,0.16474314,0.306412727,0.393543273,0.102035321,-0.00259827124,0.466256171,0.0428224355,0.032604076,0.362592608,0.162636265,0.0403249525,0.683077514,-0.00309375417,-0.287115663,-0.0711816847,0.484087348
2.79433584,2.77576232,0.778110743,-0.0292926487,0.00283259782,0.961134732,-0.274506658,-0.606960714,0.0832862779,0.0979082435,0.201603323,-0.0383481532,0.00823914818,0.0600779541,0.140832707,0.301953703,0.374584436,0.0789578483,-0.00269098417,0.432588011,0.0435613357,0.0331621617,0.370960176,0.149887219,0.0353145488,0.685506403,-0.0202827305,-0.296044618,-0.0710930675,0.475603312
2.77003694,2.74825811,0.770163894,-0.0288174525,0.00585071044,0.955201089,-0.294493049,-0.619895756,0.0376880057,0.104586124,0.189039513,-0.0201203059,0.00770977559,0.126944125,0.121751472,0.294143707,0.35667628,0.056093879,-0.00265696552,0.396215558,0.043792028,0.0308854356,0.382257998,0.135790199,0.0304042716,0.689191163,-0.0296957511,-0.299246371,-0.0683435723,0.470748782
2.74478722,2.71957016,0.761540294,-0.0269833673,0.00911357626,0.949120998,-0.313621283,-0.609582365,-0.00972680375,0.108812384,0.200791806,0.00156033249,0.00748453289,0.197372749,0.10440664,0.284408271,0.340182126,0.0359854214,-0.00252043153,0.358197182,0.0428803302,0.0276468769,0.393060654,0.120995291,0.0257425494,0.691911638,-0.0280961264,-0.296298176,-0.0650399625,0.471210301
2.71756697,2.68922186,0.752886772,-0.0221285839,0.0133215226,0.94278419,-0.332401663,-0.592278004,-0.0551043078,0.11049293,0.226314574,0.0228117928,0.00734330853,0.267078876,0.0933915153,0.272810042,0.326649278,0.0211357065,-0.00214727479,0.318434298,0.0422243662,0.0256911255,0.407216489,0.106175058,0.0215580855,0.69646585,-0.0107931374,-0.28857249,-0.0615821406,0.478220403
2.6889019,2.65810537,0.746730745,-0.0161037892,0.0176451132,0.935896635,-0.351463944,-0.560332894,-0.0944182128,0.108065635,0.262460113,0.0418257974,0.00722349668,0.325371236,0.0901545435,0.259561926,0.320534766,0.0135074034,-0.00164940383,0.271928728,0.0417490043,0.0243878718,0.420669615,0.0934710801,0.0187596492,0.701512933,0.0182604846,-0.276812494,-0.0576886646,0.489329845
2.66004825,2.62756777,0.743262529,-0.0104796803,0.0202806517,0.928115606,-0.371591657,-0.521457911,-0.126744628,0.101702392,0.302834421,0.0558738336,0.00708771823,0.363919944,0.0921833217,0.246488407,0.327623188,0.0149570629,-0.00122662354,0.216181383,0.0393121727,0.0230523832,0.428306073,0.086779736,0.018602699,0.704475164,0.0519274808,-0.260467917,-0.0524466932,0.501942396
2.63188839,2.59936357,0.749834895,-0.00589847891,0.0212746654,0.919743359,-0.39189896,-0.477430135,-0.149102181,0.0908111408,0.338224322,0.0658439249,0.00687758299,0.375561029,0.104843654,0.23247987,0.354249656,0.0214391425,-0.00104280026,0.149910688,0.0360067077,0.0248359386,0.42761448,0.0873161107,0.0213565361,0.704427123,0.086681582,-0.244295776,-0.0466869734,0.514500916
2.60449958,2.57349873,0.752989352,-0.00246281992,0.0210656114,0.910863876,-0.412161499,-0.429527074,-0.163351104,0.0766274482,0.363287002,0.0723959655,0.00662804814,0.358013272,0.122493476,0.218172178,0.39749229,0.0303459559,-0.0012118317,0.07433559,0.0332649983,0.0288373083,0.415805936,0.096813865,0.027403038,0.701337397,0.116225846,-0.230064854,-0.0417083949,0.524748564
2.57912207,2.55123186,0.763174653,-0.000930872688,0.019490622,0.902619779,-0.429996222,-0.384122103,-0.170605496,0.060316816,0.376160681,0.0759937093,0.0063518472,0.304538935,0.143591926,0.203698218,0.453080714,0.0312550478,-0.00209470582,-0.00930172857,0.0312164463,0.0316875875,0.395183831,0.114509486,0.0361994095,0.695700586,0.138422847,-0.218536243,-0.0371202044,0.531765044
2.55403852,2.52980852,0.772793472,-0.000223257055,0.0167573225,0.896440029,-0.442848086,-0.336256385,-0.170903042,0.0421744362,0.378292382,0.0772556067,0.00607844535,0.219875053,0.158471838,0.19087255,0.506548941,0.0184353832,-0.00404357305,-0.0907404274,0.031306088,0.033382006,0.365456909,0.137910306,0.0477135107,0.687157929,0.154516429,-0.211546868,-0.0356822722,0.53532654
2.53003049,2.51018,0.779436588,-0.00117417111,0.0140391262,0.893168211,-0.449502081,-0.290469319,-0.167057008,0.0233640149,0.371667981,0.0777602792,0.00579345878,0.111750044,0.158338085,0.181929991,0.555643201,-0.00466962066,-0.00695326226,-0.161882684,0.0308960192,0.0349498466,0.331472963,0.16558145,0.0611602925,0.678408563,0.167125687,-0.205543816,-0.0347398147,0.538155496
2.50758553,2.49205899,0.787952244,-0.00400899164,0.011071777,0.893553734,-0.448801935,-0.248467147,-0.158380777,0.00451894011,0.357539147,0.0764902011,0.0054882071,-0.0149476342,0.144870073,0.177903712,0.595768273,-0.0313267373,-0.00999481976,-0.215248004,0.0300277565,0.0355513766,0.292366952,0.198010936,0.0773660392,0.668542087,0.177935511,-0.201740444,-0.0349295735,0.541270077
2.48508573,2.47268152,0.793740392,-0.00626692642,0.00979899894,0.897416711,-0.441030592,-0.202497482,-0.151338667,-0.0119472099,0.339316219,0.0746050626,0.00521972775,-0.14488627,0.123939462,0.179487884,0.62263912,-0.0550503246,-0.0120462496,-0.247011885,0.0285472833,0.0347326547,0.250323534,0.231329083,0.0941531807,0.657131612,0.188583791,-0.201858178,-0.0361370705,0.544819474
2.46593404,2.45921445,0.797956288,-0.0137945795,0.00498085702,0.903786063,-0.427733153,-0.174837023,-0.140533671,-0.0275447946,0.313478827,0.0710746124,0.00502031809,-0.293208659,0.110903114,0.183866471,0.62372762,-0.0736366883,-0.01282153,-0.260494381,0.0269694645,0.0394050106,0.201903358,0.270537078,0.112451211,0.642538846,0.190502644,-0.200468823,-0.0364604555,0.545374155
2.4451201,2.44244623,0.800375462,-0.0194729827,0.0014328995,0.910823882,-0.41233325,-0.139861882,-0.130539134,-0.0400580689,0.291953117,0.0668740496,0.0048925085,-0.423161775,0.108463429,0.188355163,0.600825429,-0.0804916322,-0.0121524977,-0.258391678,0.0247452129,0.0416008644,0.152761012,0.307212114,0.129060328,0.627215862,0.19250758,-0.20105575,-0.0374292135,0.544572651
2.42388082,2.42471075,0.800924957,-0.0239007343,-0.00186171359,0.917506218,-0.396998227,-0.100471772,-0.122755244,-0.0489491858,0.271881074,0.0610183887,0.00484917546,-0.531004429,0.117414035,0.190869853,0.555814624,-0.074259758,-0.0107544707,-0.247081742,0.023208173,0.0425003022,0.105747417,0.341649145,0.143875822,0.611387253,0.197543904,-0.203625023,-0.0399168208,0.544844449
2.4007175,2.40572572,0.800371051,-0.02686885,-0.00476744957,0.923707485,-0.382125407,-0.0548175201,-0.114489958,-0.0549804308,0.254727781,0.0530568957,0.00487627508,-0.612236261,0.133272916,0.190157861,0.496524543,-0.0590756349,-0.00931196194,-0.229989752,0.0219269767,0.0411523506,0.0615495853,0.371529967,0.156157956,0.595490158,0.206252307,-0.203768522,-0.041620262,0.546566606
2.37587023,2.3847959,0.797359705,-0.0273586214,-0.0063790041,0.929351568,-0.368125647,0.000820380927,-0.107857116,-0.0577543005,0.239066198,0.0432800539,0.00493635004,-0.666579247,0.152092561,0.185467333,0.43234241,-0.0403784625,-0.00807904825,-0.209026635,0.0211715493,0.0402075462,0.0207077134,0.391587734,0.163707867,0.580096662,0.218319222,-0.203949481,-0.0436165743,0.54992497
2.34924817,2.3628726,0.79220432,-0.0256222598,-0.00756341219,0.934781373,-0.354217738,0.0649520531,-0.102019146,-0.0582507625,0.224438637,0.0320214108,0.00498431083,-0.696788847,0.173622087,0.17632921,0.372024655,-0.0201505292,-0.00711289328,-0.18438457,0.0213301275,0.0388468541,-0.0128959073,0.402511388,0.166970909,0.566454053,0.233210832,-0.203570873,-0.0458129346,0.554628313
2.32157588,2.34101105,0.784675896,-0.0242173132,-0.00871622656,0.939853549,-0.34060666,0.129514933,-0.0986745059,-0.0560644381,0.208100334,0.0197746865,0.0049569984,-0.709916055,0.195337132,0.165214643,0.324399918,-0.000161484772,-0.00641786586,-0.157926485,0.020983899,0.0372097827,-0.0396261401,0.405853301,0.167663544,0.554143965,0.24964115,-0.202613831,-0.0493924469,0.562918484
2.2931776,2.31721854,0.775215149,-0.0212539863,-0.00851016026,0.944598436,-0.327428758,0.198488325,-0.10033498,-0.0505154617,0.191401333,0.00799996033,0.00482450798,-0.702056348,0.213267848,0.154443935,0.300186694,0.0198098905,-0.00599294994,-0.130471691,0.0210589916,0.0371189304,-0.0579059906,0.399675429,0.165079027,0.545403123,0.262714863,-0.201316535,-0.0530812889,0.570513725
2.2631011,2.29344296,0.766285121,-0.018445814,-0.00771151669,0.948951244,-0.314788461,0.267689407,-0.102945857,-0.043346867,0.17543672,-0.00214152178,0.00458237482,-0.677996278,0.233336568,0.142615855,0.302563071,0.041946128,-0.0057998281,-0.105737664,0.0203333441,0.0406207852,-0.0627071857,0.387630552,0.160326868,0.542417526,0.273009032,-0.19885011,-0.0565543734,0.576886058
2.23172736,2.26856327,0.757483602,-0.0140015194,-0.00692643179,0.953288913,-0.301655799,0.332847893,-0.107498027,-0.0352362283,0.163723007,-0.00818629283,0.00410088338,-0.655216694,0.255042702,0.132562786,0.31549111,0.0634862781,-0.00559135014,-0.0804677159,0.0200867839,0.0444691665,-0.0540655032,0.370393544,0.153737828,0.545391321,0.280844778,-0.195373774,-0.0596224591,0.583306372
2.19893241,2.24204373,0.749429524,-0.00880924333,-0.00574781699,0.957789481,-0.287278205,0.38730374,-0.115311228,-0.0267348252,0.160380065,-0.00755681423,0.00342397694,-0.623161495,0.274889112,0.125743404,0.346879721,0.0837468281,-0.00538834138,-0.0550646819,0.0208186377,0.0454096608,-0.0304900818,0.348854631,0.145717561,0.554274142,0.285258621,-0.191094279,-0.0625221655,0.588157415
2.16571927,2.21469688,0.745436549,-0.00315794977,-0.00399309862,0.962789595,-0.270204157,0.426896453,-0.125789478,-0.0193987004,0.172297105,0.000391434936,0.00265888311,-0.585968852,0.288688421,0.123209871,0.390968651,0.100600861,-0.00518761016,-0.0237871725,0.0215160586,0.0459212177,0.00548387505,0.322205424,0.13495411,0.568357289,0.285188079,-0.187184229,-0.064854525,0.591190398
2.13322091,2.18857288,0.746957183,0.00161409425,-0.002570407,0.968100727,-0.250543237,0.445717156,-0.134484708,-0.0147102773,0.201441497,0.0130794458,0.00193126022,-0.546844423,0.304110259,0.12186639,0.436839372,0.112463959,-0.00502699427,0.0132887866,0.0226175487,0.0480277054,0.0515087731,0.296809942,0.124017775,0.585049748,0.277278721,-0.182832465,-0.0660467669,0.590130508
2.1032865,2.16347885,0.752567828,0.00512690935,-0.00152441638,0.973370135,-0.229176819,0.435582936,-0.142902121,-0.0118782809,0.248332903,0.0249962155,0.00156065053,-0.503514767,0.315910131,0.124182157,0.478442848,0.11944475,-0.00486625265,0.0625839233,0.0237268284,0.0507616624,0.0990740582,0.270880312,0.113166496,0.602789164,0.262268275,-0.179377496,-0.0663918555,0.586102009
2.07585001,2.1397357,0.762434483,0.00601076288,-0.000898284023,0.977672577,-0.210046053,0.39220947,-0.146130905,-0.00900799129,0.30895403,0.030416334,0.00204777834,-0.459101379,0.321277559,0.130518496,0.508397758,0.123047695,-0.00468156068,0.124819845,0.0240672156,0.0507484823,0.144132912,0.246236533,0.102502488,0.620532513,0.240383133,-0.177384913,-0.0654675961,0.579534173
2.05109167,2.11647391,0.771450758,0.00509894406,-0.000183282944,0.980488002,-0.196512967,0.322093099,-0.142613083,-0.00322490116,0.372492582,0.0224771854,0.00356237567,-0.415778726,0.318068892,0.14146176,0.526254892,0.124072067,-0.00447623897,0.19291614,0.024374526,0.0505420975,0.18373175,0.222585887,0.0920696408,0.636144102,0.216728702,-0.178481281,-0.0642352551,0.570002437
2.0283978,2.09411621,0.780089557,0.00300364732,0.00077212695,0.981623828,-0.190801218,0.225981548,-0.126940906,0.00360056176,0.43100822,0.00181461021,0.0057366807,-0.370481223,0.304450363,0.156605035,0.531715333,0.123532467,-0.00424372079,0.259951293,0.0249118749,0.0502875522,0.219403863,0.202507988,0.0830004662,0.650114119,0.192083746,-0.183048144,-0.0643593073,0.561507344
2.00775337,2.07340145,0.787710845,-0.00179006602,-0.00107934931,0.981160522,-0.193182901,0.104549184,-0.0906439349,0.00617467379,0.478007048,-0.0269990619,0.00815299805,-0.329913318,0.287141383,0.171843454,0.522189677,0.121598147,-0.00398603082,0.319554299,0.0267435219,0.0478620529,0.245233104,0.186841041,0.0745687932,0.657811999,0.166333482,-0.192204654,-0.0661404654,0.554192066
1.98773122,2.05375099,0.795076251,-0.00618253741,-0.00108457345,0.978825629,-0.204599723,-0.0313561708,-0.0477701686,0.00657044584,0.514093935,-0.0588503629,0.0102963252,-0.286530048,0.26517421,0.18699868,0.503938437,0.118227176,-0.00379489642,0.360328645,0.0289094541,0.0469364971,0.270170808,0.176256761,0.0671444684,0.664250016,0.137580022,-0.205136448,-0.0689060688,0.544425368
1.96921146,2.03513646,0.800082326,-0.0124147534,-0.00406569289,0.975180507,-0.221025676,-0.178651795,0.000949922891,0.00199134601,0.53215754,-0.0859917849,0.0111306971,-0.249103978,0.248402029,0.198321581,0.477339327,0.113101639,-0.00367301237,0.381276071,0.0311319046,0.0457445011,0.290699512,0.169661269,0.0607659891,0.668033302,0.106885411,-0.221091881,-0.0727211311,0.533780098
1.94997227,2.01634169,0.803088307,-0.0191931408,-0.00678262953,0.970721304,-0.239344567,-0.324858755,0.0374566838,-0.00378406257,0.52772665,-0.101833984,0.0104950424,-0.211162254,0.232798144,0.207012013,0.448241532,0.106259316,-0.00363618042,0.382221609,0.0344319828,0.0464007743,0.309798211,0.165602833,0.0555100329,0.671310246,0.0741484687,-0.237829745,-0.0762141794,0.521952987
1.92978156,1.9960674,0.804825902,-0.0250453502,-0.0083168298,0.966046989,-0.257015169,-0.45372209,0.0533501804,-0.00844864268,0.498614341,-0.10086333,0.00899583194,-0.166719168,0.216468975,0.213224277,0.420351744,0.0971388519,-0.00368449092,0.37241739,0.0373768136,0.0459597744,0.327555478,0.162637904,0.0515893735,0.67441994,0.0429161116,-0.255489349,-0.0793178901,0.509593606
1.90828741,1.97396016,0.80422616,-0.0290336162,-0.00837237947,0.961351812,-0.273659766,-0.555895686,0.0504594147,-0.011305497,0.448960543,-0.0861527696,0.00745564466,-0.113049142,0.199545771,0.21706821,0.393588036,0.0857504085,-0.00376635464,0.358104318,0.0399155207,0.0460854098,0.349379748,0.158631265,0.0482612103,0.680278182,0.0131493816,-0.270616472,-0.0805551931,0.497811049
1.88473988,1.95077693,0.800869823,-0.0308356304,-0.00740105053,0.956469595,-0.290103734,-0.628279805,0.0352224708,-0.0116754742,0.38631314,-0.0642339736,0.0062212171,-0.0501517132,0.184303075,0.217525899,0.367182463,0.0720376447,-0.003863252,0.341114163,0.0412459299,0.0463743173,0.372241467,0.154356971,0.0457682274,0.687364876,-0.00987710524,-0.281852007,-0.0788594112,0.487505525
1.85993254,1.9260143,0.795594811,-0.0309402421,-0.0061801658,0.951404452,-0.306323528,-0.673229337,0.012683088,-0.0083932383,0.326048762,-0.041220665,0.00541373016,0.0181940719,0.171460971,0.214865118,0.340950012,0.05612766,-0.00392340962,0.320202887,0.0416661799,0.0447467864,0.393127441,0.14832516,0.042841848,0.694448113,-0.0270254165,-0.290239573,-0.0762994811,0.479344338
1.83444381,1.89961398,0.789051235,-0.0293565728,-0.00352592347,0.94646436,-0.321451247,-0.686947346,-0.0181244314,-0.000285053393,0.283127278,-0.0187929645,0.0050309198,0.0907285661,0.157750726,0.210709289,0.31764406,0.0390317775,-0.00394537952,0.294154167,0.042086456,0.044625178,0.412171423,0.141036838,0.0399944261,0.700088561,-0.0371446572,-0.294487357,-0.0725220591,0.47360611
1.80775416,1.87211549,0.781031847,-0.0269119795,-0.00120541779,0.941186726,-0.336811274,-0.674484074,-0.0524719544,0.00928072259,0.26600948,0.00304267835,0.00507048564,0.162734091,0.148228824,0.203703061,0.29508853,0.0225845724,-0.00379129616,0.263233811,0.0414806008,0.0437299348,0.427446425,0.132456243,0.037088044,0.7065292,-0.0388099514,-0.29306826,-0.0669035092,0.471041828
1.78055167,1.84366941,0.772435427,-0.0230520442,0.00123898243,0.935920894,-0.351452947,-0.64635241,-0.0858202353,0.017509751,0.271687657,0.0256883502,0.00525458856,0.232887506,0.141278744,0.195076466,0.275461674,0.00954423565,-0.00349923526,0.23017332,0.0413857289,0.0407919176,0.438667893,0.126992747,0.0363608412,0.710751534,-0.0293609798,-0.287911713,-0.0616052225,0.472208947
1.75209522,1.81299162,0.764939606,-0.0174409673,0.00457481807,0.930163682,-0.366702169,-0.618197501,-0.118700519,0.0236104559,0.287953526,0.0466649644,0.00540777156,0.298300147,0.135221735,0.186591968,0.263887405,0.00230782991,-0.00304601039,0.19200924,0.040656995,0.0371331908,0.447446644,0.121123329,0.0361064114,0.714238882,-0.00692930445,-0.278148085,-0.0559364296,0.478441
1.72221911,1.78088617,0.759533644,-0.0102219917,0.00804515369,0.923792005,-0.382673621,-0.576672316,-0.147437572,0.0260195807,0.318282843,0.0650386512,0.00549672963,0.352852702,0.132425487,0.178298414,0.265146554,0.00217086473,-0.0025390028,0.146971121,0.0392529406,0.0344731919,0.449723244,0.114820577,0.0350136682,0.714833081,0.0261303242,-0.266384512,-0.0498310179,0.487794429
1.69201505,1.74980748,0.757629335,-0.00199981732,0.0112821879,0.916001022,-0.401012272,-0.531864882,-0.17174311,0.0243921112,0.357156128,0.0780420154,0.00559668383,0.391037434,0.134814546,0.170299545,0.284594119,0.00882735476,-0.0021264425,0.0924513042,0.0366661809,0.0320894681,0.444284827,0.114646345,0.0364909619,0.712610185,0.0637908652,-0.252932459,-0.044045344,0.499143392
1.66323972,1.72033238,0.762286663,0.00431959052,0.0134600969,0.907296896,-0.42025283,-0.483951807,-0.190943494,0.0194128565,0.394765466,0.0854168311,0.0056407759,0.403759569,0.14299193,0.16230303,0.32043016,0.0185757261,-0.00196203566,0.0308403485,0.0336453505,0.0335579328,0.426114082,0.117634103,0.0390126333,0.705908298,0.0999367759,-0.240437686,-0.0389271639,0.511441529
1.63620353,1.69326246,0.769994855,0.00865892973,0.0147277853,0.897916615,-0.43983385,-0.433462411,-0.205476955,0.0110605313,0.423726797,0.088758707,0.00565561326,0.385519266,0.153632492,0.154721037,0.369130403,0.0292703584,-0.00213506981,-0.0384913459,0.0309009608,0.0354008712,0.395614088,0.124504134,0.0431254692,0.696830332,0.130930513,-0.231088951,-0.0362031907,0.522966802
1.61052704,1.66840792,0.779830575,0.0119073316,0.0146280471,0.889296055,-0.456942976,-0.380072027,-0.212693438,-0.000577214523,0.440280795,0.0893128291,0.00561348349,0.334329158,0.163765281,0.147009417,0.423662722,0.0295962673,-0.00319184503,-0.112925135,0.0292820968,0.0358696915,0.354369998,0.135041073,0.0486110933,0.685384989,0.156112254,-0.224288657,-0.0352355354,0.533168197
1.58641815,1.64591229,0.788603425,0.0132417316,0.0137428315,0.882923245,-0.469129354,-0.328575879,-0.210911408,-0.0155157829,0.444367319,0.0881508142,0.005477014,0.251309812,0.164618298,0.140411526,0.472976446,0.0155337816,-0.00530873286,-0.186253354,0.0281036235,0.0406857207,0.306494564,0.148167565,0.0550047532,0.671821535,0.175832346,-0.218643218,-0.0347152725,0.540623426
1.56381035,1.62482083,0.795788288,0.0122453468,0.0129144453,0.88008523,-0.474482059,-0.280014426,-0.205028996,-0.0314151794,0.437582493,0.0864185989,0.00525000645,0.145493478,0.147168592,0.137884885,0.514265478,-0.00896280631,-0.00827198755,-0.249858215,0.0272312928,0.0417138748,0.25509721,0.167798221,0.064021185,0.657773435,0.189209864,-0.215422288,-0.0354690515,0.546263635
1.54278505,1.60475922,0.802065849,0.00972272921,0.0118950857,0.88130492,-0.472298265,-0.232609227,-0.197512135,-0.0467118621,0.421076238,0.0842749998,0.00501106353,0.0236615874,0.118375584,0.139337346,0.54484123,-0.0373262987,-0.0110411104,-0.297072053,0.025715353,0.0450151972,0.200063184,0.191605896,0.0747212544,0.640973151,0.196193129,-0.212954432,-0.0362001471,0.549542665
1.52304184,1.58572853,0.80681026,0.00510322629,0.0108885076,0.886211276,-0.463125288,-0.187530145,-0.190775216,-0.060002923,0.395629615,0.0813985541,0.00481425878,-0.109215908,0.0822897926,0.146068648,0.559617221,-0.0631441623,-0.012898217,-0.324720472,0.0238959808,0.0472656377,0.144189775,0.218931556,0.0862330571,0.622829258,0.197882444,-0.211271822,-0.0362584144,0.550302863
1.50446546,1.56770647,0.809455454,-0.0012248602,0.00889108051,0.893925011,-0.448126674,-0.14727363,-0.184471607,-0.0708723143,0.36454162,0.0774978399,0.00469659781,-0.249194071,0.0533951521,0.154860049,0.552658737,-0.0825654268,-0.0132536236,-0.33261919,0.0225598104,0.0497843549,0.0868398175,0.249638036,0.0978472456,0.601676285,0.197126836,-0.211738378,-0.0372277126,0.55047971
1.48443282,1.54878402,0.810608268,-0.00683086552,0.00645633973,0.902495861,-0.430595934,-0.104626641,-0.177003279,-0.0794264227,0.334000736,0.0724254474,0.00466961134,-0.37881586,0.0434052199,0.160780817,0.522562921,-0.0897803828,-0.0122756837,-0.326886088,0.0217546485,0.0496754125,0.0357922055,0.282103777,0.109328739,0.580921352,0.195368186,-0.210765481,-0.0377135538,0.549886584
1.46357465,1.52833116,0.809809744,-0.0116246603,0.00417981297,0.910617232,-0.413066119,-0.05585007,-0.171247333,-0.0842304304,0.303214908,0.065672569,0.00471014669,-0.487105578,0.0478613339,0.163645416,0.47431767,-0.0830869898,-0.0107566491,-0.311446339,0.0205503814,0.048018001,-0.00994529668,0.312784016,0.119180791,0.560606122,0.194956183,-0.209424168,-0.0389694534,0.551187575
1.44144416,1.50794744,0.807758212,-0.0147311781,0.001355435,0.918192983,-0.395856977,-0.00203526905,-0.162910715,-0.0865390748,0.272265613,0.056513045,0.00482524885,-0.57360208,0.069421947,0.159671277,0.413320869,-0.0684273243,-0.00930487271,-0.290971786,0.0193201099,0.0487054624,-0.0497229435,0.34054479,0.126756012,0.540927529,0.200207487,-0.206040457,-0.0398980193,0.553875089
1.41720819,1.48524213,0.803049922,-0.01532677,-0.00074467808,0.925152421,-0.379285514,0.0616669022,-0.154935092,-0.085759446,0.243360758,0.0458083712,0.00495105004,-0.633646309,0.100924671,0.149133876,0.351740003,-0.0508773774,-0.00820594188,-0.266633034,0.0181858707,0.0476208329,-0.0808172449,0.361827672,0.132092714,0.524059832,0.209360301,-0.201485455,-0.0410764925,0.558149874
1.3923198,1.46186459,0.796132922,-0.0153600657,-0.00239768485,0.931194246,-0.36419186,0.128463298,-0.150063097,-0.0814168602,0.214268073,0.0336803421,0.00503175426,-0.671580791,0.137772337,0.133888409,0.299695909,-0.030793475,-0.0074544996,-0.24030596,0.0173241757,0.0476966426,-0.104170963,0.375032902,0.13503477,0.511370003,0.219616532,-0.196402237,-0.0424776189,0.564200222
1.36589956,1.43765926,0.787497342,-0.014425192,-0.00402591005,0.936413705,-0.350578249,0.195821017,-0.148171082,-0.0742187575,0.186826468,0.0211913008,0.0049639428,-0.685164034,0.178053737,0.116893992,0.268891394,-0.00916825421,-0.00707587739,-0.213786155,0.0169781223,0.0482819639,-0.117908686,0.38045001,0.135808155,0.503549814,0.231157452,-0.190064669,-0.0439297892,0.571021318
1.33829474,1.4118892,0.777219296,-0.0132494895,-0.00483358093,0.940942109,-0.338273764,0.26286608,-0.149939984,-0.0644807294,0.162886739,0.010342963,0.00474756863,-0.674364269,0.218008548,0.101306319,0.266737521,0.0137688369,-0.00693318248,-0.18862693,0.0170894489,0.0479992181,-0.119047433,0.378418803,0.134887606,0.502798021,0.24194327,-0.185019642,-0.0467104092,0.57875675
1.30938888,1.38504291,0.767378211,-0.0106577128,-0.00416341564,0.945084751,-0.326625168,0.329378396,-0.152706489,-0.0537238568,0.142256826,0.00306862523,0.00435419986,-0.65293318,0.252442628,0.0898917839,0.282622427,0.0375631489,-0.00690523954,-0.16304855,0.0168375224,0.0504518375,-0.107331224,0.3689273,0.131261945,0.508519828,0.252842396,-0.180117443,-0.0496668033,0.585820735
1.2796582,1.35670328,0.758048594,-0.00744358217,-0.00221655564,0.949168444,-0.314672828,0.387400001,-0.161187381,-0.0420752205,0.128238723,0.00192313013,0.00373488525,-0.634207726,0.27783826,0.0837511793,0.304363966,0.059939377,-0.00684387097,-0.134375349,0.0171665754,0.0531687997,-0.0818825215,0.351220131,0.12408594,0.52189976,0.264116108,-0.176985443,-0.0533433445,0.592922091
1.24920166,1.32653439,0.750946105,-0.00330196205,0.000729454216,0.95352,-0.301310956,0.432045311,-0.173052981,-0.0313273147,0.128771737,0.00829236209,0.00299466331,-0.598293722,0.293686777,0.0829781741,0.344106525,0.0809252709,-0.0068383906,-0.103459194,0.0184928533,0.0557841137,-0.0433748737,0.327093422,0.113999292,0.541219175,0.271180212,-0.177070841,-0.0582424328,0.597648859
1.21918869,1.29603279,0.75069499,0.000326399342,0.00394787826,0.958392143,-0.285427541,0.457258999,-0.185037956,-0.0230989121,0.148130745,0.0205264278,0.00217019557,-0.563338697,0.301371366,0.0871680006,0.388572842,0.0975357369,-0.00666421931,-0.0651572868,0.0199705139,0.0596687272,0.00423632935,0.299586445,0.102384657,0.564359546,0.272442579,-0.178219423,-0.0632104948,0.600075543
1.1898694,1.26682174,0.757478952,0.00218594517,0.006677242,0.963898838,-0.266176075,0.457257777,-0.195695549,-0.0182333421,0.185931802,0.035339389,0.00145367871,-0.525679886,0.307059288,0.0936050639,0.435356677,0.108016521,-0.00647640834,-0.0170377474,0.0215894375,0.0647287071,0.0563941412,0.273810446,0.0906451494,0.588334978,0.26517272,-0.180355281,-0.0675664395,0.598629713
1.16281867,1.2400049,0.769875228,0.00249627093,0.00790874101,0.969234288,-0.24600029,0.423773348,-0.199408144,-0.0165399313,0.240780413,0.0494261868,0.00115657761,-0.485431373,0.310026437,0.102272563,0.47405389,0.11409793,-0.00621184753,0.0439531244,0.0225971956,0.0702331066,0.107572429,0.248641148,0.0792276636,0.610914588,0.248316541,-0.182774067,-0.0703102574,0.594266236
1.13863885,1.21461105,0.780596077,0.00114940258,0.00911352318,0.973247349,-0.229576066,0.359776914,-0.198696777,-0.0146930311,0.302283049,0.0518000126,0.00210733572,-0.44493708,0.307428539,0.114081815,0.500015676,0.116874926,-0.00590748386,0.115695715,0.0228028726,0.0683471039,0.154981434,0.225647092,0.0693572387,0.631005585,0.225351632,-0.186220914,-0.0716095492,0.588263512
1.11641848,1.19069803,0.789823711,-0.00105095364,0.00902081281,0.975666106,-0.219073579,0.271382213,-0.182113975,-0.0129590863,0.360626787,0.0377886295,0.00446294248,-0.404260218,0.300079793,0.127921268,0.51376915,0.117684968,-0.0055593024,0.191347569,0.0229481533,0.0660088658,0.197018832,0.206856519,0.0612418801,0.647145689,0.201449096,-0.191298723,-0.0730358064,0.581594944
1.09533703,1.16768169,0.798695683,-0.00395482825,0.00834850036,0.976220012,-0.216584891,0.165336087,-0.14694421,-0.0123409154,0.413424104,0.0126478327,0.00795426778,-0.36056456,0.286348969,0.143369719,0.514634013,0.1169414,-0.00521438709,0.259297848,0.0232486278,0.0621465556,0.232915074,0.191306815,0.0540668815,0.659667909,0.175631389,-0.198216945,-0.0744841248,0.574690104
1.07584691,1.14608729,0.808975637,-0.00770773739,0.00674256869,0.974920332,-0.222318292,0.042210307,-0.0976551026,-0.0139906732,0.457047224,-0.0186050981,0.0115573145,-0.317624241,0.269318789,0.158866584,0.502197444,0.114836067,-0.00489087775,0.312321454,0.0252304394,0.058308579,0.264744878,0.180538565,0.0488737114,0.669654906,0.146860093,-0.208009034,-0.0762268975,0.565451801
1.05708992,1.12633121,0.815163434,-0.0124959555,0.00309255766,0.971890748,-0.235080063,-0.0956135467,-0.0381961837,-0.0192695651,0.488191813,-0.0500876792,0.0141463932,-0.276264846,0.255228221,0.171625331,0.479560435,0.111345626,-0.00463351142,0.344479024,0.0279220883,0.0550285876,0.290786445,0.17514354,0.0447542369,0.675519764,0.112170614,-0.220117569,-0.0786544383,0.55172652
1.03870702,1.1066854,0.816720307,-0.018401945,-0.000902165426,0.967525542,-0.252100706,-0.242692411,0.0124659911,-0.0254644286,0.498555779,-0.0747589394,0.0147116231,-0.23746632,0.241095304,0.18249698,0.450823307,0.106275626,-0.00445460202,0.356199712,0.0321929194,0.0538694151,0.312955499,0.17379874,0.0416851901,0.678999484,0.0753621161,-0.233899429,-0.0803250074,0.534866989
1.01974928,1.08684361,0.8192873,-0.0245760698,-0.0042453981,0.962548316,-0.269960552,-0.385325462,0.0450061932,-0.0309795178,0.484525532,-0.0848417953,0.0135565586,-0.196713999,0.227499202,0.190661386,0.420060307,0.0992059335,-0.00438091671,0.354054242,0.0351707786,0.0537650995,0.332154453,0.173298314,0.0389591083,0.681571066,0.0374492481,-0.248472244,-0.0808176324,0.516945899
0.999553204,1.0653491,0.819883645,-0.0294757839,-0.00648420816,0.957561076,-0.286646038,-0.507542253,0.0542295277,-0.0332891345,0.446980953,-0.0792430714,0.0116651226,-0.148844078,0.215257272,0.19601123,0.390445977,0.0901596546,-0.00435269298,0.343698174,0.0381373055,0.05387545,0.349632472,0.17186594,0.0367265902,0.684885919,0.000437899493,-0.263453454,-0.080665797,0.498176038
0.977204859,1.04194903,0.818171203,-0.0315648429,-0.00696101785,0.952495694,-0.302831978,-0.597810209,0.0442828424,-0.031674657,0.390951306,-0.0619041063,0.00994278397,-0.087826781,0.203763202,0.198296815,0.36188215,0.0787145495,-0.0043604821,0.329774439,0.039858982,0.0534612127,0.369647563,0.169412047,0.0350784585,0.690271378,-0.0304586235,-0.27634871,-0.0779010504,0.481030911
0.953372896,1.01591432,0.813816726,-0.0312440637,-0.00565415388,0.947119415,-0.319306672,-0.655838132,0.0216645822,-0.0253607836,0.331528574,-0.0411603563,0.00871670619,-0.0162397437,0.192147762,0.198391303,0.334547281,0.0649186969,-0.0043664705,0.312564224,0.0411263108,0.0521595366,0.390750825,0.165725768,0.0339699201,0.697420537,-0.0547900833,-0.287079871,-0.0740936846,0.467170149
0.929005027,0.988576055,0.807708442,-0.0297787301,-0.00334408553,0.941654682,-0.335243881,-0.68648237,-0.0087113725,-0.0146908835,0.283233106,-0.0202527307,0.00796002802,0.0579603054,0.180973753,0.196114525,0.308504999,0.0489262156,-0.00436068047,0.290952832,0.0418571271,0.0501595959,0.410323232,0.160055444,0.0326882601,0.705076993,-0.0726271495,-0.295302272,-0.070049271,0.456457794
0.903925478,0.960415781,0.800003767,-0.0274989028,-0.000960572681,0.936068833,-0.350739241,-0.693616927,-0.0462053269,-0.00204352126,0.25421986,0.00143343199,0.00766022503,0.132789522,0.170864284,0.191361949,0.284661084,0.032239303,-0.0043149963,0.267838806,0.0419276021,0.0466759279,0.425783426,0.15167883,0.0310901757,0.711825371,-0.0814193189,-0.300176859,-0.0660786331,0.451859772
0.876907408,0.931376338,0.79081434,-0.02397299,0.00176914106,0.930467069,-0.365586102,-0.673354626,-0.0845534876,0.00969238207,0.253581196,0.0224352386,0.00766268792,0.209090516,0.164070725,0.183794498,0.262258768,0.0169156324,-0.0041217031,0.241907924,0.0415552631,0.0424175262,0.437717795,0.142745644,0.0295851044,0.716921926,-0.0791546106,-0.300475061,-0.0620985441,0.452919096
0.84905237,0.900888026,0.781152308,-0.0182882175,0.00453177141,0.925013959,-0.37946561,-0.641838074,-0.119346745,0.0180909224,0.268374652,0.0441962145,0.00773673132,0.28488028,0.160175696,0.174534649,0.24257949,0.00601795595,-0.00372844329,0.21246846,0.0413479805,0.0403004959,0.447937489,0.133748814,0.0285853948,0.719592452,-0.0647455528,-0.295154631,-0.0576143451,0.459103227
0.819235861,0.868923843,0.773402274,-0.0112059228,0.00760404253,0.919029713,-0.393955678,-0.607425511,-0.15004693,0.0229283255,0.286771566,0.0645993277,0.00777897192,0.351634026,0.160115987,0.16478008,0.231206983,0.00220285589,-0.00312284823,0.176467493,0.0408906341,0.0353507251,0.455204546,0.125116393,0.0284010191,0.720721066,-0.0381809473,-0.284338027,-0.0530253723,0.470376611
0.788634777,0.836169839,0.768638909,-0.00323741348,0.0105948197,0.912677884,-0.40852946,-0.555282533,-0.173149854,0.0235077329,0.31429714,0.0821673125,0.00775817083,0.400334328,0.161028042,0.156701043,0.234362304,0.00688613486,-0.0024532564,0.131325036,0.0391008928,0.0345623381,0.457124382,0.11889419,0.0291755926,0.719417095,-0.00180745719,-0.270384222,-0.0469771065,0.484217644
0.758464098,0.804831386,0.770799398,0.00396808982,0.0119661745,0.905576825,-0.423994958,-0.505275369,-0.189133883,0.0198906623,0.343131244,0.0950432271,0.00765783712,0.427112609,0.165630877,0.149876729,0.255866915,0.0174409226,-0.00193116697,0.0735401362,0.0357616767,0.0365228429,0.451416016,0.115001157,0.0302826501,0.714619815,0.0349170193,-0.254555166,-0.0390060581,0.497369707
0.729552865,0.775126338,0.775070488,0.00874985289,0.0117684742,0.897640586,-0.440484226,-0.456002533,-0.196990132,0.0125451852,0.37058261,0.102387518,0.00748637412,0.427464277,0.173188478,0.143943802,0.292993724,0.0305384714,-0.00168764009,0.00408443157,0.0317435935,0.0411000587,0.433999777,0.116869979,0.0330814421,0.70738858,0.0686778873,-0.238570809,-0.0301990472,0.50784409
0.702998579,0.748039424,0.786656916,0.0113994842,0.0107435454,0.889317214,-0.457022488,-0.407683611,-0.202147514,0.00350103015,0.390790939,0.105462708,0.00730193872,0.395842671,0.182867065,0.13894695,0.342036068,0.0409466662,-0.0018576755,-0.0739972591,0.027799651,0.0477830954,0.401340336,0.121995829,0.0365140252,0.6975559,0.0959512666,-0.225584567,-0.0220760256,0.516172528
0.676905632,0.723080397,0.797818959,0.0130640753,0.00889630802,0.881875813,-0.471216768,-0.357131243,-0.200756937,-0.00825253874,0.40211761,0.105190963,0.00709136249,0.331849158,0.191535264,0.133721948,0.392800689,0.0371295586,-0.00304160151,-0.155292004,0.0252911747,0.0518072806,0.358803928,0.135021478,0.042622596,0.686248183,0.118796408,-0.215062916,-0.015350569,0.523796022
0.652092338,0.699878991,0.806650519,0.0133541971,0.00682014832,0.876839995,-0.480548471,-0.308048457,-0.194965154,-0.0218677633,0.403672218,0.103408381,0.00680528115,0.241486028,0.18832548,0.130728692,0.439867318,0.0203874893,-0.0053099622,-0.231913373,0.0236247089,0.0548867323,0.307937384,0.152613863,0.0505450182,0.673465729,0.139022872,-0.207303196,-0.0108773243,0.530984342
0.628903389,0.67887187,0.814619005,0.0116583072,0.00428994279,0.875045717,-0.483881056,-0.262819201,-0.183778837,-0.0372188017,0.396293283,0.100539133,0.00648351619,0.129476964,0.171347752,0.130640894,0.480350345,-0.00488464115,-0.00837021321,-0.29689607,0.0227800198,0.0567331091,0.253181994,0.177053705,0.0612182356,0.659085155,0.15538305,-0.200903714,-0.0080065839,0.537500978
0.607092381,0.658256173,0.821224034,0.00835602731,0.00203454867,0.877063036,-0.480298251,-0.21855326,-0.172038049,-0.0512859747,0.380729496,0.0969317555,0.00615643803,0.00528508192,0.142570451,0.134465203,0.51128006,-0.0318703987,-0.0112107871,-0.342318386,0.0217008628,0.0565554015,0.195272371,0.206241205,0.0739631951,0.643587768,0.170406461,-0.19770582,-0.00761138694,0.544352531
0.586876452,0.639088333,0.826166093,0.00301393378,-0.000370555586,0.882611811,-0.470092714,-0.178874299,-0.160502568,-0.0637143254,0.357035786,0.0924079195,0.00585206738,-0.131374747,0.111026302,0.140913308,0.526725292,-0.0566851534,-0.0130003644,-0.366387993,0.0200517457,0.0572105497,0.133768305,0.23856774,0.0871680751,0.623970509,0.181593791,-0.195916012,-0.00811680965,0.549709678
0.566818595,0.619858325,0.828361392,-0.00334154954,-0.00266841124,0.890223384,-0.455504209,-0.139486879,-0.151171401,-0.0731686875,0.330334306,0.0872458518,0.00563907344,-0.267288715,0.0845387802,0.148477361,0.523370981,-0.0729205012,-0.01338151,-0.369738102,0.0189888645,0.0575932972,0.0726709217,0.274348229,0.100639902,0.601271689,0.192011312,-0.195331126,-0.00920306053,0.553821206
0.546156108,0.599777639,0.828770399,-0.00927977078,-0.0049187215,0.898394585,-0.439063638,-0.0969924033,-0.143572688,-0.0796465948,0.302836746,0.0809106231,0.00551547762,-0.393201083,0.0728157312,0.153951898,0.498081714,-0.0769173428,-0.0124678239,-0.35796982,0.0180495065,0.0577708408,0.0136503866,0.309929281,0.112555705,0.57619375,0.202851817,-0.195566237,-0.0107815117,0.557512224
0.523982048,0.578925073,0.828905642,-0.0134604163,-0.00773349218,0.906092227,-0.422795266,-0.0488421656,-0.134993106,-0.0837994292,0.27649048,0.0721461326,0.00547246821,-0.498817563,0.0792696029,0.154849142,0.454557985,-0.0699610412,-0.0110616097,-0.33859548,0.0168029442,0.0567501597,-0.0404687747,0.342675239,0.122282572,0.550980985,0.216140613,-0.195643529,-0.0125673953,0.562473893
0.499935418,0.556775868,0.825761139,-0.0158413909,-0.010914905,0.913475394,-0.406439036,0.00679108873,-0.125251636,-0.085538432,0.251620412,0.0613880977,0.0055083367,-0.581041515,0.100176185,0.150021374,0.398619622,-0.0566716045,-0.00971508026,-0.314460486,0.0162379462,0.0560605861,-0.0873437077,0.370809585,0.129221722,0.526949883,0.231588721,-0.194292396,-0.0144562908,0.568528771
0.474539161,0.533737898,0.820701957,-0.0166943483,-0.0135693066,0.92042464,-0.390327692,0.069458276,-0.116837248,-0.0842282847,0.226524487,0.0487243198,0.00552500784,-0.640726149,0.129592896,0.139686972,0.339299083,-0.0399065055,-0.00859325193,-0.289044768,0.0149402414,0.0546288528,-0.125070572,0.392246485,0.133960322,0.505209625,0.247607201,-0.191162542,-0.0163331311,0.575512826
0.44767794,0.509630322,0.812500596,-0.0157144498,-0.0157525465,0.926770449,-0.374968588,0.137920737,-0.109303772,-0.080398865,0.201506078,0.0353530608,0.00550515298,-0.676824212,0.164218828,0.12489491,0.286899477,-0.0207912512,-0.00776648382,-0.262782335,0.014061287,0.0519041196,-0.150662661,0.406524062,0.137099355,0.488700718,0.262555063,-0.188985929,-0.0205139518,0.582189202
0.419903129,0.484259814,0.803437591,-0.0138605433,-0.0172757674,0.932424068,-0.36068663,0.208046511,-0.107048362,-0.0729695559,0.178495824,0.0220558587,0.00529915979,-0.688617766,0.200705647,0.108493537,0.253575891,-0.00058075774,-0.00729409605,-0.236340553,0.0138693433,0.0510448739,-0.163395703,0.411884576,0.138284951,0.479165316,0.27651915,-0.183322802,-0.0240633562,0.589626729
0.390774935,0.457304001,0.793819129,-0.012003148,-0.017774662,0.937305331,-0.347848743,0.278337032,-0.10807021,-0.0633779094,0.158143073,0.0104416432,0.00497301435,-0.676135063,0.23486729,0.0948582143,0.249621168,0.0206664894,-0.00706655066,-0.210968226,0.0141570764,0.0491552949,-0.161343217,0.408458412,0.137819424,0.477042884,0.287674427,-0.179189265,-0.029535776,0.595040679
0.359772652,0.428556621,0.783199251,-0.00870960113,-0.0162959825,0.94171083,-0.335915625,0.34650138,-0.112836838,-0.0526173934,0.143608317,0.00341598038,0.00447954051,-0.64794451,0.263109714,0.0850704387,0.267376781,0.0432344787,-0.00695460755,-0.184355706,0.014225591,0.0509204008,-0.14409183,0.394230992,0.133844987,0.48336041,0.296903133,-0.175382614,-0.0352642797,0.599997878
0.328233719,0.399094045,0.774133325,-0.00524503179,-0.0137313195,0.946134031,-0.323441416,0.400227338,-0.121687427,-0.0417254791,0.137331814,0.00313876197,0.00380318053,-0.624875188,0.283130556,0.0795723349,0.285856426,0.0649510249,-0.00676341401,-0.1510057,0.0147574078,0.0532165393,-0.11290291,0.372172028,0.126596987,0.49849534,0.303627104,-0.172506481,-0.0409503095,0.603157461
0.296176136,0.367782593,0.769946814,-0.000988730229,-0.00965678878,0.951025724,-0.308959365,0.437900782,-0.133551821,-0.0317653567,0.14918308,0.00987125933,0.00308400975,-0.583361983,0.293888718,0.0784806311,0.323630422,0.08576148,-0.00660234736,-0.112665601,0.0157304406,0.0562669858,-0.0691823214,0.342736155,0.115814425,0.521121204,0.30503881,-0.172575861,-0.0472103432,0.603833973
0.26466158,0.336647749,0.771952689,0.00247541862,-0.00514566433,0.956573427,-0.29143545,0.456155986,-0.147188529,-0.0241532549,0.178375959,0.0209178217,0.002444393,-0.54523313,0.296916336,0.0819790736,0.364608198,0.102902368,-0.00627257023,-0.0663754195,0.0175042227,0.061753463,-0.0173181742,0.310132176,0.103178971,0.547693968,0.298110455,-0.174967617,-0.0528849177,0.60102284
0.234098092,0.306848496,0.773430705,0.00463220337,-0.00077644072,0.962883711,-0.269875646,0.450750738,-0.159097359,-0.0193884782,0.224366307,0.034544751,0.00203668489,-0.504876018,0.301530421,0.0866734982,0.408099681,0.11385861,-0.00608131615,-0.0120113427,0.0190097205,0.0672035515,0.0401085429,0.279143512,0.0913862735,0.576688945,0.280665129,-0.180040762,-0.0575728156,0.595329642
0.20615536,0.279873371,0.782655478,0.00506815827,0.00256112078,0.968748927,-0.247978374,0.41205883,-0.166397348,-0.0160444565,0.281068951,0.0449973308,0.00220206613,-0.463857651,0.304541141,0.0935596079,0.446395367,0.119756505,-0.00584745873,0.0503172427,0.0204719976,0.0702468604,0.0993172824,0.249526069,0.0804941058,0.605802238,0.253769368,-0.184814021,-0.0601530932,0.587384343
0.18057847,0.254546821,0.793302417,0.00407591881,0.00408106716,0.972988784,-0.230780467,0.343105942,-0.165622368,-0.0125971707,0.336026579,0.04210696,0.00330272084,-0.421836853,0.302915812,0.103700563,0.472352237,0.122519702,-0.00554175768,0.117308497,0.0213897917,0.0684483722,0.15723379,0.223521307,0.0717983022,0.632657945,0.219006822,-0.1888787,-0.0615007803,0.577727735
0.156738266,0.229170993,0.803818882,0.00256749103,0.00492372597,0.975272179,-0.220937401,0.254509568,-0.149106145,-0.0100033116,0.383820444,0.0265797898,0.00536852609,-0.375158399,0.293564707,0.117824636,0.486613512,0.123433605,-0.005202075,0.182634175,0.0225249119,0.063221164,0.21032013,0.200506553,0.0636195689,0.655463159,0.182155922,-0.195367306,-0.0640933663,0.567406774
0.134944171,0.205647722,0.812940836,-0.000327991642,0.00420025736,0.975528181,-0.219834179,0.14816983,-0.114212662,-0.00954836328,0.422476381,0.00137411407,0.00795998797,-0.329569966,0.278723061,0.133785143,0.48518008,0.122794017,-0.00484478706,0.241905242,0.0230571479,0.0587013289,0.257067114,0.184165582,0.0569761954,0.673358083,0.146414474,-0.202105179,-0.0665927604,0.556967914
0.114724554,0.183961481,0.824200571,-0.00521862414,0.00197191839,0.973990083,-0.226521835,0.0257075969,-0.0651155859,-0.0116621833,0.45082745,-0.0262103826,0.0100909155,-0.288342923,0.265268505,0.148169383,0.47101745,0.120715037,-0.00456335815,0.287564933,0.024508968,0.0561556369,0.294439733,0.174874917,0.0515770502,0.685628057,0.109556228,-0.21264708,-0.0696363822,0.543841124
0.0951995552,0.163163409,0.828576386,-0.0112033859,-0.00126507925,0.970638156,-0.240280002,-0.110237956,-0.0134733189,-0.0154302856,0.465532273,-0.0508338436,0.0109390821,-0.24895227,0.25138697,0.160891056,0.448551327,0.116944559,-0.00438772235,0.314803004,0.0269475095,0.054962866,0.32380873,0.169988781,0.0464826971,0.692417204,0.0702427104,-0.226296097,-0.0725175664,0.526611984
0.074711591,0.142461494,0.828144193,-0.0173025522,-0.00484233862,0.966042161,-0.257759064,-0.249220967,0.0309071392,-0.0204803366,0.463083804,-0.0674003214,0.0104831066,-0.208818898,0.239610597,0.170718148,0.423112273,0.111305669,-0.00431735069,0.32573384,0.0299265627,0.0553596132,0.348142773,0.168985233,0.0421142951,0.696085572,0.0313756578,-0.242000967,-0.0744394585,0.506645381
0.054158628,0.12088947,0.829140484,-0.0232345071,-0.00737140048,0.960718632,-0.276451707,-0.382902086,0.0546450019,-0.0241028424,0.443087935,-0.0712464377,0.00912064966,-0.166470096,0.227160051,0.178760484,0.398857087,0.103838295,-0.00431586569,0.326074451,0.0322249755,0.0547537766,0.368143111,0.166268215,0.0378852561,0.69909668,-0.00430642068,-0.259152085,-0.0753877312,0.486762315
0.0320092291,0.0977334455,0.828456521,-0.0274414942,-0.00885224901,0.954853296,-0.29567498,-0.497097671,0.0581881218,-0.0255704578,0.408740371,-0.0629428253,0.00758348312,-0.118800916,0.21733053,0.183409885,0.377896816,0.0942193717,-0.00432381174,0.319277227,0.0345681682,0.0534837805,0.388043702,0.161858648,0.0346924178,0.703263462,-0.0343922004,-0.275462151,-0.075279057,0.468709439
0.00850560982,0.0727685541,0.825872838,-0.0299525354,-0.00912357308,0.948918879,-0.313962668,-0.584023356,0.0443927608,-0.02332085,0.36354363,-0.0471780933,0.00630551623,-0.0618879609,0.207211033,0.18585363,0.358724594,0.082266748,-0.00435684435,0.310496181,0.0358955115,0.0520648696,0.407168955,0.156617209,0.033020135,0.707759798,-0.056578204,-0.29131335,-0.0751462951,0.454035789
-0.0164000653,0.0459676124,0.820598185,-0.0302710291,-0.00783975143,0.942837,-0.33178404,-0.642956018,0.0166745055,-0.0159470327,0.314780653,-0.0274116267,0.00546892034,0.00559946056,0.198381081,0.18560411,0.340182513,0.0681144446,-0.00437341724,0.29838416,0.0361277871,0.0492526144,0.425659299,0.148253426,0.031437315,0.712853849,-0.0697614402,-0.303764552,-0.0733683854,0.444271207
-0.0431296527,0.0179197565,0.812302053,-0.0283333547,-0.00642207451,0.936862051,-0.348490328,-0.673398316,-0.0165111739,-0.00630112784,0.273625791,-0.00692021288,0.00507946545,0.0803946778,0.193686157,0.181762725,0.319977283,0.0528233275,-0.0043235505,0.281508625,0.0365660973,0.0456197411,0.443796068,0.140567183,0.0308405086,0.717818558,-0.0758586824,-0.311676085,-0.0714522377,0.439682156
-0.0698482916,-0.0111475233,0.803065777,-0.0258147083,-0.00384614686,0.93102622,-0.364017874,-0.679303348,-0.0540755801,0.00501887547,0.249734789,0.0134973219,0.00501243537,0.158153027,0.187861994,0.176434308,0.296707362,0.0373246782,-0.00420615822,0.260410875,0.0369048007,0.0426744223,0.457723022,0.130366877,0.0299488176,0.721914172,-0.0741205812,-0.315333992,-0.069026351,0.440498084
-0.097943373,-0.0410458222,0.792963445,-0.0220477954,-0.00114077493,0.925328732,-0.378522664,-0.659018874,-0.0915858448,0.0142647829,0.250930011,0.0345651954,0.00521566579,0.235426188,0.183635563,0.169003725,0.273298055,0.0241849162,-0.00396557245,0.235167459,0.0372698382,0.0397906899,0.467564583,0.11543262,0.0267531015,0.725043416,-0.063675411,-0.312185287,-0.0648729131,0.446385264
-0.127866566,-0.0728565976,0.783430815,-0.0164556149,0.00180931692,0.919865489,-0.391884536,-0.628862858,-0.125143692,0.020078823,0.265965283,0.055360727,0.00548963668,0.308807135,0.182013661,0.160295278,0.254356205,0.0161615368,-0.00351888943,0.205568612,0.0373263843,0.0352413133,0.475060552,0.101795368,0.0244704895,0.726820767,-0.0416273549,-0.302740723,-0.0598979332,0.457323223
-0.158291578,-0.105463259,0.776076376,-0.0103791421,0.00536753936,0.9142645,-0.404949337,-0.59508568,-0.155241236,0.0227665175,0.290139169,0.0746890679,0.0057280953,0.36792478,0.180288211,0.152125135,0.246989608,0.0154478205,-0.00290756673,0.168027759,0.0374273881,0.0330524892,0.478270054,0.0914832652,0.0240053125,0.72620523,-0.0106160017,-0.288495123,-0.0534525923,0.470370561
-0.189561099,-0.137875035,0.77307725,-0.00400715927,0.00862430874,0.90785104,-0.419184953,-0.551773131,-0.179608345,0.0209233314,0.324121535,0.0908988789,0.00591231743,0.408416629,0.180587009,0.145046622,0.255962253,0.0219393615,-0.00225902884,0.120867901,0.0353451595,0.0321917012,0.474213928,0.087427184,0.0262961332,0.722690344,0.0241674986,-0.271829605,-0.0461791418,0.484123886
-0.220333517,-0.168851256,0.776373267,0.00229962892,0.0106037939,0.900083303,-0.435582727,-0.506189108,-0.196277648,0.0146735413,0.362435669,0.101096198,0.00600181567,0.426599443,0.185329199,0.138644367,0.285078704,0.0325534046,-0.00181947637,0.0609756745,0.0326768719,0.0350775085,0.459456295,0.0885975286,0.0297616962,0.715665758,0.0579659939,-0.254084975,-0.0383687988,0.497065723
-0.249126628,-0.196943268,0.785530865,0.00581090618,0.0113046998,0.891076863,-0.453674436,-0.460912287,-0.207700506,0.00520229666,0.396339744,0.106019586,0.00598660996,0.410768837,0.191751465,0.133593008,0.329423398,0.0445044525,-0.00172501418,-0.00835017674,0.0301520675,0.0394084379,0.430500418,0.096363835,0.0355359875,0.705919921,0.0888776332,-0.237416297,-0.0306442678,0.508897305
-0.276413888,-0.222484648,0.7932989,0.00786009151,0.0102663087,0.882070005,-0.470941067,-0.413429111,-0.215913594,-0.00641077152,0.418940276,0.109326966,0.00585228112,0.360244453,0.20124644,0.128851503,0.382748336,0.0475896038,-0.00252485299,-0.0820054859,0.028340457,0.0432808623,0.389522612,0.111598231,0.0435367785,0.694256961,0.115984149,-0.223157302,-0.0240115393,0.518739104
-0.303170055,-0.245633155,0.806010187,0.0087825004,0.00847882498,0.874801397,-0.484327942,-0.365187824,-0.210462525,-0.0227213167,0.430938303,0.108794659,0.00566865038,0.278420419,0.204161286,0.125255167,0.43555671,0.0365623496,-0.00469391933,-0.159073099,0.0265150368,0.0444292799,0.338908583,0.132397488,0.0542219095,0.680418432,0.138708264,-0.211116239,-0.0184293184,0.527039468
-0.328339964,-0.267391056,0.814266682,0.00913937669,0.00638089189,0.870753944,-0.491592705,-0.317221731,-0.200036719,-0.0402731933,0.433841616,0.107353419,0.0054308204,0.17588076,0.192975163,0.124544293,0.48388499,0.0148343528,-0.00801601075,-0.228736743,0.0258439351,0.0478307679,0.286645651,0.158259228,0.0669417754,0.667100906,0.156549737,-0.201575816,-0.0134859169,0.533991694
-0.351976216,-0.287675023,0.822250962,0.00741139194,0.00411531888,0.870475888,-0.492138028,-0.272262812,-0.185689569,-0.0583032928,0.425952673,0.104961172,0.00514282379,0.0551030003,0.166882977,0.127482519,0.522334397,-0.0123812174,-0.01165024,-0.283461094,0.0250107311,0.0498235598,0.230841011,0.190436512,0.0824557096,0.653361619,0.169228926,-0.195271239,-0.0105539253,0.539237976
-0.374452055,-0.306892306,0.830482602,0.00428123958,0.00172474317,0.874201298,-0.485541672,-0.22834377,-0.170898139,-0.0749592707,0.408219695,0.1004555,0.00492353085,-0.0760848969,0.132122889,0.133512512,0.548041224,-0.0393970795,-0.0146828406,-0.31728211,0.0236595981,0.0507798083,0.172621772,0.226648837,0.0992528424,0.637304187,0.179513499,-0.190844536,-0.0087544322,0.543148994
-0.395792931,-0.325641632,0.834277153,-0.000537310843,-0.000649856287,0.880980551,-0.473151803,-0.184954166,-0.156971455,-0.0889657587,0.38421455,0.0951300263,0.00476564653,-0.212337837,0.097788915,0.141331181,0.554795384,-0.0616510175,-0.0161256827,-0.330288231,0.0223146286,0.0529542752,0.113944091,0.265182942,0.116129667,0.619040251,0.187229261,-0.189335793,-0.00811323337,0.545339048
-0.417699516,-0.344726354,0.837538958,-0.00502632791,-0.00298850168,0.888971746,-0.457924724,-0.139694795,-0.145232409,-0.0998594686,0.35677287,0.0878963619,0.00468408782,-0.341091245,0.07492055,0.147878051,0.539477348,-0.0735047534,-0.015770549,-0.325644612,0.0210604519,0.0540156774,0.0569443665,0.304038346,0.131659448,0.598601282,0.193865687,-0.189723894,-0.00935999397,0.546469212
-0.440351814,-0.364403278,0.837755442,-0.00886382814,-0.0056021139,0.897117376,-0.441667795,-0.0888783559,-0.133915618,-0.107455648,0.328264326,0.0787800252,0.00471156416,-0.454316229,0.0682156086,0.150662974,0.503298104,-0.074046351,-0.0143642817,-0.309142321,0.0203330014,0.0536957718,0.00296524516,0.340724409,0.144498169,0.576368213,0.203046605,-0.189577162,-0.011115538,0.547972977
-0.464359999,-0.385117561,0.835223198,-0.0114482446,-0.00797461905,0.904995382,-0.425192535,-0.0315433368,-0.122405805,-0.111886233,0.300119698,0.0680703148,0.00479434757,-0.546092927,0.0762762874,0.149454832,0.452474892,-0.065853335,-0.0127869025,-0.286987543,0.0192767605,0.053802982,-0.0459866226,0.373231143,0.154978439,0.553915143,0.21401383,-0.190714151,-0.0141778057,0.550237
-0.48954618,-0.406976134,0.831240952,-0.0129899504,-0.00950584654,0.912714124,-0.408281475,0.0320471451,-0.113753162,-0.112708062,0.271853536,0.0551758073,0.00484558288,-0.617343009,0.0929475054,0.144497901,0.393858343,-0.0519052073,-0.0113479691,-0.26063174,0.0188376624,0.0536978431,-0.087610051,0.397433549,0.161373377,0.533190906,0.226209983,-0.190684035,-0.017491322,0.554227233
-0.515707791,-0.430318087,0.825464129,-0.0134283276,-0.0108042425,0.920071006,-0.391372234,0.0984054431,-0.10567157,-0.110286988,0.244529337,0.0402794965,0.0049307514,-0.664508402,0.11736089,0.13504082,0.337871164,-0.0358968265,-0.0102164056,-0.232611075,0.0175512396,0.0523614399,-0.119657539,0.414492637,0.166061461,0.515860558,0.238084376,-0.190696687,-0.0216486715,0.559417605
-0.543079853,-0.454325348,0.816509545,-0.0122837322,-0.0122150704,0.926656604,-0.37550962,0.166198537,-0.0997077748,-0.104960509,0.219797537,0.025970228,0.00484219613,-0.686010122,0.146610245,0.12259347,0.295586348,-0.0176768005,-0.00936362892,-0.204138875,0.0170567427,0.0519659147,-0.140656203,0.423671275,0.169283345,0.503604174,0.249478638,-0.188921973,-0.0258291736,0.565586805
-0.571477652,-0.479488552,0.808136761,-0.01097818,-0.012719227,0.932393014,-0.361055285,0.234162062,-0.0983282626,-0.0966033265,0.197744668,0.0121673187,0.00464763725,-0.683261812,0.178682536,0.109927125,0.277099431,0.00215152395,-0.00882941391,-0.175971761,0.0161810219,0.0517861061,-0.148854688,0.42243728,0.169113442,0.497847825,0.259012759,-0.187850624,-0.0309954938,0.571666062
-0.601594329,-0.505945146,0.797074556,-0.00784567371,-0.0118121654,0.937513351,-0.347660333,0.303901047,-0.0993700847,-0.0866741464,0.180212259,0.00250371895,0.00428327732,-0.660269618,0.210398778,0.0997848362,0.285885155,0.025382543,-0.00846150611,-0.150169894,0.0152494228,0.0522926487,-0.142806664,0.411215186,0.165867507,0.499952316,0.268002808,-0.186406106,-0.0365485325,0.5780285
-0.633805752,-0.533557296,0.786404967,-0.00265808217,-0.0104046771,0.942429245,-0.334233224,0.370135188,-0.101587579,-0.0769201964,0.16969426,-0.000893565593,0.00370262144,-0.638886273,0.240601778,0.0924020112,0.304979056,0.0479267761,-0.00809311401,-0.122435883,0.0147718946,0.0533290058,-0.122681923,0.391437888,0.159145445,0.50992322,0.278379023,-0.183834672,-0.0409773365,0.58489573
-0.66709131,-0.562835932,0.777370751,0.00382846128,-0.00797007978,0.947461963,-0.319746286,0.42697531,-0.108429685,-0.0669310763,0.170404077,0.00326085626,0.00297295977,-0.603095829,0.264742315,0.0893051699,0.344045401,0.0696427226,-0.00780459587,-0.0933519229,0.0146645922,0.0524926595,-0.0866858065,0.365082264,0.149796233,0.528511405,0.286233872,-0.182160527,-0.0454779305,0.590351522
-0.699941278,-0.593208134,0.773671269,0.0101146568,-0.00498220697,0.953059018,-0.302574664,0.467220873,-0.119878531,-0.0576347597,0.186178192,0.01398098,0.00219426397,-0.563914955,0.282506257,0.0906580761,0.393431813,0.0869137272,-0.00756952167,-0.0602493323,0.0154457288,0.0538000613,-0.0379434861,0.334503293,0.138573378,0.55309999,0.289007872,-0.180916816,-0.0497611836,0.593268633
-0.731824338,-0.622619629,0.777739167,0.0150758335,-0.00195237191,0.959397674,-0.281646967,0.482728988,-0.133882642,-0.04998051,0.219721675,0.0285580661,0.00147565675,-0.522233129,0.296860337,0.0952580124,0.445621222,0.0979306847,-0.00734157953,-0.0198039412,0.0169894639,0.0558862016,0.018463634,0.303101808,0.12716873,0.580726266,0.2837044,-0.179576501,-0.0534865037,0.59271872
-0.761182845,-0.650315642,0.790673256,0.0172159895,0.000828887045,0.965605259,-0.259440541,0.460381329,-0.146669537,-0.0443897322,0.26916188,0.0421365388,0.00109232904,-0.476932108,0.305245757,0.103824168,0.490106642,0.104327843,-0.00706485007,0.0329683423,0.0182149708,0.0578002855,0.0766261071,0.271364897,0.11542391,0.608660758,0.268555671,-0.17779994,-0.0556867309,0.588784099
-0.787525535,-0.676143169,0.801241696,0.0167365763,0.0032577503,0.970589459,-0.240136027,0.402619988,-0.1559885,-0.0392967798,0.329849124,0.0488062203,0.00154328963,-0.432520568,0.307642817,0.116301425,0.520539582,0.107530572,-0.00674204202,0.0983290598,0.0193608105,0.0588894747,0.132653296,0.239454836,0.103413008,0.633778393,0.247460842,-0.177864239,-0.0571348369,0.582012892
-0.811036468,-0.701772809,0.810997427,0.0144719528,0.00513948454,0.973477304,-0.22826755,0.316239059,-0.154474407,-0.0341794603,0.387833267,0.0406875499,0.00319387112,-0.388386935,0.300882459,0.133698761,0.537219822,0.108653307,-0.0063785743,0.168509349,0.0196793918,0.0561852939,0.181647047,0.211123317,0.0926177949,0.654810965,0.223354742,-0.180520698,-0.0581444167,0.574127495
-0.832821846,-0.72582674,0.820123732,0.0100564258,0.00556182209,0.974477887,-0.224189371,0.204375401,-0.132682502,-0.0318752714,0.437245756,0.019135315,0.00586710544,-0.343797952,0.286386698,0.153593764,0.538367152,0.108155072,-0.006023739,0.240390435,0.020014625,0.0542506874,0.220550343,0.186180487,0.0821448863,0.669835806,0.200363025,-0.186507165,-0.0598805249,0.566074729
-0.852884054,-0.74768883,0.830092192,0.00452139508,0.00408474775,0.973330915,-0.22932449,0.0731744021,-0.0910532475,-0.0338640548,0.475959092,-0.0102827717,0.00878949091,-0.301361144,0.269201428,0.172505334,0.524350226,0.106225975,-0.00565621816,0.300052404,0.0213556476,0.0507935882,0.254762083,0.168609187,0.0734210834,0.681070447,0.173936814,-0.196416512,-0.0621200949,0.556398332
-0.871659994,-0.767981648,0.838479102,-0.0024037254,0.00128002919,0.970195711,-0.242307514,-0.0734455362,-0.042072162,-0.0387718752,0.500545382,-0.0403829254,0.0107687591,-0.263706893,0.253613204,0.188524723,0.500082016,0.102757514,-0.00536540244,0.340295613,0.0234221518,0.0489520282,0.281703413,0.157373756,0.066248998,0.688152611,0.144172654,-0.21028094,-0.0648257732,0.544699967
-0.890338182,-0.788495421,0.839592576,-0.00992658734,-0.00206521316,0.965532303,-0.260085851,-0.225622401,0.000290303229,-0.0445654839,0.505124986,-0.0630326122,0.0111126946,-0.225784123,0.237456456,0.201866031,0.471452266,0.0976668596,-0.00519038504,0.359266788,0.0270811822,0.0451326892,0.306903481,0.151618734,0.0607725605,0.692036331,0.112786762,-0.227592707,-0.068094939,0.531609774
-0.909853578,-0.808593512,0.841913819,-0.0169796254,-0.00530913426,0.960078597,-0.279163986,-0.368880808,0.0275683329,-0.0498447679,0.486952305,-0.0709926262,0.00992194843,-0.186545715,0.225180224,0.210821271,0.442453772,0.0908223316,-0.00508910837,0.360800713,0.030601019,0.0424757525,0.332150549,0.147812784,0.0562581792,0.694666266,0.0793891549,-0.246524036,-0.0706905425,0.516831994
-0.931167841,-0.831152856,0.84210515,-0.0220132638,-0.00671701459,0.954562485,-0.29712081,-0.48815468,0.0327109285,-0.0512928367,0.44696179,-0.0655760989,0.00825594645,-0.139164954,0.212959841,0.216665208,0.417607903,0.0820713788,-0.00506017543,0.35268864,0.033804141,0.0400780439,0.358740598,0.146086052,0.0534146875,0.697355092,0.048273541,-0.266643673,-0.0726562068,0.502485514
-0.954059958,-0.8551144,0.840678215,-0.0255814102,-0.00659665279,0.949248075,-0.313416988,-0.575536668,0.0210215431,-0.0484286547,0.39214626,-0.0495819449,0.00677863648,-0.0851237252,0.200967357,0.219409585,0.395410925,0.0706029236,-0.00507072406,0.338144064,0.0369655341,0.0369274132,0.388948739,0.143668562,0.0513722375,0.702108324,0.0197402705,-0.285173684,-0.0731875896,0.488886595
-0.978036821,-0.881265402,0.836475253,-0.0273413062,-0.00480641657,0.943933606,-0.328966171,-0.633235157,-0.00444165524,-0.0404912084,0.333948731,-0.0299681555,0.00582775706,-0.0215822402,0.187053367,0.220084131,0.37522456,0.0570518449,-0.00511540426,0.320414513,0.0395142101,0.0342345014,0.419227242,0.141105756,0.0510632396,0.709177136,-0.00368912914,-0.300283819,-0.0720520988,0.477514833
-1.00389159,-0.90902704,0.82990849,-0.0262481607,-0.00195257715,0.938883424,-0.343227565,-0.662434459,-0.0367901661,-0.0292639937,0.284245819,-0.00971242879,0.00535904989,0.0526352189,0.173633218,0.217945948,0.355488956,0.0418459959,-0.00516600348,0.298751295,0.0417904407,0.0307671186,0.446393609,0.133895576,0.0494299158,0.716833651,-0.0205263402,-0.309368759,-0.0693646595,0.468904167
-1.02976918,-0.937816679,0.821557283,-0.0242508538,0.0014745415,0.933659852,-0.357336074,-0.665336728,-0.0750684291,-0.016603943,0.252141833,0.0121347988,0.0052467105,0.128833175,0.160755858,0.213836178,0.333826125,0.025736155,-0.00514881313,0.273506284,0.0436052866,0.0288553573,0.469918907,0.125740036,0.0481275395,0.724396229,-0.030216638,-0.313254386,-0.0652495474,0.462312818
-1.05610061,-0.967913091,0.812202275,-0.0216161404,0.00538023794,0.928276181,-0.371223837,-0.645513117,-0.114099048,-0.00570708141,0.245862424,0.0356038138,0.00525630778,0.204232335,0.148514211,0.208173558,0.312693834,0.0112556191,-0.00497047137,0.246096447,0.0451074317,0.0268451888,0.489210993,0.114267692,0.0457771346,0.730852544,-0.0302151218,-0.312077582,-0.0613798462,0.458846897
-1.08371115,-0.999484837,0.803108037,-0.0179522745,0.00943386834,0.922388554,-0.385730535,-0.617977381,-0.151568219,0.00279271626,0.257703096,0.0589761995,0.00533569185,0.276040941,0.139406607,0.200809211,0.294871718,0.000954966352,-0.00456123566,0.215951577,0.0456282496,0.0244389512,0.50268501,0.10177628,0.0439526848,0.735501051,-0.0177583843,-0.305024475,-0.0563890338,0.459997743
-1.11208856,-1.03145397,0.795624971,-0.0138501255,0.0136778438,0.915989459,-0.400729835,-0.586084187,-0.183803141,0.00781994592,0.282036155,0.0797404051,0.00535466708,0.335838109,0.135248065,0.192297354,0.284218311,-0.00272142654,-0.0039150985,0.180651486,0.0455186926,0.0215187594,0.508466244,0.0869616121,0.0415939577,0.736890495,0.006631325,-0.294095665,-0.0504296757,0.465797395
-1.14124084,-1.06296682,0.793101072,-0.00967376586,0.0180360973,0.908959031,-0.416382819,-0.548493087,-0.212921709,0.00944481418,0.314968824,0.0963491052,0.00535265589,0.376776248,0.135477826,0.183494285,0.287795901,0.000794822176,-0.00320112705,0.139393792,0.0434829518,0.0195161123,0.504350305,0.0734527558,0.0398398414,0.734117091,0.0401362702,-0.279601693,-0.0433423743,0.475567758
-1.17034471,-1.09366322,0.796945274,-0.00474265497,0.0210529938,0.901189148,-0.432888329,-0.501178384,-0.232875317,0.0063019353,0.350922525,0.107728176,0.00531372707,0.397612631,0.142989159,0.173830554,0.310690075,0.00967562106,-0.00267081871,0.0867755488,0.0399616361,0.0197070539,0.490493864,0.0640456453,0.0393140055,0.727300167,0.0758576915,-0.262678325,-0.0353482477,0.487880379
-1.19817734,-1.12091136,0.798045337,-0.00178869953,0.0219477471,0.89275521,-0.450003684,-0.452689618,-0.244950593,-0.000939974969,0.378125727,0.114442058,0.00522818463,0.385535777,0.154531106,0.163811088,0.350383282,0.0204397198,-0.00252912147,0.0213835184,0.0366269536,0.0231579579,0.464699686,0.0600878969,0.0404098183,0.717432439,0.106958576,-0.245635435,-0.0273587536,0.499726206
-1.22511446,-1.1461345,0.809193969,-0.00028062184,0.0216344148,0.885002851,-0.465082556,-0.402328372,-0.250153482,-0.0112925377,0.394034445,0.117767788,0.00510286773,0.341373593,0.166000053,0.154560447,0.400274187,0.0265603121,-0.00304148346,-0.0510535911,0.0329363458,0.025244398,0.42394349,0.061617814,0.0433992036,0.704251647,0.133665785,-0.230674267,-0.0204017852,0.510893822
-1.25095284,-1.16904414,0.8197909,0.000398695061,0.0195440445,0.879810572,-0.47492224,-0.353212297,-0.244978502,-0.0256682895,0.399311572,0.118261769,0.00494753011,0.263195634,0.171076074,0.146867231,0.447344154,0.0186078753,-0.00478511211,-0.127782598,0.0301733781,0.0303214453,0.375406474,0.0729022846,0.0500645228,0.688256443,0.153200775,-0.217947274,-0.0148128327,0.519194007
-1.27611148,-1.19025123,0.828189552,-0.000218481888,0.0166127365,0.878192842,-0.478018135,-0.304555029,-0.233296961,-0.0417562202,0.396819144,0.117634051,0.00477775792,0.160133764,0.160105079,0.142643154,0.489075512,-0.00068146229,-0.00766836992,-0.200668901,0.0283178333,0.0345098637,0.326844037,0.0955918133,0.0620825849,0.674762905,0.165579259,-0.207983136,-0.0109411506,0.525363445
-1.29893696,-1.21026254,0.836026132,-0.00331006222,0.0133750718,0.880506396,-0.473834068,-0.264216959,-0.219423234,-0.0574645586,0.386952609,0.115574129,0.00456105825,0.0380811282,0.132760063,0.143387184,0.523626089,-0.0261945706,-0.0108612916,-0.260619372,0.0273210555,0.0374432057,0.27789405,0.124745868,0.0752885416,0.660670102,0.172096893,-0.200998947,-0.00837108586,0.5291574
-1.32077456,-1.22923589,0.844046831,-0.00816217903,0.00996582676,0.886361361,-0.462814867,-0.227449447,-0.204768389,-0.0722568184,0.370540261,0.111863874,0.00437470432,-0.0980383307,0.0992925167,0.148441389,0.545932174,-0.0519726537,-0.0134962415,-0.300944954,0.0259229057,0.036954809,0.2282096,0.160103694,0.0906435028,0.644488811,0.175575987,-0.197646677,-0.00745734945,0.531922519
-1.34165406,-1.24699497,0.847453356,-0.0142575568,0.00634210557,0.8948915,-0.446010858,-0.191639602,-0.192015246,-0.0845714062,0.350088805,0.107050285,0.00426737219,-0.24191086,0.0722070634,0.155986235,0.550085723,-0.0731075183,-0.0146851512,-0.320265055,0.0237677321,0.0373114459,0.175232187,0.200392023,0.108137794,0.626634717,0.176197961,-0.196988523,-0.00813897979,0.533158541
-1.36279154,-1.26603067,0.849558473,-0.019850092,0.00317083765,0.90375632,-0.427575052,-0.151364744,-0.179758281,-0.0944060534,0.327439904,0.101128869,0.00422704266,-0.378091842,0.0580322221,0.16321218,0.533413887,-0.0838371441,-0.0143176336,-0.323453605,0.0223320369,0.0340238959,0.126541659,0.244632199,0.127568081,0.610144973,0.178321779,-0.197862476,-0.00961822178,0.535309374
-1.38557267,-1.28624272,0.850038886,-0.0237575881,-0.000169765757,0.911706209,-0.410155267,-0.106202401,-0.168738723,-0.100889757,0.306456268,0.0937194154,0.00425014365,-0.492999792,0.062051706,0.165583283,0.496933132,-0.0808926672,-0.0129015539,-0.312291801,0.0210144836,0.0313755088,0.0818303451,0.290227443,0.146871835,0.59332639,0.186440513,-0.200033888,-0.0126188304,0.538234115
-1.40972614,-1.30811775,0.847780824,-0.0258906223,-0.00270218402,0.91941148,-0.392434657,-0.0521310605,-0.159156486,-0.10407193,0.285640001,0.0846525952,0.00433298154,-0.580691099,0.0777544752,0.163255826,0.445358157,-0.0681353956,-0.0113265906,-0.291489005,0.0198409855,0.030746378,0.0389650464,0.331123382,0.162895799,0.576049626,0.202676982,-0.202444404,-0.016552994,0.542420506
-1.43551373,-1.33117878,0.84409219,-0.0259004496,-0.00541276066,0.925556898,-0.377682835,0.0100735165,-0.148657426,-0.104906999,0.265843242,0.0736599118,0.00444111694,-0.642288625,0.102984183,0.155649111,0.387089252,-0.050678961,-0.0100074345,-0.270149827,0.0194610283,0.0257527065,0.0016669688,0.36528784,0.176486909,0.560599625,0.222985521,-0.203196198,-0.019944964,0.550081134
-1.46263659,-1.35535288,0.838239491,-0.0256136339,-0.00717170769,0.931491196,-0.362790138,0.0767718405,-0.141446128,-0.102442883,0.243870243,0.0604288355,0.00453112181,-0.68085748,0.130348727,0.144843861,0.334410787,-0.0317224376,-0.00908906013,-0.238817886,0.0192415752,0.0278647374,-0.0334763415,0.389779568,0.184419721,0.544854701,0.247155949,-0.20347394,-0.0245112814,0.558648229
-1.49061549,-1.38047266,0.828906476,-0.0235960819,-0.00754725607,0.93704468,-0.348329753,0.148894325,-0.138965681,-0.0969551131,0.22230877,0.0465998836,0.00452740956,-0.694485605,0.161392421,0.131452799,0.298786759,-0.0117402971,-0.00849365536,-0.209403127,0.0196027867,0.0276931636,-0.0587196015,0.402317405,0.187990665,0.532649994,0.271233678,-0.203819811,-0.029296346,0.568879843
-1.51986623,-1.40688038,0.817813933,-0.0206525885,-0.00796675868,0.942116737,-0.33455351,0.222209215,-0.139341548,-0.0892815813,0.201672971,0.0338189192,0.00435614586,-0.68449074,0.194839284,0.117316037,0.288392603,0.00942948274,-0.00809828006,-0.1811364,0.0198361538,0.0258379877,-0.0718825534,0.404934227,0.188792273,0.524008572,0.292627007,-0.203588769,-0.0340356864,0.580384851
-1.55092227,-1.43436861,0.806215644,-0.0159578603,-0.00684417132,0.94691819,-0.321005255,0.295758545,-0.143543065,-0.0800575241,0.185015932,0.0247402098,0.00398137653,-0.658518612,0.227127284,0.105566353,0.299514353,0.033302132,-0.00788422022,-0.154284269,0.0201840755,0.0241286345,-0.0688858628,0.395091623,0.186014131,0.52162993,0.312987119,-0.201470599,-0.0388434194,0.592748523
-1.58337307,-1.46273983,0.795706391,-0.0100635476,-0.0054434035,0.951521099,-0.307370633,0.361382484,-0.148999676,-0.0708406791,0.175354332,0.0216809735,0.00341671752,-0.633382559,0.256250322,0.0975045264,0.322797954,0.056344863,-0.00763532193,-0.125284299,0.0210555959,0.0229985882,-0.0497598164,0.373739392,0.179146573,0.526315749,0.329983115,-0.197196245,-0.0439919941,0.603848636
-1.61685908,-1.49369407,0.787058771,-0.00347179733,-0.00210948102,0.956480205,-0.29176873,0.415089816,-0.160883218,-0.061395254,0.179112554,0.0263898354,0.00270546111,-0.593525708,0.274582863,0.0953950658,0.367283672,0.0770154074,-0.00746995537,-0.0913989916,0.0219909269,0.0181830022,-0.0133100599,0.3435826,0.168930903,0.537885606,0.34379223,-0.194710612,-0.0504557863,0.613311648
-1.64965177,-1.52454937,0.784803987,0.00256176619,0.000725571241,0.961823344,-0.273658127,0.447149158,-0.173989549,-0.0535532422,0.199452564,0.0373721458,0.00192366296,-0.55316329,0.289105892,0.0970900506,0.418040246,0.0920965299,-0.00724601559,-0.0530346408,0.0231091958,0.0151191195,0.0361988656,0.307687491,0.15636535,0.554616332,0.349388391,-0.192450926,-0.0562294945,0.618179679
-1.68012679,-1.55394697,0.793155551,0.00524671236,0.00349938287,0.967750251,-0.251832366,0.447468668,-0.188521847,-0.0472064167,0.237640589,0.0507801697,0.00129667216,-0.515074492,0.295475274,0.103811927,0.469235241,0.100953355,-0.00700507825,-0.00255865627,0.0248802081,0.0156489592,0.0907914937,0.270621151,0.14150843,0.574670613,0.343793452,-0.189550549,-0.0607557818,0.617823243
-1.70788789,-1.58200097,0.806563973,0.00591933355,0.00618606154,0.973280549,-0.229459465,0.410696596,-0.202391624,-0.0418794639,0.292994142,0.0615465753,0.00129285757,-0.470133364,0.296139687,0.11383678,0.509351373,0.105760634,-0.00672222441,0.0588092133,0.0255451724,0.0178670343,0.147313252,0.23406741,0.125255913,0.597197711,0.326540738,-0.187585667,-0.0631651059,0.61319226
-1.73331153,-1.60819399,0.816562533,0.00553606078,0.00762959197,0.977272511,-0.211777329,0.34291786,-0.208566695,-0.0370196588,0.354734004,0.0611201972,0.00228321971,-0.424319148,0.29323253,0.126525745,0.534209967,0.107493915,-0.00637945905,0.12749739,0.0256323181,0.0191150121,0.200412318,0.203494191,0.110158809,0.618778467,0.299433738,-0.187220529,-0.0640414953,0.604546845
-1.75671422,-1.63418651,0.825599909,0.00376083539,0.00824851915,0.979523301,-0.201126516,0.251487762,-0.199479491,-0.0325620435,0.410981625,0.0471076667,0.00444597797,-0.377997756,0.282166958,0.143170744,0.545584023,0.107259914,-0.00603076071,0.196344361,0.0253693983,0.020142179,0.252770483,0.178669706,0.0969526023,0.639410377,0.26958254,-0.19104214,-0.0656599179,0.593819201
-1.77830899,-1.65914309,0.833909988,0.00167277863,0.0080469558,0.979931653,-0.199164301,0.14278239,-0.172013164,-0.0300351903,0.458273172,0.0231661089,0.00747260498,-0.329366773,0.265403926,0.16132766,0.543665051,0.105505623,-0.00569662359,0.256063461,0.0261142887,0.0200583674,0.298149079,0.158076465,0.0850678608,0.658734798,0.236564979,-0.197404861,-0.0673931614,0.582325757
-1.79860258,-1.68207908,0.841009378,-0.00345905218,0.00626090448,0.978463829,-0.206294551,0.0163821708,-0.126565963,-0.0312206428,0.491936177,-0.00487556169,0.0103910072,-0.286719024,0.246858254,0.178836226,0.527993202,0.102203213,-0.00539403223,0.300455272,0.0255049914,0.0176490061,0.335758984,0.144755676,0.0759834945,0.673971415,0.200809166,-0.207509547,-0.0703343153,0.569374502
-1.81768525,-1.70332026,0.84612906,-0.00853301957,0.00260419818,0.975130796,-0.221450567,-0.120682947,-0.0709328428,-0.035693571,0.511407495,-0.0323727466,0.0122621739,-0.245204076,0.232448384,0.192609936,0.503122389,0.0972751081,-0.00515986979,0.3251701,0.0268161353,0.0171169806,0.368369818,0.138887256,0.0698222294,0.686268926,0.163067535,-0.221034259,-0.0738030523,0.554702461
-1.8366704,-1.72479427,0.84884572,-0.015718298,-0.00116148696,0.970915318,-0.23890388,-0.263344198,-0.0242253169,-0.0407081656,0.508030832,-0.0509422645,0.0122532854,-0.204956934,0.217710882,0.204501212,0.473326951,0.0909522548,-0.00503692916,0.333601028,0.0288141482,0.0179096069,0.393394768,0.137131453,0.064651899,0.693548322,0.124749161,-0.238077983,-0.0780740529,0.537318528
-1.85688591,-1.74751449,0.85059309,-0.0211102087,-0.00491382042,0.966319025,-0.256432742,-0.395234376,0.00778375939,-0.0453435108,0.48102653,-0.0559884124,0.0108644133,-0.159208417,0.203035265,0.213214934,0.443864942,0.0828434378,-0.00497034471,0.325293064,0.0315443911,0.0164876692,0.411384702,0.136841238,0.0601877645,0.697062492,0.0853909627,-0.254691839,-0.0799443424,0.519265175
-1.8766191,-1.77084732,0.850234807,-0.0270773508,-0.00714934245,0.960802495,-0.275815696,-0.511312902,0.0173432454,-0.0475979969,0.430178821,-0.0460653603,0.00892730337,-0.112370193,0.188952446,0.218991861,0.413550675,0.0722548217,-0.00494403718,0.313360035,0.0340282321,0.0141002918,0.429081917,0.136210367,0.0568802878,0.699986458,0.0486354306,-0.27335304,-0.0810067803,0.501588047
-1.89987445,-1.7957685,0.84751296,-0.0300579183,-0.00810991414,0.955818355,-0.292304724,-0.59556824,0.00973404106,-0.0459743775,0.365003735,-0.0278375559,0.00719702337,-0.0525515527,0.177349746,0.220421448,0.387386799,0.0599949472,-0.00491077174,0.304309219,0.0358192287,0.0177712869,0.443079174,0.138591334,0.054809019,0.701934934,0.020107476,-0.290795743,-0.0819196329,0.48589462
-1.92380261,-1.82268333,0.842447042,-0.0308641661,-0.00710136117,0.95067656,-0.308562756,-0.650073647,-0.00881796423,-0.0396293141,0.303941488,-0.00767233549,0.00595877087,0.0130253769,0.163292781,0.220117271,0.363968998,0.0456991531,-0.00492379768,0.284840643,0.0375875831,0.013047412,0.458810389,0.137180373,0.0523109324,0.705144823,-0.00311638927,-0.303974152,-0.080629386,0.473343581
-1.94809115,-1.85038137,0.835508764,-0.0303814504,-0.00533005223,0.944612324,-0.326735616,-0.676427484,-0.0340153798,-0.028920453,0.258423835,0.0119048152,0.0052032778,0.0837903768,0.149343103,0.217244759,0.341062874,0.0297735296,-0.00493825274,0.261342466,0.0383606665,0.0124652712,0.472656459,0.132520139,0.0494086146,0.708829939,-0.0218020622,-0.314811379,-0.0765261054,0.464290828
-1.97496819,-1.87789333,0.825915813,-0.0316332057,-0.00650844211,0.939756393,-0.340315789,-0.679905474,-0.0622922033,-0.0176808108,0.237206399,0.0316888839,0.00490459101,0.151586443,0.145782024,0.209663719,0.315207273,0.0149948429,-0.00474490318,0.242318511,0.039610222,-6.19398197e-05,0.478251845,0.127571031,0.046128843,0.711758494,-0.0352838971,-0.318462104,-0.0725933835,0.458716244
-2.0013411,-1.90848553,0.816541553,-0.0278069228,-0.00420794357,0.936121702,-0.350549996,-0.655705988,-0.0904837549,-0.00754163135,0.246018335,0.0538468361,0.00484683132,0.22534667,0.137382418,0.20259726,0.29467231,0.00263655488,-0.00441592466,0.20919627,0.0402811766,-0.00898062624,0.486114353,0.118706107,0.0430003777,0.715631366,-0.0361646637,-0.315404207,-0.0663902387,0.458764881
-2.02729392,-1.94246018,0.808853507,-0.0218032971,0.00240737246,0.931571662,-0.362895519,-0.628328443,-0.124621771,0.00247052545,0.264180988,0.0746076107,0.00481265457,0.296860605,0.118943833,0.198046565,0.282355309,-0.0057156221,-0.00391687034,0.1664664,0.0382103771,-0.00422791764,0.493941844,0.106346771,0.0396378748,0.717433155,-0.0203262772,-0.307099491,-0.0578007735,0.463587195
-2.05622363,-1.9765054,0.801264882,-0.01435473,0.00715418067,0.926098645,-0.37694037,-0.5853495,-0.155396178,0.00956552662,0.295799702,0.0930785611,0.00490199914,0.357679009,0.110490225,0.190532163,0.280859023,-0.00671021314,-0.00325621897,0.122580685,0.0369382463,-0.00658043148,0.497278392,0.0984736159,0.0381802358,0.717502892,0.00531761674,-0.292612165,-0.0486697331,0.471125722
-2.08445835,-2.01004314,0.799110889,-0.00780338189,0.0105921626,0.918778241,-0.394554734,-0.541147113,-0.183176532,0.0134919407,0.330781192,0.106292404,0.00496013509,0.398230314,0.107323565,0.183229968,0.295000583,-0.00137959898,-0.00261677708,0.0694389641,0.0355607122,-0.0046110847,0.491567016,0.094713144,0.0375359319,0.713482141,0.0391204171,-0.277499825,-0.0404774845,0.479257256
-2.11264968,-2.04183364,0.79305321,-0.00262314524,0.0120213144,0.910688639,-0.412910253,-0.494092703,-0.201919779,0.012672375,0.36590603,0.113679983,0.00494624628,0.413508683,0.11225187,0.175216764,0.326969355,0.00748344697,-0.00228917389,0.00840018131,0.0334495828,0.000842758513,0.472232074,0.0987167209,0.0392037816,0.704763293,0.0772583187,-0.259853929,-0.0326367803,0.488010257
-2.13847756,-2.0705359,0.804570794,0.00012257573,0.0109255705,0.901130378,-0.433410406,-0.449064881,-0.212620601,0.00784452539,0.393533468,0.116637737,0.00490364013,0.391490966,0.122100011,0.167467013,0.376200199,0.0171795171,-0.00235790247,-0.0706720948,0.0326216817,-0.00226209499,0.442276597,0.105691299,0.042436976,0.695065081,0.112210207,-0.242108434,-0.0249713305,0.49858278
-2.16219568,-2.09629893,0.814118028,0.000795908563,0.00913576037,0.891271055,-0.453378201,-0.403297663,-0.218330801,0.000506598677,0.408736378,0.116409838,0.00479337852,0.333531797,0.137118548,0.160605967,0.435716599,0.0188796669,-0.00312075275,-0.152906984,0.0322242752,0.000842128764,0.396741658,0.120390318,0.0481494963,0.680469692,0.143254623,-0.226024255,-0.0184248295,0.50896287
-2.18636012,-2.1199069,0.823453426,0.000109864122,0.0059298547,0.883375406,-0.468628496,-0.356711835,-0.214993194,-0.0107237864,0.412954807,0.114598177,0.00460215658,0.239830747,0.147652492,0.155645266,0.491705596,0.00650128536,-0.0053265756,-0.230692446,0.0311746653,0.0030665088,0.351539731,0.141370982,0.057024207,0.668177366,0.173845112,-0.21029377,-0.0124762114,0.521561623
-2.20849419,-2.14260674,0.83158052,-0.00160192512,0.00237967516,0.878446698,-0.477831692,-0.311845183,-0.206843972,-0.0239369217,0.408157319,0.111905575,0.0043727248,0.125267297,0.146269634,0.1536154,0.542402327,-0.0152341407,-0.00817646645,-0.297423303,0.0303379707,0.00510868756,0.297204167,0.167220384,0.0686722994,0.652558565,0.20203194,-0.199305251,-0.00961393584,0.53447026
-2.23008513,-2.16425586,0.839151561,-0.00473205652,-0.00118145207,0.877519786,-0.479515731,-0.266347826,-0.195147991,-0.0381973982,0.394367695,0.108453512,0.00413667085,-0.00241686171,0.130596623,0.155418336,0.583553433,-0.0401677899,-0.0111179315,-0.344528019,0.0288998634,0.00587473344,0.240573987,0.195904046,0.0814427212,0.636979818,0.227317467,-0.191907719,-0.00883284863,0.547496915
-2.24940538,-2.18494439,0.844513059,-0.0099312868,-0.00427505095,0.880309045,-0.474277586,-0.225396842,-0.184967339,-0.0508199967,0.372498602,0.10430029,0.00391982077,-0.143199503,0.102846473,0.161766648,0.609916329,-0.0651113018,-0.0132672628,-0.369694591,0.0268569626,0.00458309753,0.181053624,0.229409933,0.0964730158,0.61840409,0.248892471,-0.188576967,-0.0105453748,0.559652984
-2.26880717,-2.20436382,0.848598361,-0.0149664124,-0.00836601388,0.885608912,-0.464115083,-0.186203182,-0.171836153,-0.0631883144,0.346049875,0.0991304219,0.00377143384,-0.282824874,0.08349967,0.168032274,0.614966691,-0.0809845552,-0.0135801435,-0.374091566,0.0255826097,0.00618400984,0.12351495,0.264778346,0.111325234,0.597522914,0.266824901,-0.187013477,-0.0131324995,0.569414854
-2.28913856,-2.22562814,0.850666821,-0.0190272536,-0.0119225662,0.892063498,-0.451351821,-0.141063631,-0.159493223,-0.0730481967,0.318906337,0.0927889049,0.00371292257,-0.408214867,0.0768961459,0.173569009,0.593832433,-0.0847260579,-0.0124251461,-0.364260554,0.0235817134,0.0101173669,0.0693249106,0.297350675,0.124144405,0.574482262,0.282312661,-0.187419102,-0.0167992711,0.576359451
-2.30968189,-2.24682999,0.850244939,-0.0224384759,-0.0152437827,0.898058593,-0.439038634,-0.0917428732,-0.149175256,-0.0797181502,0.290172547,0.0848299563,0.00372212543,-0.515363038,0.0874816999,0.175511345,0.547877252,-0.0765044242,-0.0106900595,-0.347964138,0.0215807818,0.0105215423,0.019572353,0.327839583,0.136365056,0.552466869,0.295324862,-0.188749611,-0.0210270695,0.581840813
-2.33194757,-2.26954985,0.848447323,-0.025228668,-0.0183826126,0.904164314,-0.426042765,-0.0363456048,-0.140147403,-0.0833722353,0.259719104,0.074691996,0.00376235112,-0.598569095,0.108810037,0.173482046,0.485218555,-0.0602136515,-0.00917207357,-0.325520307,0.0193761643,0.0116505101,-0.0242498629,0.351473153,0.145002618,0.531138301,0.308902323,-0.190546066,-0.0260209348,0.586880028
-2.35626054,-2.29379129,0.844291985,-0.0255876686,-0.0202570558,0.910588741,-0.412023216,0.0287239477,-0.130933136,-0.0844171047,0.230586857,0.0629308373,0.00383221311,-0.656122744,0.137555838,0.165819451,0.417741656,-0.0406537838,-0.00803846866,-0.302670926,0.0180225763,0.00960198138,-0.0565278232,0.369501352,0.152634889,0.514220297,0.320975572,-0.191966042,-0.0314496607,0.591233909
-2.38061738,-2.31906724,0.83679235,-0.0253085122,-0.0216063932,0.916798055,-0.397962272,0.0984301642,-0.125790402,-0.0820100382,0.20065397,0.0499086231,0.00386510626,-0.692433715,0.170685217,0.152229264,0.355126321,-0.0199695174,-0.00729885418,-0.278662562,0.0167492144,0.00801574718,-0.0790853128,0.381655425,0.159065396,0.501074195,0.32823962,-0.193920955,-0.0369223729,0.594762802
-2.40729165,-2.34553981,0.827906251,-0.0230380427,-0.022158796,0.922817051,-0.383910298,0.171672761,-0.123598352,-0.0770212263,0.173631877,0.036740385,0.00373917865,-0.704553723,0.207385778,0.134519741,0.310205787,0.000441822107,-0.00687420182,-0.252742261,0.0169208515,0.00640174421,-0.0885299072,0.386981189,0.163746253,0.495211273,0.333255678,-0.194794759,-0.0427307822,0.598142564
-2.43559837,-2.37405062,0.816802502,-0.0195737258,-0.0207047872,0.927929223,-0.371665865,0.24863933,-0.128001153,-0.0686205253,0.152176499,0.025615992,0.0034489606,-0.689492285,0.243100509,0.11757528,0.293445408,0.0211036447,-0.00674146879,-0.227013424,0.0163347721,0.00420527533,-0.0832400247,0.383617282,0.165200546,0.496466845,0.336901337,-0.196025237,-0.0486439764,0.600728393
-2.46485591,-2.4038496,0.805552244,-0.0144895939,-0.0181635823,0.932749748,-0.359774888,0.322759748,-0.133080393,-0.0597578175,0.133569524,0.017921377,0.00305464421,-0.657328129,0.273234099,0.10430418,0.300627381,0.0440964662,-0.00681226561,-0.196762398,0.0179576967,0.00466040568,-0.0658675879,0.371887296,0.162085727,0.505084574,0.339912742,-0.195324779,-0.0535705239,0.602686703
-2.49472475,-2.43428922,0.793389678,-0.0107428161,-0.0153912827,0.93777746,-0.346729308,0.384952784,-0.14225851,-0.0500683002,0.121741019,0.0166072845,0.00254276581,-0.632415056,0.294738054,0.0955204964,0.315441191,0.0663726032,-0.00675912015,-0.162171885,0.0205589142,0.0052759056,-0.0354688205,0.352946252,0.156192154,0.52177912,0.341295779,-0.193133458,-0.0582360066,0.604067683
-2.52496386,-2.46701431,0.785351634,-0.00654966012,-0.00983675197,0.942910016,-0.332837641,0.432657987,-0.158105433,-0.0402948,0.125731781,0.0224094857,0.00193776528,-0.592429996,0.303588927,0.0928762257,0.348841041,0.0870513096,-0.00669933204,-0.123376682,0.0225452315,0.00547628198,0.0107398229,0.327773601,0.148075804,0.547240317,0.337872386,-0.190973595,-0.0623990297,0.604336917
-2.55511355,-2.49914241,0.782112956,-0.00602645939,-0.00496446947,0.949601531,-0.313362449,0.453057319,-0.173067555,-0.0340730324,0.146219671,0.0342592411,0.00124738785,-0.563088357,0.308958501,0.0934713483,0.392482221,0.100180089,-0.00660683261,-0.0711136535,0.0235356204,0.00999071449,0.0567992441,0.300097615,0.137587801,0.569402754,0.329546094,-0.189244196,-0.0663439706,0.602967262
-2.58365822,-2.52930593,0.789772511,-0.00501013221,-0.00013981259,0.957653761,-0.287878662,0.446614563,-0.187866405,-0.031160688,0.188154906,0.0482072271,0.000671451504,-0.526711941,0.312671959,0.0968223736,0.442839056,0.107178718,-0.00647151982,-0.013340476,0.0257765446,0.020139249,0.110204078,0.270647556,0.126053289,0.593868434,0.309068173,-0.185970634,-0.06811551,0.598036706
-2.60880184,-2.55658245,0.807040095,-0.00772573892,0.00245642988,0.98261565,-0.18547453,0.398874342,-0.199135602,-0.0310572442,0.24506405,0.0607482493,0.000665278174,-0.490260243,0.31306985,0.103546865,0.481003553,0.11025615,-0.00624308456,0.0515670031,0.0276890062,0.021442648,0.165081322,0.239774972,0.112919666,0.619393289,0.275497139,-0.183270469,-0.0681538731,0.590070963
