-0.252304971,0.289367378,0.772809386,0.015172747,8.30799618e-05,0.658709943,0.752243936,0.0782371312,0.0362350345,0.135474071,0.0450267196,0.0303706657,-0.000101877064,-0.0242201313,-0.00525507703,0.0514390059,0.150579751,0.010120837,0.00068542076,0.043773517,0.0319231935,0.0550530218,0.208360553,0.163684145,-0.00551003916,0.636431694,0.156410813,-0.181897059,0.0701698363,0.534309566
-0.251035631,0.290227503,0.772427499,0.0157945827,-0.000138301417,0.659166038,0.751831591,0.080350779,0.036868155,0.13509436,0.0457609296,0.0304549523,-0.000119443845,-0.0211902317,-0.00424000574,0.0512791723,0.151456103,0.0104922252,0.000668173656,0.044958204,0.0307055358,0.0528681464,0.21090503,0.164537117,-0.00452994369,0.637370348,0.161071107,-0.18974483,0.0632077232,0.537117183
-0.250890672,0.288709611,0.772994101,0.0161583349,0.00175967312,0.659579933,0.751458645,0.0752581581,0.0309581459,0.13585712,0.0445167944,0.0324358866,-0.000274573802,-0.0256601553,-0.0075948583,0.0525323376,0.150787219,0.0105461776,0.00067618204,0.0458675474,0.0310481805,0.054202076,0.211844057,0.164986834,-0.00280749239,0.639626622,0.159385219,-0.199153632,0.0526525602,0.539748847
-0.25015226,0.288598359,0.77360332,0.0164654609,0.00270668953,0.660065293,0.751022875,0.0730032697,0.0283261426,0.135732695,0.0448438823,0.0347349122,-0.000365233369,-0.0273336452,-0.00928260852,0.0534537621,0.151738092,0.010378452,0.000649937545,0.046822533,0.0306253713,0.0544467531,0.21437259,0.167129472,-0.000897251652,0.641471505,0.157345742,-0.204607666,0.0437865183,0.540438175
-0.249032423,0.289513469,0.773208976,0.017091509,0.00266519608,0.660512686,0.750615597,0.0752643496,0.0291532688,0.134807393,0.0455369614,0.0365615487,-0.000389135472,-0.0243839733,-0.00918961782,0.0537597612,0.153203487,0.0105264122,0.000627486559,0.0481753238,0.0311340056,0.0555448756,0.217801169,0.168787241,0.000649263966,0.643654644,0.156923532,-0.206851274,0.0363789983,0.541600645
-0.247165486,0.290619344,0.773386359,0.0181205943,0.00236400799,0.660868764,0.750279009,0.0784203187,0.0297142081,0.133746251,0.0457207747,0.0383237302,-0.000446442195,-0.0216426644,-0.00840610359,0.0539609045,0.154176578,0.010469838,0.000611337775,0.0487516448,0.0307887755,0.0543934591,0.221849069,0.167679504,0.00159116508,0.646417141,0.157446593,-0.206054404,0.0316242427,0.543072522
-0.24590157,0.291122586,0.773268878,0.0186094046,0.0022337297,0.661251009,0.749930501,0.0804804862,0.0304786135,0.132895246,0.04521228,0.0397995003,-0.000476691028,-0.0193365309,-0.00738092279,0.0540341996,0.154588878,0.0103346761,0.00060153415,0.0493625775,0.0310104955,0.0542915352,0.226425827,0.167369515,0.00258079614,0.649214149,0.158312693,-0.204823375,0.0276102647,0.544409752
-0.24478057,0.291955382,0.773485303,0.0191607568,0.00252106506,0.661556542,0.749646187,0.082665883,0.0307127945,0.132386357,0.0445806906,0.0409050211,-0.000510102313,-0.0170506611,-0.0078641735,0.0544559918,0.154716358,0.0100584188,0.000580019725,0.0494339876,0.0306233987,0.0540205576,0.23036845,0.165656418,0.00288497144,0.651235759,0.157364875,-0.20646739,0.0229236968,0.54504627
-0.244068354,0.291307837,0.773570538,0.0193850994,0.00330030569,0.661907196,0.749327838,0.0815935284,0.0299031641,0.132363901,0.0430780649,0.0421728455,-0.000563596957,-0.0181367099,-0.00838734116,0.0546836928,0.153823823,0.00965170469,0.00059625,0.0492370389,0.0305476747,0.0553428717,0.233007595,0.162978694,0.00251813652,0.653034806,0.154906139,-0.207010999,0.0198751129,0.54527545
-0.243414834,0.291569173,0.773789465,0.0193905663,0.00371240778,0.662368298,0.748918235,0.0816291422,0.0298952591,0.132062927,0.0424633212,0.0432276018,-0.000602758955,-0.0180598479,-0.00880902633,0.0549963489,0.154047206,0.00922971033,0.000583087502,0.0493259951,0.0302004945,0.0547460355,0.23392947,0.160627499,0.00277167861,0.653927207,0.152722269,-0.20675981,0.0168039333,0.545190215
-0.242546573,0.291531712,0.773646474,0.0193903521,0.00425504288,0.662791789,0.748540521,0.0807871595,0.0306488015,0.131637543,0.0416291878,0.0441068262,-0.000638259284,-0.0191892907,-0.00828004628,0.0549473539,0.154163525,0.00889082812,0.000606104732,0.049475126,0.029945109,0.0545890816,0.234305963,0.157428324,0.00179698551,0.654177368,0.151606098,-0.20440796,0.0152359493,0.544906855
-0.241812751,0.291752875,0.773818016,0.0195984971,0.00420846697,0.663108826,0.748254538,0.0807891563,0.0313275978,0.131058261,0.0419106595,0.0451753661,-0.000669609697,-0.0188781545,-0.00759093231,0.0549987517,0.15489696,0.00842875149,0.000616023317,0.0497830138,0.0297923964,0.05522101,0.233162269,0.154777423,0.000693129492,0.652739942,0.151381314,-0.203133777,0.0139313741,0.544785678
-0.241218999,0.292295337,0.773693383,0.0199893806,0.00407125149,0.663320065,0.748057723,0.0826590732,0.0321218446,0.130493388,0.0422917269,0.0458814576,-0.000679216406,-0.0167064145,-0.00724869082,0.0549836978,0.155581594,0.00810032524,0.000626449473,0.0498873293,0.0296701714,0.0555546023,0.232590124,0.152947843,-0.00015717838,0.651213586,0.150975823,-0.201178327,0.0127906948,0.544608474
-0.240832493,0.292580992,0.773726165,0.0201781187,0.00401101355,0.66344738,0.747940063,0.0832713619,0.0320870541,0.130178019,0.0422215387,0.0465087257,-0.00071319734,-0.0153742516,-0.00724902283,0.0551276766,0.155225202,0.00766800717,0.000629735354,0.0498003401,0.0294353217,0.0551075488,0.234233484,0.152929038,0.000700096425,0.652366281,0.150731787,-0.200841308,0.0112802098,0.54440856
-0.240590259,0.2926687,0.773623168,0.0203536265,0.00391307566,0.663511992,0.747878492,0.083857283,0.0321325622,0.129868731,0.0422148965,0.0471846685,-0.000729541993,-0.0143230474,-0.00693341997,0.0551051646,0.154750228,0.00720178289,0.000648118847,0.0494169146,0.0300419703,0.0551976785,0.233821824,0.153328046,0.00138906669,0.6525774,0.150037885,-0.200001717,0.010261449,0.544275224
-0.240283787,0.292830557,0.773422718,0.0208030958,0.00378684187,0.663458526,0.747914195,0.0845949575,0.0321146026,0.129636616,0.0429200567,0.0475148745,-0.000751591637,-0.0130982269,-0.00718545215,0.0551030375,0.154754162,0.00700296182,0.000662379724,0.0492744185,0.0302290209,0.0545523837,0.232141644,0.154575676,0.00250364235,0.652351201,0.149572536,-0.197423562,0.00997543242,0.544763207
-0.240054384,0.292649478,0.773173094,0.021016743,0.00374487322,0.663341939,0.748011887,0.0842504501,0.0320697986,0.129410014,0.043212533,0.047942061,-0.000774195185,-0.013326386,-0.00666999398,0.0551087335,0.154158905,0.00690635713,0.000709401618,0.0482919626,0.0300124586,0.0546205193,0.230336621,0.155929193,0.00347864884,0.651830077,0.150332332,-0.194967836,0.010216265,0.545013666
-0.24006924,0.292708248,0.773441195,0.0212913081,0.00351294456,0.663316011,0.748028219,0.0852729976,0.0325464346,0.129012987,0.0436327718,0.048272673,-0.000777890207,-0.0121632665,-0.00660885219,0.0549161769,0.154193968,0.00673574628,0.000731072621,0.0478465855,0.0300779864,0.0543570407,0.229060739,0.157912478,0.0044049765,0.651116788,0.150537774,-0.193842709,0.010012188,0.545054376
-0.240305588,0.292637497,0.773581386,0.021527499,0.003386328,0.663396239,0.747950852,0.0856472328,0.0314684547,0.128865287,0.0438172705,0.0487843677,-0.000802924391,-0.0116489073,-0.00741969375,0.0550671779,0.15415743,0.00644818461,0.000727108854,0.0472485833,0.0301230121,0.0543737002,0.227494374,0.15939559,0.00539697567,0.650397718,0.150863796,-0.193423018,0.00954294298,0.544819474
-0.240914762,0.292859644,0.773505926,0.0218077675,0.00305250101,0.663719893,0.747657061,0.086980097,0.0307161659,0.128880575,0.043957144,0.0490788855,-0.000810339639,-0.0102886027,-0.00820500311,0.0552833304,0.154415831,0.00627832627,0.000743786164,0.0469675697,0.0303158276,0.0539513789,0.225603923,0.160759047,0.00618119445,0.648878872,0.151893675,-0.193510026,0.00901108142,0.544919729
-0.241463855,0.292722553,0.773594141,0.0221276525,0.00294410181,0.664157927,0.747259021,0.0880506039,0.0300849471,0.128846779,0.0431029201,0.0492131189,-0.000816149695,-0.00928040035,-0.00925574079,0.0554179028,0.154138193,0.00608507916,0.000758647977,0.0472797416,0.0300415419,0.0539849885,0.224095345,0.162049353,0.00707884179,0.647752762,0.153814331,-0.195434779,0.00768575771,0.545104444
-0.241966128,0.292624444,0.773501813,0.0221720375,0.00254499936,0.664506376,0.746949255,0.0883763433,0.0293764714,0.128630102,0.0425472856,0.0496444106,-0.000833941682,-0.00816045515,-0.00977212004,0.055580575,0.153887615,0.00589302834,0.000754372682,0.0476032533,0.0301928706,0.0540487021,0.222094342,0.163951293,0.00865934417,0.64718926,0.155262023,-0.196781263,0.00648936071,0.545740604
-0.242556706,0.292047471,0.773569524,0.0221567526,0.0024724286,0.664811492,0.746678472,0.0876609534,0.0289646182,0.128691599,0.0418661088,0.0497961566,-0.000847812044,-0.00876714382,-0.0103453612,0.0555437542,0.15347074,0.00572384801,0.000782361603,0.0473237522,0.0303667951,0.0546841472,0.220265314,0.165777728,0.0097039789,0.646782458,0.156078026,-0.198048681,0.00560758729,0.546164036
-0.243121713,0.291757524,0.773557246,0.0219771713,0.00237281877,0.665140927,0.746390641,0.0873935148,0.028661672,0.128724545,0.0413199179,0.0499115735,-0.000854344515,-0.00873755757,-0.0108183278,0.0554339252,0.153120488,0.00565988338,0.000791925821,0.0474313051,0.0302297678,0.0549302027,0.219040364,0.168103084,0.010413426,0.646355033,0.156962931,-0.198619738,0.00526192458,0.546674192
-0.243665308,0.290553331,0.773246408,0.0214756336,0.00222368329,0.665346265,0.746222556,0.0848488137,0.0290806536,0.128825068,0.0404876471,0.0500108562,-0.000873721961,-0.0108785816,-0.00978499185,0.0549344942,0.152244613,0.00582010858,0.000846329785,0.0473693125,0.030080691,0.0566478148,0.217332929,0.170535892,0.0109014641,0.645752907,0.156571269,-0.198266387,0.00520793302,0.546822429
-0.24434334,0.290109545,0.773474216,0.021260621,0.0020806687,0.665446341,0.746139884,0.0838965327,0.0292534139,0.128785402,0.0408014245,0.0501494259,-0.000874629186,-0.0116009591,-0.00964983366,0.0545979999,0.152158931,0.00602588756,0.000888958515,0.0470495038,0.0301399641,0.0567880087,0.216725245,0.173474565,0.011538513,0.64597255,0.156377509,-0.198773146,0.00502737146,0.547103167
-0.24532716,0.28970328,0.773747265,0.0209517591,0.00222287816,0.665521324,0.746081412,0.0824783444,0.0278752446,0.129057765,0.0406382792,0.0505308397,-0.000875873782,-0.0128755905,-0.0107047986,0.0545924678,0.152138352,0.00605216948,0.000899136765,0.0466187149,0.0305892322,0.0567637533,0.216366976,0.175245568,0.0111926477,0.646151423,0.155645624,-0.198250309,0.00514207222,0.546787441
-0.246174797,0.289265722,0.77369833,0.0206960496,0.00230054348,0.665548861,0.746063709,0.0816942602,0.0275025535,0.129353568,0.0403402038,0.0506091751,-0.000864026428,-0.0140430927,-0.011235401,0.0543755852,0.151980594,0.00615351601,0.000927681569,0.0459332876,0.03086414,0.0567861535,0.216745511,0.177836657,0.010459777,0.646125138,0.154680952,-0.197402939,0.00561961718,0.546609044
-0.246740162,0.288965017,0.773322403,0.0202660393,0.00189014978,0.665631235,0.74600327,0.0820438638,0.0281907078,0.129263625,0.03996123,0.0505569428,-0.000855476421,-0.0137236165,-0.0108108055,0.0539760701,0.152033299,0.00658313511,0.000923931308,0.0452967957,0.030551143,0.0563390963,0.217999548,0.180785403,0.0100026578,0.646586537,0.154137477,-0.195070252,0.00659359293,0.546421587
-0.247641221,0.287799209,0.773019969,0.0199370626,0.00219669961,0.665799081,0.745861411,0.0791044682,0.0269639343,0.129903466,0.0387840644,0.0505251326,-0.00086656661,-0.0169519726,-0.0108823935,0.0540127791,0.151205927,0.00702901557,0.000983488047,0.0444738306,0.030506162,0.0568253249,0.217496932,0.181306645,0.00937773846,0.646953881,0.151947021,-0.194502845,0.00665256009,0.545932055
-0.247783348,0.286526173,0.773219705,0.019122174,0.00222927029,0.665984869,0.74571681,0.0758460164,0.0279371403,0.129942462,0.0381938666,0.0506638549,-0.000880088075,-0.020210458,-0.00950445887,0.0532209426,0.151064441,0.00741563598,0.000990503468,0.0446223207,0.0306483377,0.0574622527,0.216907859,0.183619812,0.00953043811,0.647310376,0.151232108,-0.193272457,0.00714559713,0.545776904
-0.248401642,0.286067307,0.773270726,0.0189701952,0.00230839895,0.666106284,0.745612025,0.0744305849,0.0278666951,0.130194962,0.0387809165,0.0507853664,-0.000863544003,-0.022079356,-0.0104876859,0.0534185618,0.15209575,0.00786481332,0.000977691612,0.0442903079,0.0311474167,0.0575326867,0.216928437,0.184777021,0.00938055944,0.647616386,0.150629222,-0.191869035,0.0078258086,0.545524657
-0.24872832,0.284982413,0.77324158,0.0184580572,0.00249693403,0.66619736,0.745542884,0.0712772161,0.0282029491,0.13036032,0.0391035713,0.0508882813,-0.000865341339,-0.0251395497,-0.00994069781,0.0529731065,0.15286158,0.00831482373,0.000989447697,0.0444966406,0.0309777688,0.0576319136,0.216525495,0.185682029,0.0091730142,0.647533059,0.150320902,-0.192151204,0.00833061617,0.544883907
-0.249422103,0.284371674,0.773656547,0.0185869485,0.00306537841,0.666192591,0.745541751,0.069297649,0.0255531501,0.131001264,0.0397855863,0.0510531664,-0.000871548546,-0.027308505,-0.0117953923,0.0533370078,0.153793439,0.0085007241,0.000990860164,0.0444312468,0.0313694142,0.0574056618,0.216569409,0.184978828,0.00839643739,0.647449911,0.150366873,-0.190858915,0.0090061808,0.544900477
-0.249834269,0.284163803,0.77395314,0.0189437866,0.00296830828,0.666218877,0.745509684,0.0690413639,0.0242224056,0.131102636,0.0409342572,0.0514577553,-0.000862131012,-0.0279966481,-0.0135600111,0.0538512096,0.155488431,0.00854867697,0.000952901377,0.0445958525,0.0314489827,0.057851512,0.216779768,0.184013993,0.00757821044,0.647530437,0.150693059,-0.190049857,0.00937485881,0.545115709
-0.25025785,0.283858001,0.773687303,0.0190328434,0.00269970926,0.666244388,0.745485663,0.0695259422,0.0247359984,0.130976468,0.0414149426,0.0514698438,-0.000833110127,-0.0278658215,-0.0139221828,0.0540482067,0.156699061,0.00879220013,0.000948682195,0.0445499979,0.0317161642,0.0582368486,0.217103139,0.183631524,0.00703517627,0.647749484,0.150998458,-0.190070793,0.00937899668,0.545045495
-0.250713855,0.283260107,0.77417928,0.0193515681,0.00328835449,0.666330636,0.745398045,0.0680295452,0.0219452605,0.131540507,0.0411626287,0.0517674051,-0.000849647098,-0.030101873,-0.0161259677,0.0547477305,0.157607779,0.00870460737,0.00094987324,0.0442804173,0.0315481983,0.058297582,0.216967091,0.182112083,0.00587916654,0.647646785,0.151933715,-0.189747602,0.0101579875,0.54522723
-0.250919193,0.283448607,0.773947895,0.0195841156,0.00292917318,0.666496098,0.745245457,0.0695484355,0.022531759,0.131395414,0.0414278693,0.051776275,-0.000815859239,-0.0292351041,-0.0161687117,0.0549057573,0.159549072,0.00889396016,0.000952275761,0.0444456823,0.0314501375,0.0569888167,0.217980474,0.181819305,0.00551238144,0.6482324,0.152608722,-0.191090196,0.00950514339,0.545523763
-0.251102835,0.283317178,0.774243236,0.0198592562,0.0029741684,0.666620195,0.745127022,0.0707301646,0.0220248457,0.131382421,0.0405112468,0.0518757328,-0.000800782756,-0.0304226,-0.0167865343,0.0552718677,0.161472932,0.00883260556,0.000958084303,0.0435839891,0.0313805267,0.0563497804,0.219203278,0.181590661,0.00506065227,0.648686528,0.153212249,-0.191586807,0.00915972237,0.546227753
-0.251483589,0.282837033,0.77406168,0.0202664211,0.00294600334,0.666780591,0.744972706,0.0710450113,0.0208595395,0.131609842,0.039246399,0.0521543957,-0.00080476416,-0.0314414091,-0.0173168182,0.0557443649,0.163151711,0.00891460013,0.000989937922,0.0431419164,0.0310523454,0.0567397512,0.219192162,0.180394232,0.00398185896,0.648484588,0.154175743,-0.191378251,0.00967300218,0.547077358
-0.251462281,0.282671511,0.774044514,0.0203855727,0.00270672655,0.666960955,0.744808912,0.0716239214,0.0215257965,0.131351545,0.0384780616,0.0522436649,-0.000800422276,-0.0318026096,-0.0167563409,0.0558681786,0.16492407,0.00907574873,0.00100884656,0.0433056951,0.0309153926,0.0563073233,0.219102144,0.180419579,0.00373592554,0.64838469,0.154291123,-0.193119228,0.00836721528,0.547410965
-0.251693368,0.282528967,0.774159908,0.0205920376,0.00207316037,0.667141199,0.744643748,0.0725183561,0.0216207597,0.131062746,0.0385322496,0.0525065735,-0.000795116764,-0.0311583858,-0.0165308714,0.0560516939,0.166645557,0.00914884452,0.000997835654,0.0439870842,0.031499926,0.0569329523,0.218726262,0.180238232,0.00342605845,0.648452938,0.154572949,-0.194061339,0.00743273785,0.548213899
-0.251642048,0.282919914,0.773801327,0.0210216586,0.00186981272,0.667369783,0.744427443,0.0736508071,0.0221117921,0.130637512,0.0392349325,0.052589111,-0.000772906234,-0.0295317881,-0.0166237187,0.0566416979,0.167633399,0.0093492493,0.00100235315,0.0448828228,0.031492386,0.0560622923,0.219095796,0.180733934,0.00337348389,0.648607194,0.155721366,-0.194378048,0.00672415271,0.548809767
-0.251424164,0.282368094,0.774273455,0.0210987497,0.00208616233,0.667613745,0.744205892,0.0711024702,0.0232872479,0.129890725,0.0402847528,0.052840583,-0.000773740292,-0.0308607165,-0.0163116455,0.0566584431,0.16782175,0.00913056452,0.00101684686,0.0468223765,0.0313804187,0.0556507371,0.218537137,0.181274489,0.003360498,0.648335874,0.156650811,-0.194723159,0.00636873115,0.54915005
-0.250567377,0.282337666,0.774211228,0.0208677538,0.00177497556,0.668145776,0.743735611,0.069287844,0.0267519634,0.128219873,0.0433011428,0.0531950369,-0.000771647843,-0.0303795654,-0.0142651796,0.0561038479,0.168820277,0.00910052471,0.000999254407,0.0489919111,0.0316153765,0.0556630343,0.218235075,0.182655632,0.00357002672,0.648054302,0.156630367,-0.192894056,0.00693053054,0.549175203
-0.249178261,0.281348079,0.774536192,0.0202448778,0.00152753969,0.669434905,0.742593229,0.0645421892,0.0309622604,0.125848234,0.0467369035,0.0539978482,-0.000818379223,-0.0331408195,-0.0102704316,0.0549199469,0.169929609,0.00888978783,0.00100753456,0.0526454337,0.0320239477,0.0564240962,0.215853631,0.184101969,0.00312355859,0.646428168,0.156720966,-0.191637933,0.00770650059,0.548678339
-0.247100309,0.28060028,0.774234295,0.019323593,0.00132635341,0.671655893,0.740610003,0.0585147105,0.0377877988,0.12244039,0.0518932045,0.0545089245,-0.000858688029,-0.0349427685,-0.00501054991,0.0535102859,0.172169253,0.00912107714,0.000986349653,0.0582882613,0.0328920148,0.0557922795,0.213415712,0.186894298,0.00398838799,0.645347714,0.158115029,-0.190929577,0.00873689074,0.547937512
-0.244068071,0.278136045,0.773861289,0.0175457094,0.00211966643,0.6752069,0.737416685,0.0450160131,0.045449689,0.118764631,0.0574563146,0.0549430251,-0.000959242636,-0.042316433,0.00246627582,0.0511114672,0.174018025,0.00958866999,0.000987889362,0.066100508,0.0338535868,0.0567686558,0.207147315,0.190020502,0.00499830721,0.64275229,0.159292802,-0.189053059,0.010881287,0.546454251
-0.241315454,0.275783956,0.773671925,0.0156029426,0.00360260857,0.680507123,0.732566476,0.0290386863,0.0511436649,0.115421757,0.0646944493,0.0553405136,-0.00108304573,-0.0511486009,0.00846016407,0.0490414985,0.177009985,0.0104095563,0.000961710757,0.0767180547,0.0353443511,0.0564853363,0.201230884,0.194090113,0.00678007863,0.640359461,0.160312861,-0.190296084,0.0123257115,0.544058144
-0.237468466,0.271453083,0.773104429,0.0120892553,0.0061834394,0.687307239,0.72623986,0.00595179806,0.0588373058,0.111526363,0.0698045418,0.0556180105,-0.00124484394,-0.0667646006,0.0167146586,0.0457837656,0.179481387,0.0114712575,0.000906625239,0.0898291692,0.0370378792,0.0556624159,0.191742748,0.198125854,0.00973931793,0.637022436,0.162037119,-0.191873506,0.0136835054,0.541169345
-0.232924774,0.265710771,0.772266686,0.00761677744,0.00914803706,0.695327103,0.718594909,-0.0221310202,0.0692612156,0.106661461,0.074337393,0.0561334155,-0.0014216149,-0.0842794776,0.026387047,0.041601412,0.181468442,0.0133148897,0.000842491456,0.103670478,0.0390232541,0.0572080687,0.179206595,0.203634039,0.0137638748,0.632186174,0.162712663,-0.192032099,0.0164662804,0.537194133
-0.228331536,0.258297563,0.771850049,0.00238240836,0.0125812301,0.704765379,0.709324896,-0.0572143383,0.0818814337,0.100890383,0.0792769194,0.0572036952,-0.00158974377,-0.106279358,0.0339553468,0.0376879647,0.18236661,0.0156546887,0.000724631594,0.118973561,0.0417512357,0.0589563921,0.165333182,0.208835632,0.0182182528,0.627363145,0.162484393,-0.194700986,0.0181387439,0.53274399
-0.223521605,0.249663934,0.770965517,-0.00403581373,0.017578952,0.714892149,0.699002147,-0.0994068086,0.0932097733,0.0945550725,0.0849440992,0.0591251776,-0.0017837726,-0.133630991,0.0403822809,0.0337874107,0.182599679,0.0188949648,0.000628824986,0.135438532,0.0431512333,0.0620365031,0.149248183,0.211506993,0.022604594,0.622082293,0.159855559,-0.201045975,0.0202006157,0.5267452
-0.219607025,0.240611956,0.769853473,-0.0100169145,0.0233525541,0.724973798,0.688307524,-0.142372578,0.0987296849,0.088267155,0.094720535,0.0615081564,-0.00195077504,-0.162490427,0.0439141095,0.0304022785,0.183733672,0.0226513576,0.000547708245,0.150081888,0.0437835306,0.0627502054,0.136089474,0.21430406,0.0273852143,0.618007541,0.157016903,-0.212526292,0.0202963445,0.519307017
-0.216562405,0.231951594,0.769056141,-0.0143950526,0.0273062084,0.734498143,0.677908242,-0.174491525,0.098193191,0.0818023309,0.11615783,0.0627781153,-0.0021230448,-0.185414404,0.0455783308,0.0272870809,0.187367246,0.0266055837,0.00043688828,0.162497878,0.0439497828,0.0649512932,0.126683414,0.213840619,0.0315797329,0.614851356,0.155691668,-0.223949015,0.0220834967,0.511447847
-0.213853166,0.224172205,0.768487394,-0.0169980451,0.0296474248,0.743136764,0.668266296,-0.191092953,0.0905592516,0.0762640536,0.157390505,0.0628338829,-0.00245859474,-0.202687845,0.0448643267,0.0248547941,0.19261843,0.0308073349,0.000324145571,0.170661226,0.0435194038,0.06298621,0.123542331,0.211669013,0.0344554372,0.615285695,0.156332761,-0.235656381,0.0251608863,0.505865574
-0.212182701,0.216825217,0.768799901,-0.0167573243,0.0305813979,0.750285149,0.660194039,-0.19602038,0.0770833865,0.0723412111,0.21922189,0.0618982054,-0.00287260604,-0.213655099,0.0394344442,0.0237759035,0.199362144,0.0350898281,0.000238236971,0.17977719,0.0427272245,0.0590949431,0.130334631,0.212041721,0.0361445211,0.618163645,0.162694126,-0.246223629,0.0277000386,0.503755927
-0.211180031,0.210373104,0.769947469,-0.0144250141,0.0298947096,0.755379736,0.654446244,-0.191436112,0.0649809688,0.0672085136,0.296545923,0.0592703074,-0.0031128726,-0.219292089,0.0335051194,0.0232643783,0.207922071,0.0393329524,0.000184202334,0.185084239,0.0408032425,0.0507879891,0.146953642,0.210768864,0.0374715105,0.625393331,0.171916753,-0.254670113,0.0288531482,0.504699707
-0.210944772,0.20383577,0.77113694,-0.0116358139,0.0276505724,0.758467674,0.651019812,-0.18461892,0.0575894713,0.0588258728,0.381604016,0.055380322,-0.00316702388,-0.223320901,0.0293931607,0.0223779157,0.217527106,0.0430591628,0.000144041114,0.189383999,0.039886158,0.0443289503,0.170757025,0.210239619,0.0389622375,0.634420633,0.184343964,-0.257614076,0.0296442043,0.507206023
-0.211543038,0.197889492,0.769004166,-0.00809523836,0.0242636278,0.759381473,0.65014267,-0.171631217,0.0537235998,0.0470111445,0.468198299,0.0516184047,-0.00290022022,-0.224565506,0.0269906372,0.0214988142,0.228158772,0.0462445877,0.000105303901,0.193278268,0.0388074256,0.0371747278,0.200923681,0.210511997,0.040933799,0.645008564,0.19734557,-0.258101553,0.0277798455,0.512121081
-0.2127534,0.192000553,0.767646909,-0.00441699382,0.0208005849,0.758646727,0.651155114,-0.1547703,0.0527674966,0.0318461731,0.544978619,0.0492241718,-0.00225611194,-0.226474836,0.0250659995,0.0211492851,0.239538133,0.0487365052,7.31378605e-05,0.195521057,0.0388233513,0.0314804204,0.235183135,0.211060375,0.0425077192,0.656513989,0.209856719,-0.254911602,0.0261631384,0.517573655
-0.214966208,0.185231835,0.765895724,-0.000741605356,0.0174301676,0.756498158,0.653763056,-0.133044153,0.0514851734,0.0146693811,0.601982534,0.0479319096,-0.00146333268,-0.230392665,0.0233610105,0.0209284239,0.250846475,0.0502179787,7.65051154e-05,0.199563488,0.0390260965,0.0249561388,0.269990206,0.21103774,0.043944668,0.668122828,0.221946836,-0.249913171,0.0241532102,0.524234414
-0.218424499,0.177881137,0.764325678,0.00365143083,0.0148412092,0.753025115,0.657814264,-0.104031526,0.0450906903,-0.0017790905,0.631895483,0.0472748429,-0.000774367712,-0.235050306,0.017320266,0.0226666462,0.263067842,0.0508530699,6.40583385e-05,0.202043712,0.0391480178,0.0206611361,0.304215223,0.208598003,0.0441444553,0.679815829,0.233604863,-0.243703842,0.021435516,0.532100558
-0.223373383,0.16833885,0.762187004,0.00774556817,0.0134038627,0.748491049,0.662964165,-0.0748925433,0.0320967883,-0.0160230529,0.628456473,0.0445078909,-0.000296641607,-0.245538428,0.00850891229,0.0255063642,0.27477777,0.0503843017,9.23259649e-05,0.202402592,0.0394476429,0.017138388,0.334266037,0.203130737,0.0422682464,0.688201606,0.24265185,-0.23877807,0.0167094637,0.540273726
-0.229028746,0.155554712,0.75922364,0.0108746327,0.0135474978,0.742902756,0.669173896,-0.0517902859,0.0122500481,-0.0275854394,0.597292066,0.0396384001,-1.19051529e-05,-0.265807182,-0.00177451898,0.0290818047,0.285513818,0.0493627898,0.000227774115,0.200880662,0.0393080674,0.0144070629,0.35856396,0.193805307,0.038454555,0.693373322,0.248675257,-0.234829828,0.00951446872,0.548056602
-0.235341012,0.141483232,0.755993128,0.0142381955,0.0146881212,0.736495018,0.676133633,-0.0276237931,-0.0126172509,-0.034955591,0.554861546,0.0334458165,0.000152534223,-0.291672587,-0.014869214,0.0341657959,0.29776457,0.048352588,0.000376618118,0.197527319,0.0385115221,0.0107426066,0.380177945,0.182467058,0.0331041031,0.695993721,0.251784086,-0.232630447,0.000461172953,0.55495733
-0.243292138,0.125309467,0.756184876,0.0166364815,0.0172460806,0.728865743,0.684237182,-0.00995480269,-0.0436157174,-0.0350405946,0.509305835,0.025749635,0.000100189252,-0.323701084,-0.0290885791,0.0403062552,0.308865368,0.0481280386,0.000686793879,0.194903061,0.037343435,0.00622130558,0.395245254,0.168544784,0.0264717992,0.696000338,0.253038913,-0.232963324,-0.00959522277,0.561267555
-0.251085252,0.106622688,0.756453037,0.0183517896,0.0202878471,0.719923377,0.693514168,-0.00218935194,-0.0725367814,-0.0331180841,0.460634053,0.0174928699,4.41725133e-05,-0.361407995,-0.0414593257,0.0467514358,0.318312109,0.0496628396,0.0010797201,0.189511836,0.0361327082,0.00299372408,0.40286532,0.155352131,0.0195846688,0.693417907,0.248155922,-0.233358234,-0.0199983623,0.565755725
-0.258758873,0.0871502906,0.756686091,0.0180280507,0.0241488442,0.709949434,0.70360744,-0.00474794209,-0.0948790908,-0.0315952227,0.412433654,0.00977899041,6.65613916e-05,-0.404086441,-0.0511729456,0.0534727238,0.324430585,0.0536363907,0.00148634333,0.18543759,0.035334263,0.000755226531,0.400632858,0.148005366,0.0135317445,0.687215686,0.240391836,-0.234914809,-0.0302666519,0.568270624
-0.26461947,0.0672080293,0.757427394,0.017115565,0.0272468571,0.699303567,0.714100301,-0.0131136058,-0.112995192,-0.0288763195,0.37044701,0.00366335083,-2.88369265e-05,-0.447546661,-0.0558453016,0.0597626343,0.327868104,0.0609795786,0.00189634319,0.179419518,0.0342209376,0.00288463803,0.389768034,0.147837013,0.0101011647,0.679175377,0.229784757,-0.233606219,-0.0376998931,0.568722308
-0.269838929,0.0478559956,0.757529378,0.0154308863,0.0291981567,0.688886523,0.724116445,-0.0250986181,-0.125055715,-0.0258129891,0.334889889,-0.000859873602,-0.000125294973,-0.486355841,-0.0530025959,0.0667954087,0.331856728,0.0707534999,0.00227301195,0.171933934,0.0342458412,0.0051568877,0.374888301,0.155317917,0.00950050261,0.671746612,0.217852429,-0.231940657,-0.0429319963,0.567266166
-0.274120182,0.0296385679,0.758256137,0.0134670269,0.0300033558,0.679198146,0.733217776,-0.0409014896,-0.130408973,-0.0233158525,0.307793528,-0.00355417188,-0.000220006885,-0.514048874,-0.0396605097,0.0746235028,0.34863168,0.0810421109,0.00262686773,0.163947105,0.0355515964,0.0060885069,0.35649389,0.171168283,0.0128612416,0.664196432,0.207893386,-0.226460785,-0.0456602089,0.565262377
-0.277741104,0.0126829688,0.759120226,0.0118937669,0.0303806383,0.670054734,0.741594434,-0.0545418598,-0.134203658,-0.0201980267,0.285804927,-0.00387395034,-0.00036901093,-0.528269708,-0.0230347198,0.0831093565,0.383415371,0.0903080851,0.00298909331,0.158761606,0.0364262909,0.0063407151,0.3353706,0.189297363,0.0182250366,0.657479763,0.201539934,-0.221066758,-0.045725286,0.564075351
-0.280564249,-0.00377877592,0.760275543,0.0110613769,0.0303591248,0.661583364,0.749175131,-0.0656328797,-0.13682133,-0.016583547,0.265377104,-0.00161414791,-0.000555236533,-0.529118299,-0.00815833919,0.0905905068,0.432523906,0.0979603752,0.00322681409,0.157869861,0.0378866829,0.00736674666,0.314270288,0.211751893,0.0280663799,0.650771141,0.198470905,-0.21656619,-0.0446913317,0.563716114
-0.283344924,-0.0192064568,0.761551976,0.0114415344,0.0295048077,0.653929055,0.755893767,-0.0714506507,-0.138930693,-0.0119432714,0.245154947,0.00261754193,-0.000717726303,-0.519274592,0.00397240231,0.0970446393,0.496383756,0.103288569,0.00324158696,0.161621556,0.0397938341,0.00331868487,0.295911342,0.235176638,0.0403147116,0.643585026,0.200231329,-0.212477118,-0.0433241613,0.564333022
-0.285174757,-0.0347097516,0.762410462,0.0117340675,0.0281322598,0.647810757,0.761191249,-0.0768145546,-0.138194308,-0.00709354132,0.223771274,0.00821498875,-0.000855920312,-0.50221014,0.0143203754,0.102112517,0.571837604,0.107581519,0.00284662074,0.165019587,0.0410504974,0.00601984607,0.278856456,0.25361672,0.0516880266,0.634382367,0.203944191,-0.210772112,-0.0418676697,0.564598739
-0.285728782,-0.0495035388,0.763213158,0.0127997277,0.0250920281,0.644227207,0.764315307,-0.0795363784,-0.133616865,-0.00250362325,0.204480901,0.0143313995,-0.00093917409,-0.473073602,0.0261710435,0.105316095,0.657510221,0.111912347,0.00234887889,0.172615722,0.0431291126,0.0012167613,0.264025301,0.275618672,0.0649425909,0.623535514,0.212923944,-0.211004019,-0.041493278,0.566505551
-0.285611749,-0.0628639609,0.763461292,0.0144433752,0.0206436254,0.642371416,0.76597923,-0.0800403878,-0.126091823,0.00138149189,0.18910028,0.0206751768,-0.00096711918,-0.432948738,0.0372737274,0.107771955,0.74840945,0.11672686,0.00178221148,0.179951593,0.0442749709,-0.00407841848,0.252370566,0.294558972,0.0777390972,0.611050785,0.22553286,-0.21122098,-0.0419949926,0.56883949
-0.284976333,-0.0755260363,0.763344526,0.0163757987,0.0155747831,0.642387092,0.76604706,-0.0804558471,-0.117793232,0.00551855098,0.17711848,0.0264166426,-0.000944841653,-0.383070797,0.0474463813,0.108453162,0.836073577,0.121769935,0.00127889449,0.185618564,0.0448906794,-0.00908234529,0.243817717,0.309066772,0.0896538273,0.598317623,0.239434928,-0.212119684,-0.0428874977,0.57143271
-0.283818632,-0.0881593227,0.76245296,0.0186386742,0.0102557112,0.644097388,0.764647663,-0.0836305097,-0.109669529,0.00928355567,0.168751627,0.0314163603,-0.000915369485,-0.32320562,0.0559126176,0.107561134,0.908388078,0.126818538,0.000811735983,0.190592527,0.0448133834,-0.0124195479,0.240671873,0.318073481,0.0998392478,0.585541666,0.252820909,-0.21465221,-0.0451380163,0.572788239
-0.282936096,-0.101422444,0.760913134,0.0214476716,0.00589996949,0.647133708,0.76205194,-0.0919009224,-0.104808785,0.0137661668,0.163372621,0.0357137397,-0.000917771598,-0.256613433,0.0577797852,0.10745462,0.955236256,0.131230712,0.000379904232,0.195524037,0.0435029902,-0.0170795564,0.237518027,0.318244904,0.106235445,0.57135874,0.266097397,-0.2178597,-0.0462136753,0.572456539
-0.281215131,-0.115113027,0.758926749,0.0237225816,0.00109562033,0.651714683,0.758092344,-0.103535295,-0.0981167555,0.0171147976,0.163568512,0.0391234234,-0.00088532496,-0.184636191,0.0611103177,0.10605225,0.971327066,0.13383083,8.24288581e-05,0.198333487,0.0416496024,-0.0201438572,0.239779666,0.312058628,0.110957891,0.560246825,0.277959913,-0.221084416,-0.0467792749,0.569464207
-0.279035091,-0.13032113,0.756214261,0.025423998,-0.00288685993,0.65793854,0.75263679,-0.121568054,-0.0925357565,0.0200924221,0.166125268,0.0414054729,-0.000886581431,-0.111954302,0.0641666055,0.107977659,0.956095457,0.134079486,-0.000214961823,0.197227687,0.0395814963,-0.0240720399,0.246368557,0.298561364,0.113122411,0.553627014,0.287371188,-0.225681961,-0.0468252711,0.563112795
-0.276285529,-0.146012619,0.75265944,0.0272993706,-0.00647612195,0.665273011,0.746072829,-0.143236056,-0.0895478055,0.0229217038,0.172440514,0.0430240147,-0.00092786859,-0.041963838,0.0686822087,0.112790421,0.915790439,0.130980805,-0.000535484694,0.192650363,0.0376584232,-0.0276204534,0.256789237,0.278760225,0.113351159,0.55301851,0.293366015,-0.231809229,-0.0465578586,0.554274321
-0.272488624,-0.16406019,0.748502016,0.0276865717,-0.00941621698,0.67318964,0.738891363,-0.174108863,-0.0844465718,0.0243366193,0.18277286,0.043948967,-0.00100315351,0.0132326866,0.079987675,0.11837741,0.854706168,0.121157929,-0.000863819616,0.181616157,0.0355600119,-0.0303904135,0.27142942,0.250826448,0.110041663,0.559116483,0.294509917,-0.237204164,-0.0441773795,0.542811811
-0.268397719,-0.18460089,0.743456721,0.0272840392,-0.0100536859,0.681393445,0.731339574,-0.213451818,-0.0815419704,0.0253174044,0.195293486,0.0450989455,-0.00112742372,0.0496323332,0.0904947892,0.127878338,0.779152811,0.106378168,-0.00128971587,0.166209534,0.0340066031,-0.0314367115,0.289247751,0.218823433,0.105575882,0.572390139,0.292004824,-0.243563652,-0.0407815278,0.530298948
-0.263984889,-0.208047122,0.739506602,0.0256112423,-0.00859388523,0.689257681,0.724012554,-0.262637407,-0.0804767534,0.0258811712,0.208926052,0.0473468304,-0.00130988751,0.0726824328,0.101807587,0.137153551,0.703569651,0.0885867402,-0.00172820478,0.147176042,0.0325632803,-0.031156417,0.308174163,0.183577389,0.0995258838,0.591087997,0.282458335,-0.251442343,-0.0373959839,0.516842782
-0.258849591,-0.233429998,0.747444808,0.0222892202,-0.00570326997,0.696808994,0.716887712,-0.317153752,-0.0780327246,0.0250051487,0.223071471,0.0515138805,-0.00153275067,0.0798165351,0.115669169,0.141235903,0.636160433,0.0681678504,-0.00190905354,0.123610198,0.0322363265,-0.029812675,0.330275506,0.148926646,0.0916999578,0.614144325,0.266864479,-0.258082658,-0.0334517471,0.503002644
-0.253474265,-0.258750021,0.75175339,0.0190084148,-0.00159107579,0.703824222,0.710118055,-0.371620268,-0.0765532777,0.0229695011,0.237284988,0.0585483313,-0.00179082935,0.0752695426,0.125637621,0.143644273,0.576218843,0.0470162556,-0.00200511049,0.0983616635,0.0315824859,-0.0266535077,0.357132643,0.119751774,0.0839335471,0.639564097,0.249896511,-0.266160131,-0.0302491486,0.490736574
-0.24861829,-0.283495516,0.755444527,0.0158806872,0.00196113787,0.709873915,0.704146981,-0.423940361,-0.072986044,0.0184851699,0.252679378,0.0686670467,-0.00207939628,0.0629484504,0.132769465,0.143148884,0.524678469,0.0264015086,-0.0020091217,0.0720415711,0.031121511,-0.0241684802,0.39005512,0.0991450548,0.0776487365,0.664642513,0.23648946,-0.271781534,-0.0273223724,0.481318206
-0.244132444,-0.307396382,0.758088648,0.0123860203,0.00506135542,0.714848042,0.699151814,-0.471300691,-0.0691736266,0.00934537314,0.269565791,0.0811690241,-0.00238690269,0.0442953631,0.13902092,0.139747441,0.481373608,0.00719934935,-0.00191028265,0.0476589613,0.0290430114,-0.0209957268,0.424539059,0.0835189,0.0712634996,0.686579227,0.227874741,-0.279082149,-0.0242170468,0.476238251
-0.240196154,-0.331049353,0.760715604,0.00899630971,0.00848301686,0.719177008,0.694716871,-0.507692397,-0.0687072948,-0.00396831986,0.302214056,0.0928183794,-0.00257849041,0.018730823,0.14112094,0.135289088,0.446668208,-0.00960183889,-0.00181488937,0.0260786954,0.0264038872,-0.0190412104,0.455727309,0.0704038739,0.0647067726,0.704080999,0.222857311,-0.284971833,-0.0220975075,0.475234002
-0.236593157,-0.351988882,0.762931883,0.00666204421,0.0105106262,0.723473489,0.690240026,-0.521078944,-0.0670036599,-0.0177112781,0.364586473,0.101201475,-0.00257108337,-0.00578913884,0.141034111,0.129922152,0.420554817,-0.0226947796,-0.00174616592,0.00270456844,0.023871772,-0.0197296366,0.486272991,0.0591259077,0.0583335422,0.717945755,0.225721672,-0.289263576,-0.0215332098,0.480348825
-0.232644647,-0.372308671,0.764510691,0.00506619457,0.0124694416,0.727193236,0.686300933,-0.517126858,-0.065236561,-0.0282860268,0.450901479,0.105296426,-0.00216359296,-0.0280807056,0.139122143,0.124298699,0.396364361,-0.0317828059,-0.00165287766,-0.0199430957,0.021240456,-0.0205753967,0.509485006,0.052135814,0.0528957695,0.726751626,0.235584691,-0.289752245,-0.0220127869,0.489809334
-0.228833333,-0.391500592,0.765799224,0.00428105332,0.0135043394,0.729143798,0.684213936,-0.50350827,-0.0630322099,-0.03746517,0.557699323,0.106322445,-0.00108859933,-0.0446052477,0.13770166,0.117943458,0.372345537,-0.0373590998,-0.0014464939,-0.0411240682,0.0195552204,-0.0204341654,0.525874615,0.0496995784,0.0485276319,0.730971754,0.250752121,-0.287017167,-0.023197148,0.502240598
-0.226793036,-0.409280688,0.766806602,0.00525421742,0.0147662759,0.728495717,0.684871078,-0.483752549,-0.066750519,-0.0461126082,0.677209139,0.10603445,0.000365303829,-0.0590534359,0.131138816,0.114273973,0.349487036,-0.0398355685,-0.00120378705,-0.0581655949,0.0193505101,-0.0214851648,0.534168541,0.0505433679,0.045220498,0.731080353,0.269274145,-0.282995433,-0.0253125746,0.515703917
-0.22524102,-0.426867187,0.76848352,0.00648448663,0.0163895804,0.725080669,0.688438296,-0.457311809,-0.0735283792,-0.0567376129,0.798823416,0.107226573,0.0016683453,-0.0745904967,0.124196045,0.11100544,0.328038514,-0.0406839028,-0.000901723979,-0.0705554336,0.0198720973,-0.0217847712,0.533043325,0.0544294268,0.0428384505,0.727753878,0.287900567,-0.277519345,-0.0272777844,0.528523982
-0.224406943,-0.442869395,0.769881606,0.00863382779,0.0178092774,0.719463646,0.69424808,-0.416448265,-0.0826434195,-0.067472741,0.909079432,0.110046633,0.00281139277,-0.0884052813,0.11617478,0.108764991,0.309764683,-0.0401481688,-0.000595361926,-0.0805919394,0.0209803395,-0.0205218829,0.522889316,0.0610208735,0.0417519286,0.721948564,0.306135446,-0.273620158,-0.0298221689,0.540709734
-0.223702386,-0.46032685,0.770075262,0.0106169581,0.0199032929,0.712537885,0.701270938,-0.367584765,-0.0928805843,-0.0750668496,0.991356313,0.113511838,0.00360600231,-0.109879129,0.10885293,0.106812663,0.294281453,-0.0389034748,-0.000298042607,-0.0899264365,0.0228028074,-0.0185094476,0.503828526,0.0734421238,0.0427639373,0.713379025,0.32016179,-0.269829631,-0.0316587202,0.550352395
-0.224352777,-0.47638613,0.769889176,0.0133372843,0.0218999982,0.705108404,0.708635747,-0.302720219,-0.104960777,-0.0775250793,1.03488171,0.117586456,0.00400850363,-0.131576568,0.101514399,0.105587162,0.285533637,-0.0366267674,3.26720219e-05,-0.0996714681,0.0238617025,-0.0168430749,0.475619793,0.0886494517,0.0451634713,0.702181101,0.331046462,-0.263936669,-0.0309943426,0.558350861
-0.225728214,-0.492568642,0.769174635,0.017021386,0.0234509353,0.697762787,0.715742528,-0.22692211,-0.11802993,-0.0772083104,1.03315711,0.120634258,0.00410971232,-0.154238001,0.0940289646,0.10546916,0.284310162,-0.0332416892,0.000338342157,-0.109050691,0.0260032453,-0.0138208065,0.443221599,0.110562928,0.0505150408,0.689722717,0.339314342,-0.259544998,-0.0313547477,0.564833581
-0.227724791,-0.5104087,0.767567039,0.0194205474,0.0247770119,0.690593004,0.722558081,-0.151193142,-0.130614609,-0.0771756172,0.993364811,0.121564731,0.00411931472,-0.184154645,0.0894397199,0.105690263,0.287448913,-0.0293777473,0.000598174462,-0.115965448,0.0278842095,-0.0100672143,0.404175013,0.138209864,0.0583443679,0.674114466,0.343747139,-0.253862798,-0.033003334,0.570181251
-0.230354473,-0.528267682,0.765362442,0.0224874504,0.026281409,0.683522403,0.729109526,-0.0749991536,-0.144097477,-0.0762009397,0.924236536,0.121017866,0.00406991085,-0.217377424,0.0859247223,0.106416397,0.297096431,-0.025142109,0.000914446602,-0.120530441,0.0296301935,-0.0101890313,0.359315485,0.168091446,0.0681628361,0.655989528,0.345876873,-0.248287395,-0.0355005302,0.574283004
-0.233712316,-0.547595382,0.762301862,0.0252966117,0.0281124432,0.676526129,0.73544693,-0.00675015431,-0.157858953,-0.0736625642,0.835490584,0.120234892,0.00394392386,-0.256283373,0.0826049969,0.108049095,0.311857611,-0.0207010992,0.00119511492,-0.1215517,0.0315031037,-0.00898030866,0.310753644,0.198042378,0.0776377022,0.634663403,0.346516579,-0.242806852,-0.0374566168,0.577025175
-0.23759678,-0.568147182,0.757959247,0.0276287757,0.0298807807,0.669550717,0.741650641,0.0520244688,-0.172287881,-0.0702191517,0.738605201,0.117391288,0.00379286474,-0.298671514,0.0812355056,0.109906949,0.330396742,-0.0158201493,0.00146999129,-0.118252806,0.0324692242,-0.00809532497,0.261934429,0.229441881,0.0889545456,0.61186409,0.34323135,-0.234170705,-0.0382413752,0.578228772
-0.242707089,-0.591168642,0.752958298,0.0296442434,0.0328725912,0.66230315,0.747927189,0.094058916,-0.189917356,-0.064191781,0.641927421,0.111310251,0.00358394952,-0.347015828,0.0795868561,0.113056615,0.350117952,-0.0101504168,0.00182142598,-0.109267458,0.0332809798,-0.00824564695,0.212320134,0.260109305,0.100162089,0.587597072,0.335240245,-0.226765633,-0.039141953,0.579088151
-0.248143017,-0.615543783,0.745024145,0.0303365774,0.0354676656,0.65448004,0.75463742,0.121799193,-0.206933528,-0.0570817403,0.551257014,0.104450598,0.00335696386,-0.39980033,0.0819228962,0.116071105,0.370322615,-0.00307129999,0.00213501207,-0.0977402627,0.0344105177,-0.00602973253,0.162105978,0.285894394,0.110564336,0.562947512,0.321666092,-0.219729871,-0.0403075479,0.578540325
-0.253905445,-0.641906142,0.732441068,0.0293656308,0.0383461602,0.646295369,0.761557221,0.136169061,-0.219973072,-0.0506554693,0.470584214,0.0958234742,0.00314528053,-0.453465581,0.0879521519,0.118892282,0.386829466,0.00641836179,0.00243089278,-0.0823311284,0.0351449512,-0.000807158416,0.114791736,0.310737193,0.120436423,0.539071918,0.303391159,-0.210250095,-0.0400933102,0.576405168
-0.259945661,-0.668826997,0.734892607,0.0274588466,0.0412367694,0.637866855,0.768551588,0.137451261,-0.22859776,-0.0444670133,0.402864128,0.0853601694,0.0029493589,-0.504080296,0.0963663831,0.121425226,0.396899492,0.0184777454,0.00268016174,-0.0618307516,0.0341565646,0.00317706633,0.0704081431,0.330850035,0.128405005,0.517432928,0.281015813,-0.202740297,-0.0409922823,0.573904693
-0.265844733,-0.695378602,0.738275468,0.0244918019,0.0433971919,0.629403591,0.775479257,0.128654987,-0.233800068,-0.0371735878,0.345742792,0.0735564828,0.00271645258,-0.547918499,0.10565161,0.123935297,0.399010032,0.0330823176,0.00288036535,-0.0398643576,0.0337610431,0.00530276075,0.0333380885,0.344503343,0.134533882,0.501524448,0.257841974,-0.19591932,-0.0420827605,0.572550654
-0.271016508,-0.721418798,0.741879761,0.0207427498,0.0442124419,0.621250272,0.782088935,0.113634124,-0.233663782,-0.0294601489,0.300761163,0.0612564348,0.00246000476,-0.583601296,0.114807561,0.125876799,0.393427163,0.0492930785,0.00309555419,-0.0160366464,0.0334420428,0.0079483008,0.00793539733,0.355760336,0.14018777,0.492612839,0.23307246,-0.193829536,-0.045138374,0.571914613
-0.275377065,-0.746468008,0.745391548,0.0165809859,0.0446269102,0.613510549,0.788250148,0.0915768445,-0.227814525,-0.0218452644,0.265026182,0.0489572734,0.00219098222,-0.613274455,0.124470122,0.126444101,0.386107236,0.0642758459,0.00331346504,0.00952228997,0.0327115469,0.0105572361,-0.00717138592,0.361001551,0.142966241,0.489033341,0.210586116,-0.195556432,-0.0480607115,0.573295236
-0.278651834,-0.770307243,0.74820447,0.0122036682,0.0444518253,0.606436849,0.793794334,0.0678816214,-0.218046203,-0.0141893635,0.237998009,0.0379755832,0.00186996197,-0.638519466,0.133911535,0.125082284,0.381116778,0.0776194558,0.00353352819,0.0337522887,0.0318541117,0.0139746759,-0.00850412995,0.361127079,0.144701317,0.492398173,0.188149557,-0.197720423,-0.0522156656,0.572714686
-0.282255381,-0.792860389,0.751409531,0.00762721524,0.0440599471,0.600475609,0.798391879,0.0413199663,-0.206734508,-0.00583311589,0.216974795,0.0286150929,0.00148096762,-0.659980953,0.137969539,0.124168202,0.383730143,0.0888240337,0.00376356882,0.0594885238,0.0312283561,0.0181459598,0.00315605989,0.3561216,0.144302845,0.501481175,0.16678822,-0.205422238,-0.0569614395,0.571311653
-0.285744458,-0.814092994,0.754015982,0.00312138535,0.0434677452,0.596271157,0.801599383,0.0166890528,-0.194309101,0.00265437737,0.200282589,0.0216813553,0.00108211907,-0.669920623,0.139328659,0.125336915,0.401288152,0.0988140181,0.00379387964,0.0830279663,0.0310745221,0.0218840502,0.0246247873,0.342402577,0.140631527,0.515041649,0.150544912,-0.214055315,-0.06092491,0.568960369
-0.288431674,-0.833628178,0.757023454,-0.000631902134,0.0415680446,0.594537795,0.802992225,-0.00187683327,-0.181113005,0.0111600701,0.18440561,0.0167274494,0.000678012264,-0.665546954,0.139512137,0.130556241,0.438897014,0.106731847,0.0034814293,0.107793629,0.0304302573,0.0245222356,0.0542765409,0.322667032,0.13485007,0.533204913,0.140869156,-0.225252986,-0.0635940805,0.565239489
-0.290602297,-0.850410581,0.759068191,-0.00302441558,0.0373433009,0.594484508,0.803233862,-0.0109435366,-0.167539433,0.0195107106,0.169522867,0.0140212169,0.000340794271,-0.644180894,0.138945296,0.139405251,0.497636437,0.112879619,0.00279174908,0.132042497,0.0298729148,0.0237251576,0.0933857635,0.299894005,0.128343239,0.556229174,0.13916716,-0.237536162,-0.0647660196,0.560629249
-0.292050719,-0.866115034,0.760996997,-0.0043745935,0.0324537009,0.595756888,0.80249697,-0.0176123083,-0.154387817,0.0277687479,0.155048907,0.0126591157,6.89769658e-05,-0.612898767,0.136674732,0.15095228,0.573134601,0.116870582,0.00167980115,0.158016995,0.0282323994,0.0207658019,0.139713928,0.275067508,0.120986611,0.581851363,0.145166889,-0.248435467,-0.0631388649,0.555779934
-0.293274701,-0.88135916,0.762831688,-0.00519767357,0.0262406394,0.598522127,0.800659537,-0.023018172,-0.139862224,0.0353401192,0.143160522,0.0121523626,-0.000129838372,-0.5713377,0.135688618,0.163192317,0.660515666,0.119048357,0.000269971177,0.180917323,0.0280551072,0.0183218904,0.193617821,0.251227796,0.114335813,0.61009562,0.154277399,-0.257903248,-0.0596659705,0.550468504
-0.294260472,-0.894905388,0.763815284,-0.00486243982,0.0192848481,0.60372895,0.796941519,-0.0238534529,-0.126714781,0.0425611325,0.132642388,0.0122315316,-0.000260215922,-0.517967641,0.134684026,0.176238641,0.754603028,0.120365754,-0.00121175405,0.20077695,0.0271350425,0.0125945592,0.251397997,0.224659577,0.107832812,0.638634741,0.167443499,-0.266642451,-0.0555005744,0.546261251
-0.294819117,-0.907680035,0.763736367,-0.00357257458,0.0117291715,0.611271739,0.791325867,-0.0217452869,-0.115135051,0.0489973351,0.123059824,0.0126748076,-0.000335336226,-0.452954561,0.136066049,0.186787665,0.847146451,0.122316316,-0.00243443251,0.216646656,0.0266483221,0.00490750046,0.313056827,0.199978843,0.10349419,0.667298675,0.185090169,-0.271908492,-0.0503219925,0.54242444
-0.295678854,-0.920122564,0.763748229,-0.00098699762,0.00451906072,0.620094717,0.784513295,-0.0208227318,-0.106031597,0.0549665019,0.115330502,0.0133771505,-0.000389221968,-0.375643283,0.138829723,0.193367779,0.924065351,0.125017643,-0.00315254577,0.228623822,0.0267655421,-0.000472984946,0.376441747,0.179469079,0.099385567,0.693023205,0.206387401,-0.276516557,-0.045867417,0.539204776
-0.297628343,-0.931669235,0.763606071,0.00214929576,-0.00352655211,0.629506052,0.776984572,-0.0198106412,-0.0996616483,0.060618028,0.110461943,0.0135399336,-0.000385342952,-0.287014037,0.138899788,0.197179273,0.977368951,0.127721652,-0.0037750979,0.236677885,0.0268321987,-0.0131499032,0.440769672,0.160158589,0.096117191,0.716594517,0.229343668,-0.280555367,-0.0422760062,0.5367347
-0.297304988,-0.945018947,0.763050497,0.00456046034,-0.0115727494,0.638902783,0.769186914,-0.0249788463,-0.0886384249,0.0635593981,0.109827243,0.0135976039,-0.000385050953,-0.192950383,0.145766839,0.191155955,0.998523772,0.129541799,-0.00401182473,0.242813006,0.0276657604,-0.0211307127,0.49926874,0.145965174,0.0939062759,0.735748768,0.250704378,-0.280792445,-0.0378506668,0.53406322
-0.297466189,-0.95911181,0.761909783,0.00673007919,-0.0192421842,0.648588002,0.760866642,-0.0356115103,-0.0782896876,0.0650812835,0.113585599,0.0136299981,-0.000369385962,-0.0988396704,0.15617241,0.183681637,0.988741755,0.129622206,-0.0041746893,0.243284091,0.0280713793,-0.0254811309,0.551353097,0.13359423,0.0913293213,0.750808954,0.267503411,-0.278504491,-0.033657115,0.530384183
-0.297965854,-0.975002408,0.759772599,0.00733018946,-0.0248790942,0.658696353,0.751961768,-0.0565283597,-0.0709235445,0.0659958348,0.119640604,0.0136620952,-0.000437499257,-0.0122922836,0.172478512,0.175417826,0.949982584,0.128158718,-0.00431757187,0.241203964,0.0279650092,-0.0315702632,0.59121722,0.12304844,0.0883825943,0.760721684,0.280762643,-0.276888013,-0.0295552891,0.525829315
-0.298124284,-0.993100047,0.757124782,0.00695911236,-0.0284387507,0.669068933,0.742623329,-0.0854945555,-0.0661041215,0.0664435625,0.127533942,0.0136749502,-0.000535513216,0.0630731583,0.192044228,0.169482276,0.88817507,0.125592798,-0.00455160299,0.232942283,0.0287886169,-0.0351199768,0.617568195,0.112591729,0.0850070715,0.766361237,0.288808614,-0.27938965,-0.0276262853,0.519614279
-0.299661994,-1.01286733,0.752385855,0.00694255996,-0.0290221516,0.679782808,0.732806146,-0.122175492,-0.0701362044,0.068545416,0.137539595,0.014789111,-0.0006709476,0.123987652,0.205597296,0.17236267,0.811950803,0.122720018,-0.00493541313,0.218881369,0.0286984276,-0.0360774398,0.631780028,0.0969214886,0.0795118734,0.767485797,0.28984493,-0.285860002,-0.0264744852,0.51022315
-0.299279839,-1.03605914,0.748160064,0.0048378706,-0.0278046131,0.690059006,0.723202765,-0.170449063,-0.072374247,0.0694795176,0.148891851,0.0166350733,-0.000853401551,0.163345277,0.221626624,0.175651088,0.72691077,0.11767371,-0.00524510862,0.201038778,0.0279446095,-0.0356405303,0.629510105,0.081288524,0.0732225478,0.76356566,0.284305304,-0.291189313,-0.0237926543,0.498781949
-0.299166352,-1.0607909,0.74198705,0.00179894082,-0.0255783331,0.699747264,0.71393013,-0.223202735,-0.0764485002,0.0699813291,0.162038088,0.0205687303,-0.00102683227,0.18642734,0.233965039,0.18057178,0.643821597,0.10913071,-0.00548230065,0.176228434,0.0275613647,-0.0356497839,0.616112888,0.0664732978,0.0673008412,0.756578267,0.274050295,-0.297844231,-0.0209106393,0.486344784
-0.298815936,-1.08909404,0.733749866,-0.00138531253,-0.0193543602,0.708636403,0.705307007,-0.285382271,-0.0876776427,0.071881488,0.173179895,0.0270718671,-0.00121586048,0.189698726,0.240329266,0.185919702,0.56929332,0.097629264,-0.00573937083,0.149540439,0.0278637577,-0.0310034677,0.586034358,0.0563123673,0.0621196292,0.745191753,0.25513941,-0.311134338,-0.0210782979,0.47084111
-0.297712505,-1.11968625,0.733873963,-0.00616003713,-0.0132120708,0.716144443,0.697799802,-0.348524183,-0.0938554704,0.0718812197,0.181624025,0.0365532637,-0.00140288577,0.177082077,0.246863365,0.186548084,0.506295621,0.0832067505,-0.00580058666,0.11792694,0.0275254566,-0.0265264511,0.545258105,0.0548685864,0.0596907325,0.73144263,0.232707515,-0.32153362,-0.0199361574,0.456708074
-0.296737045,-1.15149367,0.743140399,-0.00941015221,-0.0046933936,0.722615421,0.691170275,-0.410493761,-0.105007507,0.0733546391,0.185231417,0.0491349213,-0.00162089954,0.152756631,0.243748516,0.187152267,0.457263321,0.0660493001,-0.00587979471,0.0843439251,0.0273142476,-0.0197101124,0.495098919,0.0604662262,0.0599149428,0.716202557,0.206623971,-0.333579838,-0.0185637493,0.44260627
-0.295699209,-1.18425035,0.748639882,-0.0139655489,0.00380794564,0.727777183,0.685660958,-0.469819248,-0.10995689,0.0738894567,0.183457896,0.0633836016,-0.00200079521,0.116188072,0.236748457,0.185698926,0.41722849,0.0465311185,-0.00601688959,0.0500968583,0.0271019042,-0.0115681523,0.43750152,0.0748870075,0.0631779358,0.699287295,0.178816915,-0.3435148,-0.016275648,0.430498302
-0.29365322,-1.21598291,0.754192114,-0.0176357236,0.0120306555,0.731570661,0.681431293,-0.521179974,-0.107479744,0.071632795,0.185020685,0.0784837604,-0.00266178767,0.0741798952,0.227654219,0.181465074,0.386312991,0.0267376974,-0.00592308678,0.0143193901,0.0270235687,-0.00545741105,0.377664268,0.0982370004,0.0707831979,0.683560014,0.151508003,-0.347454429,-0.0119734891,0.422925204
-0.292443663,-1.2465632,0.75941503,-0.0205826405,0.0199074037,0.734756172,0.677726626,-0.565185905,-0.105928443,0.0693252161,0.192692891,0.0922929272,-0.00332233333,0.0253568888,0.217222288,0.176440746,0.366559863,0.00793512817,-0.00563361589,-0.0173846446,0.0264399797,0.00437322492,0.315307677,0.125792339,0.0810303167,0.667708218,0.130085334,-0.349838883,-0.00841337256,0.420867205
-0.29100731,-1.27517617,0.763550758,-0.0231955964,0.0259770006,0.737451673,0.674501419,-0.603028297,-0.098159872,0.0663989037,0.207772687,0.104120731,-0.00409335736,-0.0253565442,0.207831219,0.170344606,0.356746733,-0.00784654077,-0.00526897982,-0.0474707671,0.0264658481,0.0117616402,0.256101936,0.157437339,0.0924623609,0.652485967,0.119287878,-0.347760409,-0.00378082343,0.423841834
-0.290085763,-1.3029846,0.767369151,-0.0248467345,0.0324123427,0.738870621,0.672608733,-0.62802422,-0.0874326378,0.0631439686,0.238762632,0.113505676,-0.00463416195,-0.0750344694,0.191799581,0.166389659,0.352467716,-0.0197392981,-0.00500071514,-0.0749440044,0.0260115061,0.0172150843,0.202896729,0.195300654,0.10733638,0.637171328,0.117694832,-0.342693299,0.00100413943,0.430500001
-0.289684951,-1.32971501,0.770646751,-0.0251746587,0.0374423936,0.739189804,0.671984255,-0.641601622,-0.0754475966,0.0567885004,0.284590572,0.119249061,-0.00458440557,-0.117983602,0.173843384,0.163225159,0.350259244,-0.0276700929,-0.00465850858,-0.101542562,0.0262946561,0.0234518461,0.151780739,0.228917047,0.119528107,0.622968018,0.120948747,-0.335832089,0.00592326047,0.440209866
-0.289584696,-1.353585,0.772635937,-0.0242121965,0.04201594,0.73835665,0.672664762,-0.642819166,-0.0650983304,0.0451079719,0.347914577,0.122375235,-0.00382705219,-0.154380932,0.157744065,0.159724295,0.348003358,-0.0317237526,-0.00406917697,-0.125121802,0.0252842903,0.0250568762,0.108168922,0.261122555,0.131138861,0.609958768,0.133139476,-0.328240544,0.00969372876,0.453936517
-0.290205181,-1.37562549,0.77473551,-0.0215837825,0.0452879108,0.736736119,0.674316704,-0.630470634,-0.0588181876,0.0288190544,0.427105546,0.122977108,-0.00244740536,-0.184052154,0.141054794,0.157039598,0.345857054,-0.032909967,-0.00350887259,-0.146391839,0.0257872324,0.0255245157,0.0730212778,0.29287222,0.141484171,0.596370995,0.152147695,-0.321092337,0.0116126519,0.469464868
-0.291113168,-1.39702833,0.774712622,-0.017795641,0.0478044301,0.734236836,0.676974356,-0.606974781,-0.0542349219,0.00957678724,0.522790194,0.122501187,-0.00038642381,-0.212191924,0.128348798,0.15429233,0.344440728,-0.0312774591,-0.00287455623,-0.167370439,0.0250486918,0.0265091229,0.0414912552,0.321398556,0.151166603,0.583065093,0.175999209,-0.313947111,0.0119762635,0.485949248
-0.292038858,-1.41617119,0.774757206,-0.0131931799,0.0483278893,0.729916811,0.681697726,-0.568232179,-0.050523676,-0.0123666534,0.630949795,0.121158525,0.00208301353,-0.234363347,0.117210157,0.151897103,0.345612824,-0.0275461711,-0.00239307759,-0.18779619,0.0254737101,0.0244905874,0.0173623543,0.347453505,0.159858063,0.571291208,0.203684837,-0.307052165,0.0101889931,0.503041863
-0.294010222,-1.4330802,0.775449514,-0.00725710485,0.0470009595,0.722833574,0.689383686,-0.513535857,-0.0518418066,-0.0333435573,0.743958771,0.12069501,0.00437298836,-0.24966605,0.108543165,0.14986138,0.348891318,-0.0232937876,-0.00193328108,-0.203686759,0.0260687117,0.0188563131,0.000907076115,0.370076984,0.168025792,0.561534762,0.234899506,-0.299744308,0.00618300634,0.520969987
-0.295858264,-1.44964778,0.774660289,-0.000897421502,0.0456679054,0.713790715,0.698867977,-0.447296202,-0.0589087866,-0.0487037189,0.847277164,0.12150149,0.00588739291,-0.26401338,0.10062319,0.148596913,0.35289821,-0.0187000185,-0.00156285055,-0.217660964,0.0271915384,0.0136044528,-0.00574988453,0.387741834,0.175135702,0.5534181,0.264738798,-0.293639094,0.000694090733,0.537894428
-0.297899455,-1.46676123,0.772926271,0.00565785123,0.0435157046,0.704211354,0.708633006,-0.371597499,-0.070822075,-0.0564643405,0.926056862,0.123006903,0.00650706189,-0.281016022,0.0945048258,0.147785753,0.358856052,-0.01397462,-0.0012497165,-0.224699199,0.0288355034,0.00882477406,-0.0104093868,0.400455177,0.179854602,0.545118093,0.295041472,-0.288914919,-0.00620073266,0.554727018
-0.300514609,-1.48171067,0.77082628,0.0130182514,0.0406425484,0.694229126,0.71848774,-0.27860263,-0.0891930982,-0.0549910441,0.968424916,0.126119927,0.0064118281,-0.294502348,0.0911007077,0.147288337,0.369426906,-0.00898502395,-0.000903200766,-0.227351338,0.0300848354,0.00112506805,-0.00924308132,0.40617004,0.180717051,0.536395967,0.326595664,-0.284569412,-0.0133745,0.570897579
-0.303720683,-1.4983511,0.76842171,0.0205566715,0.0376682207,0.68400979,0.728209555,-0.181920633,-0.110526599,-0.0467478186,0.968534768,0.129356459,0.00602026889,-0.313494086,0.0878335685,0.14819847,0.382891387,-0.00436422741,-0.000601827633,-0.22871238,0.0320508704,-0.00248682755,-0.00575975981,0.405198336,0.177890241,0.527332962,0.352926254,-0.280981332,-0.0207793508,0.585332274
-0.307520777,-1.51614618,0.765336692,0.0274960361,0.0355640501,0.673533976,0.737788081,-0.0888129473,-0.134705231,-0.0350679085,0.931037307,0.132653475,0.00553096877,-0.337825328,0.0848812759,0.150416926,0.39939183,0.000147084793,-0.00031137708,-0.226795807,0.0336664319,-0.0059219338,0.0022794595,0.400289774,0.172699198,0.518081129,0.373541206,-0.275637835,-0.0296310652,0.59779197
-0.312041163,-1.53593647,0.760308921,0.0333365873,0.0336690359,0.662844181,0.747256756,-0.00625971984,-0.158375144,-0.0245973505,0.865023851,0.134468347,0.00503447559,-0.36776945,0.0848124623,0.153089747,0.416408926,0.00496854447,-1.46006969e-05,-0.22271286,0.0355072021,-0.00940352958,0.0147693437,0.39266336,0.163512841,0.508481741,0.38794288,-0.269482553,-0.0375301242,0.607234657
-0.317161381,-1.5582006,0.755220532,0.0372564867,0.0339669473,0.652379692,0.756213546,0.0545589142,-0.183555707,-0.0154829081,0.778238952,0.132169589,0.00454333518,-0.406612277,0.0859911442,0.157005355,0.431625277,0.0102777593,0.000339311053,-0.214997277,0.0364159346,-0.0140830213,0.0302076209,0.383082271,0.152654648,0.500220358,0.394947469,-0.257814229,-0.0430932119,0.613539219
-0.32329452,-1.5836935,0.748126388,0.0392398834,0.0354936384,0.64287883,0.764138281,0.095528014,-0.20798257,-0.009209699,0.684776425,0.125551164,0.00414026668,-0.452930748,0.090527229,0.161596,0.443530977,0.0172261912,0.000762697309,-0.202709913,0.036237441,-0.0169072859,0.0477298237,0.369994581,0.138792396,0.493893623,0.393507719,-0.243999183,-0.0479443334,0.617085338
-0.329786271,-1.61111748,0.739549696,0.0388431363,0.038619265,0.634718359,0.770799816,0.121892266,-0.227853149,-0.00627889019,0.5902372,0.117251791,0.00387274614,-0.503562689,0.0971814841,0.166951746,0.450619072,0.0266838446,0.00117021252,-0.18375276,0.0358852446,-0.0166824702,0.0652671233,0.354655623,0.122904204,0.488881558,0.38645184,-0.226265714,-0.0513574295,0.616849899
-0.335817933,-1.64009213,0.730808973,0.0359999463,0.0419822074,0.628036201,0.776216507,0.138459072,-0.238444149,-0.00772144645,0.50095433,0.106796376,0.00382528058,-0.555684745,0.108722739,0.170963839,0.451585114,0.0385921523,0.00150973012,-0.159608021,0.034246821,-0.0153108295,0.0834437981,0.340809107,0.10615886,0.486009121,0.374912649,-0.207543209,-0.0533325337,0.612701774
-0.342722684,-1.67038,0.733603418,0.0311107766,0.045745153,0.622656465,0.780537307,0.14019233,-0.24217996,-0.00809246209,0.422238827,0.0927168131,0.00382540096,-0.610969365,0.121511929,0.17491135,0.446848065,0.0525345132,0.0018513659,-0.131551236,0.0313681811,-0.0099489782,0.102170631,0.32804054,0.089695394,0.486270398,0.358857483,-0.190266281,-0.0543343611,0.606845021
-0.348485589,-1.6994822,0.738584042,0.0250988137,0.0483220704,0.618144989,0.784175873,0.130597219,-0.23926805,-0.00647586305,0.357053816,0.0767264143,0.00370782148,-0.658930123,0.134022668,0.177786544,0.438140392,0.0666714981,0.00222518295,-0.0995969102,0.0299912151,-0.00730917044,0.125790805,0.314183623,0.0732255802,0.49298048,0.340181321,-0.176812902,-0.055236388,0.600606322
-0.353498548,-1.72777557,0.745144308,0.0182134937,0.0491275787,0.614659905,0.787050128,0.109064512,-0.227010593,-0.00459143473,0.305767685,0.0605097972,0.0034640294,-0.691446006,0.144670948,0.179732904,0.428603888,0.0795584619,0.00260683103,-0.0622939765,0.0284899138,-0.00404870883,0.156264827,0.299358547,0.0567229688,0.506580532,0.322442323,-0.168639615,-0.0573580973,0.595967591
-0.357446998,-1.75445843,0.751489043,0.0111915283,0.049185805,0.61208111,0.789184511,0.0822598264,-0.210947379,-0.00155451405,0.265465021,0.0459973589,0.0030506542,-0.714906573,0.1514218,0.180117965,0.416670531,0.0898447409,0.00303235464,-0.0222721808,0.0276704393,-0.00141773373,0.195699543,0.284427077,0.0425766446,0.526919305,0.304946989,-0.164550498,-0.0600606315,0.59310621
-0.361362696,-1.77979231,0.757215381,0.00481816148,0.0490127727,0.611532152,0.789685369,0.0530025251,-0.193972528,0.00348918606,0.23296918,0.0341968685,0.00255985395,-0.728759289,0.152571902,0.178444013,0.409532875,0.0983559564,0.00341905397,0.0211017895,0.0264164358,0.00285572326,0.240881369,0.269723326,0.0294202976,0.550516248,0.291170448,-0.168663487,-0.0646782741,0.590949595
-0.36382097,-1.80431497,0.76279223,-0.00342414342,0.047493767,0.61345005,0.7882967,0.021829674,-0.171489194,0.00740493229,0.207410723,0.0253946371,0.00198454829,-0.726780951,0.154268652,0.174375683,0.418759078,0.106953241,0.0035449008,0.0653154105,0.025348939,0.00586534571,0.286528051,0.26144743,0.0213240366,0.576656759,0.280314893,-0.176612064,-0.0703311637,0.588744223
-0.366283715,-1.82667172,0.766201973,-0.00961455423,0.0457436778,0.616881907,0.785666466,-0.00393798109,-0.152499855,0.0125068706,0.186607987,0.0205674171,0.00143915345,-0.709217131,0.15323773,0.174233958,0.451591432,0.114115998,0.00334148319,0.106916301,0.0253075026,0.0104233278,0.331087023,0.255953491,0.0169592388,0.603003502,0.272167295,-0.192100644,-0.0775381252,0.584094167
-0.36704278,-1.84826505,0.770173728,-0.0159019157,0.0420655645,0.622549236,0.781287491,-0.027043784,-0.127392173,0.0156792887,0.168829262,0.017934626,0.00101503974,-0.678341568,0.157121271,0.176865429,0.510835707,0.120158128,0.00286220177,0.144852787,0.024965018,0.0153289866,0.373157978,0.258045465,0.0178121198,0.628437877,0.268395066,-0.20855625,-0.0827934891,0.577923715
-0.36793527,-1.86821675,0.772934616,-0.0209011286,0.0369077548,0.629720986,0.775662541,-0.0461421125,-0.103466183,0.0190805886,0.154385746,0.0166644473,0.00071161025,-0.637886405,0.162206233,0.183079839,0.595462918,0.12484014,0.00223194854,0.177903324,0.025852168,0.0154237831,0.410186768,0.261322975,0.0203490611,0.651122153,0.266827762,-0.227677941,-0.0860155597,0.570591509
-0.368847519,-1.88702071,0.774555981,-0.0240107011,0.0313279442,0.639014125,0.768181682,-0.0619576499,-0.0841898322,0.0232786052,0.142936498,0.0163658615,0.000451179076,-0.58717531,0.167512506,0.190990508,0.697877467,0.129090369,0.00144143857,0.20736438,0.0266670827,0.0123280836,0.445387274,0.269018173,0.0247165468,0.670045972,0.268966913,-0.25066027,-0.0890539512,0.561989725
-0.369891912,-1.90382862,0.776046038,-0.0257474724,0.0239804573,0.650747895,0.758478165,-0.072531499,-0.0652310178,0.026545696,0.134162799,0.016458666,0.000256152183,-0.521720767,0.175682753,0.196710289,0.804675579,0.133435786,0.000565591035,0.229671419,0.0275662132,0.00537414057,0.478571445,0.276234567,0.0297638997,0.685835242,0.275615722,-0.273363084,-0.091579251,0.55539906
-0.370964646,-1.92045355,0.776049435,-0.025404403,0.0172667243,0.66409111,0.747020364,-0.0836354494,-0.0535656512,0.0306299478,0.126545966,0.0169297624,3.91919093e-05,-0.4430224,0.185141742,0.199443594,0.895359874,0.137893587,-0.000237169239,0.246029586,0.0270308647,0.000500693859,0.506175637,0.283041805,0.034750551,0.697616041,0.283660233,-0.296193749,-0.094383806,0.548385143
-0.370949715,-1.93900406,0.775253057,-0.026180312,0.0107586458,0.677878797,0.734628677,-0.102283552,-0.0403458364,0.0328106545,0.120375834,0.017795559,-0.000171884341,-0.361104697,0.202387571,0.194322109,0.949107051,0.141135529,-0.000780856702,0.254111916,0.026617093,-0.00544283027,0.526148021,0.285931915,0.0387718678,0.70503962,0.286519945,-0.316348404,-0.0970540047,0.541379571
-0.371127725,-1.95702767,0.773435533,-0.0247755181,0.00568764564,0.691606045,0.721827507,-0.12335854,-0.0352442302,0.0354443379,0.119506247,0.0191501323,-0.000362173858,-0.269739509,0.217171967,0.18864736,0.968469977,0.142772332,-0.00142535486,0.258697093,0.0263064243,-0.00567488838,0.539586663,0.283123702,0.0409616865,0.709611416,0.287490338,-0.334288508,-0.0994985774,0.533559382
-0.370490879,-1.9751488,0.770971,-0.0233604349,-0.000509842474,0.704719126,0.709101558,-0.147418529,-0.0307396073,0.0364041328,0.125621274,0.0208817106,-0.000559874054,-0.174903765,0.235066131,0.17926994,0.951580405,0.142375544,-0.00208051037,0.258465409,0.0253644139,-0.00892973412,0.54804033,0.275960654,0.0418875329,0.712316036,0.286798686,-0.347204059,-0.10078913,0.525380671
-0.370077282,-1.9948976,0.767469227,-0.0221514143,-0.00499208272,0.716917813,0.696787834,-0.180946112,-0.0313754827,0.0372909233,0.13655372,0.0226299521,-0.000766012527,-0.0860336944,0.250230938,0.17266573,0.90526408,0.140293151,-0.00284253014,0.254262477,0.0247558579,-0.0103517985,0.550145209,0.263593733,0.040562503,0.712455869,0.283463031,-0.3597565,-0.101298355,0.516127348
-0.368581891,-2.01689339,0.762713432,-0.0219161939,-0.00837543514,0.727999628,0.685175955,-0.22171405,-0.0339256451,0.0373934545,0.152825594,0.0251375921,-0.001009678,-0.00675200531,0.264972836,0.16735822,0.837157607,0.137082964,-0.00359029998,0.24572742,0.022944564,-0.0105482889,0.543212056,0.246301085,0.0373187512,0.70944643,0.273627192,-0.369050205,-0.0998388827,0.504097819
-0.365959376,-2.0410223,0.756968021,-0.0219332837,-0.0101385042,0.737958372,0.674413562,-0.27094093,-0.0393946208,0.0371037535,0.173167467,0.0283977594,-0.00124728773,0.0571406186,0.275793821,0.165755957,0.756760359,0.132774308,-0.0042303158,0.233002156,0.0220472496,-0.0113768913,0.529845536,0.225564778,0.0331799015,0.705136776,0.259305954,-0.378002733,-0.0977616683,0.490235001
-0.363483608,-2.0661571,0.750049829,-0.0218192004,-0.0103770411,0.746228456,0.665251315,-0.324255109,-0.0494453423,0.036839392,0.197512433,0.0332931764,-0.00146361254,0.104519024,0.281581074,0.167583957,0.673334599,0.12582247,-0.0047558262,0.215196788,0.0203042459,-0.0126881106,0.512614846,0.203882664,0.0290119927,0.699673891,0.243671641,-0.385263354,-0.0927400589,0.475140899
-0.359947741,-2.09626937,0.740983784,-0.0231379066,-0.00728923967,0.752639651,0.657985628,-0.388029456,-0.0652046278,0.0376080237,0.219714671,0.0401324406,-0.00172568997,0.121876374,0.280997396,0.171401978,0.591477692,0.115053557,-0.00515041919,0.195379868,0.020756172,-0.00839744881,0.486207664,0.18348603,0.0253215712,0.691785991,0.219387785,-0.395556182,-0.0878277272,0.45773989
-0.357403576,-2.12635779,0.737287164,-0.0241417028,-0.00242411974,0.757305324,0.652610123,-0.449669331,-0.0860185549,0.0391241089,0.23826389,0.0498992838,-0.00188823207,0.124819897,0.274057776,0.176021606,0.521528602,0.101573728,-0.00549316173,0.169553071,0.0209413655,-0.00660749432,0.45577988,0.172105744,0.0253318269,0.682959378,0.193985701,-0.407222301,-0.0819519982,0.439691275
-0.353192329,-2.15995622,0.744328439,-0.0264709238,0.00517511601,0.759781003,0.64961946,-0.509426236,-0.104220681,0.0402184613,0.244805694,0.0624647103,-0.00200163433,0.105559856,0.261787415,0.179124668,0.467032701,0.0840969682,-0.00581992185,0.138109341,0.0227623675,0.0034648974,0.419541925,0.172556028,0.0296669453,0.673505604,0.16070886,-0.418683171,-0.0748917013,0.420679957
-0.34986794,-2.19357491,0.751506388,-0.028605409,0.0141618289,0.760231078,0.648868144,-0.561325788,-0.115957148,0.0400828496,0.241724521,0.077319324,-0.00225108396,0.0738768503,0.243547797,0.180399179,0.424956471,0.0637865961,-0.00598074542,0.100368276,0.0244214442,0.016117502,0.381983608,0.186309218,0.0390672684,0.664880991,0.119838029,-0.429944664,-0.0660311282,0.402300686
-0.347495317,-2.22690296,0.758730412,-0.0306822062,0.0235855896,0.759958863,0.648818016,-0.603854716,-0.123337924,0.0401006453,0.232852757,0.0904646814,-0.00264375028,0.0290751141,0.221942678,0.179605767,0.395925939,0.0419864953,-0.00594378682,0.0584505685,0.0268429164,0.0295717604,0.345690906,0.210885793,0.0522149205,0.658097386,0.0810434446,-0.438211858,-0.0553908497,0.388811439
-0.345273882,-2.25815916,0.764513075,-0.0324868187,0.0319808908,0.759541035,0.648859978,-0.63491708,-0.124540888,0.0401805863,0.22749269,0.101587743,-0.00318611576,-0.0240599215,0.204387903,0.175936505,0.380278677,0.0210799966,-0.00553320954,0.0171219762,0.0285463668,0.0427903533,0.312143385,0.244813114,0.0690758526,0.654365599,0.0472723283,-0.44237408,-0.0462770164,0.381680071
-0.341961741,-2.28888178,0.769414842,-0.0348488577,0.0392625108,0.758813679,0.649188578,-0.66081953,-0.115375653,0.0404693224,0.233329311,0.111383095,-0.00391165866,-0.0784320682,0.188374415,0.170957536,0.371969849,0.0033345574,-0.00512107741,-0.0209932514,0.0294514485,0.0523730032,0.278549016,0.286263406,0.0876628458,0.650363088,0.0306922775,-0.435415268,-0.0359525159,0.382731736
-0.340287983,-2.31622219,0.773533225,-0.0345958918,0.0445934683,0.75795722,0.649857998,-0.663468659,-0.105509192,0.0405406877,0.263529927,0.119756326,-0.00431472529,-0.124649383,0.170607835,0.167068601,0.370126784,-0.0100635495,-0.00460390933,-0.0512666926,0.0302188918,0.056373179,0.246089965,0.325554609,0.1057183,0.646593153,0.0321495868,-0.424875498,-0.0285477377,0.391700596
-0.338435054,-2.34055114,0.776722014,-0.0327661484,0.0475329645,0.756390095,0.651568115,-0.652014494,-0.0930116624,0.0353263319,0.313865036,0.124551378,-0.00409004465,-0.15884921,0.154866531,0.162939504,0.369425565,-0.0182392746,-0.00403180253,-0.0781150535,0.0310288277,0.0565003566,0.215147585,0.361415744,0.122944459,0.644206703,0.0496447012,-0.410287231,-0.02415918,0.407747895
-0.338466048,-2.36103296,0.778740287,-0.026983723,0.0486221053,0.754678905,0.653733552,-0.622238815,-0.0834727958,0.0236765128,0.388616562,0.12623477,-0.00287754694,-0.176991493,0.137069374,0.15994741,0.367809623,-0.0219496768,-0.00342487171,-0.103499152,0.0311778504,0.0488336459,0.191885874,0.391646266,0.138083175,0.642326951,0.0797182247,-0.394560874,-0.02277462,0.429558069
-0.337053746,-2.38546467,0.780618191,-0.0256802607,0.0505285561,0.75183624,0.656909227,-0.597639561,-0.0739561617,0.00575667154,0.479118496,0.125741616,-0.00107552391,-0.206884772,0.125762075,0.156141967,0.359918207,-0.0235245433,-0.00289924536,-0.124817863,0.0328481495,0.0441493988,0.16338937,0.417523295,0.149535432,0.635809839,0.11401996,-0.377897531,-0.0229168907,0.45262298
-0.335735589,-2.40515447,0.781360149,-0.0193229485,0.0480219983,0.747123539,0.662666559,-0.551420689,-0.0649065748,-0.018331103,0.593023956,0.124791369,0.0013809409,-0.21841462,0.117742755,0.151491299,0.354929954,-0.0221845433,-0.00239468319,-0.14201656,0.0331951119,0.0428204238,0.136704624,0.437828541,0.158382818,0.628270447,0.154780537,-0.357548743,-0.0217324439,0.479958594
-0.335708052,-2.42357516,0.781599164,-0.0124461614,0.0452461056,0.739598095,0.671410859,-0.491730303,-0.0580649152,-0.0434930623,0.715001464,0.124336623,0.00419063587,-0.227988601,0.107865103,0.148590639,0.351564944,-0.0195732862,-0.00203303644,-0.157473877,0.0348172449,0.0359565727,0.116310999,0.45312649,0.165582985,0.620355189,0.197819933,-0.342988163,-0.0230086204,0.506435752
-0.335184157,-2.43973088,0.780493021,-0.00485724164,0.0404095165,0.730040848,0.682190537,-0.416700602,-0.0594969988,-0.0658550486,0.830924869,0.125252932,0.00607883371,-0.231901571,0.104259379,0.144593671,0.350609481,-0.016023403,-0.00169340533,-0.166470245,0.0359357707,0.0266133957,0.10068427,0.4613491,0.170765623,0.611743629,0.242344722,-0.326271057,-0.0240826365,0.532907426
-0.33534649,-2.45566797,0.778821111,0.00212314026,0.0348638743,0.71939981,0.69371748,-0.32797426,-0.0641717762,-0.0824261904,0.917057157,0.12720716,0.00721821003,-0.237081662,0.103938818,0.141023085,0.350233614,-0.0121496199,-0.00136150932,-0.171735778,0.0384218208,0.0202616695,0.0896491259,0.462829739,0.173215687,0.600634217,0.286475658,-0.30994457,-0.0261229947,0.559149981
-0.336726785,-2.47215509,0.776885927,0.010508501,0.0295630619,0.708435059,0.705078304,-0.227157876,-0.076150991,-0.0880992338,0.959319115,0.129350036,0.0075822887,-0.246381909,0.103181474,0.139037818,0.356027663,-0.00815331563,-0.000990392757,-0.176560104,0.0397229232,0.0149026047,0.080305852,0.456154197,0.173847228,0.588501573,0.323851734,-0.298562169,-0.0311931688,0.581934392
-0.337555677,-2.48774028,0.774411798,0.0183085054,0.023987418,0.697624981,0.715827346,-0.118406698,-0.0900109857,-0.0876954421,0.954204142,0.131015465,0.00758060394,-0.256950229,0.105204158,0.137640834,0.366801649,-0.00406819116,-0.000689240755,-0.182513282,0.0408238247,0.00668053469,0.0777155757,0.445015311,0.171439365,0.576294363,0.358116984,-0.285587728,-0.0356595777,0.602219045
-0.339135885,-2.50590181,0.770825803,0.0253167506,0.0195922703,0.686746955,0.726191342,-0.0160761308,-0.106458627,-0.0818817914,0.909397662,0.131609574,0.00734028453,-0.274839222,0.108111471,0.137608066,0.379284889,-0.000238425797,-0.000375113566,-0.188699126,0.042527169,0.000472498708,0.0782403201,0.437580407,0.168896943,0.564414024,0.383736342,-0.273280233,-0.040072564,0.616779327
-0.341761172,-2.52724123,0.766134322,0.0305540543,0.0170895811,0.675916135,0.736146569,0.0671075583,-0.128827125,-0.0732203871,0.835540473,0.130866632,0.00703004282,-0.303904474,0.111696124,0.139127567,0.391804427,0.0037814551,-2.8102897e-05,-0.192975387,0.0438500494,-0.00312396046,0.0805364177,0.430657327,0.165516868,0.553454459,0.397085816,-0.261488736,-0.0444497094,0.625226319
-0.345571488,-2.55056453,0.760947049,0.0347707644,0.0169710685,0.66542846,0.745458245,0.129909322,-0.154599488,-0.0646682009,0.744480491,0.129248172,0.00668716198,-0.341530532,0.113102518,0.143191561,0.406023413,0.00857623294,0.000302876841,-0.191154018,0.044812344,-0.00366903725,0.0825262293,0.424728394,0.159586012,0.542732596,0.400811672,-0.247700632,-0.0470219254,0.627581239
-0.348931283,-2.5756197,0.754672885,0.0367270969,0.0178733151,0.65539664,0.754179716,0.172033519,-0.178953528,-0.058439333,0.649057508,0.125197455,0.00639558304,-0.386351049,0.119163506,0.147182703,0.419280231,0.0147921937,0.000657637545,-0.182721063,0.0458944701,-0.00744527811,0.0868374333,0.419368327,0.15150483,0.533559084,0.39746663,-0.230428591,-0.047792878,0.626069665
-0.354044825,-2.60475063,0.74599129,0.0366621427,0.0218058918,0.646125793,0.762037933,0.196092978,-0.203313589,-0.051265128,0.558988154,0.118880831,0.00612178259,-0.43901521,0.123394094,0.152185798,0.425975919,0.023192782,0.00102078612,-0.166485339,0.0459344387,-0.00451712543,0.0880607516,0.415122807,0.142338961,0.524796128,0.384042025,-0.213012934,-0.0495103747,0.618235588
-0.358982205,-2.63538146,0.732545018,0.0341838822,0.0263593197,0.637906432,0.768903136,0.207221493,-0.218485057,-0.0459521227,0.474127978,0.110067174,0.0058847554,-0.494926751,0.131738007,0.15620625,0.427018583,0.0341153294,0.00133029127,-0.14395611,0.0454297699,-0.00229920796,0.0896516144,0.413774878,0.132943317,0.517706096,0.365355432,-0.196072266,-0.0487936959,0.608533084
-0.363833874,-2.66712451,0.734144151,0.0307278484,0.0308979992,0.630261898,0.775158703,0.207450971,-0.226448998,-0.0409189649,0.399100959,0.097861737,0.0057120081,-0.549875438,0.141352892,0.159669325,0.422146648,0.0476993583,0.00163269322,-0.115520447,0.0446912907,0.00147074123,0.0916736647,0.413553208,0.123518899,0.51344502,0.340182066,-0.183566973,-0.0483791195,0.594929755
-0.368435919,-2.69779515,0.738368034,0.0271580722,0.0341138691,0.623010755,0.780996978,0.199238405,-0.229765639,-0.0343144573,0.336108327,0.082605511,0.00551251369,-0.596329033,0.152352244,0.162213504,0.412450224,0.0635080412,0.00196607108,-0.0847131833,0.0435958244,0.00319398637,0.0990705118,0.413787305,0.114564039,0.514931917,0.315919399,-0.177162871,-0.050171677,0.582989454
-0.372494668,-2.72701621,0.743636191,0.0222685542,0.0355781093,0.616505027,0.786231458,0.182202861,-0.226735532,-0.0261379052,0.284231097,0.0658554062,0.00517844222,-0.633062661,0.16343528,0.163798228,0.397244573,0.0787386373,0.0023833462,-0.0516421683,0.0430628881,0.00136837387,0.11466261,0.412281692,0.105276294,0.52264756,0.294283092,-0.173994273,-0.0534456596,0.573714912
-0.376499444,-2.75564122,0.749550581,0.0176175106,0.0369188711,0.610818088,0.790713549,0.156672627,-0.218442589,-0.017200293,0.244310945,0.0499783605,0.00475598499,-0.658798575,0.171605244,0.16484192,0.38068068,0.0911121666,0.00282583549,-0.0143565619,0.0420589224,0.00161272287,0.134683549,0.405870825,0.0947265625,0.535174847,0.274261683,-0.176867068,-0.0580018312,0.566430628
-0.380393833,-2.78339362,0.755103052,0.0121225165,0.0376519822,0.606508553,0.794092417,0.125709936,-0.203677177,-0.0087561598,0.213667989,0.0362028666,0.00431751786,-0.677868068,0.176206812,0.164299726,0.364729583,0.100131214,0.00328233838,0.0258118603,0.0411021933,0.0036524313,0.15972434,0.396085054,0.084826313,0.551466048,0.257671475,-0.186131045,-0.0650691688,0.564612806
-0.382530391,-2.80926299,0.760153532,0.00683827233,0.0368559249,0.604329884,0.795851886,0.0979903787,-0.185021266,-0.000890504511,0.189026311,0.0250474252,0.00377742853,-0.687211454,0.177218199,0.161658734,0.358754992,0.10756702,0.00368293165,0.067423813,0.0395704508,0.00415461976,0.188058943,0.383192241,0.0746063963,0.570309103,0.244713485,-0.198645592,-0.0725702867,0.564798415
-0.384775341,-2.8346343,0.764859974,0.00112685689,0.0358323567,0.604446173,0.795838892,0.0691530704,-0.164409116,0.00679204054,0.167638153,0.0167623106,0.00320987264,-0.684919715,0.174094275,0.158260256,0.370907128,0.116320997,0.00390604162,0.106944636,0.0366919711,0.00634621549,0.219954073,0.369506001,0.066601485,0.591768742,0.237101853,-0.214226618,-0.0821581259,0.565833211
-0.386849016,-2.85846114,0.769151628,-0.00405700225,0.0340630114,0.606328666,0.794473946,0.0419382341,-0.143175095,0.0141508309,0.150333524,0.0112285903,0.00266632251,-0.670094252,0.169764325,0.156143084,0.403270751,0.124307111,0.00375270634,0.14595443,0.034308292,0.0121456524,0.250527501,0.354370892,0.0604361445,0.613655746,0.234828502,-0.231245041,-0.0907378197,0.565771997
-0.387687236,-2.88211966,0.772411644,-0.009361431,0.0325262174,0.609172165,0.792315364,0.013609333,-0.12092229,0.0206704661,0.133896932,0.00808314979,0.00215399661,-0.651517153,0.166265965,0.156867087,0.453907669,0.130962506,0.00329311751,0.178584039,0.0311554763,0.00956112705,0.284095734,0.335747272,0.0554445684,0.635340035,0.233152419,-0.246995643,-0.0962608084,0.56680727
-0.387796611,-2.90343213,0.775379956,-0.0131545728,0.0297172442,0.613588572,0.788956881,-0.00772548746,-0.0995249823,0.0267786719,0.120755643,0.00700674206,0.00169732922,-0.618195653,0.164505064,0.15918979,0.525348306,0.136303142,0.00253704027,0.209590301,0.0298882835,0.00572560169,0.318535566,0.316679865,0.051769942,0.65606159,0.232851446,-0.263798863,-0.101622224,0.563010216
-0.389377266,-2.92285514,0.775784552,-0.0144794155,0.0267143697,0.61992079,0.784075856,-0.0249270387,-0.0883472636,0.0350241922,0.108370565,0.00782634411,0.00126971828,-0.576111019,0.155874297,0.166518047,0.613319933,0.140309885,0.00140599359,0.241026744,0.028461678,0.000828241813,0.351527542,0.296251804,0.0487276725,0.674713671,0.24014613,-0.280213892,-0.104944222,0.55845964
-0.389444351,-2.94140124,0.776481807,-0.0151582928,0.0211256426,0.628330171,0.777512074,-0.0359691717,-0.0731861219,0.0414405279,0.097218588,0.00874342583,0.000985604362,-0.525349259,0.149915114,0.171941742,0.717788517,0.14352563,4.15887043e-05,0.270815134,0.0275762193,-0.00540956808,0.383135349,0.278744608,0.0467720032,0.691160738,0.252973288,-0.294174224,-0.104811013,0.557378352
-0.390133411,-2.96098614,0.776431978,-0.0144168856,0.0169787221,0.637377501,0.770229697,-0.0522132292,-0.0634416118,0.0483612977,0.0873359814,0.00973109063,0.000723997888,-0.463298678,0.141847447,0.177696034,0.816132307,0.146318361,-0.00123601023,0.293864608,0.0269413926,-0.0113081755,0.413057476,0.259675026,0.0444966629,0.705690444,0.263873011,-0.309623659,-0.104138002,0.553232849
-0.390328556,-2.97833252,0.775207877,-0.010900625,0.0121005224,0.647613883,0.761794567,-0.0651492551,-0.058435034,0.054547511,0.0832840577,0.0112732118,0.000516128144,-0.383944094,0.1337277,0.181644574,0.905591786,0.150692075,-0.00234498247,0.309649497,0.0251194462,-0.0204077475,0.444901615,0.239296392,0.042414967,0.719173551,0.27341795,-0.32507962,-0.104318209,0.548808634
-0.38961789,-2.99668598,0.773076713,-0.0076073599,0.00697486708,0.658527672,0.752485752,-0.0841902271,-0.0537984222,0.0589669049,0.0838247761,0.0134524927,0.000297472376,-0.303079754,0.131724313,0.180606335,0.967109263,0.152385801,-0.00301352981,0.318091422,0.0241959598,-0.0291968118,0.475648344,0.217799947,0.0392827392,0.7296772,0.281265825,-0.334362626,-0.103027143,0.544498742
-0.388869196,-3.0151732,0.770791709,-0.00380226388,0.00228102971,0.669846117,0.742486715,-0.106506027,-0.0517180972,0.0621073693,0.0903812647,0.0156291239,0.000134052665,-0.211633489,0.132959813,0.177302837,0.993688822,0.153270602,-0.00342741003,0.321190447,0.022695614,-0.0356680006,0.50245136,0.195021495,0.0350302383,0.736809492,0.289083034,-0.340106338,-0.100834727,0.540318727
-0.388282806,-3.03543806,0.767161608,-0.000293235062,-0.000943737861,0.681364536,0.731943607,-0.136153921,-0.0531248823,0.0644856766,0.100351863,0.018163912,-3.71800706e-05,-0.12121965,0.135433361,0.175056055,0.982310474,0.1515854,-0.003772547,0.319469482,0.022256,-0.0412290618,0.523390591,0.170533106,0.0290148966,0.741038084,0.293245107,-0.343852669,-0.09729895,0.5339607
-0.386639297,-3.0587945,0.762037814,0.00149544189,-0.00280619413,0.693255424,0.720684886,-0.177672446,-0.0555790588,0.0658450052,0.112777017,0.0209382847,-0.00025660533,-0.0447164886,0.14287892,0.173603311,0.937187016,0.147664696,-0.00407695072,0.313295364,0.0214346722,-0.0450946316,0.535336256,0.145410731,0.022616094,0.742363632,0.291154027,-0.349340647,-0.0955396593,0.525517404
-0.385111392,-3.08320904,0.755310118,0.00240466977,-0.00311269611,0.705180764,0.709016621,-0.224253073,-0.062377125,0.0672092065,0.126957342,0.0244328901,-0.000471943145,0.0217425805,0.150416344,0.175437808,0.867676079,0.140936971,-0.0044514956,0.303039253,0.0205067005,-0.0484302044,0.53805548,0.119974285,0.0160805173,0.740643501,0.288837731,-0.355116367,-0.0926319063,0.515031219
-0.380651385,-3.11190772,0.746504605,-0.000339572085,-0.00174423144,0.71656251,0.697520554,-0.283394992,-0.0657786429,0.0670318455,0.139813974,0.0290650371,-0.000751622836,0.0647122413,0.164048433,0.174457967,0.782916069,0.126769811,-0.00465452299,0.29027611,0.0201379545,-0.0506221429,0.529052198,0.0943248793,0.0109384218,0.736715257,0.281578392,-0.359321833,-0.0882501304,0.502690434
-0.375418365,-3.14188218,0.738190472,-0.00518994965,0.0022430236,0.727362037,0.6862306,-0.350503236,-0.0683241263,0.0658730641,0.15613021,0.0357782803,-0.000981858466,0.0923544168,0.173603639,0.175092414,0.688234389,0.108662821,-0.00494580064,0.273724109,0.018755259,-0.0485605337,0.506982446,0.072973907,0.00788369495,0.730003536,0.269749671,-0.362861067,-0.0818638727,0.48851335
-0.367766112,-3.17156196,0.74113059,-0.0115549741,0.00491699995,0.737192273,0.675566435,-0.418704778,-0.0659151077,0.0623731911,0.173700809,0.0437598675,-0.00124759902,0.111164927,0.186122254,0.171099618,0.597317278,0.0870488435,-0.00515554752,0.252169102,0.0187208652,-0.046656087,0.483228505,0.0665773675,0.0105371373,0.724357247,0.258415341,-0.36413765,-0.0738833547,0.475284457
-0.362632036,-3.2010715,0.744858265,-0.0153246447,0.00974267907,0.745109975,0.666694283,-0.480856419,-0.0705261305,0.0602949001,0.190395981,0.0541637987,-0.00154473411,0.116733938,0.185665637,0.169855759,0.511350513,0.0638543591,-0.00536015397,0.226115599,0.0207150728,-0.0416129045,0.45993048,0.0677817538,0.0172802676,0.723101437,0.248037219,-0.366558999,-0.0662134886,0.46510005
-0.360141695,-3.2304337,0.751014769,-0.0166294519,0.016757248,0.751036406,0.659838676,-0.533037663,-0.084946081,0.0595409125,0.203339502,0.0647523329,-0.00185242959,0.110833831,0.174320012,0.168581411,0.436269164,0.0409487821,-0.00529087009,0.195374697,0.0217073858,-0.0338291712,0.427070528,0.0774695501,0.0260898191,0.716952324,0.236768275,-0.37151581,-0.0598540567,0.457909435
-0.359690726,-3.26059461,0.758817494,-0.0167820565,0.0243395343,0.755738676,0.65420568,-0.570424676,-0.103245355,0.0601586625,0.214439794,0.0740883723,-0.00213367562,0.0889819935,0.152934983,0.167123526,0.376335919,0.0193448793,-0.00515919877,0.159930229,0.0221278779,-0.0293755848,0.398941338,0.095102489,0.037181057,0.711409211,0.225944072,-0.377761334,-0.0542507321,0.454351872
-0.360182136,-3.28740454,0.765822768,-0.0152632063,0.03032385,0.760471702,0.648483098,-0.592280686,-0.11660853,0.0600625239,0.226580575,0.0827195346,-0.00251038442,0.0680069402,0.128810853,0.162600383,0.329757094,0.000721129472,-0.00481736381,0.123466067,0.0221143272,-0.0261234585,0.376544356,0.11921528,0.0509878397,0.70725292,0.222317323,-0.38158983,-0.0497587584,0.455063552
-0.35406512,-3.31309724,0.765619814,-0.0167538468,0.0319811553,0.76552093,0.642397225,-0.60573709,-0.108041339,0.0553618185,0.251861572,0.091614157,-0.002953975,0.043307893,0.124184772,0.149311468,0.290560424,-0.010575749,-0.00430609193,0.083367303,0.0220350809,-0.0244710054,0.354433,0.158120185,0.0686770082,0.701705337,0.224524379,-0.373498082,-0.0428235084,0.458575964
-0.346005946,-3.3377142,0.771520317,-0.0198747907,0.0317417644,0.770568371,0.636256218,-0.608057737,-0.0905702189,0.0468701236,0.289183378,0.0983494148,-0.00308898813,0.0180258267,0.13113077,0.131641582,0.256699353,-0.0204912405,-0.00366166956,0.0419764817,0.0229453295,-0.0227741897,0.333045661,0.206237704,0.089429602,0.694837511,0.230689794,-0.355126917,-0.0336707905,0.464708
-0.340259194,-3.35166621,0.771728218,-0.0154094826,0.0256972704,0.773273647,0.633364081,-0.573738515,-0.0692311823,0.0320231169,0.354741007,0.102120556,-0.00229460467,0.0259822961,0.135311559,0.114682369,0.235557154,-0.0252757221,-0.00321083004,0.00058018323,0.0234400667,-0.0276323557,0.324562907,0.259374797,0.112648718,0.690475881,0.255078316,-0.333277434,-0.0265022628,0.477261901
-0.340451002,-3.38326216,0.776068926,-0.0161553808,0.0329444185,0.772721827,0.633683443,-0.571931839,-0.0729597881,0.0237290319,0.414064139,0.103963092,-0.00146593491,-0.0193277579,0.112692535,0.107383393,0.208130568,-0.0302989017,-0.00274106325,-0.0320627205,0.0258224159,-0.0189567842,0.299069583,0.29212144,0.125299379,0.680972636,0.265103191,-0.322866112,-0.0236051809,0.485467583
-0.339138567,-3.40399837,0.777509093,-0.0117058977,0.0311099067,0.715920091,0.697390556,-0.541163981,-0.0667436719,0.00489285355,0.500896871,0.105268463,0.000103403792,-0.0416892096,0.0985741317,0.0978654474,0.197171226,-0.0321989954,-0.00240314659,-0.0663886368,0.0257504229,-0.0203597788,0.283897012,0.32557258,0.138482645,0.674892902,0.279673725,-0.312830597,-0.0195248444,0.498318106
