0.0513218492,3.7632606,0.774323285,0.00692560896,0.0106876828,0.620291471,0.784267962,0.12775448,0.0146586103,0.183268249,-0.0472700521,0.0560809672,0.000178938222,-0.0739906728,0.0086745806,0.0647256225,0.133227795,0.0284623597,0.000773046864,0.12431027,0.0273601189,0.0723958313,0.181321084,0.167606205,0.0429950468,0.656928241,0.117379799,-0.162801906,-0.0161896124,0.539845467
0.0507492982,3.7626636,0.773109496,0.00667251786,0.0112231616,0.620964289,0.78373009,0.124977887,0.0162780639,0.183203235,-0.0505768359,0.055595465,0.00020364589,-0.0726310909,0.00910427514,0.0643780902,0.128937647,0.0286630765,0.000804382958,0.125716537,0.0265289675,0.0709526613,0.172092661,0.139836177,0.0296009202,0.649365783,0.117488302,-0.163364142,-0.0156991892,0.539853036
0.0508753695,3.76311135,0.773617685,0.00767126633,0.0121523412,0.620980024,0.783694625,0.124283396,0.0140161328,0.18305099,-0.051816877,0.055596713,0.000187230398,-0.0701967478,0.00552455289,0.0646987706,0.125624731,0.0282433871,0.000749311293,0.131502956,0.0264901854,0.0672430396,0.158395037,0.136261627,0.03407811,0.645394623,0.119481251,-0.166201964,-0.0165738109,0.540664732
0.0520843416,3.76519775,0.772900105,0.00651595509,0.0138738612,0.619316936,0.784991503,0.124370478,0.0116765415,0.182669058,-0.0530113839,0.0565185212,9.83850041e-05,-0.0687832609,0.0067392732,0.0638433844,0.120785117,0.0287939608,0.000809119956,0.125771552,0.0329505727,0.0609450415,0.164998397,0.144045532,0.0319994949,0.64662081,0.119294509,-0.169053897,-0.0142654506,0.540124774
0.0537892617,3.76592541,0.772627354,0.00603023916,0.0135053881,0.619069755,0.785196722,0.126202688,0.0132036721,0.182121933,-0.0545055568,0.0573090091,4.87870748e-05,-0.0653949752,0.0110027073,0.0618197434,0.116637096,0.0293141995,0.000830886827,0.125996649,0.0327665731,0.0584582947,0.168884337,0.149533585,0.0294057354,0.64678818,0.120196469,-0.169045061,-0.0108911479,0.540823519
0.0547670126,3.7658968,0.772454798,0.00688514952,0.0113654006,0.619261563,0.785072327,0.131236255,0.0157260485,0.181574717,-0.0547713377,0.0581457019,-4.74178887e-06,-0.0598688684,0.014493621,0.0599682257,0.114138722,0.030119244,0.000860834436,0.126557812,0.0316350199,0.0639668703,0.169312119,0.151491433,0.0269726608,0.645425141,0.122030653,-0.167362899,-0.00642821286,0.542464495
0.0556667447,3.76570463,0.772404671,0.00650096824,0.0114357453,0.619398773,0.784966409,0.131451383,0.017747974,0.181172207,-0.0569383502,0.0586844273,-5.09549136e-05,-0.0586339012,0.016330814,0.0583958551,0.110620961,0.0308364108,0.000849721837,0.128055543,0.0329795778,0.0642755404,0.169091091,0.152721465,0.0243115295,0.644526064,0.121098027,-0.16816695,-0.00391532714,0.541995287
0.0564465784,3.76611018,0.77215147,0.00638758857,0.0107523575,0.619362175,0.785005748,0.133982748,0.0205718298,0.180562809,-0.0575899929,0.0592891723,-6.21055588e-05,-0.0553922094,0.0187097304,0.0567032136,0.10774634,0.0315094665,0.00083808694,0.127387285,0.0327794366,0.0651643425,0.170105562,0.154569343,0.0219140891,0.643203139,0.121671245,-0.170246124,-0.00248772046,0.541890025
0.0577311367,3.76596427,0.772213221,0.00671722274,0.0118407626,0.619799912,0.784641802,0.132763818,0.0204018522,0.180296481,-0.0586669147,0.0600098185,-0.000136366172,-0.0553111471,0.0184752028,0.0555407256,0.104968615,0.0321868844,0.000824096845,0.128919825,0.0318476707,0.0648273081,0.170963362,0.158073023,0.0202958751,0.641987979,0.123249434,-0.170983732,-0.000146279941,0.543278813
0.0588251166,3.76580596,0.772140086,0.00641930569,0.0118282456,0.620254219,0.784285367,0.131578788,0.0231754631,0.179324597,-0.0581961684,0.0606908388,-0.000175417197,-0.0548232719,0.0203713514,0.0537905842,0.103153475,0.0328004174,0.000792119885,0.130307451,0.0323366933,0.0639326274,0.17059879,0.159624174,0.0186970551,0.641521692,0.124646023,-0.172426865,0.00137405936,0.543958127
0.0601229742,3.76503706,0.772086382,0.00566618983,0.0127950199,0.620692194,0.783929467,0.126887619,0.0259822439,0.178284273,-0.057267759,0.0614094324,-0.000236579639,-0.0567497462,0.0221080706,0.0520020016,0.100776754,0.0334059708,0.00077160215,0.132100716,0.0324616395,0.0633229539,0.168947145,0.16020678,0.0168268736,0.640433133,0.12570788,-0.174569562,0.00312795816,0.545068562
0.0623307973,3.76438117,0.772235453,0.00555189094,0.0142097166,0.621221781,0.783486307,0.120794088,0.0282333866,0.176871568,-0.0538176596,0.062123321,-0.000315346115,-0.0596282445,0.023165442,0.0504070483,0.0996548533,0.0341155231,0.000744510093,0.13386482,0.0313852802,0.062144082,0.167482212,0.162893623,0.0162233375,0.639168143,0.125630543,-0.176212892,0.00468651764,0.546023667
0.0637537688,3.76274729,0.772205591,0.00534901209,0.0147153689,0.622359097,0.78257525,0.114107668,0.0323718973,0.174838811,-0.0484584533,0.0628556907,-0.000353515497,-0.0627831519,0.0246179346,0.0487142615,0.099294506,0.0347858705,0.000698614051,0.137513608,0.0324869342,0.0651115254,0.165932357,0.164783686,0.0154242422,0.637767792,0.124808952,-0.180226177,0.00497196522,0.54612869
0.0669209063,3.76208377,0.77209419,0.00457989005,0.0160416644,0.623914897,0.781314194,0.105859429,0.0376356281,0.171826422,-0.04179921,0.0634132698,-0.00043502156,-0.0649003386,0.027957743,0.0466385446,0.0990490988,0.0356950872,0.000647207373,0.142446563,0.0318197384,0.0614297874,0.165826589,0.166911513,0.016269885,0.637904942,0.12457262,-0.183956861,0.00463279663,0.545070529
0.0695643947,3.76028156,0.772051454,0.00372182019,0.0179576408,0.625887334,0.779697895,0.0933901593,0.0417087227,0.168701246,-0.0338882916,0.0639189705,-0.000530319288,-0.0696228072,0.0299582314,0.0448481776,0.0977431387,0.0365902819,0.00059334567,0.148983389,0.0316413194,0.0610242672,0.16608268,0.165672988,0.0153085245,0.638556123,0.124952704,-0.188889354,0.00473000808,0.544197857
0.0726042539,3.75785112,0.771861374,0.00276531698,0.0197802689,0.628369033,0.777658939,0.0777639523,0.0467168167,0.16506429,-0.0234558489,0.0642891899,-0.000629860617,-0.0752754286,0.0332959853,0.0425016917,0.096306175,0.0374974646,0.000542693306,0.156511843,0.0314044096,0.0604748987,0.165147811,0.169333085,0.0168029796,0.638712406,0.124309897,-0.195029765,0.00404250761,0.543325245
0.0767701641,3.75521064,0.771296024,0.000761768257,0.0217933711,0.631529987,0.775044739,0.0595728867,0.054887563,0.160059795,-0.0112298364,0.0644296929,-0.000751130632,-0.0820159912,0.0396568365,0.0391074307,0.0946784914,0.0388004966,0.000495410757,0.16508922,0.032641612,0.0592633337,0.163544998,0.172172651,0.0183127932,0.637535989,0.123950221,-0.199895039,0.00397016108,0.542124212
0.0807097405,3.75177073,0.77078855,-0.00178595143,0.0232360084,0.635566592,0.771694303,0.036374893,0.0655421838,0.154084653,0.00533574354,0.0641340986,-0.000870585616,-0.0890020803,0.0484566279,0.0347448848,0.0932990909,0.0402797051,0.000465755904,0.175673783,0.0344231315,0.0602225438,0.163318858,0.177072614,0.0222397018,0.638089955,0.123155773,-0.206831351,0.00299923378,0.540492535
0.0853111297,3.74713635,0.770047307,-0.00451667374,0.027603602,0.640389681,0.767540693,0.00436487142,0.0742038563,0.147824481,0.0239704717,0.0633826926,-0.00100273744,-0.103651233,0.052971527,0.0311488919,0.0913816988,0.0419028252,0.000376940035,0.18888554,0.0337003246,0.0609980151,0.160530314,0.184291691,0.0255479291,0.636255145,0.12261574,-0.213694483,0.00218965486,0.53782469
0.0894898176,3.74236917,0.769554138,-0.00809931476,0.0302704778,0.645661175,0.762980819,-0.031340979,0.0870652869,0.139504686,0.0486831255,0.0625778064,-0.00115457678,-0.119129092,0.0594079606,0.0273339879,0.0923154727,0.0442808382,0.000308111164,0.200666696,0.0348682851,0.0628759041,0.157551825,0.191903293,0.0290180407,0.633379638,0.121868715,-0.222419694,0.00130533008,0.535804391
0.0930968374,3.73648477,0.768762171,-0.010254357,0.0343091972,0.651569366,0.757743359,-0.0705284998,0.0970843136,0.130040526,0.0771094933,0.0618033372,-0.00117214082,-0.137838021,0.0610062592,0.0249223914,0.0952582806,0.0469116531,0.0002033075,0.211545154,0.0326553695,0.0698056668,0.153910115,0.199358344,0.0327965654,0.630253315,0.120077476,-0.232322603,0.000222322618,0.532582402
0.0963655785,3.72993898,0.767839611,-0.0141813466,0.0380235985,0.658350825,0.751616478,-0.114339143,0.107673489,0.119199671,0.108074956,0.0601784103,-0.00128912355,-0.159069493,0.06513004,0.0221233871,0.099094972,0.049627807,9.82938654e-05,0.220630035,0.031916298,0.0713074058,0.152894691,0.202632934,0.0366051868,0.628174186,0.119148932,-0.24314855,-0.00184469391,0.529850245
0.0992959067,3.72486067,0.767311513,-0.0163083002,0.0413425528,0.66522342,0.745320499,-0.150940582,0.111710764,0.108743854,0.148043916,0.0584600195,-0.0014566941,-0.174837649,0.0663085803,0.0200005267,0.104279846,0.0523737855,-4.47504044e-06,0.228274152,0.0306817722,0.0725499317,0.157492012,0.208501369,0.0413629524,0.627340615,0.121451981,-0.25535363,-0.00474791834,0.528728724
0.101452984,3.72062063,0.76716131,-0.0173220579,0.0430890769,0.67183584,0.739242733,-0.176570669,0.109292969,0.0994971693,0.197931603,0.0542708226,-0.00179386151,-0.184556887,0.0662805587,0.018227905,0.109574765,0.0552400686,-8.35796745e-05,0.229764819,0.0293799434,0.0727030858,0.165982947,0.210250989,0.045303978,0.631380975,0.125353605,-0.265069306,-0.00769739645,0.529199481
0.103143983,3.71646214,0.767504752,-0.0169005189,0.04360478,0.678058267,0.733518898,-0.190867141,0.10289941,0.0911512971,0.260892719,0.0510998704,-0.0021346882,-0.191712245,0.0645287856,0.0170585457,0.115299985,0.0580955967,-0.000144753561,0.22988604,0.0284656584,0.0697450042,0.177356511,0.213161498,0.0494734757,0.636505008,0.132618353,-0.273099154,-0.0115901595,0.531729698
0.104604788,3.71214461,0.76781553,-0.0152655551,0.0433144607,0.682834446,0.729128242,-0.198716164,0.093938157,0.0828442127,0.33392787,0.0464785062,-0.00251584197,-0.196713433,0.0627755001,0.0159527808,0.122617446,0.0609382018,-0.000189977422,0.227908224,0.0269153528,0.0642989725,0.191906005,0.214672491,0.0531087704,0.643236697,0.142766491,-0.278903395,-0.0154856518,0.53541404
0.105305545,3.70860195,0.769124329,-0.0122955814,0.0421307087,0.685988724,0.726287365,-0.19814375,0.0818173587,0.0747276023,0.414471567,0.0414507873,-0.00295611261,-0.198638186,0.0589163713,0.0157085191,0.130758137,0.0633249655,-0.000215156979,0.222827852,0.026158059,0.059338171,0.214715928,0.214732125,0.0569451787,0.653518438,0.154272556,-0.281745017,-0.0195111688,0.539329648
0.105837889,3.70511007,0.769170165,-0.00927070249,0.0391539633,0.687652171,0.724924505,-0.188534185,0.0727352872,0.0656100437,0.499531478,0.0384116098,-0.0032401979,-0.196178436,0.0581847541,0.0148783,0.137969837,0.0654842556,-0.000264623261,0.216379836,0.0263451431,0.0537055433,0.243597642,0.214904755,0.0606391951,0.667240381,0.166809216,-0.281847209,-0.0234086178,0.543090045
0.105327301,3.70119262,0.768887877,-0.00547845941,0.0370069221,0.687811136,0.724925041,-0.174690977,0.0605954118,0.0591637194,0.579505324,0.0365335718,-0.00333865406,-0.194087893,0.0549145564,0.0149938157,0.143513411,0.0672108606,-0.000307069393,0.208384931,0.0261520017,0.0493605211,0.267747223,0.218604892,0.0643724799,0.678379834,0.180445075,-0.28056711,-0.0260273591,0.546667397
0.104841381,3.69735813,0.768875778,-0.00155413873,0.0339897648,0.687098682,0.725766897,-0.150780901,0.0490828007,0.0535762347,0.646935344,0.036710985,-0.00327359303,-0.189818934,0.0532321334,0.014945019,0.148250714,0.0685192794,-0.000324881345,0.199577406,0.0264177788,0.0438391641,0.288003057,0.218487859,0.066404663,0.685789049,0.195094526,-0.276374102,-0.0270555336,0.55089438
0.103124961,3.69264603,0.768015981,0.00270005455,0.0311282668,0.685536385,0.72736758,-0.122411065,0.0387364849,0.0483878702,0.693869591,0.0381097794,-0.0029233587,-0.186568826,0.0500371642,0.0154562434,0.151201636,0.069325082,-0.000352013012,0.191035122,0.0260079075,0.0401721522,0.306783855,0.216730833,0.0677504539,0.692598164,0.210588232,-0.271547198,-0.0281413812,0.555033922
0.101570822,3.6862855,0.767268479,0.00609680358,0.0278700348,0.683572054,0.729325235,-0.0896210149,0.0300114509,0.0423404202,0.715736151,0.0406187475,-0.00264226645,-0.186932862,0.0490011387,0.0154073285,0.153936893,0.0698833987,-0.000337657257,0.181166261,0.0258196425,0.0414327458,0.31923452,0.215260461,0.0668969303,0.695656002,0.223590612,-0.265485674,-0.0284872074,0.558312833
0.0987655148,3.67978692,0.766734183,0.0100167729,0.02618175,0.681234121,0.731528699,-0.0531166755,0.0181482732,0.0370418318,0.712623596,0.0429782979,-0.0023369675,-0.188720644,0.0433512963,0.0168418363,0.156332925,0.0701352209,-0.000325411005,0.174140334,0.0259944629,0.0371292233,0.326443106,0.213062644,0.0662666783,0.697870553,0.238919869,-0.260682672,-0.0292265099,0.562130451
0.0952579379,3.67182612,0.765191913,0.0135764023,0.0238127597,0.678475738,0.734111249,-0.0128574502,0.00596027495,0.0314229503,0.688354194,0.0448761433,-0.00211291621,-0.19179076,0.0384351313,0.0182363894,0.158186674,0.0703827217,-0.000318258128,0.167989805,0.0254097898,0.0340030491,0.325973541,0.208941773,0.0642637685,0.697066247,0.253760457,-0.2553958,-0.0295246448,0.566559732
0.0918990746,3.66124177,0.763168454,0.0157487486,0.0214497559,0.675123453,0.737224698,0.0230927952,-0.00255911238,0.0241193715,0.645348728,0.0461740755,-0.0019347741,-0.201316178,0.036864154,0.0186569784,0.159644246,0.0708818287,-0.000247370568,0.162087798,0.0258881114,0.0329105929,0.317954421,0.208262518,0.0623471439,0.692269981,0.264021426,-0.24882932,-0.0297320895,0.568777502
0.0870637968,3.64824939,0.760484457,0.0178466532,0.0216075908,0.671272516,0.740680695,0.0517013781,-0.0158105977,0.0190332141,0.589031696,0.0457177758,-0.00179926527,-0.219365433,0.0315799639,0.0201012958,0.160451561,0.0717325583,-0.000128823289,0.157477692,0.0239227656,0.0323647745,0.298128158,0.202599794,0.0606476143,0.685474992,0.270541668,-0.244746685,-0.0304674506,0.570197582
0.0815005079,3.63297701,0.756586313,0.0187908877,0.0211541243,0.66741091,0.74415195,0.0762366503,-0.0271014459,0.0128287487,0.528175533,0.0435713232,-0.00161736726,-0.241740137,0.0284536388,0.0211064219,0.162406653,0.0736074373,-5.47333184e-06,0.156920955,0.0237334501,0.0328226313,0.272373438,0.19935298,0.0588131286,0.675797582,0.274577737,-0.241418436,-0.0309837703,0.571153998
0.0751956254,3.61533523,0.752241492,0.0181507319,0.0222703423,0.663364053,0.747745097,0.0931861475,-0.0403812528,0.00889196899,0.467180401,0.0397621058,-0.00145472994,-0.274830103,0.0253318008,0.0223255288,0.164972097,0.076460205,0.000163552279,0.158103079,0.0234857481,0.033685863,0.241257146,0.199223235,0.0568946265,0.662923932,0.274884194,-0.238603845,-0.0317393877,0.571072817
0.0683414564,3.59613156,0.752158284,0.0165801141,0.0243810229,0.658784211,0.751753986,0.101311132,-0.0551565588,0.00837009773,0.409563184,0.0340439565,-0.00138087024,-0.312457263,0.0231706016,0.0235626642,0.169187739,0.0806442872,0.000354278687,0.161438137,0.0219591893,0.0364182852,0.204496741,0.19929406,0.0536638498,0.646888375,0.272292376,-0.236078024,-0.0319583043,0.57036984
0.0616228282,3.57542181,0.756924331,0.0134869525,0.025596004,0.65358299,0.756301641,0.101971127,-0.064862065,0.00835829601,0.357483327,0.0260376949,-0.00133481715,-0.353436977,0.0264464337,0.0239897743,0.174553901,0.0871111527,0.000615860044,0.162937671,0.0214292556,0.0404193848,0.162632912,0.200311735,0.0514551774,0.632128417,0.264165163,-0.233519435,-0.032826446,0.568768322
0.0544960164,3.5535624,0.762449563,0.00972522143,0.0286249816,0.648344517,0.760746658,0.0902346373,-0.0737927854,0.0108939884,0.309664905,0.0164692253,-0.00132977602,-0.399261206,0.0277822707,0.0257937852,0.179753959,0.095726952,0.000939698773,0.164517879,0.0201210268,0.044136554,0.123436049,0.203900605,0.0489089191,0.618683815,0.251958668,-0.232990727,-0.0345976315,0.566243649
0.0491917208,3.53106666,0.764717579,0.00429445179,0.0300045013,0.643779099,0.764610946,0.0711812824,-0.0740975216,0.012393509,0.270258039,0.00639426289,-0.0013635389,-0.446124226,0.0369865075,0.0265190508,0.187002376,0.106604882,0.00127383647,0.164649352,0.0194540881,0.046262946,0.0855372474,0.211039439,0.0486376621,0.606531084,0.237263739,-0.230877265,-0.0356422774,0.563147366
0.0439475328,3.50942063,0.7666471,-0.000662387116,0.0311273932,0.639403462,0.76824075,0.0482868552,-0.0730686411,0.015369161,0.240542606,-0.00391354878,-0.00141180563,-0.490275145,0.0452218838,0.0290630776,0.198177502,0.119094409,0.00163715682,0.164705798,0.0193097088,0.0499787591,0.0518761426,0.223305926,0.050419271,0.595344543,0.222968265,-0.229930073,-0.0365868062,0.559367061
0.040046744,3.48927546,0.768006861,-0.00561484136,0.03161842,0.634949744,0.771885753,0.0217838623,-0.0683072656,0.0181503315,0.220609188,-0.0139159318,-0.00146441604,-0.528125644,0.0552546419,0.0320268832,0.214335784,0.130521819,0.00195751106,0.163785979,0.020250462,0.0524414517,0.0265727844,0.238117412,0.0545516349,0.587857902,0.209238082,-0.227719679,-0.0382372662,0.555978894
0.0366310365,3.4691596,0.76967293,-0.0106628509,0.0327978358,0.630784512,0.775191247,-0.0116950534,-0.0608768351,0.0207177643,0.210136816,-0.0227246415,-0.00148733752,-0.562099516,0.0651336536,0.0345103294,0.233117864,0.139469221,0.0022573336,0.165436164,0.0208437759,0.0561911575,0.00984800607,0.253090829,0.0598835908,0.583119452,0.194774032,-0.227945045,-0.0400195345,0.552279532
0.0335996859,3.44928455,0.771032035,-0.0151891084,0.0341856219,0.627202749,0.777957201,-0.048283428,-0.0534770116,0.0233251899,0.206952006,-0.0293833632,-0.00158803584,-0.584317684,0.0742363408,0.0360416099,0.261309326,0.148029923,0.00241946639,0.169236198,0.0211806633,0.0602611899,0.00177216867,0.270043224,0.067680195,0.579396307,0.180089742,-0.231913716,-0.0408617817,0.548807919
0.0307282917,3.43122339,0.771736681,-0.0183296148,0.0348986611,0.624070644,0.780372977,-0.0812667161,-0.0478318371,0.0262993108,0.207872882,-0.0329781622,-0.00172094605,-0.589380682,0.0807234421,0.0386292376,0.303437591,0.155561924,0.00235902262,0.173864245,0.0219221693,0.0614779107,0.00651952904,0.282432914,0.0757435784,0.578754723,0.16807209,-0.23745054,-0.0422843173,0.546536148
0.028159989,3.41450977,0.772516251,-0.0193187296,0.0349044167,0.621654451,0.782275021,-0.10677892,-0.0461290665,0.0300753936,0.210678533,-0.0334093198,-0.0018889677,-0.577425241,0.0855588019,0.042593196,0.358063996,0.16095601,0.00202224567,0.181101382,0.0234539676,0.0636675656,0.024356382,0.290738732,0.0815472677,0.580086172,0.159105003,-0.243814781,-0.0436503068,0.545100093
0.0269468445,3.39978576,0.773075104,-0.0190613549,0.0330342427,0.620184004,0.783528626,-0.125626072,-0.0437549353,0.0331280157,0.212634236,-0.0311224759,-0.00207028049,-0.549186349,0.0900204554,0.0478184409,0.424559504,0.164021164,0.00136649935,0.190977275,0.0250986461,0.0588995405,0.0535031557,0.293176442,0.0846420527,0.584308445,0.154235363,-0.250457138,-0.0459444374,0.544631004
0.026545858,3.38597536,0.77390343,-0.0180126708,0.0296470094,0.619561374,0.784181297,-0.137150198,-0.0398734398,0.035023924,0.213296458,-0.0268939491,-0.00217699539,-0.50783807,0.0938995108,0.0541460104,0.500708222,0.164825588,0.000374960742,0.2008131,0.0278018117,0.052715946,0.0916747376,0.293375313,0.0858357698,0.590134799,0.151892647,-0.255726516,-0.0472899452,0.54571265
0.0263219047,3.37297392,0.773397386,-0.0146969184,0.0271435101,0.619959414,0.784026504,-0.144743592,-0.0396435969,0.0375197604,0.211910635,-0.021029938,-0.00217654649,-0.458592892,0.0904028341,0.0647778809,0.584865272,0.163273409,-0.00103680696,0.211770043,0.0299887247,0.0511802323,0.137131304,0.290353239,0.0827958658,0.598225892,0.152069062,-0.261004835,-0.0489657074,0.54614383
0.0258501321,3.36019802,0.77334249,-0.0108686956,0.0236452725,0.622292399,0.782352209,-0.150644109,-0.0390813425,0.039543353,0.211292654,-0.0147283645,-0.0021258099,-0.402053237,0.083394289,0.0776728988,0.669544458,0.160657927,-0.0026405747,0.219715208,0.0314822197,0.0480537452,0.18543908,0.284166008,0.0767156482,0.60835433,0.151950821,-0.266296864,-0.0497752167,0.546073914
0.0263715256,3.34756351,0.772428811,-0.00646688649,0.0199599657,0.626794398,0.778902233,-0.158065096,-0.0384949073,0.0409345366,0.211058855,-0.00814283267,-0.0020821488,-0.339555472,0.0745073855,0.0918459594,0.747486174,0.157532915,-0.00419085193,0.224474087,0.0312872007,0.0420590416,0.236402154,0.273860097,0.0694129542,0.621160984,0.152513728,-0.269430131,-0.0497365631,0.545682847
0.0264102146,3.33469653,0.770750761,-0.00133403216,0.0164400749,0.632624269,0.77428329,-0.165753648,-0.0415147915,0.0429112911,0.212321922,-0.00151136541,-0.00201950339,-0.271901578,0.0627770573,0.106881991,0.810988903,0.153832749,-0.00549497269,0.224928841,0.031244589,0.0377019271,0.287968189,0.260179073,0.0615247898,0.63638252,0.152838513,-0.273588628,-0.0498320349,0.5437271
0.0272550881,3.32117224,0.768987834,0.0040390077,0.0135292243,0.639374435,0.768765867,-0.176005021,-0.0458235927,0.0445529595,0.214663208,0.00485481136,-0.00196999148,-0.20047015,0.0517108701,0.120995015,0.852696419,0.149775699,-0.00637513073,0.219859019,0.030848708,0.0308810044,0.337925136,0.242526188,0.0540872999,0.654472291,0.152866155,-0.276824534,-0.0492297299,0.540831625
0.0285549406,3.3062973,0.765658379,0.00904846191,0.0107753323,0.646644652,0.762661576,-0.191219032,-0.0494050719,0.0453200229,0.219252497,0.0114973029,-0.00191357569,-0.130012527,0.0432095118,0.133422598,0.869834602,0.144682914,-0.00688885804,0.21102339,0.0303313471,0.0260227732,0.383312136,0.223033816,0.0469927527,0.672398329,0.152222022,-0.279537857,-0.0472498201,0.535731912
0.0304904487,3.2893703,0.762709618,0.0133112976,0.00841111131,0.654334903,0.756040931,-0.211992592,-0.0520286225,0.0452633239,0.226279303,0.0176579542,-0.0018755882,-0.0636616424,0.0390313007,0.142413452,0.861679018,0.138726532,-0.00705110934,0.19828096,0.0299058128,0.0232504383,0.4241983,0.202385142,0.0404026583,0.68923384,0.148583919,-0.282453656,-0.0448925085,0.527851284
0.0333202109,3.27069235,0.758194745,0.0161216576,0.00712589128,0.662514627,0.748841584,-0.241881177,-0.0531936958,0.0440228134,0.235570297,0.0241826661,-0.0018723025,-0.00632191543,0.0401562564,0.148542389,0.829437971,0.131816149,-0.00701152114,0.185935095,0.0300647002,0.0185796265,0.455124021,0.181721851,0.0347122513,0.702914298,0.145961359,-0.285357296,-0.0423145518,0.518845677
0.0369324498,3.24914932,0.75329113,0.0171473436,0.00695912167,0.67056489,0.741620004,-0.280379564,-0.0530465953,0.0417954177,0.246967822,0.0307298303,-0.00190270739,0.0338555276,0.0437811613,0.15344809,0.774885535,0.119936921,-0.00693059806,0.170962214,0.0304881949,0.0161479246,0.476273268,0.162422016,0.0297362171,0.711319745,0.141291142,-0.288487464,-0.039022062,0.508179963
0.0409925729,3.22455335,0.74947691,0.0162494555,0.00903546996,0.67849189,0.734372556,-0.328471065,-0.05364177,0.0392087847,0.257632315,0.0377686918,-0.00198574341,0.0586435087,0.0495432727,0.15820992,0.703137398,0.104504861,-0.00686032372,0.155761451,0.0294156056,0.0137933707,0.484363645,0.142732367,0.0246881638,0.714911938,0.13366811,-0.293370664,-0.0355557501,0.49761498
0.0455195308,3.19718957,0.756278455,0.0136776548,0.013075687,0.686431587,0.726948142,-0.383593857,-0.0554224513,0.0363745205,0.265947342,0.0460958593,-0.00214957749,0.0704866946,0.0562876724,0.160712138,0.632234097,0.0855072588,-0.0067505613,0.138617426,0.030201504,0.0136876618,0.480224133,0.129184574,0.0206178725,0.714696825,0.123899288,-0.299081296,-0.0327539369,0.4871943
0.0510845669,3.16853309,0.760998785,0.0104192384,0.0173822716,0.694007218,0.719682753,-0.439030647,-0.0540589914,0.0317975432,0.27205199,0.0567352697,-0.00238145585,0.0716891736,0.0657112375,0.158593759,0.56700933,0.0636268407,-0.00643842109,0.120732114,0.030055657,0.0162344556,0.462048173,0.120284632,0.019301353,0.710202634,0.113690339,-0.303598315,-0.0298416447,0.479353011
0.0571226217,3.13998938,0.765094876,0.00701301079,0.0217427742,0.70037657,0.713407815,-0.488585055,-0.0498555303,0.0253320932,0.274569064,0.0700604469,-0.00274686143,0.065348126,0.0762053803,0.152409419,0.504568338,0.0409961455,-0.0058535533,0.101178616,0.029374864,0.0215280801,0.436096966,0.119605556,0.0215689987,0.704283893,0.104389422,-0.306919694,-0.0265848115,0.474720746
0.0618008561,3.1109283,0.768446684,0.00406063395,0.0265280474,0.705965757,0.707737327,-0.53343451,-0.0460427813,0.0184209719,0.273215085,0.0854677185,-0.00320712058,0.0447796769,0.0820389017,0.146226481,0.451129168,0.0187370963,-0.00528668892,0.0750406235,0.0280990005,0.0316709988,0.40373823,0.12567313,0.0251908302,0.697178721,0.0937147141,-0.309482694,-0.0227723345,0.472472429
0.065184854,3.08469987,0.770439148,0.00187362777,0.028760476,0.711705685,0.701886356,-0.559394479,-0.0448804051,0.0103234919,0.280906409,0.100375853,-0.00341056497,0.0229403377,0.0851461142,0.139442861,0.411854178,-0.00198576692,-0.00495629525,0.045371078,0.0262079518,0.0377249941,0.367910802,0.13746348,0.031784229,0.69107163,0.087224409,-0.31140092,-0.0197177436,0.474885315
0.0683971718,3.0595274,0.771775365,0.000809022982,0.031112751,0.717894614,0.69545573,-0.567239463,-0.0493026972,0.0038954881,0.311104536,0.11286252,-0.00335196406,-0.0014239914,0.0870896876,0.132094175,0.383074194,-0.0194792058,-0.00449277693,0.0158415288,0.0249394048,0.0454132333,0.32987684,0.158749506,0.0412968881,0.685400724,0.085741058,-0.31314528,-0.0190276727,0.480993688
0.0727994889,3.03642583,0.773005962,0.000358116173,0.0314280689,0.724573195,0.688480854,-0.555998504,-0.053475868,-0.00097108644,0.366213053,0.12154419,-0.00313786091,-0.0260859635,0.0930748284,0.122843422,0.363071471,-0.03292761,-0.00398106128,-0.0161891952,0.02280703,0.0517246425,0.287059784,0.183509722,0.0523957275,0.679233491,0.0925716534,-0.310930222,-0.0194099825,0.491565496
0.0763422102,3.01565099,0.774384379,0.00149469322,0.0297839735,0.731054425,0.681667089,-0.530037642,-0.0590013675,-0.00285166316,0.442252368,0.126418382,-0.00276383711,-0.0437987074,0.0951464027,0.115178503,0.349129856,-0.0414045416,-0.0036241808,-0.0478472561,0.02228011,0.0526529737,0.24264729,0.210181698,0.064486295,0.673176825,0.110816427,-0.306699216,-0.0212699305,0.506493032
0.0802466497,2.99687886,0.775837302,0.00393041456,0.0271324627,0.735958815,0.676470995,-0.493386805,-0.0590330698,-0.00583741721,0.53035742,0.128583103,-0.00195042719,-0.0531635024,0.0950864404,0.108273841,0.334704727,-0.0456279814,-0.00332286162,-0.0771457702,0.0210436545,0.0491784327,0.199152827,0.236382484,0.077025868,0.666385412,0.139039427,-0.301226735,-0.0243907496,0.523049712
0.0828675628,2.978652,0.776838183,0.00723580783,0.0234959275,0.738481522,0.673825383,-0.446280628,-0.0545560904,-0.0118616754,0.622676551,0.130071953,-0.000730697182,-0.0577089749,0.0937179253,0.102171592,0.317824244,-0.046665553,-0.00296830805,-0.10351406,0.0205750279,0.047076799,0.156137481,0.259993196,0.0886011943,0.657493114,0.17142494,-0.295718819,-0.026986083,0.539604366
0.0843592361,2.96071315,0.778337955,0.0106662465,0.0209673122,0.738282621,0.674081147,-0.396206945,-0.0496571027,-0.0202795416,0.707541585,0.129874676,0.000622569176,-0.0643883124,0.0885278508,0.0976381153,0.300085515,-0.0457934476,-0.00262197549,-0.123520724,0.0202692654,0.0446777344,0.114721179,0.282435954,0.100145541,0.646728754,0.204013616,-0.29328987,-0.0298486147,0.553813756
0.0854660124,2.94406915,0.778653562,0.0141481729,0.0182449501,0.735537887,0.677089989,-0.332830399,-0.044154875,-0.0310399253,0.778615534,0.128896967,0.00186426775,-0.070731394,0.0850928351,0.0930258706,0.282998502,-0.0431929305,-0.00223807897,-0.140625462,0.0195802413,0.0432998836,0.0754303336,0.302420855,0.110938549,0.6335572,0.234469876,-0.293116629,-0.0321252383,0.564693034
0.0862853602,2.92760587,0.77842778,0.017416602,0.0149384188,0.730380177,0.682655334,-0.260474235,-0.0371616445,-0.043846719,0.830380619,0.126831189,0.00287259929,-0.0791891068,0.0842137337,0.08801952,0.269212812,-0.0393193662,-0.00184993073,-0.153994784,0.0203232616,0.0433001593,0.0401074588,0.320952773,0.121027201,0.618647993,0.260068685,-0.294255942,-0.0342769958,0.571758568
0.0862730294,2.91069603,0.777567923,0.0207227133,0.0121174399,0.723081887,0.690345109,-0.179961011,-0.0353046171,-0.0535990931,0.858106494,0.124224916,0.0034853532,-0.0906927884,0.0824317336,0.0839730352,0.25810492,-0.0348871499,-0.00150525151,-0.165263101,0.0220794361,0.0418103859,0.0101308143,0.334426939,0.129674599,0.604669273,0.279531658,-0.296723604,-0.03680465,0.576192558
0.0859596953,2.89347577,0.775688291,0.0240852758,0.00965621602,0.714429975,0.699225605,-0.0950921848,-0.0376230963,-0.0609533675,0.861226499,0.121284708,0.0038400623,-0.106825858,0.0809335485,0.0805740356,0.251099318,-0.0301560964,-0.0012142607,-0.173270807,0.0232853927,0.0392137095,-0.0139081934,0.344462603,0.135389432,0.590159833,0.292921424,-0.298782587,-0.0398347676,0.578314841
0.0845084786,2.87468886,0.773531318,0.0276339389,0.00783526432,0.705050886,0.708574831,-0.0106967101,-0.046222508,-0.0639722422,0.840206325,0.118515246,0.00394490035,-0.129810169,0.0796650201,0.0781214535,0.249282554,-0.0253801644,-0.000885338348,-0.178327709,0.0253192019,0.0376771241,-0.0343008861,0.34847784,0.138297975,0.57681334,0.300510257,-0.300101399,-0.043509461,0.579262793
0.0826478973,2.85489511,0.770382762,0.030727163,0.0065311878,0.695281327,0.718050897,0.0678494647,-0.0591163673,-0.0643597543,0.799044371,0.116395913,0.00392305013,-0.160595834,0.0799125135,0.0763076544,0.253814369,-0.0208416563,-0.000600078725,-0.179371491,0.0266537108,0.0354111977,-0.0504944958,0.350111306,0.13953945,0.565085649,0.303799361,-0.299551696,-0.0479297042,0.579325438
0.0785263404,2.83181143,0.766387582,0.0323476978,0.00754531473,0.68570596,0.72712034,0.127172977,-0.0780611038,-0.0612445436,0.741645932,0.114178196,0.00377220847,-0.20325169,0.0774481967,0.076678969,0.263373792,-0.0162452292,-0.000315879413,-0.176243633,0.0285606124,0.0366512612,-0.0659946725,0.349370539,0.139271051,0.555185199,0.298859477,-0.295351535,-0.0517885834,0.57747817
0.0745956749,2.80717301,0.761538327,0.033228185,0.00934856944,0.676733553,0.735418379,0.170622215,-0.0979368687,-0.0582175516,0.672730565,0.112042971,0.00361374975,-0.254698306,0.0781375244,0.0775281116,0.279469252,-0.0108809397,3.40376173e-05,-0.167138189,0.0293339733,0.0383132361,-0.0803032666,0.344312459,0.13582851,0.54761821,0.291053385,-0.287063152,-0.054161109,0.574997902
0.0709930882,2.78086066,0.75484997,0.0327619426,0.0115770446,0.668213725,0.743157446,0.194271252,-0.116248041,-0.0562105104,0.597118735,0.106701851,0.0034514938,-0.312345058,0.0831599683,0.0786885396,0.298838526,-0.00387464324,0.000403250364,-0.151691273,0.0295709856,0.0411216207,-0.0902380347,0.339780331,0.131006896,0.542486608,0.28172937,-0.27496624,-0.0550142266,0.571438909
0.064949505,2.75150466,0.746667385,0.0301010422,0.0163532458,0.660494447,0.750049114,0.202831581,-0.134222835,-0.0525566004,0.522617579,0.0991655067,0.00329212449,-0.376502901,0.0864304751,0.0818429515,0.314588398,0.005682786,0.000806827331,-0.13162525,0.0305371154,0.042494636,-0.0981246382,0.335212231,0.125104174,0.539921343,0.268038213,-0.26141423,-0.0544807687,0.5667696
0.0598609708,2.71914911,0.742580354,0.0245869681,0.022617111,0.653740227,0.755981266,0.194764346,-0.147798017,-0.0488804765,0.451315016,0.0891799033,0.00316776964,-0.446796685,0.0942401811,0.0844379961,0.32390058,0.0181371495,0.00117186422,-0.106004827,0.030127855,0.0462246537,-0.106020145,0.332533419,0.118743666,0.538257241,0.250856251,-0.247165233,-0.0517797358,0.559819162
0.0549759492,2.68737221,0.745890081,0.018522216,0.0279732961,0.647445381,0.761373043,0.181874707,-0.154740646,-0.0448556729,0.388800919,0.0761680678,0.00305141578,-0.50968504,0.103885472,0.0868317708,0.326087028,0.0345999934,0.00149689405,-0.0762445703,0.0290994439,0.0493566208,-0.108788826,0.335472822,0.115035117,0.540449083,0.233811185,-0.236057147,-0.0490205623,0.552341938
0.0501588024,2.65591526,0.751073062,0.0122516043,0.0328764692,0.641544282,0.766283214,0.159850031,-0.156232238,-0.0393475555,0.334001511,0.0604476705,0.00287572248,-0.563387275,0.112540953,0.0895355716,0.31934768,0.0535669364,0.00189358508,-0.0444609635,0.028771352,0.052043736,-0.103917412,0.334150463,0.109277859,0.545763612,0.216815457,-0.228592396,-0.0465187021,0.545723438
0.0464696959,2.62559319,0.755934596,0.00602139859,0.0356131606,0.635647595,0.771133959,0.130147308,-0.152306795,-0.033505626,0.289222777,0.0445520766,0.00253296783,-0.604291618,0.120195702,0.0904158875,0.307662487,0.0709790662,0.00241067726,-0.0100833243,0.028813744,0.054582648,-0.0877576321,0.332740456,0.103770047,0.555218339,0.201104373,-0.223564029,-0.0443771742,0.541783333
0.0435278453,2.59704447,0.761133134,-0.00066463917,0.0386102721,0.629537761,0.776009679,0.095179446,-0.145034388,-0.0268382337,0.253074706,0.0302072708,0.00210608682,-0.630650282,0.125381485,0.0890586972,0.295494318,0.084786132,0.00297952141,0.0238799937,0.0297303777,0.0558302104,-0.0583744273,0.330103785,0.0987560079,0.568239987,0.18382898,-0.223534167,-0.044589214,0.540888071
0.0402869955,2.57006168,0.766288102,-0.00581323542,0.0417755917,0.624666989,0.77975136,0.0609053411,-0.140157312,-0.017984746,0.223588124,0.0185817629,0.00158593408,-0.647922337,0.123394877,0.086739935,0.287321568,0.0944394991,0.00356805278,0.0602932237,0.0301668327,0.0543487892,-0.0186971556,0.323821515,0.0928410962,0.583672762,0.166999951,-0.227308974,-0.0462914892,0.541112602
0.0378510766,2.54373097,0.770758331,-0.00999545492,0.0442337915,0.622116566,0.781610191,0.0244332347,-0.133367002,-0.00919873826,0.199322537,0.0109391008,0.0010117311,-0.652838588,0.120016925,0.0843671262,0.296256423,0.104699522,0.00396090513,0.094633162,0.0320929363,0.0579919331,0.0284463447,0.313299417,0.085114792,0.599782109,0.151632592,-0.233000278,-0.0488712341,0.542447329
0.0360669345,2.51929617,0.774456441,-0.0132130906,0.0455474779,0.621299684,0.7821365,-0.00722410902,-0.123137161,-0.00132644863,0.180155575,0.00727286655,0.000559730979,-0.642757952,0.11576695,0.0850882828,0.330020279,0.113421112,0.00385725801,0.128845841,0.0330943689,0.0557077117,0.0837885737,0.302515656,0.0774850175,0.616979957,0.138850272,-0.241373003,-0.0529412664,0.544320822
0.0348352976,2.49655962,0.776951432,-0.0148059959,0.0458226502,0.620845616,0.782452464,-0.0348460265,-0.114799976,0.00688432949,0.165067613,0.007179345,0.00016202667,-0.61833024,0.108433597,0.0913314968,0.388813943,0.120090231,0.00322457799,0.161570132,0.0337937735,0.0518319011,0.144611821,0.288937271,0.0682876259,0.63445127,0.127808228,-0.250236303,-0.0556885079,0.544518948
0.0336307473,2.47547293,0.778023362,-0.0149676763,0.0449085832,0.621476173,0.782001674,-0.0577064715,-0.107729167,0.0147221396,0.153824553,0.00977369864,-0.000100941048,-0.58396858,0.101255395,0.100602008,0.46955213,0.124974422,0.00204953086,0.191714346,0.0346250795,0.0465070494,0.210268736,0.277641684,0.0613110438,0.653485,0.118456274,-0.259680271,-0.0582168326,0.544497252
0.0331419632,2.4560504,0.779687166,-0.0145515623,0.0418601111,0.624184966,0.780018687,-0.0738400891,-0.0975771323,0.02125315,0.146040961,0.0128240893,-0.00022271277,-0.539659798,0.0959376246,0.111420758,0.570909679,0.128998384,0.000388563349,0.218998954,0.0357224084,0.040496178,0.278965294,0.26850006,0.0548815094,0.67247957,0.110707477,-0.268494844,-0.0596214309,0.543015778
0.0335259177,2.43802762,0.779734373,-0.0123556107,0.0370249152,0.629076302,0.776363015,-0.0847923458,-0.0887350217,0.0270144045,0.141288579,0.0162982084,-0.000294224359,-0.482523024,0.0916391239,0.123073868,0.683418512,0.132722303,-0.00138732383,0.241075292,0.0368776396,0.0335713588,0.345462233,0.262853026,0.0509306788,0.691384315,0.105697542,-0.27575618,-0.0601750575,0.540721416
0.0333807319,2.42084789,0.779347599,-0.00767984707,0.0325244628,0.635938048,0.771016181,-0.094080478,-0.0854871422,0.0330689773,0.138399735,0.0200868957,-0.000372336683,-0.413885385,0.0841415748,0.136386469,0.791712105,0.136365235,-0.00291409739,0.260084182,0.0375013053,0.0237005502,0.406639218,0.253532887,0.0480142646,0.710306525,0.104625255,-0.282464772,-0.0612832233,0.538661599
0.0332237743,2.40406322,0.778051436,-0.00193582475,0.0280567911,0.644182026,0.764355004,-0.104644552,-0.0850259438,0.038440872,0.138560176,0.0241593029,-0.000428065425,-0.335074306,0.0780312195,0.147238702,0.878404856,0.139028549,-0.00397307426,0.272414327,0.0380216651,0.0110927084,0.463287085,0.243413612,0.0476506092,0.727965295,0.107017584,-0.288196564,-0.0621984489,0.535761118
0.0332603902,2.386935,0.776297271,0.00385709712,0.0234676655,0.653478026,0.756571829,-0.118707359,-0.086298123,0.042842228,0.142122656,0.0284808166,-0.00050085457,-0.245935068,0.073107183,0.156315655,0.929504812,0.140288666,-0.00471155019,0.280867815,0.0385628827,0.00264907349,0.510538876,0.231430247,0.0477188677,0.742044866,0.111508742,-0.292649239,-0.0629100427,0.531330109
0.0333361924,2.36947036,0.773662746,0.0106825531,0.0195517894,0.662913144,0.748364747,-0.13439019,-0.0915682688,0.0467526875,0.149003759,0.0330933183,-0.000560795655,-0.151959613,0.0669061616,0.165471554,0.940880358,0.139171198,-0.00523926457,0.284696311,0.0390666872,-0.00372002553,0.549182177,0.215799138,0.0460568815,0.752210498,0.117389433,-0.296599418,-0.062981829,0.525660813
0.0347921364,2.35031819,0.77054286,0.0161761586,0.0162761398,0.672480881,0.73975867,-0.157156378,-0.0957571268,0.0491671972,0.158607796,0.0375878662,-0.000631980423,-0.0604423806,0.0637083203,0.172570318,0.913527071,0.135567307,-0.00562494481,0.283589274,0.0393432379,-0.0112438612,0.5762797,0.203010559,0.0451074988,0.756887197,0.12276832,-0.299846441,-0.0617090203,0.51878643
0.036579404,2.32899833,0.766051948,0.0204838179,0.0146271782,0.681967378,0.730949283,-0.188236848,-0.101353258,0.0509323403,0.169799179,0.0420241915,-0.000706390187,0.019477861,0.0604933128,0.17946814,0.857289732,0.130023569,-0.00595459854,0.278483152,0.0393542424,-0.0177245326,0.591074884,0.189607799,0.0436041951,0.756951869,0.128048837,-0.30375123,-0.0602852665,0.510865092
0.0390949622,2.30431795,0.760240674,0.022453567,0.0147894155,0.691212237,0.722151458,-0.230702952,-0.105769344,0.0516500436,0.181211963,0.0463685915,-0.00079560146,0.0790378228,0.0584165528,0.184528574,0.781968296,0.120583922,-0.00617910689,0.266507626,0.0393398814,-0.0213217288,0.592526197,0.17179665,0.0392932966,0.752415955,0.128899902,-0.308194011,-0.0585077405,0.501681089
0.0429625735,2.27787519,0.752929151,0.0226265825,0.0156785809,0.700383723,0.713235557,-0.277661294,-0.109420739,0.0514486805,0.192567497,0.0515291281,-0.000918885926,0.118785329,0.0618199073,0.185309052,0.69525528,0.106279865,-0.0062221312,0.251073867,0.0392557494,-0.0257539358,0.58031714,0.154135272,0.0354465395,0.744310617,0.127441317,-0.312754512,-0.0574117564,0.492715001
0.0473818369,2.24699759,0.755276382,0.0200277083,0.0188890006,0.708949625,0.70472163,-0.336598933,-0.112158187,0.0508651137,0.20084995,0.0577762984,-0.00110595452,0.133763701,0.0659473687,0.183715016,0.61197859,0.0885448083,-0.00620790245,0.22958532,0.0384681337,-0.0238968246,0.550400555,0.136499509,0.0315271318,0.732683122,0.12130674,-0.317429036,-0.0560140759,0.484052479
0.05345181,2.21456289,0.761350155,0.0148342466,0.0236593056,0.716265559,0.697268844,-0.398543775,-0.111046568,0.0488021746,0.205293506,0.0666993558,-0.00137717812,0.128841728,0.0738749132,0.177221447,0.538829029,0.067137152,-0.00593821099,0.200763568,0.0377377234,-0.0179401133,0.507580817,0.123479113,0.0287892297,0.719322801,0.110504985,-0.320472658,-0.0533035658,0.475904107
0.0602270029,2.18251324,0.76715672,0.0100564575,0.0282567535,0.722034037,0.69120717,-0.455216289,-0.105195902,0.0445777513,0.208549723,0.0786208361,-0.00179292366,0.114447832,0.0815584287,0.166568756,0.474190623,0.0444719121,-0.00538064865,0.169019073,0.0359483995,-0.00983420201,0.458913207,0.120331705,0.0298070181,0.70544982,0.0990048796,-0.322389424,-0.0496923029,0.470674485
0.066240184,2.15164018,0.77132529,0.00566531159,0.0322776586,0.72708714,0.685762465,-0.500501454,-0.0960874557,0.039211385,0.210217595,0.0914851353,-0.00234763976,0.0952345505,0.0850590691,0.154867247,0.415933311,0.0225117393,-0.00484990235,0.133226946,0.0339287855,-0.0022699309,0.407566875,0.127322525,0.0340964049,0.69170326,0.0898020416,-0.322964936,-0.0449076854,0.470071763
0.0715593919,2.1224227,0.774520695,0.00117729302,0.0341297388,0.731851578,0.680607855,-0.531090796,-0.084662199,0.0337244943,0.211765334,0.102636695,-0.00287853321,0.0705838054,0.0902424753,0.141461581,0.367114574,0.00262578949,-0.00433520088,0.0927501693,0.0323494263,0.00302974647,0.359134018,0.14424783,0.0412014835,0.679150462,0.0866694748,-0.321615905,-0.0395502299,0.473661125
0.0767747089,2.09439826,0.777086139,-0.00226154667,0.0347867981,0.736556649,0.675476968,-0.552919686,-0.0734526217,0.0301591624,0.223263815,0.112121239,-0.00334246526,0.0429669023,0.0981803313,0.126923814,0.328343123,-0.0133252107,-0.00362213212,0.0500580817,0.0313955545,0.00787635427,0.312962174,0.166604549,0.0486367233,0.667658627,0.0900932923,-0.317283839,-0.0349242426,0.480872601
0.0819180235,2.06810069,0.779472351,-0.00481643341,0.0349641368,0.741371512,0.670166254,-0.557208419,-0.0657610372,0.0295307636,0.259562075,0.120880798,-0.00346948137,0.0155926999,0.1052095,0.113003142,0.298492193,-0.0247808732,-0.0030076988,0.0115199238,0.0297881216,0.0127676632,0.268220544,0.191467285,0.0558423735,0.656359434,0.104404092,-0.311408639,-0.0321690179,0.491526425
0.086422503,2.04248524,0.781400919,-0.00657778094,0.0351107828,0.745699346,0.66532433,-0.553144634,-0.0626786947,0.0282700472,0.316956341,0.126727283,-0.00315837772,-0.011994293,0.106608644,0.101289205,0.273596972,-0.0316876546,-0.00260590133,-0.0222900398,0.0285439081,0.0174617004,0.223221377,0.215281278,0.0625938773,0.64634037,0.128137589,-0.304888606,-0.0320500322,0.504978418
0.0900193974,2.01949501,0.783356726,-0.00598486466,0.0340913571,0.749206483,0.661431551,-0.535398126,-0.0609934628,0.0234123003,0.396810055,0.130095541,-0.0023371065,-0.0323284455,0.102437712,0.0920034721,0.254268974,-0.0343860984,-0.00233700057,-0.053906288,0.0281421412,0.0170638766,0.183135614,0.235224962,0.0676848292,0.637781322,0.157865986,-0.299301863,-0.0340376534,0.520748615
0.0938988179,1.9971025,0.7841627,-0.00483381189,0.0327643454,0.751103222,0.659353495,-0.509160817,-0.0560525917,0.0133939944,0.495930195,0.132044211,-0.000946621643,-0.0502625704,0.0999688357,0.0828458518,0.237392917,-0.033854194,-0.00202910881,-0.0829578787,0.026809236,0.0169564895,0.149886206,0.251578361,0.0710583553,0.630145311,0.19181408,-0.292699307,-0.0355115496,0.538097978
0.0973274335,1.97607648,0.784484506,-0.00268250168,0.0300786886,0.750756323,0.659888744,-0.473482579,-0.0470374897,-0.00226208451,0.610830128,0.133311063,0.00110556756,-0.0652894154,0.0979582071,0.0742750242,0.223225534,-0.0312485471,-0.00175184279,-0.109411985,0.0258862935,0.0172351282,0.122757085,0.263780266,0.073414579,0.622477353,0.224793062,-0.287354022,-0.0383499451,0.555615306
0.10080611,1.95557404,0.784132719,2.60427259e-05,0.0264410283,0.747697949,0.663512349,-0.429715455,-0.0384988487,-0.0209144577,0.729391277,0.134420663,0.00314600812,-0.0791474283,0.0987757966,0.0654837191,0.210934475,-0.0273751356,-0.00145455857,-0.129560933,0.0250219647,0.0164318513,0.102134407,0.275092274,0.0752777457,0.614166439,0.255085468,-0.282040775,-0.0420696698,0.571906626
0.102644384,1.9377383,0.783157766,0.00423114887,0.0220959168,0.742411852,0.669565916,-0.372626275,-0.0337446183,-0.0396806933,0.839022398,0.135801867,0.00485841325,-0.0875773132,0.0978136957,0.0582756475,0.203122705,-0.0226760022,-0.00120974123,-0.143156469,0.0249275528,0.0124228606,0.0888033211,0.281767458,0.0759789571,0.606558859,0.285308391,-0.278549075,-0.0484154634,0.587827802
0.104787312,1.91914999,0.78163439,0.00769610191,0.0175733827,0.735708475,0.67702657,-0.305192739,-0.0321700014,-0.0558322743,0.918637514,0.137093693,0.00576453935,-0.101514116,0.0996219963,0.0514980592,0.198043063,-0.0175447427,-0.000957820215,-0.153346643,0.0255133174,0.00694113271,0.0809260011,0.288185179,0.0760128796,0.599338651,0.311523646,-0.275167555,-0.0564779378,0.600556016
0.106266975,1.90024745,0.779473484,0.0114302589,0.0135257766,0.728227735,0.685106337,-0.229815423,-0.0378092006,-0.0660583526,0.958450437,0.137858838,0.00597978849,-0.119754888,0.101628676,0.0460042842,0.197941571,-0.0120690437,-0.000695164374,-0.160912707,0.0258589163,0.00289967656,0.0794758722,0.294414073,0.0760818794,0.593481362,0.331701219,-0.271653652,-0.0646160021,0.61008656
0.106414437,1.8808285,0.776709974,0.015291959,0.0104916142,0.720471978,0.693236053,-0.150416106,-0.0472693183,-0.0713406652,0.958601952,0.137899786,0.00594062172,-0.141679019,0.101846404,0.0424533151,0.202228382,-0.00641603302,-0.000450266176,-0.165400282,0.0264380742,-0.000193208121,0.0816784948,0.300215781,0.0760197639,0.588596821,0.347264528,-0.268430054,-0.0721746907,0.61529392
0.106152959,1.85967338,0.773397148,0.0187573265,0.00797803793,0.71256423,0.701310754,-0.074004069,-0.0615232065,-0.0712771043,0.926632047,0.136866197,0.00570692914,-0.169547215,0.102369882,0.0402177013,0.209582239,-0.000712142792,-0.000223567564,-0.167566091,0.0269733556,-0.000824795337,0.0863111988,0.304457694,0.0750557929,0.584686518,0.355767757,-0.263764262,-0.0772930011,0.616752565
0.105095632,1.83706057,0.768858612,0.0218269452,0.00639119977,0.704436183,0.709402919,-0.00404783711,-0.0774546191,-0.0683740079,0.872507572,0.134476975,0.00540525978,-0.204304829,0.103718773,0.0386888422,0.219884157,0.00506804883,3.11445074e-05,-0.165882692,0.0276332796,-0.000908113085,0.0923872292,0.307936162,0.0741067976,0.582098901,0.357032537,-0.258597344,-0.0810042173,0.614639461
0.103274941,1.81111133,0.763059556,0.0231133644,0.00611002464,0.696021318,0.717622995,0.0497023202,-0.0936822593,-0.0643591434,0.80422157,0.1303671,0.00506320642,-0.249524891,0.10587123,0.0379224196,0.231464624,0.0113636646,0.000286725379,-0.15913704,0.0288324896,-0.00170050247,0.0980326086,0.311605006,0.0732716396,0.58094579,0.350552917,-0.251473755,-0.0831399709,0.610227466
0.100836791,1.78303647,0.756104052,0.0228715446,0.00739627797,0.687349617,0.725928903,0.0825705454,-0.111735784,-0.0607046448,0.723177612,0.121372938,0.00469136331,-0.300272495,0.10878931,0.0380743444,0.243088186,0.0192449484,0.000571823679,-0.146646902,0.0290742852,-0.00216007279,0.102212049,0.314505368,0.071625568,0.57993269,0.337950319,-0.241695076,-0.0832278803,0.604028821
0.0979703441,1.7518748,0.748089612,0.0203827098,0.00972449686,0.678935051,0.733850956,0.0994095132,-0.13002488,-0.0568008982,0.640169084,0.110171013,0.00431923848,-0.356795043,0.115661465,0.0378346443,0.250044167,0.0296871308,0.000902560481,-0.130957395,0.0300240684,-2.57857864e-05,0.105984807,0.319080114,0.0708432719,0.580543935,0.318857461,-0.231144905,-0.0822319835,0.595433831
0.0950824022,1.71864545,0.753103197,0.0166043174,0.0139405308,0.670971513,0.741166115,0.104606315,-0.146056876,-0.05258983,0.559948802,0.0955526754,0.00394928921,-0.415087998,0.122951873,0.0378527902,0.250484347,0.0429631062,0.00122448988,-0.109053999,0.0296453219,0.00276300753,0.106196813,0.325102031,0.0700336844,0.580856919,0.296139747,-0.220778733,-0.0802032202,0.584189534
0.0917451978,1.68506503,0.756864011,0.0121733174,0.0188462995,0.662922323,0.748351991,0.101792186,-0.159168333,-0.0466137528,0.485551983,0.0773955509,0.00355347525,-0.472304076,0.127439842,0.0388453901,0.245880291,0.0582978576,0.00158354617,-0.0832740813,0.0293512773,0.00630957028,0.104685627,0.332676917,0.0691485032,0.582038879,0.27221176,-0.215279073,-0.0780553818,0.571406901
0.087997146,1.65252244,0.760688841,0.00775442924,0.0230953917,0.654798508,0.755410731,0.0874122009,-0.168561935,-0.0390608385,0.419704735,0.0575719066,0.00307504134,-0.522121429,0.129761204,0.0402872041,0.240566418,0.0743761286,0.00209222664,-0.0556024574,0.0300076567,0.0118937381,0.105394587,0.337730229,0.0679796115,0.586253345,0.249075487,-0.213897601,-0.076472789,0.558993697
0.0850241929,1.61972725,0.76504904,0.00260715396,0.0280722696,0.646911144,0.762044072,0.0580601469,-0.168838978,-0.0322120935,0.363983721,0.0378589183,0.00272222771,-0.5683828,0.131008878,0.0408460833,0.235411763,0.0885201916,0.00270920317,-0.0256634001,0.0308904089,0.0139837712,0.109519444,0.341097623,0.0663774461,0.592252851,0.225823402,-0.215588793,-0.074900955,0.548481822
0.0817263126,1.58932567,0.768789649,-0.000955332769,0.0326112136,0.639407158,0.7681759,0.0265594497,-0.16845426,-0.0237640049,0.319523156,0.0203094203,0.00235994416,-0.605650127,0.126661196,0.0413573422,0.235444635,0.100744568,0.00340935891,0.00628052047,0.0320513137,0.0145352222,0.120602012,0.341940284,0.0643408895,0.600318611,0.209425896,-0.221525952,-0.075358279,0.54147923
0.0782831237,1.56091201,0.772250354,-0.00304631423,0.0365126915,0.632644296,0.773575306,-0.00613140222,-0.167185351,-0.0142149394,0.285000384,0.00681560347,0.0019607381,-0.627145112,0.116977111,0.0435396917,0.253238171,0.11258129,0.00401194161,0.0389684997,0.0333960056,0.0142056784,0.13839756,0.337684304,0.0609493665,0.609481037,0.198408291,-0.232771575,-0.0778313875,0.538067698
0.0757285208,1.53325331,0.77491796,-0.00513334945,0.0405937582,0.626642466,0.778232038,-0.0422754474,-0.164579347,-0.00476768101,0.256716281,-0.00161641615,0.00145117962,-0.635068774,0.106260732,0.0483825952,0.290110916,0.121854164,0.00419034343,0.0703151822,0.0352153629,0.0133443391,0.161744133,0.328932732,0.0564000122,0.61969775,0.190140247,-0.24400425,-0.0801288709,0.537130237
0.0735851303,1.50721884,0.777328908,-0.00674552051,0.0430002622,0.621652007,0.782083213,-0.0749080852,-0.159138396,0.00407978939,0.233481392,-0.00511607016,0.000963173399,-0.628449261,0.0948269889,0.0573802404,0.350230366,0.12903516,0.00372856297,0.101039596,0.036564298,0.0116789229,0.189751402,0.316793472,0.0500996485,0.628155231,0.18524377,-0.254035175,-0.0810530111,0.536734104
0.0723569021,1.48252964,0.778801858,-0.0075768372,0.043976292,0.617420793,0.785366356,-0.102277525,-0.152404413,0.0126205478,0.214269802,-0.00445359433,0.000561928551,-0.609387755,0.0830657929,0.0711394101,0.435352296,0.134080201,0.00242140586,0.130939335,0.0386136435,0.0077996836,0.224164814,0.306126595,0.0439753607,0.6380198,0.185761929,-0.263701469,-0.0815865472,0.537699163
0.070928596,1.4607693,0.780338228,-0.00696728332,0.0431983136,0.614646792,0.787587881,-0.121769741,-0.145632893,0.0209895317,0.198283076,-0.00160508684,0.000308178045,-0.577551842,0.0695218593,0.0907328725,0.546429992,0.138318047,0.00023485304,0.158555418,0.0402507,0.00359025714,0.264380425,0.295237213,0.0384052359,0.648901105,0.190380886,-0.274601102,-0.0829738528,0.539361477
0.0708790943,1.43959212,0.78074187,-0.00691944035,0.040977791,0.614903808,0.787506342,-0.139167204,-0.134492218,0.0279041734,0.18460317,0.00239941687,0.000162706434,-0.534610808,0.0579990633,0.112258241,0.676119924,0.143222511,-0.00253622932,0.18081364,0.0424731076,-0.0030208216,0.30565393,0.284626186,0.0320252627,0.657864153,0.196908236,-0.283214629,-0.0830290467,0.54016757
0.0710576251,1.42001855,0.780111909,-0.00595101202,0.0379440039,0.618131876,0.785135567,-0.154499888,-0.124578238,0.0345645808,0.174109474,0.00682830345,0.000102893864,-0.479349494,0.0480963588,0.133616641,0.811010957,0.148800924,-0.00509988936,0.197374791,0.0437953882,-0.0106074065,0.347333699,0.275144368,0.026146017,0.665389061,0.207476035,-0.29034248,-0.0825158358,0.540953398
0.0713926777,1.40088511,0.778048038,-0.00393565511,0.0343753844,0.623770535,0.780841351,-0.170089319,-0.116415687,0.0409130082,0.166921467,0.011387514,9.55550713e-05,-0.409628779,0.040823862,0.150474384,0.930310011,0.154370591,-0.00685104495,0.207937852,0.0440619066,-0.0169913527,0.390723467,0.266140193,0.0210465249,0.674862325,0.219776392,-0.296234965,-0.0818893015,0.541750491
0.0724755004,1.38147378,0.77514559,-0.00267316308,0.03063819,0.63111937,0.775075734,-0.19056344,-0.106783666,0.0457067005,0.164244786,0.0159149729,9.57929587e-05,-0.327550709,0.0378571153,0.160516188,1.0109297,0.158039987,-0.00770827802,0.213862613,0.0429384746,-0.0233796854,0.429277599,0.257949442,0.0173524525,0.683932364,0.232076317,-0.299012542,-0.0806926489,0.541120529
0.0738846734,1.36084068,0.77157259,-0.00186491746,0.0273878537,0.63952899,0.768276751,-0.217323378,-0.0985916257,0.0496818572,0.164629027,0.0203510318,5.34616738e-05,-0.237237409,0.0432171002,0.162609816,1.04092979,0.158254653,-0.00769293914,0.216296911,0.0417899415,-0.0270092264,0.461579531,0.249674141,0.0147170667,0.692255616,0.243577167,-0.29905054,-0.0790858343,0.53992331
0.0756195635,1.33802307,0.767527223,-0.00246763229,0.0255273525,0.648522437,0.760763347,-0.253401458,-0.0903644189,0.0525181703,0.168046832,0.0251960233,-6.08027804e-05,-0.151826084,0.0543120801,0.16175285,1.02135158,0.153821632,-0.00750103453,0.215981707,0.0403612889,-0.0323952213,0.485084385,0.240047678,0.0120054595,0.696597874,0.251275927,-0.299028158,-0.0777080506,0.538564146
0.0779571608,1.31301963,0.762658954,-0.00390815362,0.0249508675,0.657322764,0.753185868,-0.299413353,-0.0838471726,0.0545303822,0.17636928,0.0309738312,-0.000242942231,-0.0771727711,0.0696718246,0.160437047,0.962088943,0.145704582,-0.00735625532,0.210464552,0.039167203,-0.0370034352,0.500239491,0.229336441,0.00989763346,0.698498607,0.25508213,-0.298139215,-0.0749915466,0.535312593
0.0808126256,1.285851,0.75653547,-0.00661720335,0.0261963755,0.666351259,0.745148301,-0.351306587,-0.0780025721,0.0556797646,0.185469538,0.0384488329,-0.000467265607,-0.0181288365,0.0859418884,0.160528377,0.873906553,0.135526299,-0.00730416691,0.199418932,0.0384878591,-0.035670843,0.503923535,0.21790795,0.00798424333,0.69796747,0.252647996,-0.298226446,-0.0724146143,0.530083835
0.0842358172,1.25574601,0.748788714,-0.0110842204,0.0288048498,0.675357163,0.736844718,-0.411583573,-0.0731153116,0.0558957011,0.194094837,0.0477979295,-0.000752404798,0.0177025404,0.104411058,0.158554047,0.773588538,0.120237075,-0.00710397353,0.187330499,0.0380912125,-0.0353475958,0.499654561,0.209849864,0.00669566821,0.693627,0.245965943,-0.299938828,-0.0697642341,0.522918701
0.0880947486,1.22349668,0.753150225,-0.0171396825,0.0329940096,0.683954179,0.728576899,-0.477915943,-0.0699076951,0.0558146164,0.199997276,0.0588633269,-0.00104222912,0.0383220986,0.118963979,0.156128675,0.674761891,0.101587236,-0.00692532072,0.171296462,0.0384726487,-0.0320855528,0.485671103,0.205195114,0.00577562675,0.686141551,0.233693793,-0.304890335,-0.0676852837,0.513129413
0.0922728702,1.19023561,0.757673681,-0.0229596626,0.038564112,0.691984117,0.720516264,-0.542871833,-0.0694710314,0.0557092205,0.202132225,0.0720559508,-0.00138372637,0.0452175923,0.127008602,0.153633609,0.58688581,0.0788656995,-0.00681609288,0.15422231,0.0387873352,-0.0284487717,0.46348846,0.204339877,0.00618851418,0.676620126,0.220639125,-0.312432081,-0.06588424,0.503752708
0.096921958,1.15858006,0.762627363,-0.0278874077,0.0438921191,0.699256897,0.712976575,-0.601318479,-0.0674287453,0.0539412983,0.201473832,0.0856002271,-0.00189705181,0.042344708,0.130241618,0.148427069,0.507239938,0.0540639497,-0.00661240704,0.134259716,0.037873771,-0.0244433265,0.434347779,0.204728097,0.00772250863,0.667008817,0.206660524,-0.319190532,-0.0644238368,0.49768129
0.101058893,1.12757576,0.768808424,-0.0323865749,0.0498499162,0.706023037,0.70568943,-0.642551363,-0.0659053326,0.0515295677,0.199954093,0.0973815992,-0.00254506455,0.0255269632,0.13240467,0.139931649,0.436797142,0.0299214032,-0.00602196483,0.112393729,0.036835853,-0.0208731107,0.402454197,0.208351374,0.0106098996,0.659329414,0.195833519,-0.324434578,-0.0629718229,0.496162683
0.103407294,1.09879863,0.774823427,-0.0353786908,0.0552445538,0.712441087,0.698658764,-0.666564524,-0.0700659528,0.0507584624,0.196494177,0.106894054,-0.00313100079,0.00144740997,0.129333004,0.131812125,0.379388034,0.00913927145,-0.0053416891,0.0899192169,0.0361819677,-0.0187360477,0.372310042,0.218844369,0.0164123084,0.653346539,0.192492664,-0.328912199,-0.0629827902,0.499057561
0.105942234,1.07222009,0.780407786,-0.0372185372,0.0586086549,0.718007863,0.692563713,-0.675133288,-0.0698560029,0.0503128804,0.200697824,0.115702011,-0.00375838298,-0.0230008904,0.12577039,0.121905975,0.332235187,-0.00723780552,-0.00466256915,0.0666016862,0.0349815264,-0.0151834181,0.343306512,0.23266989,0.0225236118,0.646452367,0.194742039,-0.330704957,-0.0629799515,0.503500342
0.108218208,1.04640186,0.784348249,-0.0391684212,0.0627286807,0.72206074,0.687865674,-0.670393407,-0.0692295209,0.051692389,0.220256299,0.123553433,-0.00415007398,-0.0493008457,0.121626817,0.111618213,0.290937692,-0.0184391234,-0.0038500696,0.042436298,0.0344635621,-0.0114298239,0.315938205,0.249413759,0.0289121047,0.639620364,0.201713607,-0.331697911,-0.0628318042,0.510172188
0.110077418,1.02113068,0.787946403,-0.0405563228,0.0669398159,0.724828601,0.684468985,-0.658423245,-0.0656665042,0.0508727543,0.255425006,0.128551587,-0.0041575674,-0.0754912943,0.113314651,0.102140158,0.254793495,-0.0254900903,-0.00322890165,0.0173929408,0.0343560986,-0.00827277638,0.290534943,0.26856479,0.0349348597,0.633328319,0.207967177,-0.33253628,-0.0632430166,0.515646696
0.111549817,0.998072505,0.789885342,-0.0411522798,0.0699242353,0.726437926,0.682425857,-0.637533605,-0.0614371635,0.0455708653,0.310063154,0.131556183,-0.00353666302,-0.0970655009,0.104185835,0.0925661996,0.222685918,-0.0288808662,-0.00271307281,-0.00696734246,0.0345522426,-0.004888942,0.26788643,0.286589772,0.0410047807,0.628295779,0.217379063,-0.332325101,-0.063719295,0.520458281
0.113072202,0.976638198,0.791200221,-0.0405610986,0.0724512786,0.726530135,0.682099462,-0.608090401,-0.0535165779,0.0337209851,0.382894486,0.132868797,-0.00225038291,-0.11579714,0.0945054516,0.0827127472,0.193927705,-0.0297649167,-0.00227928348,-0.0312937237,0.0345791467,-0.00359268812,0.248398125,0.304945618,0.0470650606,0.623041332,0.229138121,-0.331817716,-0.0635390505,0.52519989
0.113845557,0.956395507,0.791318834,-0.038785059,0.0739810988,0.72493726,0.683731377,-0.569381237,-0.0466034859,0.0168177187,0.468989164,0.132918924,-0.000519675203,-0.13225171,0.0846318156,0.0735173076,0.16980879,-0.028152829,-0.00188587641,-0.0544623546,0.0352789909,-0.00339755928,0.233733848,0.319226116,0.0534532294,0.61950016,0.24094443,-0.33125031,-0.063487649,0.529205322
0.113590479,0.938548863,0.792980194,-0.0358266458,0.0740734041,0.721616745,0.687385559,-0.518448651,-0.041613616,-0.0028284376,0.56333214,0.132001385,0.00139486708,-0.145332426,0.0731366053,0.065570429,0.151557863,-0.0254460033,-0.00156788796,-0.073504746,0.0362350345,-0.00588220311,0.224939197,0.330711335,0.0601054691,0.617680967,0.253974169,-0.329973787,-0.0643046051,0.533516288
0.113036707,0.922299385,0.793833017,-0.0324140936,0.0730151162,0.716866255,0.692618847,-0.456214219,-0.0389875285,-0.0238881335,0.652075827,0.130363956,0.00316906301,-0.157620937,0.0643275455,0.0580423363,0.138596654,-0.0219950527,-0.00125931425,-0.0865717083,0.0369472429,-0.0100982916,0.220374346,0.339639783,0.0666963756,0.616497755,0.268434376,-0.328748703,-0.0664448813,0.537862122
0.112724781,0.905939996,0.793805361,-0.0288095493,0.0708489642,0.71111232,0.698906064,-0.387554288,-0.0376416892,-0.042992983,0.724801719,0.128299281,0.00449539116,-0.172836199,0.0594760329,0.0510873273,0.131415352,-0.0176247098,-0.000939279562,-0.0945336372,0.0379007198,-0.0128164236,0.217336327,0.344742179,0.0715792179,0.615198374,0.28398782,-0.32550478,-0.0683203787,0.542764008
0.111041509,0.891405106,0.793876886,-0.024640996,0.0681516528,0.704813063,0.705681741,-0.307764381,-0.0397451371,-0.057866253,0.771184802,0.12646617,0.00542194908,-0.187361151,0.0541819595,0.0461138673,0.132145941,-0.0129733402,-0.000685941544,-0.0972266868,0.0389779769,-0.0146806883,0.2178545,0.348098665,0.0762046725,0.613404393,0.299992025,-0.322203904,-0.0701898187,0.547008216
0.109484173,0.877350509,0.79301846,-0.0202586427,0.0648286715,0.698520303,0.712359548,-0.219321132,-0.0438971519,-0.0686087683,0.784904718,0.124037638,0.0059303185,-0.202753276,0.0522120632,0.0421092063,0.13851437,-0.00824416149,-0.000429849722,-0.0959449932,0.0399838462,-0.0179527067,0.219116762,0.34945479,0.079123877,0.610821605,0.315902561,-0.319189906,-0.0720374435,0.550877571
0.106887162,0.861588478,0.791093051,-0.0165898018,0.0622482039,0.691943109,0.719072104,-0.13679941,-0.0508929491,-0.0755037144,0.766131163,0.119325399,0.00614596065,-0.225794524,0.0510128774,0.0396704562,0.148787349,-0.00357788126,-0.000152419263,-0.0899174884,0.0404035933,-0.0199089851,0.219102323,0.349159062,0.0802747384,0.606646359,0.329811245,-0.314383417,-0.0730194822,0.554268658
0.103175744,0.845527053,0.789142132,-0.0126741212,0.0601078719,0.685027242,0.725922942,-0.0552885197,-0.0608888157,-0.0779970586,0.724895716,0.114784561,0.00617310684,-0.251849025,0.0485533215,0.0390537828,0.163456425,0.00074671692,9.9489589e-05,-0.0800904408,0.0409011692,-0.0215271059,0.219964236,0.346597493,0.0802566409,0.602152467,0.340468615,-0.309722096,-0.0740347654,0.557219803
0.0987324417,0.827280402,0.785916507,-0.0104892738,0.0590171739,0.677923679,0.732684433,0.0108981011,-0.0712162405,-0.0784613565,0.667740583,0.108968042,0.00605326192,-0.285582811,0.0479703173,0.0392266475,0.180011347,0.00518261362,0.000374536554,-0.0655713752,0.0414883345,-0.0228793155,0.218879804,0.342508942,0.078524828,0.596481681,0.346321583,-0.302608758,-0.0741817951,0.558657646
0.0927559808,0.807813704,0.782636344,-0.00872370414,0.0582726002,0.670669913,0.73941195,0.0638174191,-0.0855129808,-0.0755864456,0.602177858,0.103232995,0.00581305008,-0.325472564,0.047240641,0.040801283,0.199724361,0.00989706069,0.000688938599,-0.0458698831,0.0417416468,-0.0226740949,0.216450095,0.337260544,0.0761454627,0.590251207,0.348134041,-0.295607984,-0.0745759979,0.559639037
0.0865763649,0.786861122,0.777914762,-0.0087466361,0.0582146421,0.663279414,0.746052921,0.100769468,-0.0999560356,-0.072022453,0.534608185,0.0972705856,0.00554057816,-0.371170312,0.0502849668,0.042572964,0.222163796,0.0156955533,0.00101145823,-0.0229969528,0.0417672247,-0.0234125182,0.214501277,0.334932446,0.074335672,0.584834278,0.344577253,-0.286722004,-0.0742056295,0.559094369
0.0795380622,0.764023304,0.771911442,-0.0100658732,0.058825247,0.656237602,0.752190411,0.119772181,-0.113817737,-0.0672204569,0.467712641,0.0921236724,0.00522435736,-0.422713548,0.0551334918,0.0451221019,0.245440185,0.0231083389,0.00134065934,0.0032412943,0.0413481258,-0.0214324724,0.211016536,0.332316756,0.0710472465,0.578894317,0.336082697,-0.277910262,-0.0726962909,0.556289017
0.0726060122,0.739423811,0.764234543,-0.0130133042,0.0597454086,0.649593472,0.757818937,0.126884803,-0.123862624,-0.0622648485,0.405600846,0.086511977,0.00496270694,-0.477339655,0.0645262823,0.0472107045,0.267273843,0.0324559286,0.00164402067,0.0306781773,0.0402572341,-0.0189464986,0.205066174,0.334053576,0.0684091747,0.57291013,0.322632998,-0.268988281,-0.0698539168,0.551045656
0.0653154477,0.712644696,0.762531281,-0.0174874365,0.0613855273,0.643057108,0.763153672,0.124676906,-0.131818473,-0.0555081554,0.349542975,0.0791730806,0.00475535402,-0.536015213,0.0752667189,0.0494018123,0.28479594,0.0436166935,0.00187335478,0.0573579147,0.0387013219,-0.0155731356,0.197152749,0.336690187,0.0653580651,0.568088472,0.304169387,-0.26257053,-0.0667923093,0.543667316
0.0571520142,0.685393989,0.764398813,-0.022627065,0.0630779564,0.636698067,0.768195748,0.118520908,-0.134552419,-0.0474302173,0.300006449,0.0684163272,0.00462676585,-0.591123283,0.0866540447,0.0519963019,0.297680408,0.0573085621,0.00208708015,0.081878826,0.0364278145,-0.0108658774,0.188730717,0.340189636,0.0618149862,0.565276086,0.281221777,-0.258784264,-0.0633837134,0.534039617
0.0491441302,0.657941282,0.766965032,-0.0283565242,0.0641286224,0.630654633,0.772889495,0.104936205,-0.134550095,-0.0377477743,0.254194498,0.0550998263,0.00438960269,-0.637814105,0.0982582197,0.0545936637,0.302098364,0.0734742954,0.00231559761,0.102347948,0.0347178094,-0.00617123535,0.183123127,0.341493964,0.0572562553,0.566497862,0.25611341,-0.255858451,-0.0602476969,0.52585274
0.0417224206,0.632224143,0.770040393,-0.0334376581,0.0645886287,0.624638021,0.77752012,0.0889208913,-0.132265642,-0.0264587644,0.213085964,0.0409837365,0.00404457329,-0.673776031,0.107331499,0.0583473817,0.297803998,0.0910861045,0.00268014381,0.119253099,0.0337890349,-0.0016739337,0.182950929,0.342889041,0.0530680493,0.572379649,0.231746584,-0.25491482,-0.0585936643,0.519353092
0.0355135128,0.607476354,0.773365498,-0.0387937687,0.0641852543,0.618425786,0.782256305,0.0684670508,-0.123327218,-0.0155105442,0.178253606,0.0274860244,0.00372002996,-0.699044704,0.120463803,0.0601904429,0.286887735,0.106520452,0.00299157365,0.131437287,0.0332270674,0.00185100152,0.188675478,0.345302582,0.0503026508,0.582015514,0.208697453,-0.255061597,-0.0577680431,0.514845729
0.0293936543,0.585063219,0.776300192,-0.0440901443,0.0636219084,0.612643957,0.786559403,0.0480613299,-0.114177905,-0.00363543839,0.149349943,0.0159877725,0.00327921612,-0.713689268,0.131787777,0.0613539778,0.273335159,0.119046964,0.00329436758,0.142963946,0.0326654017,0.00699109631,0.201601312,0.344546497,0.0474292748,0.594456196,0.187993497,-0.25552839,-0.0574701689,0.512029827
0.0238521341,0.564490795,0.779636085,-0.0486233644,0.062168885,0.608092129,0.789933383,0.0286098998,-0.103896432,0.00847156066,0.12467096,0.00707056373,0.00275209476,-0.721198022,0.139027223,0.0620763898,0.263387918,0.129296109,0.00364534929,0.156353742,0.0325694531,0.0111467382,0.214765102,0.341192663,0.0443206504,0.606425285,0.173404887,-0.254853368,-0.0560155176,0.511528373
0.0188055094,0.545504868,0.783270121,-0.0526157841,0.0603739768,0.604671717,0.792438447,0.00971503928,-0.0905717015,0.0196078885,0.105591863,0.00130569749,0.00227905996,-0.71845299,0.14191404,0.0608959571,0.268843889,0.139593661,0.00397638325,0.170474485,0.0325632878,0.0135082472,0.229976326,0.335111558,0.0408993661,0.617976844,0.161407575,-0.254341245,-0.0533211976,0.511694551
0.0141805038,0.527684033,0.786819041,-0.0560245775,0.0580819398,0.602445245,0.794070184,-0.00958975684,-0.0772397518,0.030211838,0.0911059305,-0.00189753203,0.00182060152,-0.708912849,0.14226827,0.0596909896,0.287453979,0.14827925,0.00414228253,0.185458139,0.0322704688,0.0163741019,0.245721057,0.324795663,0.0357486159,0.627150536,0.152400628,-0.256265938,-0.0530153215,0.513644576
0.0104583334,0.512337208,0.789231658,-0.0584003888,0.0551555865,0.601724744,0.794653773,-0.0245088879,-0.0662419721,0.0404747576,0.0805451572,-0.00235891296,0.00134374143,-0.690998316,0.14058128,0.0613105968,0.318670183,0.154965505,0.00403164886,0.201504111,0.0321677737,0.0180318393,0.262510687,0.314283401,0.0305465776,0.634849966,0.148432776,-0.25912571,-0.0528738201,0.515852451
0.00740256673,0.497778893,0.791708708,-0.0609360076,0.0516287908,0.602327526,0.794243574,-0.0370968133,-0.0519880019,0.048949562,0.0713795349,-0.00177976803,0.00103036768,-0.668596983,0.139576182,0.0658982694,0.358623058,0.159631103,0.0036518625,0.216483146,0.0315722413,0.0177469142,0.276975006,0.304887116,0.025538031,0.639772415,0.147578597,-0.259162456,-0.0519593619,0.518370092
0.00487127947,0.485601455,0.793190122,-0.0623246878,0.0472345017,0.603722513,0.793349683,-0.0438177586,-0.0390126221,0.0564450473,0.0636576191,-0.000249389443,0.000785855518,-0.640156448,0.134798229,0.075212799,0.406158447,0.16244711,0.00305377296,0.231668398,0.0312652588,0.0165553596,0.291760474,0.296405613,0.0208656434,0.643439114,0.151192755,-0.260640502,-0.0521224104,0.521384358
0.00417911028,0.475774676,0.794435441,-0.0623112395,0.0418873578,0.606246233,0.79172492,-0.0439334027,-0.0261352323,0.0625782907,0.0577210896,0.00178759207,0.000584217138,-0.603982687,0.128500283,0.0881924406,0.458110541,0.162841588,0.00224771793,0.247043341,0.029763747,0.0136955231,0.307970464,0.288879335,0.0161943045,0.646167517,0.158703789,-0.26118803,-0.0511691794,0.52374965
0.0010993419,0.462386638,0.796201885,-0.0655336604,0.0388908833,0.609097362,0.78942591,-0.0591871664,-0.0120023582,0.0677769184,0.0498296954,0.00301953917,0.000409188273,-0.575296044,0.121934928,0.102747694,0.504167974,0.16201815,0.00146982993,0.260231346,0.0286511853,0.0159035362,0.315833002,0.279968053,0.0118947867,0.646225274,0.161443204,-0.260805309,-0.0501317941,0.524797142
-0.000203777032,0.453194678,0.797153533,-0.0656281114,0.0348916203,0.612166703,0.78722769,-0.0660621673,-0.00246324413,0.0718889087,0.0493387654,0.0048136632,0.000238847235,-0.538778961,0.111833148,0.119439408,0.547852516,0.159513727,0.000628075271,0.270636946,0.0272186268,0.016368486,0.325992554,0.271575987,0.0081837289,0.647909522,0.166143298,-0.261808038,-0.0501135476,0.525575459
-0.0011059005,0.445391655,0.798150063,-0.0645221174,0.0301222522,0.615316868,0.785057127,-0.0700450987,0.00611028215,0.074552983,0.0522183664,0.00674009137,9.49589303e-05,-0.497504324,0.100962244,0.135935992,0.582207799,0.155241802,-0.000159498464,0.277701616,0.0258589238,0.0171482917,0.335537374,0.264130354,0.00556175085,0.650273442,0.170818791,-0.26124981,-0.0498204418,0.526578009
-0.000911095878,0.437952936,0.799031675,-0.0633367002,0.0253809802,0.618077636,0.783150256,-0.0723820403,0.0144408299,0.0760806352,0.0546247289,0.00825390685,-4.29927495e-05,-0.457268775,0.0914434865,0.150210008,0.603163183,0.14899613,-0.000846622686,0.280186534,0.0246139243,0.0186212789,0.34482336,0.25743559,0.00370549411,0.653523684,0.174098596,-0.260053366,-0.0496502928,0.527485192
-0.000503544754,0.431459457,0.799527347,-0.0619489215,0.0209528077,0.619868815,0.781975687,-0.0741436109,0.0210758578,0.0769712627,0.0565829314,0.00960443821,-0.000184514109,-0.417798162,0.0809381753,0.162919194,0.609817088,0.141584292,-0.00141184311,0.279106677,0.0240309518,0.0184827223,0.352391452,0.25169006,0.00282393419,0.657132626,0.176053911,-0.259318709,-0.049953144,0.527968884
0.00120028458,0.425392121,0.800169349,-0.0606117211,0.0165829267,0.620654345,0.78156209,-0.0751493648,0.0284508932,0.0768340975,0.0593781397,0.0109713674,-0.000342988089,-0.38017112,0.0719592497,0.172510505,0.603289843,0.133661807,-0.00181561045,0.27404657,0.0233521145,0.0201910734,0.358022511,0.24910821,0.00331694447,0.66039598,0.17484495,-0.258334458,-0.0503152274,0.526632607
0.00345600722,0.419815809,0.800935149,-0.0596746504,0.0122997342,0.620403409,0.781912565,-0.0756264105,0.0368719473,0.0759019777,0.0627645776,0.0121392822,-0.000473599765,-0.346726686,0.063952215,0.17925173,0.586004317,0.124724172,-0.00212447741,0.265818089,0.0232667234,0.0224884488,0.361079901,0.24698396,0.0035162007,0.66284281,0.171903625,-0.253969431,-0.0475977808,0.523913443
0.00609879615,0.414374292,0.80156678,-0.0587637424,0.00829767715,0.619162023,0.783017457,-0.0761275515,0.0465433933,0.0741600692,0.0669615343,0.0132943764,-0.000561469235,-0.318241447,0.0560906716,0.184010655,0.561425567,0.115943298,-0.00232969527,0.254857808,0.0235319994,0.0254578311,0.360631138,0.246819675,0.00421058014,0.664596498,0.16712977,-0.251880944,-0.0455501117,0.520299554
0.00972454716,0.408911228,0.802331924,-0.0578068905,0.00533385342,0.617057085,0.784774184,-0.0785843879,0.0552927144,0.0722247139,0.0714361593,0.0140916789,-0.000668808294,-0.295599967,0.047898367,0.187230125,0.532905936,0.107606262,-0.00248508761,0.242080837,0.0232262965,0.0283057876,0.356538296,0.247081622,0.00497447653,0.665146053,0.1603802,-0.247985378,-0.0418184735,0.515554905
0.0133041171,0.403397977,0.802855849,-0.0565054528,0.00275144074,0.614609957,0.786799908,-0.0807933062,0.0628925562,0.0705832317,0.0760840327,0.0146910725,-0.000767581747,-0.27840969,0.0366318859,0.19019337,0.504292667,0.0998368114,-0.002662841,0.227727324,0.0234110262,0.0317962803,0.348633826,0.248392582,0.00647203019,0.664531887,0.153473452,-0.244396761,-0.0379810221,0.510874569
0.0178299807,0.398745209,0.803342044,-0.0545671545,0.000336852507,0.612120032,0.788879812,-0.0807982534,0.0683958009,0.0693119466,0.0811020359,0.014925804,-0.000900184968,-0.263590336,0.0261475984,0.191881895,0.477163464,0.0928974748,-0.00279781432,0.213004008,0.0245312527,0.0341703705,0.337816149,0.251901716,0.00888392143,0.663245499,0.148319378,-0.241815373,-0.0355127789,0.507042289
0.0225272886,0.394421816,0.803648174,-0.0527146421,-0.00106993096,0.609748125,0.790839612,-0.0812718794,0.0739096031,0.0681189746,0.0861427486,0.0149141951,-0.000977392192,-0.252883881,0.0158872921,0.192661628,0.45093441,0.0860127881,-0.00290143536,0.198070377,0.0247204732,0.0374702252,0.321796417,0.255373418,0.0109182158,0.660236418,0.143427536,-0.237912178,-0.032253284,0.503953099
0.0280138031,0.38960132,0.803704023,-0.0509576872,-0.00249377592,0.607964337,0.79232347,-0.0823999643,0.081265755,0.0664105043,0.0906645954,0.0146297496,-0.00104132225,-0.244444266,0.0107625006,0.190789342,0.426310271,0.079320021,-0.00290057389,0.184367925,0.0248986352,0.0400899798,0.302194655,0.261826128,0.0137080988,0.655337811,0.139641777,-0.234411985,-0.0290180482,0.502832115
0.0345423147,0.386075109,0.804235041,-0.0484294556,-0.00368868373,0.606572092,0.793543518,-0.0810159594,0.0873387605,0.0646845624,0.0963178575,0.0138775855,-0.00112365675,-0.234064594,0.00782580767,0.187970608,0.404538512,0.0741953626,-0.00280750915,0.170857117,0.025676908,0.042321533,0.281231672,0.268111169,0.0166391451,0.64981097,0.139716953,-0.229177609,-0.0248432085,0.502974153
0.0411473364,0.382139057,0.804211378,-0.0458639488,-0.00447559543,0.605745256,0.794323027,-0.0810314044,0.0946654007,0.062455643,0.101615548,0.0127253626,-0.00114760071,-0.224017248,0.00763844373,0.183557332,0.383843213,0.0698983744,-0.00261725532,0.158791095,0.0259026941,0.0442598984,0.257023335,0.274336845,0.0194800254,0.643602252,0.142012343,-0.222573921,-0.020047782,0.504121363
0.0483600609,0.378612697,0.80401057,-0.0428755954,-0.00481984811,0.605650425,0.794560254,-0.08081083,0.100768387,0.0602108538,0.107232034,0.011391894,-0.00120914832,-0.214546606,0.0106259231,0.177899197,0.365873247,0.0659959093,-0.00232285121,0.147341341,0.0271867737,0.0478890277,0.233025163,0.280273378,0.0228752512,0.637562037,0.144543543,-0.218818709,-0.0172455125,0.50573647
0.0563576445,0.374699026,0.803536057,-0.040057335,-0.00434507662,0.606198013,0.79429245,-0.0837391019,0.106203228,0.0581069961,0.112351246,0.00995121244,-0.00133850565,-0.205693975,0.0128475139,0.172864512,0.351196855,0.0618586317,-0.00214092643,0.137589425,0.0283627007,0.0500512794,0.205682665,0.285304427,0.0261877142,0.628903627,0.148581475,-0.214599088,-0.013898382,0.507764518
0.0653736368,0.371538192,0.802982807,-0.0370345935,-0.00354128634,0.607150197,0.793715656,-0.0864621922,0.111351743,0.0557485558,0.118528828,0.00900790654,-0.00151146413,-0.197509497,0.0138319265,0.168439865,0.338204741,0.0582284667,-0.00203670934,0.128493667,0.029454045,0.050695084,0.18267037,0.28965342,0.0302115344,0.622944832,0.154561728,-0.211127177,-0.011392192,0.511927307
0.0754908621,0.368175507,0.802916467,-0.0345836096,-0.0030033174,0.608533502,0.792768598,-0.0885546058,0.119480491,0.0523129329,0.124543205,0.00842551701,-0.00169574202,-0.190541521,0.0173383113,0.163410664,0.32717815,0.0550851822,-0.00195280672,0.1181188,0.0303714927,0.0517949723,0.163208932,0.293018281,0.0347162709,0.618176401,0.157988682,-0.208905935,-0.010082609,0.515842795
0.0863931179,0.366169155,0.802973986,-0.0313201584,-0.00298651541,0.610366762,0.791493773,-0.0868736804,0.128089368,0.0483430773,0.130424812,0.00825707428,-0.00184959068,-0.180267885,0.0218773745,0.158330336,0.319772124,0.052393917,-0.00184881873,0.108583473,0.0312480442,0.0522189066,0.145747304,0.291442692,0.0372775979,0.613492429,0.163034931,-0.206289858,-0.00825226121,0.520667017
0.0973244086,0.362943143,0.803006053,-0.0288106501,-0.00174456916,0.612280667,0.790113509,-0.089073129,0.136435106,0.0444958322,0.134526223,0.00863901153,-0.00205576071,-0.175257638,0.029245669,0.152339861,0.311641484,0.0497505032,-0.00164657424,0.0989760384,0.0320168547,0.0553535745,0.132246658,0.289041102,0.0390957259,0.60951817,0.163834453,-0.206085473,-0.00822276063,0.52381134
0.109277457,0.358746916,0.802937269,-0.0276983287,0.000383981474,0.614834249,0.788169742,-0.0962972566,0.146838665,0.0400627367,0.136641681,0.00954751205,-0.00233265082,-0.174937606,0.0403618142,0.144919261,0.304262549,0.0472213328,-0.00145404786,0.0899692848,0.032475248,0.0571026094,0.121133171,0.286044627,0.0394867696,0.605697453,0.164195299,-0.204123408,-0.00676690554,0.525953472
0.121286057,0.356262684,0.801589251,-0.026257731,0.00165114284,0.618211746,0.785571158,-0.100123741,0.158846095,0.0351501144,0.14052403,0.0107969157,-0.00249899877,-0.170684546,0.0504009388,0.137906522,0.299059838,0.0451872498,-0.00137300359,0.0825998932,0.0328449234,0.0585286766,0.114506252,0.281808585,0.0399583243,0.60370183,0.164168313,-0.205975026,-0.0075165038,0.52721417
0.133398294,0.352169245,0.799619079,-0.0258464757,0.00464500533,0.622092307,0.782503426,-0.110684961,0.169436216,0.0306659639,0.14142476,0.0123455618,-0.00277240807,-0.17382285,0.0607771352,0.13092342,0.293133944,0.0431903712,-0.00128817314,0.076187849,0.0328858979,0.0603076518,0.108274713,0.278333813,0.040087074,0.602500916,0.163216054,-0.207294703,-0.00778473401,0.528287232
0.144644678,0.348557562,0.79919982,-0.0255434196,0.00759939104,0.626760483,0.778756082,-0.120887406,0.180928871,0.0259717293,0.142975643,0.0142126149,-0.00293833436,-0.177235529,0.0705958307,0.124176212,0.289257824,0.0414277166,-0.00121483521,0.0700629652,0.0325594693,0.0638565645,0.104263194,0.2728073,0.0400369391,0.603240788,0.160946056,-0.21006529,-0.00758330477,0.528068483
0.154528499,0.345281243,0.798673153,-0.0252630636,0.0108919553,0.632240832,0.77428335,-0.131712094,0.188862994,0.0222679675,0.144506484,0.01648755,-0.00315337069,-0.18175,0.0792687088,0.11820516,0.286187351,0.040268071,-0.00110094564,0.0650151446,0.0325460769,0.0680872351,0.102275312,0.267091751,0.0396139361,0.604988396,0.157581806,-0.215836927,-0.00851441361,0.527565897
0.163867041,0.342373729,0.798706234,-0.0251476467,0.01405947,0.638305008,0.769244194,-0.143172488,0.194945648,0.0193400849,0.14883697,0.019399941,-0.00341287092,-0.186179608,0.086684756,0.112558439,0.28458783,0.0394697301,-0.00104093261,0.0614053532,0.0323869847,0.0702385083,0.102779426,0.261658609,0.038810838,0.608050406,0.15297538,-0.223532736,-0.0102770394,0.52658546
0.171266273,0.339951575,0.79915452,-0.0243837908,0.0174201988,0.644886196,0.763690889,-0.151624203,0.194145247,0.0191664677,0.160091147,0.0232177861,-0.00371679827,-0.19026053,0.0896778777,0.108470589,0.284261823,0.0389267541,-0.000995945767,0.059057638,0.0318160057,0.0728422403,0.104620293,0.255024552,0.0370809622,0.611492693,0.149847582,-0.233153567,-0.0124842105,0.526051462
0.178315818,0.338106394,0.799551129,-0.0234917514,0.0199245345,0.651502609,0.758020818,-0.156275675,0.188970044,0.0205010418,0.178807914,0.0270677265,-0.00416034227,-0.192284524,0.0920470804,0.104572915,0.284946948,0.0386765972,-0.000989802764,0.0582346097,0.0314107314,0.0724847391,0.109332733,0.250488132,0.0355392098,0.615780532,0.149203971,-0.242193595,-0.015296041,0.526551247
0.18433845,0.336940855,0.799610496,-0.0217185635,0.0214383751,0.657456636,0.752874196,-0.155671552,0.181610823,0.0230014939,0.20292595,0.0301052593,-0.00455654692,-0.190397099,0.0926462188,0.101262026,0.285165876,0.03857629,-0.00100571988,0.0557404049,0.0306113102,0.072012648,0.11890766,0.246865228,0.034547776,0.621263623,0.148426175,-0.250915974,-0.0177061204,0.527372122
0.189598367,0.33585307,0.799959242,-0.0199521519,0.0227139685,0.663021028,0.747990012,-0.153367743,0.174146563,0.0254316293,0.227255002,0.0321649909,-0.00490461802,-0.187051177,0.0915595666,0.0981682464,0.283957899,0.0381000899,-0.0010582034,0.0539383255,0.0299959201,0.0705081671,0.13382031,0.245562017,0.0349666253,0.627909422,0.147130996,-0.258121639,-0.0199959092,0.528735697
0.194209054,0.336462021,0.800119877,-0.0176572762,0.0229337718,0.667896748,0.743690908,-0.147669926,0.16902405,0.0262241587,0.248219758,0.0328551903,-0.00506192213,-0.178569406,0.0903797969,0.094868049,0.281654,0.0372630842,-0.00110807701,0.0537407435,0.0301053636,0.0680593476,0.149204344,0.240179121,0.0333265848,0.633034289,0.148633659,-0.260043293,-0.0208460316,0.53172344
0.198050752,0.336791307,0.799984038,-0.0150138903,0.02280524,0.671680927,0.740337193,-0.139428988,0.163309038,0.0259391963,0.263136715,0.0332856774,-0.0051572388,-0.169104159,0.088813208,0.0914683044,0.277671874,0.0361341573,-0.00113283808,0.0514553487,0.0303199254,0.0655310377,0.170396671,0.237273514,0.0332683548,0.638792753,0.149635613,-0.260700762,-0.0211743414,0.533005476
0.200955614,0.33725965,0.799877942,-0.0125900265,0.0224847142,0.67486167,0.737494111,-0.129870728,0.158516079,0.0245776065,0.269340664,0.0333109535,-0.00515494077,-0.159156516,0.0866973102,0.088188611,0.272432119,0.0348731279,-0.00113170594,0.0488744453,0.0303906109,0.061853338,0.195788383,0.236177012,0.0345270373,0.645120323,0.1494008,-0.26222384,-0.0234089475,0.533860624
0.203511313,0.338101327,0.799564004,-0.009887903,0.0219827462,0.677319407,0.735294104,-0.117358021,0.152411699,0.0230471864,0.269247651,0.0336026698,-0.00515509583,-0.149000093,0.0848484337,0.084720768,0.266659856,0.0334311761,-0.00110514381,0.0456662327,0.0308024175,0.0577862002,0.221605226,0.233484566,0.0357984602,0.651992261,0.1503461,-0.258888483,-0.0236780662,0.534363508
0.204878211,0.339121372,0.799564183,-0.00744179403,0.0212946348,0.679165363,0.733638585,-0.10405308,0.14498952,0.0219069086,0.26356566,0.0335462131,-0.00514443172,-0.138203517,0.0825795084,0.0812432915,0.260266006,0.0317630097,-0.00105528207,0.0419891514,0.0314136334,0.0556190237,0.247677252,0.23140347,0.0374875404,0.658453882,0.151110172,-0.253166497,-0.0223053452,0.534625411
0.205523133,0.339568406,0.799301505,-0.00482404418,0.0210304316,0.680498898,0.732431352,-0.091514796,0.135991201,0.0212100726,0.254123092,0.0336236171,-0.00510431919,-0.127407283,0.0783322752,0.0780852214,0.252411067,0.0299151093,-0.00101669366,0.0410106704,0.0322704241,0.0527140982,0.271254689,0.227783322,0.0383016877,0.665144742,0.152540356,-0.246043295,-0.0204275306,0.535027564
0.204855651,0.340446532,0.799162805,-0.00235293782,0.020703556,0.681411445,0.73160392,-0.0768131688,0.128976807,0.020870829,0.243077815,0.0339410938,-0.00492377765,-0.116355672,0.0729324967,0.0752883181,0.243431464,0.027793413,-0.000958903984,0.0392276719,0.0321594439,0.0531761684,0.291389704,0.222199604,0.0382826738,0.671154559,0.152216122,-0.239012539,-0.0188317839,0.53496331
0.203904226,0.340120375,0.799229801,-5.05238495e-05,0.0210825969,0.682218313,0.730844498,-0.0649357587,0.122073226,0.0211658254,0.227001801,0.0342713296,-0.00474359421,-0.10865137,0.066428408,0.0723880008,0.233391717,0.0252917577,-0.000889237563,0.0391899236,0.0327584557,0.0526765846,0.306361198,0.217245519,0.0383300632,0.675247073,0.153077185,-0.232220024,-0.0172624905,0.535580635
0.201911092,0.340684921,0.799131513,0.00222330075,0.020925045,0.682961881,0.730150938,-0.0516502261,0.115000412,0.0225060489,0.209910378,0.0344121605,-0.00454977294,-0.0970676467,0.0579454564,0.0699322149,0.223016217,0.0227228291,-0.000883202476,0.0403940119,0.0333234742,0.0512108132,0.317189157,0.212610915,0.0386520065,0.678266883,0.15478301,-0.227046371,-0.016428262,0.537495255
0.199594602,0.341716498,0.799438715,0.00428167917,0.0203854647,0.683793128,0.729378521,-0.0361376926,0.108661421,0.0244552232,0.192176446,0.0346813649,-0.00437566545,-0.0836895332,0.0502595007,0.0670426413,0.211023375,0.020123668,-0.000817142252,0.041224923,0.0341878571,0.0491343215,0.325354367,0.207985446,0.0386824049,0.681633234,0.157287136,-0.2214064,-0.0161814801,0.540515482
0.197378114,0.342198074,0.799252152,0.00632944843,0.0196816772,0.684623778,0.728603363,-0.0216081459,0.103191786,0.026975641,0.173932001,0.0349103548,-0.00421510637,-0.0711326301,0.0439843461,0.0634006411,0.198108435,0.0177522283,-0.00071229646,0.0423823483,0.0346635543,0.0478885025,0.326868027,0.204745397,0.0393502824,0.681413054,0.161451399,-0.215070218,-0.0155539252,0.5437482
0.194582716,0.343055487,0.799566746,0.00847639889,0.019113319,0.685515881,0.727757394,-0.00667721359,0.0958920494,0.0308147278,0.1556959,0.0354544893,-0.00407910859,-0.0598704219,0.0359028131,0.0602381341,0.186589673,0.0155452695,-0.000625328335,0.0419935212,0.03475032,0.046717491,0.325441688,0.202056989,0.0402566195,0.680620313,0.16505082,-0.210457861,-0.0158204585,0.546286881
0.191468865,0.343393773,0.800124526,0.0104233529,0.018968435,0.686632276,0.726682663,0.00569380261,0.0878565535,0.0355779305,0.137323961,0.0360160917,-0.0039591617,-0.0515091568,0.0270654783,0.0572232567,0.176706463,0.0133905979,-0.000538557244,0.0425270386,0.0346616618,0.0458172746,0.318957508,0.199584872,0.0408510342,0.677291989,0.16973412,-0.209383205,-0.016653249,0.548387587
0.188087046,0.343581766,0.800387681,0.0120857498,0.0189532824,0.687802374,0.725549877,0.0171298534,0.0802867934,0.0408830233,0.119568937,0.0368809178,-0.00382247707,-0.044787515,0.0185962413,0.0542077236,0.168382496,0.0114204837,-0.000434495421,0.0429623052,0.0346455537,0.0449415594,0.309198767,0.19628951,0.0409234464,0.672698617,0.173918977,-0.209177911,-0.0172782447,0.550188363
0.184390962,0.344349533,0.800756574,0.0137605453,0.0186441131,0.688714325,0.724662304,0.029060822,0.0726783946,0.0465825014,0.103069946,0.0379747897,-0.00368804741,-0.0370114371,0.00976520404,0.0514579862,0.161817178,0.00971063599,-0.000345697947,0.0435940325,0.0348958001,0.044281628,0.296458513,0.194173828,0.0414815173,0.665958047,0.178254083,-0.210412636,-0.0181887466,0.552172422
0.18076174,0.344701827,0.801104665,0.0153461527,0.018321136,0.689107418,0.72426492,0.0403989591,0.0650783777,0.0526478626,0.0866267607,0.0392627083,-0.00355655374,-0.0304066557,0.00179108116,0.0484399125,0.155480936,0.00800437015,-0.000233431711,0.0426742584,0.0346232206,0.0439223796,0.282758653,0.190952957,0.0410456993,0.659224153,0.180714697,-0.212623268,-0.0197620243,0.553738177
0.177097246,0.345195591,0.80102402,0.0165697895,0.0177340228,0.68908149,0.724277377,0.0512511358,0.0588121302,0.0588242486,0.0715670437,0.0405587852,-0.00340588763,-0.023567155,-0.0054083406,0.0454464443,0.149504825,0.00654957769,-0.000132990826,0.040961355,0.0343198813,0.0431562178,0.269649923,0.188699216,0.0407672897,0.652513206,0.182060897,-0.214334294,-0.0215313137,0.555559635
0.173731014,0.345200092,0.80106014,0.0171593148,0.0172367189,0.688510835,0.72481811,0.0598324016,0.0538579933,0.0649653599,0.057644397,0.0417542495,-0.00325884088,-0.0179629903,-0.0109440442,0.042008087,0.142127648,0.00504066609,-1.79653161e-05,0.0393769331,0.033652842,0.0434348099,0.255818903,0.186451226,0.0404619649,0.645469368,0.182318121,-0.214822277,-0.0226706434,0.557417691
0.170854405,0.345231682,0.80093205,0.0173842218,0.0165416487,0.687540531,0.725749433,0.0673472211,0.0506816246,0.0707499459,0.0456887372,0.0431570336,-0.0031193269,-0.0134556312,-0.0153144589,0.0384008475,0.135123983,0.00377243687,8.07454562e-05,0.0366283208,0.0332258232,0.0447085612,0.243446544,0.186040491,0.040489357,0.639141977,0.18020387,-0.213921905,-0.0232221726,0.558238328
0.16738531,0.345917434,0.801038146,0.0183679778,0.0156917982,0.686387897,0.726834238,0.0764293522,0.0458271727,0.0768647119,0.035892237,0.0446013846,-0.00297101913,-0.0080721518,-0.0216981526,0.0358631909,0.130203471,0.00282217143,0.000172709129,0.0336647369,0.0327939801,0.0448422208,0.233130828,0.184633255,0.0398250185,0.634342313,0.17730397,-0.214734659,-0.0245013461,0.558527708
0.16503565,0.345902711,0.800809145,0.0181364287,0.0146794831,0.684893489,0.728269517,0.0827041045,0.044209931,0.0821767151,0.0268193129,0.0459973402,-0.002848526,-0.00479307352,-0.0237953942,0.0322779641,0.124585539,0.00219699251,0.000282068213,0.0312279724,0.0321107693,0.0454253256,0.223957568,0.184127629,0.0390764773,0.629908383,0.17349641,-0.213247642,-0.0244959071,0.558049798
0.162276447,0.345979035,0.800719917,0.0178698394,0.0139823789,0.682922125,0.730138779,0.0875980109,0.0426927395,0.0874940157,0.0194585118,0.0473979376,-0.00271215872,-0.00233583897,-0.026548557,0.0293053538,0.119157627,0.00183063745,0.000402799953,0.0282313433,0.0319789015,0.0475970842,0.217861801,0.184436277,0.0386069305,0.626831412,0.168574542,-0.21222809,-0.0244544558,0.556419134
0.159380481,0.345663249,0.80065465,0.0175634976,0.0138188154,0.680869758,0.732063472,0.0901639834,0.0399414673,0.0928456634,0.0137737785,0.0488094389,-0.00258828723,-0.00160304515,-0.030007679,0.0266405772,0.113642275,0.00167857378,0.000524838688,0.0251423419,0.031967964,0.0484791473,0.213754848,0.184190571,0.0381953195,0.625185728,0.164246842,-0.21132119,-0.0237238128,0.554446876
0.156961709,0.345482618,0.800592542,0.0167601574,0.0135594234,0.67889905,0.733915091,0.0915854797,0.0385809317,0.0976513326,0.00994207803,0.0500818603,-0.00247255783,-0.00234414404,-0.0326274261,0.02408842,0.10903734,0.00174619281,0.000597040809,0.0235986728,0.0314589702,0.0479626209,0.211507082,0.184871495,0.0377841219,0.624190927,0.160321891,-0.209588096,-0.0230670199,0.552281022
0.154777274,0.34539175,0.800543785,0.0161544848,0.0130186863,0.676838756,0.73583883,0.0931045115,0.0379182436,0.101993918,0.00683115935,0.0514358766,-0.00235743099,-0.00230581732,-0.0345900692,0.0217834115,0.105577841,0.00199002307,0.000658676145,0.0221169014,0.031420067,0.0485191047,0.212272495,0.185912624,0.0371433906,0.624589384,0.158353284,-0.206684113,-0.0210238788,0.5509094
0.152991682,0.345050007,0.800450385,0.0154726813,0.012598576,0.674639404,0.737877667,0.0941376239,0.0373452082,0.105926707,0.00466338964,0.0527245738,-0.00225770334,-0.00320706284,-0.0357478596,0.0196166486,0.10222812,0.00235109939,0.000729029882,0.0211811438,0.0315283872,0.0483714268,0.21459803,0.18627578,0.0365154631,0.62579447,0.155948803,-0.205903798,-0.0204761941,0.549432397
0.151150912,0.345023155,0.800054252,0.0149434134,0.012289539,0.67250669,0.739838064,0.095673129,0.0359869115,0.109719321,0.00313931121,0.0536853783,-0.00215726695,-0.00375757972,-0.0370874554,0.0178870633,0.0994182304,0.00298821693,0.000801163958,0.0197750852,0.031584274,0.048422385,0.219734654,0.187039256,0.0363253355,0.628522277,0.155564472,-0.205900148,-0.0205018949,0.548950672
0.149668261,0.344790161,0.799975455,0.0138991494,0.0119551262,0.670702159,0.741500258,0.096412316,0.0360741913,0.113164559,0.000608646194,0.0543398261,-0.00207146513,-0.0049669873,-0.0370882973,0.0159874391,0.096433416,0.00359962019,0.000854101207,0.0200950485,0.0315013751,0.0483867973,0.224527642,0.186862767,0.0351030976,0.630862057,0.155845329,-0.202037588,-0.0182363223,0.549261928
0.148396596,0.344951987,0.799649775,0.0133569371,0.0114044836,0.669082403,0.742980659,0.0984378681,0.0361546911,0.116491236,-0.00124670577,0.0548625179,-0.00198347447,-0.00428608106,-0.0376463942,0.0145134488,0.0939380676,0.00437453296,0.000874550431,0.0208238307,0.0316918828,0.0483543277,0.231649294,0.187850803,0.034700077,0.634398162,0.157030925,-0.201671407,-0.0181512199,0.549714029
0.147378594,0.345232397,0.79934448,0.0125988675,0.010853379,0.667724311,0.744222879,0.100441903,0.0368786827,0.119527601,-0.00359052559,0.0550461039,-0.00190247328,-0.0039809281,-0.0373020396,0.0130538912,0.0914278775,0.00521394424,0.000899585371,0.0222328734,0.0319366306,0.0476416685,0.238662317,0.188440293,0.035070464,0.638382137,0.161392972,-0.198776081,-0.0169951562,0.551467896
0.146467045,0.344591886,0.799176514,0.0112225041,0.0105701908,0.666491985,0.745352745,0.100403175,0.0386518016,0.122247748,-0.00672095269,0.0551235452,-0.00184094801,-0.00643959967,-0.0357818827,0.0114405798,0.0888083354,0.0061003142,0.000946318789,0.023462534,0.0318671651,0.0484856628,0.244140834,0.187300444,0.03445426,0.642289877,0.162700936,-0.197596192,-0.0166537538,0.552356303
0.145675093,0.344694614,0.798952639,0.0103429183,0.010114505,0.665363729,0.746379137,0.101390116,0.0396510661,0.125011519,-0.00852287561,0.055234395,-0.0017905893,-0.00703891646,-0.0345929749,0.010282062,0.0876016915,0.0072074593,0.000984590268,0.0247741546,0.0320956595,0.0500074141,0.251667917,0.189627588,0.0357171856,0.646260798,0.165326729,-0.19585371,-0.0164350141,0.553273499
0.144738004,0.34565261,0.79896903,0.0100587253,0.009435785,0.6644153,0.747236311,0.104938343,0.0404860154,0.127560198,-0.00950465724,0.055170428,-0.00172280718,-0.00545934262,-0.0349760205,0.00985168107,0.0875295848,0.00830837339,0.000981949153,0.0260129366,0.0322596505,0.0490811765,0.257493675,0.188452601,0.0347727463,0.649329484,0.170167238,-0.194400579,-0.0153513625,0.55496192
0.144261077,0.345681399,0.799134314,0.00964063406,0.00943819899,0.663792789,0.747794926,0.105529271,0.0407564566,0.130149931,-0.0118175875,0.0551397428,-0.00169175223,-0.006302692,-0.0349770598,0.0092578344,0.0867048576,0.00915415399,0.000995620736,0.0277504865,0.0318896472,0.0485480018,0.263058007,0.189016163,0.0350179598,0.651578963,0.174344987,-0.193775013,-0.0145693114,0.556062639
0.143707708,0.345764875,0.798855662,0.00905942358,0.00940916594,0.663392425,0.74815762,0.106392428,0.041106835,0.132557198,-0.0139294378,0.0548618212,-0.0016599542,-0.00731120119,-0.0347006395,0.00887443591,0.0861901715,0.0101466859,0.00101284974,0.0302395485,0.0316132233,0.0479253121,0.266013622,0.188691229,0.0348126888,0.653047264,0.176680923,-0.196389094,-0.0154385194,0.556566298
0.143412605,0.345780551,0.798932195,0.0085654892,0.00913930032,0.66299057,0.748522937,0.107315823,0.0417174883,0.134667814,-0.0154964663,0.0550432615,-0.00164145371,-0.00796071161,-0.0338399038,0.00837246794,0.0861554593,0.0110950032,0.00102631631,0.0325663984,0.0314522125,0.0475376621,0.26760608,0.18733573,0.0339822285,0.65395546,0.178822622,-0.197748974,-0.0159537178,0.556840956
0.143113375,0.345841259,0.798813045,0.00841500238,0.00887300819,0.662522733,0.748941958,0.108495474,0.0421631597,0.136816025,-0.0173650309,0.054942809,-0.00161678577,-0.00824831333,-0.0333412811,0.00818198361,0.0864034221,0.012037768,0.00104232284,0.0344889946,0.0312354174,0.0478129424,0.268331409,0.187205493,0.0337241776,0.654318035,0.180279478,-0.19895722,-0.0164422709,0.55693996
0.143286228,0.345837027,0.798848629,0.00821251143,0.00859566685,0.645071626,0.764029622,0.109599873,0.0429095626,0.138677135,-0.0191899259,0.0549729168,-0.0015928871,-0.00833484437,-0.0333412662,0.00804601889,0.0865419582,0.0128355883,0.00102713914,0.0358553492,0.0313920006,0.047999423,0.267194539,0.187081471,0.0331464,0.653855383,0.179849863,-0.198449537,-0.0161687899,0.556604505
