2.74904609,-2.2067523,0.688515425,-0.0630145445,0.0495438837,0.976246417,0.201289788,-0.801698208,-0.385112226,-0.113785349,0.669544041,0.133830279,0.00101784326,0.0557771027,0.22944586,-0.275919586,1.07871306,0.0404251292,0.0012200285,-0.225367501,0.00124832196,0.0840884075,0.245591864,0.415080845,-0.0962883607,-0.0679013878,0.194631994,-0.404513448,0.119879141,-0.0534920543
2.67500758,-2.12388587,0.709465086,-0.0621265396,0.0475488007,0.971888959,0.222061306,-0.71010232,-0.339051902,-0.129261494,0.74263072,0.134815231,0.00199790811,-0.0815192536,0.138837904,-0.235701129,1.12752879,0.00172369671,-0.00360053754,-0.359098375,0.0018906435,0.087487027,0.169724315,0.381522059,-0.10887868,-0.0919634849,0.249201328,-0.407897025,0.110175453,-0.0213391725
2.60113716,-2.03800273,0.724248528,-0.0573461764,0.0516514368,0.964493573,0.252578288,-0.57797581,-0.286835343,-0.146799639,0.820184171,0.134227306,0.00274000247,-0.291120201,0.0127253681,-0.169331372,1.16913426,-0.0573235564,-0.00854379963,-0.493685246,0.00639860937,0.0857444406,0.0711343884,0.369825214,-0.105854794,-0.124361962,0.312121928,-0.432488978,0.0879562497,0.0134308087
2.52296638,-1.9518714,0.718121648,-0.0458086841,0.0611251295,0.954933465,0.286822796,-0.407963425,-0.249918565,-0.154528022,0.870723128,0.131658122,0.00304931263,-0.553863347,-0.118776791,-0.0833037421,1.17314899,-0.121555872,-0.0103869718,-0.60559684,0.0157664455,0.0814319104,-0.0210982878,0.392978072,-0.0795172155,-0.156908855,0.386920333,-0.472292215,0.0520046614,0.0470492169
2.44860148,-1.87148261,0.700695157,-0.036947079,0.0781038329,0.944312096,0.317504883,-0.242780045,-0.254730076,-0.143498287,0.866590321,0.12762174,0.00357891619,-0.832792461,-0.225987107,0.0135347303,1.10175335,-0.162187949,-0.00829195324,-0.677161992,0.0203178823,0.0793195143,-0.097932592,0.455711454,-0.0272085089,-0.187905252,0.449505746,-0.536022067,-0.00574968243,0.0767572001
2.36422086,-1.77525091,0.689134061,-0.0210190192,0.0935796276,0.933345079,0.345930725,-0.0646331459,-0.261775672,-0.139609724,0.832539737,0.127195284,0.00362339453,-1.0121851,-0.253200024,0.0689994097,0.986245811,-0.159852892,-0.00471692998,-0.717723548,0.0217642616,0.0647110194,-0.136975423,0.53723824,0.0339425988,-0.209532961,0.500967085,-0.614015281,-0.080629237,0.101216123
2.27130842,-1.67683017,0.684230745,-0.00191147672,0.105271831,0.922579408,0.371162295,0.103826545,-0.29493776,-0.130986407,0.784760475,0.132722422,0.00507139182,-1.09623706,-0.253569454,0.102315441,0.872099638,-0.140005246,-0.00319904694,-0.726888776,0.0233149976,0.0472001471,-0.13338463,0.616387367,0.0865211189,-0.222013548,0.553676605,-0.688802481,-0.160848275,0.124943942
2.18626547,-1.58198452,0.697384,0.0111987982,0.114210412,0.91086483,0.396428883,0.206623986,-0.352139622,-0.118414141,0.756147206,0.140223458,0.00702102995,-1.09702742,-0.237572357,0.123715535,0.780979931,-0.114919573,-0.00270016282,-0.68949765,0.020527849,0.035366077,-0.0955011025,0.681858242,0.122795768,-0.225835025,0.599604726,-0.744339287,-0.240793765,0.150756642
2.10545135,-1.48788571,0.712604225,0.0194967911,0.119316198,0.900829136,0.417001605,0.229733258,-0.413134962,-0.0976443812,0.780446351,0.141722113,0.0075815469,-1.03632963,-0.222306743,0.138266847,0.747935295,-0.091434963,-0.00293087959,-0.601877689,0.0177278239,0.0278541818,-0.0348727852,0.708814919,0.134134993,-0.220464021,0.622427523,-0.767088056,-0.302573413,0.177923828
2.02808857,-1.39950573,0.68037647,0.0222892556,0.126426846,0.896503329,0.424029827,0.145430714,-0.473090231,-0.0600829944,0.845641375,0.11852283,0.00826803409,-0.965889871,-0.220359594,0.151843011,0.759413958,-0.0681210682,-0.00341364974,-0.487887025,0.0159287099,0.0335594788,0.0337428302,0.697231472,0.124473512,-0.207797557,0.610197604,-0.759456456,-0.333081603,0.196546018
1.95500016,-1.31888652,0.698387742,0.0162533652,0.137738183,0.898862958,0.415703595,-0.0535457991,-0.515690267,-0.0238340236,0.903683484,0.0643508807,0.0111682052,-0.940456152,-0.240303919,0.174704835,0.830343366,-0.0597034357,-0.0045263283,-0.369783282,0.0187408049,0.0508604683,0.0896833912,0.672175944,0.110308789,-0.190307558,0.565782726,-0.73243618,-0.332848638,0.199966058
1.88496256,-1.24616122,0.718640566,0.00213341834,0.15167883,0.904504001,0.398574203,-0.352667481,-0.523165762,0.00160258659,0.909676909,-0.00988124497,0.0183243696,-0.913813293,-0.288853288,0.203994781,0.926327109,-0.0561885387,-0.00586779974,-0.262960553,0.0290240962,0.0743258074,0.127744824,0.644009054,0.0981318802,-0.168119326,0.491577685,-0.701665103,-0.31457299,0.186126426
1.81603873,-1.17291749,0.727723897,-0.012501725,0.161655203,0.908473253,0.385211021,-0.696011841,-0.51273638,0.00780614745,0.869244337,-0.083733879,0.0248364415,-0.851145804,-0.349266171,0.228298128,1.03987992,-0.0531134307,-0.00710709533,-0.16481936,0.0332651697,0.0793977231,0.15855132,0.626640975,0.0908309445,-0.145985022,0.392039716,-0.675005853,-0.286491394,0.155056044
1.74619186,-1.09794605,0.71847564,-0.0289423689,0.165606767,0.904484391,0.391975433,-1.00716257,-0.46593672,0.000473675958,0.79186964,-0.12476185,0.0279559679,-0.760496855,-0.404064327,0.232233346,1.15085363,-0.0503067859,-0.00813718513,-0.0669244528,0.0308395904,0.07111568,0.186518297,0.635634184,0.0954990759,-0.127808943,0.28067711,-0.648323119,-0.250937283,0.106171057
1.67170048,-1.01739562,0.700817585,-0.0431577116,0.169709295,0.8909114,0.419062048,-1.19070375,-0.384455413,-0.0279694796,0.695280731,-0.107323363,0.0245050713,-0.667365551,-0.438181818,0.213709399,1.22939503,-0.0471833907,-0.00770418206,0.0253222641,0.0209101755,0.0584420376,0.226448014,0.66436702,0.11125692,-0.115676492,0.186382174,-0.615223408,-0.209855929,0.0440941453
1.59080911,-0.932481885,0.690840364,-0.0521000326,0.173647478,0.87453717,0.449796587,-1.24089181,-0.28747806,-0.0738002136,0.593289971,-0.0609172434,0.0167353731,-0.60390085,-0.459403425,0.205431551,1.27324474,-0.0402418263,-0.00702673709,0.0639894232,0.0187352598,0.0440800823,0.267331094,0.696460426,0.131808951,-0.106360912,0.133162454,-0.566258967,-0.163553134,-0.0153591894
1.51052964,-0.851812303,0.695733905,-0.058877442,0.180904388,0.859661639,0.474119127,-1.22755706,-0.212129027,-0.112465248,0.523994148,-0.0209829044,0.0113986516,-0.610919416,-0.474377543,0.224263027,1.31422925,-0.0315898918,-0.00619034609,0.0304005817,0.0216444116,0.0414596386,0.284258276,0.716731071,0.139776602,-0.0995315909,0.126685172,-0.514945567,-0.130207554,-0.0467767194
1.43153894,-0.779313743,0.718313098,-0.0649589747,0.192177013,0.845837653,0.493362874,-1.18002295,-0.186994314,-0.125393331,0.506572008,0.008417462,0.0101680085,-0.737096965,-0.48329559,0.272809803,1.37861586,-0.0506647527,-0.00319359312,-0.0642860457,0.0292429831,0.0545130894,0.256900996,0.724176288,0.134303913,-0.0995536968,0.152071118,-0.48305884,-0.119175889,-0.042902492
1.35426068,-0.713548303,0.681004047,-0.0681106597,0.210591048,0.834076166,0.505301058,-1.14778268,-0.196176857,-0.118530221,0.528666675,0.0291882306,0.00969317649,-0.963299155,-0.464897662,0.327291429,1.44354057,-0.0923260599,0.00575834792,-0.190634862,0.0332974568,0.0751760602,0.200027719,0.730425715,0.132491097,-0.0993370041,0.175378844,-0.488100171,-0.132248789,-0.021073943
1.28272069,-0.655313671,0.680093884,-0.0766966343,0.24101229,0.818577707,0.515714347,-1.15458918,-0.249837965,-0.0841088444,0.578313589,0.0344718099,0.00794801861,-1.2710495,-0.379955709,0.356772542,1.47165084,-0.145237669,0.0221625585,-0.316856086,0.0410265289,0.096398212,0.123256937,0.752112806,0.148002446,-0.092681095,0.173056245,-0.515709758,-0.158742383,-0.00187247794
1.20968437,-0.595882952,0.660333335,-0.0845124647,0.28098917,0.798905134,0.525026977,-1.15231216,-0.333727807,-0.0232915934,0.636773348,0.0355864652,0.00451245671,-1.58292389,-0.247471705,0.351951778,1.44573057,-0.18554385,0.0381224304,-0.399797887,0.0462897681,0.112361245,0.0358431228,0.784412444,0.173471615,-0.0781987235,0.134051517,-0.560308933,-0.192567825,0.00988854095
1.13300943,-0.533733368,0.666438282,-0.0834975168,0.32884571,0.779147089,0.527084947,-1.17196047,-0.439719826,0.0639805123,0.693819821,0.0313335694,0.000156089489,-1.81321669,-0.123739831,0.319940478,1.34662247,-0.189737111,0.045243822,-0.440782338,0.0462450162,0.130217597,-0.0622601807,0.803539872,0.192571625,-0.0545849353,0.052003406,-0.616564512,-0.225581959,0.0120347692
1.05948842,-0.472739339,0.664979637,-0.0837246925,0.376317948,0.759316087,0.524227142,-1.23081315,-0.521569014,0.179533005,0.739987731,0.0257387962,-0.00233990187,-1.93332541,-0.0493114553,0.288761228,1.16653299,-0.159230456,0.0413344502,-0.452405542,0.0471586026,0.159287855,-0.179730505,0.799386442,0.191449478,-0.0289630145,-0.0742350444,-0.659359574,-0.238680154,0.00818273053
0.990176499,-0.410110176,0.665748179,-0.0904789567,0.417880267,0.74259156,0.515506983,-1.31439912,-0.523594916,0.310637891,0.801151633,0.0196065698,-0.00327364309,-1.9814316,-0.0227576252,0.283196807,0.986251175,-0.120186038,0.0364637785,-0.436685175,0.0481990986,0.199248642,-0.309981883,0.781230986,0.171037823,-0.01013391,-0.225315481,-0.676581562,-0.222877905,-0.000580894994
0.921053171,-0.346097738,0.648056567,-0.0922177359,0.455944359,0.731811881,0.498058289,-1.42560029,-0.523599982,0.399720639,0.877936721,0.00391217973,-0.000984356855,-1.99290562,-0.0505445637,0.315212607,0.881662905,-0.0842336193,0.0336090326,-0.406992406,0.0458110794,0.232144028,-0.454618096,0.750079989,0.134149686,0.00344846398,-0.387949079,-0.676602006,-0.191025138,-0.00721406611
0.857007682,-0.285985708,0.597150862,-0.0953318104,0.485221356,0.722843409,0.482669175,-1.56295276,-0.456111848,0.4365955,0.954162717,-0.0258159209,0.0107446769,-2.03978443,-0.0874602273,0.357193857,0.853637695,-0.060089618,0.0307217129,-0.380820096,0.0416817628,0.255895734,-0.603544116,0.706112325,0.0877942815,0.00959046278,-0.54295373,-0.662074208,-0.15232943,-0.00156487979
0.79594785,-0.23092331,0.573875487,-0.109320126,0.513739467,0.706222951,0.474731565,-1.71641123,-0.324126929,0.428507447,1.00122249,-0.0620497167,0.0261277594,-2.16427851,-0.113624945,0.418177456,0.899359584,-0.0575644225,0.0243989173,-0.343501687,0.0374006592,0.27739802,-0.748088717,0.660475433,0.0473336764,0.0105310902,-0.68719548,-0.639048696,-0.113877669,0.0124873249
0.737303138,-0.176518038,0.558153808,-0.131060407,0.541489422,0.681068301,0.475140303,-1.86810565,-0.165792495,0.391222149,1.00020134,-0.0919483379,0.0367617235,-2.300524,-0.11453633,0.483670026,0.984568954,-0.0612938702,0.0156951584,-0.310115129,0.0338029675,0.286542475,-0.887827277,0.618713737,0.0159917828,0.0148290284,-0.828650832,-0.611627519,-0.073358722,0.0314386263
0.679634929,-0.122465111,0.548463225,-0.163289592,0.564043939,0.64918226,0.483480513,-1.99918783,-0.00552233402,0.335305095,0.939709306,-0.100756392,0.0390726328,-2.42386413,-0.0918385759,0.543435276,1.10030198,-0.0669880211,0.00629714876,-0.280051976,0.026061276,0.288534403,-1.01694989,0.589609981,-0.00195340998,0.0288398098,-0.959176481,-0.574483693,-0.0300644189,0.0576452315
0.621876538,-0.071675092,0.531684875,-0.202364847,0.581594527,0.608827889,0.500124812,-2.10723877,0.145053715,0.268045932,0.813388348,-0.0848140717,0.0355845876,-2.52773452,-0.0450299457,0.593156457,1.21905673,-0.0729580894,-0.000456618465,-0.263264596,0.0266671032,0.286241353,-1.12726927,0.584926486,0.00186229195,0.0576867871,-1.07509363,-0.519467175,0.018566994,0.0834082514
0.561636984,-0.0185116976,0.531973302,-0.248885915,0.594449282,0.564683437,0.515575886,-2.18950391,0.276163667,0.201598704,0.646854401,-0.0505347364,0.0305804554,-2.53069258,0.0150312334,0.649044156,1.29382241,-0.0787788033,-0.00566517981,-0.24856104,0.0321858302,0.283124745,-1.20916355,0.603775144,0.0262473412,0.100865841,-1.17345798,-0.444937587,0.0708684996,0.100467265
0.496851981,0.0369850248,0.522803009,-0.301685303,0.602878153,0.517463088,0.527025461,-2.26005459,0.361250997,0.152990133,0.48328197,-0.00356161641,0.0260872059,-2.53069997,0.0502997003,0.701048136,1.32507277,-0.0850141272,-0.00972984638,-0.237457424,0.037244156,0.271068215,-1.2661432,0.620781779,0.0489988476,0.145345598,-1.23839962,-0.371112525,0.113098711,0.117670335
0.429753721,0.0963496566,0.501907229,-0.346425414,0.607501328,0.475208461,0.533955514,-2.29509282,0.389584392,0.12328545,0.410898775,0.0452112406,0.0221955888,-2.53069997,0.0513835102,0.734567404,1.3280108,-0.0823458508,-0.010408855,-0.245973185,0.0466954596,0.26513043,-1.30694997,0.649587035,0.0725855455,0.188055709,-1.28853846,-0.303877234,0.137061208,0.137478754
0.365245789,0.156997919,0.496579826,-0.379571676,0.601093709,0.460225195,0.531793594,-2.32902503,0.364734381,0.115600549,0.431215823,0.0745966211,0.0187198129,-2.47555566,-0.0119777247,0.754357159,1.30759096,-0.0654810742,-0.00961964391,-0.262490034,0.0472235531,0.274012417,-1.33637202,0.635204434,0.0669938996,0.208518803,-1.28965855,-0.284170121,0.124228634,0.171794757
0.306658566,0.217026174,0.510929346,-0.411245495,0.582250416,0.457751989,0.531342447,-2.35534072,0.306902349,0.125839651,0.498660028,0.0887338817,0.0143012237,-2.35405207,-0.080039978,0.773557186,1.25025797,-0.0412885435,-0.00998642389,-0.265606135,0.0489640795,0.277292788,-1.34293616,0.589560509,0.0430817567,0.210014984,-1.24148452,-0.304179698,0.0819158182,0.205531448
0.246756524,0.278478444,0.537122071,-0.432679832,0.558792531,0.460690051,0.536939204,-2.33584332,0.243908525,0.146353349,0.582968473,0.0961477384,0.00995849259,-2.20924091,-0.12293341,0.78953588,1.16917717,-0.00720971962,-0.0116863428,-0.252268344,0.0522855856,0.272826135,-1.31835532,0.514907718,0.00380385458,0.209242836,-1.16070855,-0.333056629,0.0344770402,0.233481199
0.189199015,0.341476709,0.570479333,-0.446461052,0.533152401,0.46632427,0.546774745,-2.27144027,0.197248653,0.167523384,0.663482845,0.0995970815,0.00700181257,-2.06740403,-0.1458361,0.786347568,1.09375417,0.0346912369,-0.0142782191,-0.242117852,0.0507500917,0.259787738,-1.26259542,0.441756099,-0.0329716019,0.205266953,-1.06291854,-0.360969096,-0.014155129,0.249488205
0.133449346,0.402277112,0.597821832,-0.455470771,0.503159702,0.47677964,0.558621645,-2.17257452,0.156242982,0.190305829,0.721836269,0.0993029177,0.00457504345,-1.95429695,-0.151430711,0.747031927,1.04580545,0.076613456,-0.0168232899,-0.225130886,0.0460925736,0.243770301,-1.1933248,0.380093545,-0.069468677,0.190513566,-0.950185061,-0.393293917,-0.0682420954,0.255701929
0.0789580122,0.464794248,0.618973076,-0.459877729,0.472920567,0.484857291,0.574257791,-2.05183697,0.113955811,0.211761415,0.752966881,0.0958075598,0.00242841616,-1.87421715,-0.106524155,0.671875894,1.04209876,0.10144949,-0.0184385907,-0.214645416,0.0505161025,0.225413844,-1.11869109,0.339888245,-0.10117963,0.160513058,-0.838989496,-0.422309726,-0.120735452,0.244288757
0.0230257306,0.527025998,0.634732962,-0.459296614,0.443641573,0.491023719,0.592557609,-1.92098927,0.0735376477,0.227569774,0.770415008,0.091512166,0.00118819287,-1.8539089,-0.0349316746,0.592560112,1.07600093,0.109968446,-0.0174591728,-0.210083351,0.0534237921,0.202527314,-1.04334807,0.312440395,-0.129674241,0.110695966,-0.738033772,-0.445268393,-0.165533304,0.219683737
-0.0319213904,0.589859962,0.643665075,-0.452562064,0.415255487,0.497729629,0.612385333,-1.78107083,0.0300645549,0.23891224,0.779962301,0.0883125812,0.00061933574,-1.88318861,0.0623138249,0.512822092,1.12810874,0.099524051,-0.0140415877,-0.212831661,0.0540569611,0.185529083,-0.971715689,0.288550824,-0.156775445,0.0362658836,-0.651953578,-0.465237468,-0.201675966,0.178371206
-0.0887262747,0.656318903,0.64310205,-0.437014759,0.390389293,0.506103158,0.632830143,-1.62225032,-0.0318173617,0.254313469,0.778405607,0.0869286135,0.000502818555,-1.93938732,0.180077642,0.431155354,1.16474116,0.0792505667,-0.00934136473,-0.219259277,0.0552441031,0.169550329,-0.905753016,0.278593272,-0.17535986,-0.0577831641,-0.56932503,-0.492131919,-0.234576747,0.120714672
-0.147486135,0.727395296,0.632814467,-0.413970321,0.369278133,0.517112792,0.651810288,-1.44576788,-0.123162396,0.277280122,0.754667878,0.087099269,0.00156039943,-2.00249791,0.301321566,0.342872858,1.15634942,0.0622562803,-0.00547614275,-0.2278997,0.0538399965,0.144458547,-0.836889207,0.286501139,-0.177689731,-0.151734382,-0.493464082,-0.520897925,-0.263100773,0.0471880771
-0.208818212,0.803773761,0.614213943,-0.386249542,0.350054234,0.531920075,0.667333841,-1.25577569,-0.232175916,0.29723531,0.702568471,0.0902102441,0.00389627623,-2.05232286,0.399365842,0.251866996,1.0888294,0.05609411,-0.00457181223,-0.243822753,0.0532124937,0.129387513,-0.768592358,0.300390363,-0.172769487,-0.23922208,-0.433702856,-0.547979355,-0.281395197,-0.0356184319
-0.273205847,0.884737313,0.590822458,-0.356333673,0.332446486,0.547475994,0.680276275,-1.06820428,-0.34728694,0.304930419,0.630213976,0.100087762,0.00714577083,-2.06159449,0.46452266,0.167364016,0.981647849,0.0666466355,-0.00676616561,-0.255363286,0.0511212498,0.118398339,-0.693732738,0.310553133,-0.164073795,-0.319612563,-0.386476487,-0.570500314,-0.295541614,-0.113963157
-0.342880279,0.969532073,0.574601293,-0.330615163,0.315107614,0.562212586,0.689432979,-0.901267827,-0.450267285,0.299703538,0.558129847,0.118605852,0.0104721421,-2.01118517,0.489506513,0.103270158,0.889846742,0.0856538936,-0.00861502811,-0.244192556,0.0458725281,0.11146605,-0.613402188,0.307986975,-0.155973926,-0.391685724,-0.350521833,-0.587407053,-0.306658745,-0.1869113
-0.408025205,1.05332589,0.577404976,-0.314289391,0.294826299,0.577493012,0.693398535,-0.778993964,-0.513216078,0.277921438,0.522624254,0.142957076,0.0105313938,-1.89656353,0.476953328,0.0771318302,0.832850814,0.108592056,-0.00956020504,-0.1997471,0.0417947061,0.0989422426,-0.532052159,0.296986401,-0.151074678,-0.460304946,-0.32069084,-0.593380094,-0.316083521,-0.257339925
-0.472092003,1.13038754,0.593586922,-0.303379208,0.275348127,0.598708987,0.688252926,-0.716716766,-0.523091555,0.259304762,0.576165497,0.155773208,0.00864084717,-1.76049471,0.429327637,0.0919361487,0.844390929,0.131059825,-0.0100414269,-0.123083241,0.0338843018,0.0940978155,-0.453240871,0.286201298,-0.14177148,-0.517800212,-0.294221342,-0.596467614,-0.326080024,-0.322154999
-0.535849929,1.19896483,0.629729867,-0.296742529,0.262978733,0.626934886,0.670625687,-0.739648044,-0.476532042,0.238607869,0.702785909,0.137554884,0.0142998789,-1.67114031,0.347979277,0.133082956,0.923054934,0.140221089,-0.011240595,-0.0289665945,0.0239322074,0.100068778,-0.396563083,0.273123264,-0.131179422,-0.55142498,-0.279369593,-0.609676301,-0.337651938,-0.37092188
-0.596286356,1.26679027,0.653181612,-0.293719232,0.250327468,0.662431598,0.642066598,-0.856651485,-0.37008664,0.207201988,0.840576708,0.0797741339,0.0314802155,-1.56209862,0.241994575,0.184793979,1.00936806,0.145045698,-0.012460921,0.0363722481,0.0121166427,0.106448382,-0.346464843,0.269175291,-0.117241822,-0.563385606,-0.271639705,-0.624361396,-0.344582707,-0.40359211
-0.660572469,1.33817637,0.673682749,-0.29061386,0.232058749,0.704557061,0.604393661,-1.04270768,-0.230913132,0.154606506,0.956107557,0.00180941506,0.0533292182,-1.42350006,0.125071943,0.236436233,1.09091306,0.148123741,-0.0130329793,0.0806487203,0.00557053788,0.113555714,-0.297977358,0.273623347,-0.106017366,-0.563926339,-0.259367257,-0.63841331,-0.350022614,-0.420850337
-0.725000918,1.41726017,0.673079908,-0.286800385,0.206206173,0.74263382,0.568963647,-1.26982439,-0.0897163674,0.0877762586,1.03726983,-0.0764864013,0.0705887005,-1.23341107,0.0186288692,0.265930951,1.14986682,0.149795547,-0.0124063678,0.104519203,0.00547463913,0.116600707,-0.248288304,0.28619507,-0.0956815183,-0.555023015,-0.23337242,-0.648263454,-0.350928009,-0.432303518
-0.797481418,1.5041635,0.65093118,-0.281073421,0.172740713,0.767991006,0.548951864,-1.48090971,0.00739144674,0.0322343335,1.0680058,-0.130489051,0.0776099637,-0.995196164,-0.0491773449,0.259603083,1.15722179,0.148324728,-0.0105371512,0.119698092,0.00975163281,0.111058705,-0.192495078,0.301918447,-0.0913098902,-0.538820684,-0.189665779,-0.648520589,-0.345045239,-0.433397382
-0.880243063,1.59413493,0.640090764,-0.273866564,0.138147578,0.784025252,0.539645016,-1.60239863,0.0619461313,-0.0056628664,1.03551698,-0.141987473,0.0751792789,-0.754724383,-0.0702222139,0.239352658,1.09797001,0.14795354,-0.00907130819,0.136281893,0.0145094618,0.105874725,-0.129587546,0.313030005,-0.097704567,-0.515577018,-0.12787649,-0.634762585,-0.331311017,-0.414909512
-0.965985477,1.68898094,0.646505415,-0.261358708,0.103390954,0.796587288,0.535210788,-1.60694921,0.0962517485,-0.033683259,0.964977324,-0.123556815,0.0700207353,-0.543305337,-0.0531279445,0.226880237,1.01697648,0.154606462,-0.00992598757,0.149242714,0.0167791918,0.107302494,-0.0749027506,0.323559076,-0.111361958,-0.490069389,-0.0560105368,-0.611323416,-0.316131771,-0.390853941
-1.05525863,1.78365147,0.668385208,-0.24485226,0.0763809159,0.809380293,0.528315127,-1.52192605,0.108733892,-0.0453292467,0.902447104,-0.0993787646,0.0649450123,-0.380658448,-0.017386185,0.223163888,0.977592647,0.163142994,-0.0119083086,0.139847532,0.019423781,0.109127127,-0.0295017511,0.323667288,-0.138685659,-0.460080475,0.0205368083,-0.585930705,-0.304888129,-0.359507859
-1.14115393,1.86590159,0.668991148,-0.236066326,0.0619376712,0.819268823,0.518878579,-1.3860333,0.0975247622,-0.0390180945,0.856956601,-0.0761300847,0.0599971935,-0.315270275,0.0266527031,0.224702016,1.00275218,0.167830348,-0.0118707763,0.0995490998,0.0179974362,0.112917811,-0.0106734438,0.307919562,-0.180877417,-0.431319684,0.0947329402,-0.562375546,-0.29955247,-0.326274991
-1.22559536,1.94854391,0.667949736,-0.225410387,0.0482212231,0.829415858,0.50885582,-1.23100579,0.0633633584,-0.00746445265,0.861047328,-0.0575988106,0.0563220643,-0.352845013,0.0717771798,0.226624027,1.10109603,0.153760135,-0.0100481603,0.0255225953,0.0159091819,0.11390394,-0.0172997955,0.291648477,-0.223243997,-0.408052206,0.15749149,-0.540985048,-0.302743852,-0.300908685
-1.30998099,2.02038431,0.691470444,-0.218079492,0.0383657701,0.836480141,0.501268744,-1.09372818,0.0155272707,0.0338330008,0.903030574,-0.049267184,0.053301841,-0.517451942,0.127301127,0.22977227,1.22745407,0.109771557,-0.00821370911,-0.0802647844,0.0145511162,0.115581386,-0.0447032601,0.279972941,-0.260325462,-0.394001544,0.203479558,-0.528058112,-0.314143091,-0.285422534
-1.39796889,2.09422207,0.698098481,-0.210608721,0.035390161,0.841517031,0.496226341,-0.94144845,-0.0322702415,0.0704931021,0.945444643,-0.0449467823,0.0512646399,-0.763762236,0.203009114,0.233426034,1.33747065,0.0482194088,-0.00675936043,-0.184571534,0.0127892392,0.112847358,-0.0835430548,0.276263326,-0.287299216,-0.38790822,0.239735365,-0.521460354,-0.330671608,-0.27982226
-1.48764575,2.17545652,0.69110626,-0.199185506,0.038524121,0.844987571,0.494810164,-0.749697328,-0.0857743695,0.104673333,0.964060128,-0.0418151282,0.0498244837,-1.03230214,0.30451411,0.226057425,1.40353465,-0.0127191516,-0.00550622074,-0.273927778,0.0092054354,0.106851988,-0.125608698,0.285696447,-0.30623436,-0.383901924,0.272684723,-0.516132534,-0.347104549,-0.282476962
-1.58718169,2.25377607,0.671252131,-0.181885645,0.0496957898,0.848239958,0.494911045,-0.536054373,-0.176105306,0.146367475,0.921673238,-0.040039897,0.0501363315,-1.26853371,0.396993607,0.210895896,1.40136492,-0.0548155159,-0.00306510972,-0.336693466,0.00919388887,0.0961691812,-0.160784677,0.294126719,-0.324977934,-0.380677491,0.307820201,-0.514243007,-0.363437414,-0.288257509
-1.69295037,2.33128285,0.648923159,-0.163748994,0.0648405924,0.851782978,0.49340418,-0.328249425,-0.275958717,0.16895628,0.815017998,-0.0327128433,0.0517391339,-1.40832794,0.455111057,0.193152711,1.31705415,-0.0572624952,-0.00172275782,-0.391550362,0.00949108321,0.0905319005,-0.183553815,0.302481472,-0.340566009,-0.373354822,0.338037521,-0.517512321,-0.380533636,-0.288420796
-1.80147433,2.41108727,0.643382072,-0.145197973,0.0769527629,0.856171191,0.489864051,-0.141915858,-0.356619477,0.163594186,0.693599045,-0.0129304128,0.0523716696,-1.43304133,0.472051144,0.186075479,1.16826987,-0.0282483511,-0.00302302209,-0.427392691,0.00927418843,0.0908939391,-0.193988532,0.315302223,-0.351552904,-0.362156272,0.357850879,-0.512735009,-0.384563506,-0.29376632
-1.90351593,2.49638343,0.657761991,-0.130650818,0.0773876905,0.860450208,0.486381471,0.0122313034,-0.408272564,0.142189041,0.602499723,0.0112016676,0.0523385666,-1.3858465,0.479237586,0.180505291,0.999033451,0.00819876604,-0.00478927698,-0.449664235,0.0121012665,0.088650912,-0.185938731,0.339293867,-0.359519064,-0.350170821,0.373701811,-0.505089641,-0.380199194,-0.296810031
-1.99904668,2.5810504,0.6645087,-0.123068102,0.0707898736,0.861566305,0.487387449,0.134979129,-0.429725438,0.115220666,0.549613893,0.038985502,0.0496619977,-1.30015159,0.484759361,0.175854027,0.866532981,0.0400351882,-0.00569555443,-0.440740108,0.0133194104,0.0803630799,-0.158938363,0.374191105,-0.357631475,-0.334185243,0.379370779,-0.486399829,-0.363271147,-0.300368518
-2.1008172,2.66051435,0.661790609,-0.114917248,0.0682070926,0.859876215,0.492701471,0.202407897,-0.438874274,0.100114502,0.549854457,0.060754206,0.045091033,-1.1765734,0.470528513,0.179748371,0.804995775,0.065810442,-0.00614315225,-0.385415584,0.0155397933,0.0838443562,-0.122658886,0.404641241,-0.351182163,-0.317094594,0.36673072,-0.46281743,-0.339422911,-0.30796957
-2.19911098,2.73629522,0.649707913,-0.104957536,0.0684107319,0.857458472,0.499068052,0.207686961,-0.429674387,0.0993640125,0.608669519,0.0631846935,0.0433786511,-1.06150615,0.455800533,0.18146871,0.822999239,0.087942481,-0.00656230375,-0.285856307,0.00975677744,0.0978995711,-0.0867854282,0.401083052,-0.351105213,-0.314219147,0.348434389,-0.446010768,-0.315306127,-0.315277934
-2.30569482,2.80146217,0.671966791,-0.100294232,0.0721276775,0.858303189,0.498050511,0.122093447,-0.406373262,0.107282445,0.680347562,0.0364690274,0.0479579009,-0.970205247,0.413879722,0.19811897,0.922730386,0.101777546,-0.00766874431,-0.156060591,0.0115997437,0.11245162,-0.061470639,0.374531865,-0.354474902,-0.309793174,0.319317997,-0.447221249,-0.296853423,-0.324655592
-2.39716864,2.86786127,0.731353045,-0.102365285,0.0730571076,0.865457118,0.484941244,-0.0461626351,-0.331384808,0.0921780691,0.747642279,-0.0194413979,0.0564624928,-0.896225512,0.390042335,0.197406918,1.0198319,0.0949535295,-0.00648421096,-0.0160780121,0.017050568,0.117164001,-0.0479297936,0.388463587,-0.329911947,-0.310881138,0.294027925,-0.447288573,-0.28487286,-0.324914932
-2.48944163,2.93741584,0.739235163,-0.108037084,0.069065325,0.877548933,0.462023705,-0.262819171,-0.211562261,0.0513681434,0.79437989,-0.0926602483,0.0676898137,-0.774352431,0.343559265,0.205010206,1.11172366,0.0896932557,-0.00586879393,0.109993458,0.0175230317,0.119259402,-0.0386889726,0.399977118,-0.309703022,-0.314764589,0.267909497,-0.446787715,-0.273919314,-0.325649083
-2.58768559,3.01386452,0.746290386,-0.114032291,0.062646471,0.893112659,0.430606335,-0.508808494,-0.0797277093,-0.000169617822,0.813772678,-0.164482847,0.0772089735,-0.589153707,0.279853165,0.222257704,1.15866053,0.0869854465,-0.00590780005,0.193035766,0.016468972,0.120036349,-0.0339341126,0.403359085,-0.300978988,-0.304420233,0.257884353,-0.444124669,-0.270106077,-0.322510749
-2.6905005,3.092345,0.710199356,-0.113407731,0.0509809926,0.906970024,0.402423918,-0.748532534,0.00273838313,-0.0375913605,0.809268475,-0.214656472,0.0806811675,-0.382438093,0.228822798,0.23509039,1.12725031,0.0867231414,-0.00539931934,0.258039117,0.0217670836,0.104436703,-0.0354665779,0.411754757,-0.285965294,-0.296620518,0.254904628,-0.441186458,-0.271132648,-0.318222165
-2.79505634,3.17603302,0.683465719,-0.106922545,0.0357158966,0.917883396,0.380502343,-0.912021816,0.0384348668,-0.0605223402,0.776022196,-0.224062026,0.0779454857,-0.16660805,0.215376824,0.235207289,1.0335722,0.0916854367,-0.00649996847,0.304767877,0.0208709706,0.0877010971,-0.0305431429,0.422120929,-0.271150231,-0.285850108,0.254531533,-0.444388807,-0.277460933,-0.312443018
-2.90496087,3.26376009,0.711062372,-0.0955746472,0.022003321,0.926598191,0.363038719,-0.986007631,0.0464984067,-0.0730754137,0.712495625,-0.202852398,0.0734052435,0.0455533117,0.227158487,0.227438778,0.944421947,0.097541146,-0.00969429873,0.340335637,0.0226673316,0.0723811612,-0.0347861983,0.43117851,-0.256400257,-0.287347525,0.266985565,-0.451269656,-0.286311388,-0.310106874
-3.01433349,3.34580779,0.735787332,-0.083327651,0.0148681067,0.935131729,0.344040722,-0.997350812,0.0371300615,-0.0778559521,0.639004827,-0.175030366,0.0687962323,0.234931335,0.251750022,0.214411333,0.879147708,0.106336333,-0.0138210859,0.351683199,0.0203943346,0.0636774004,-0.0355358459,0.421789855,-0.262088776,-0.301761717,0.285361856,-0.463312864,-0.299072504,-0.30983904
-3.12257314,3.42370367,0.724989891,-0.0739466995,0.0133195044,0.977634907,0.196429268,-0.939073324,0.017156614,-0.0736324117,0.598768711,-0.148569599,0.0647547916,0.369650424,0.279568195,0.198380455,0.861477017,0.116923116,-0.0156967603,0.319402307,0.0150847463,0.0621129498,-0.0409344919,0.397360086,-0.276370376,-0.315266341,0.315847188,-0.468116581,-0.312468082,-0.307386339
