2.51748157,-2.21567535,0.290606618,-0.284818441,0.494796634,0.820690453,-0.0228447746,-2.30686522,-0.0582070239,0.68995434,1.58910573,-0.201226473,-0.0213448722,0.032323204,-2.32022476,0.0476988219,-0.0872669965,0.40933916,0.261799991,-1,-0.0201725643,0.30075413,-0.911084652,0.191095933,-0.111893073,0.436210871,-0.912479997,-0.327776134,0.220383599,0.345036209
2.5166595,-2.21438766,0.290083766,-0.284699082,0.494963884,0.820634902,-0.0227080882,-2.30534148,-0.0580708049,0.689019144,1.59055912,-0.201360166,-0.0213882085,0.0308174901,-2.3199873,0.0474589542,-0.0872669965,0.409587353,0.261799991,-1,-0.0198036078,0.300029248,-0.910204887,0.1909585,-0.11170838,0.436318994,-0.911423922,-0.327792227,0.220893696,0.345215887
2.51590514,-2.21330261,0.290185571,-0.284983039,0.495551378,0.820190966,-0.0223654509,-2.30429339,-0.0579967871,0.688277006,1.59193122,-0.201542407,-0.0213936772,0.0299327578,-2.31896949,0.047235243,-0.0872669965,0.410147607,0.261799991,-1,-0.0195146073,0.298889101,-0.908325493,0.19057253,-0.111409314,0.436802745,-0.910087168,-0.327766895,0.221525133,0.345500499
2.51553297,-2.21244287,0.290815473,-0.285347581,0.496118695,0.819699764,-0.0231380761,-2.30389905,-0.0580087677,0.687817991,1.59242129,-0.20173648,-0.0214090608,0.0301413815,-2.31859112,0.047247123,-0.0872669965,0.410563886,0.261799991,-1,-0.0184396897,0.299264252,-0.906398475,0.190250516,-0.111147799,0.437128514,-0.909086406,-0.327196568,0.22221005,0.345288545
2.51572585,-2.21139503,0.292048573,-0.28705135,0.497109592,0.818509758,-0.0229178388,-2.30516982,-0.0576823577,0.687912941,1.59086204,-0.201909631,-0.0214033984,0.032211218,-2.31925869,0.0478457734,-0.0872669965,0.409634411,0.261799991,-1,-0.0180701949,0.297994107,-0.905258,0.190831318,-0.110558413,0.43745625,-0.908334374,-0.32687968,0.222582921,0.344947487
2.51558137,-2.21073794,0.293463439,-0.288640499,0.498527408,0.817083418,-0.023061214,-2.3068831,-0.0576038808,0.688279152,1.588287,-0.202066123,-0.0214064289,0.0351416245,-2.31958437,0.0477035604,-0.0872669965,0.409588248,0.261799991,-1,-0.0187419001,0.295902997,-0.903546333,0.192109808,-0.109520547,0.438855141,-0.907819569,-0.327026308,0.222949445,0.345140398
2.51534462,-2.20983267,0.294861078,-0.290149033,0.499558479,0.81592232,-0.0229283404,-2.30785084,-0.058058355,0.688368917,1.58534563,-0.202170506,-0.0213897582,0.0377762392,-2.31908345,0.047152821,-0.0872669965,0.409009129,0.261799991,-1,-0.0188348182,0.294744581,-0.903182626,0.193295777,-0.108588621,0.439712197,-0.908026874,-0.327188104,0.223295897,0.345170051
2.51483679,-2.20906019,0.296115786,-0.291376531,0.500650704,0.814819992,-0.022739552,-2.30856395,-0.0582781322,0.688267827,1.58263445,-0.2022883,-0.021364795,0.0397743173,-2.31898522,0.0461764559,-0.0872669965,0.408570856,0.261799991,-1,-0.0189063717,0.29447028,-0.90300256,0.194236413,-0.107779086,0.440048337,-0.908212066,-0.327592045,0.223598197,0.344944
2.51438093,-2.20829201,0.297382295,-0.292037934,0.501733422,0.813916206,-0.0227562319,-2.30822754,-0.0588467829,0.688223481,1.58031845,-0.202338785,-0.0213336479,0.0410888195,-2.31924343,0.0451155715,-0.0872669965,0.408135414,0.261799991,-1,-0.0187582951,0.295448393,-0.903182268,0.195042506,-0.107090861,0.439900428,-0.908423722,-0.327537775,0.224084154,0.344329774
2.51375318,-2.20731068,0.298814416,-0.292832464,0.502708495,0.813046753,-0.0220990777,-2.30744171,-0.0596358553,0.688179016,1.5780822,-0.202407271,-0.0212981738,0.0432483368,-2.32087588,0.0439555384,-0.0872669965,0.406377196,0.261799991,-1,-0.0180409048,0.295249909,-0.902724326,0.196401283,-0.106398165,0.440176487,-0.908424735,-0.325850338,0.224544808,0.344598472
2.51300836,-2.20613098,0.298343182,-0.29309383,0.50263381,0.812995076,-0.0222334005,-2.30678225,-0.0598932542,0.687053978,1.57762182,-0.202684924,-0.0213754196,0.0440900624,-2.31977367,0.042630814,-0.0872669965,0.405902594,0.261799991,-1,-0.0180296376,0.295643508,-0.901221871,0.197764069,-0.105895609,0.440556318,-0.90723145,-0.325106829,0.225159362,0.344856113
2.51196337,-2.20475459,0.298335671,-0.292601794,0.502431214,0.813310087,-0.0217678845,-2.3050487,-0.061308749,0.685679197,1.57859552,-0.202954024,-0.0213855822,0.0444383137,-2.31864762,0.0415772945,-0.0872669965,0.4044936,0.261799991,-1,-0.0193341859,0.297274977,-0.899852931,0.198796645,-0.105673812,0.440678895,-0.905827224,-0.324185014,0.225539997,0.344876617
2.51084399,-2.2032063,0.298103064,-0.291973054,0.502126038,0.813713312,-0.022178214,-2.3023231,-0.0622907728,0.683404982,1.58072853,-0.203287631,-0.0213953946,0.0418126695,-2.31695437,0.0412417017,-0.0872669965,0.404215753,0.261799991,-1,-0.0213208832,0.299339443,-0.897982419,0.197948545,-0.106068239,0.440593988,-0.903845847,-0.323022246,0.22608687,0.345030129
2.50990224,-2.20140576,0.298278421,-0.291694999,0.502235293,0.81373769,-0.0224636532,-2.29979038,-0.0634649396,0.681716919,1.58282757,-0.203618199,-0.0213830434,0.0415292569,-2.31520224,0.0409290008,-0.0872669965,0.403078169,0.261799991,-1,-0.0216161441,0.301160008,-0.89654541,0.196788952,-0.106500357,0.440374106,-0.901952147,-0.321976662,0.226496592,0.345128268
2.5091362,-2.19954777,0.299600482,-0.292770624,0.503170252,0.812759936,-0.0229423922,-2.29724836,-0.0642786175,0.679893732,1.58297598,-0.203802675,-0.021287201,0.0403667353,-2.3120091,0.0409549288,-0.0872669965,0.402959317,0.261799991,-1,-0.0218787994,0.301594019,-0.896473706,0.196659729,-0.106524952,0.439956039,-0.90040946,-0.32126838,0.22671701,0.345170885
2.50861788,-2.19768023,0.301662326,-0.294126809,0.504910111,0.811168134,-0.023696186,-2.29566431,-0.065625295,0.679799676,1.58025169,-0.203946814,-0.0211944208,0.0433710776,-2.30913067,0.0404784046,-0.0872669965,0.402193189,0.261799991,-1,-0.021768596,0.302301407,-0.897525549,0.19604674,-0.106752545,0.439413488,-0.900108576,-0.321388543,0.226677939,0.344999671
2.50843382,-2.19547582,0.305618137,-0.296794534,0.507802427,0.80836457,-0.0244214796,-2.2946229,-0.0673915222,0.681290448,1.57325101,-0.20381324,-0.0210734122,0.0493756793,-2.30699086,0.0395741388,-0.0872669965,0.400903285,0.261799991,-1,-0.0216433965,0.303217947,-0.899500072,0.196091637,-0.106477357,0.438660711,-0.902103662,-0.322408378,0.226589546,0.344443321
2.50818968,-2.19263363,0.311469346,-0.299582541,0.512226641,0.804490626,-0.0258657243,-2.2920301,-0.0708957911,0.684911489,1.56107736,-0.203134835,-0.0208859406,0.0588655211,-2.30493355,0.037518885,-0.0872669965,0.398524642,0.261799991,-1,-0.021433631,0.306680232,-0.903801799,0.196909383,-0.105700597,0.437088281,-0.905631721,-0.32183364,0.226589069,0.343192399
2.50913048,-2.19033527,0.321145475,-0.30630362,0.519393802,0.797272205,-0.0276626442,-2.2924161,-0.0743764043,0.69193244,1.53855014,-0.201681852,-0.0205263924,0.074360393,-2.30385041,0.0335413478,-0.0872669965,0.395903289,0.261799991,-1,-0.0192655697,0.307563037,-0.91245842,0.199185193,-0.104221262,0.434254467,-0.913883567,-0.322291225,0.225326344,0.340870678
2.51047421,-2.18723679,0.333360285,-0.313876152,0.527968407,0.788616002,-0.0285632517,-2.29240751,-0.0806359351,0.701808572,1.5050894,-0.19903937,-0.0200699698,0.0983817652,-2.30471325,0.026985785,-0.0872669965,0.390656203,0.261799991,-1,-0.0164187755,0.30937925,-0.926436365,0.202714249,-0.10192287,0.430328876,-0.926366031,-0.322952151,0.223159969,0.337744892
2.5117197,-2.18433046,0.348827064,-0.320982814,0.538057268,0.778915346,-0.0274827052,-2.29011202,-0.0927741751,0.715616703,1.45939434,-0.194621876,-0.0194743946,0.131471187,-2.30506897,0.0171242915,-0.0872669965,0.383261502,0.261799991,-1,-0.0126709212,0.312797487,-0.945900202,0.206177056,-0.099054344,0.425732732,-0.94440794,-0.322712302,0.21979782,0.333819062
2.51235032,-2.17995453,0.370258361,-0.328075975,0.549216688,0.768156767,-0.0257356949,-2.28154469,-0.110120609,0.73009187,1.4009198,-0.187721312,-0.0187129471,0.172574565,-2.302984,0.00297581172,-0.0872669965,0.373967826,0.261799991,-1,-0.00892711338,0.316392243,-0.970372617,0.211457387,-0.0946773887,0.420487106,-0.968702674,-0.320814282,0.21579811,0.329345196
2.51158166,-2.17375207,0.40969649,-0.333739012,0.559514344,0.758198738,-0.0263948217,-2.26332927,-0.135049745,0.744243205,1.33198452,-0.17779094,-0.0178104937,0.221208647,-2.29308105,-0.0178489685,-0.0872669965,0.361304671,0.261799991,-1,-0.00572325615,0.315627486,-0.998842716,0.220226347,-0.0880061239,0.415034533,-0.998552382,-0.317876428,0.211162284,0.324266434
2.51276755,-2.16119981,0.447900057,-0.336201489,0.565638244,0.752727449,-0.0205759481,-2.23132229,-0.164572328,0.749508321,1.25936759,-0.165142626,-0.0169753116,0.277495891,-2.27843642,-0.0418596677,-0.0872669965,0.344577461,0.261799991,-1,-0.000539922912,0.306377113,-1.02226126,0.236928165,-0.0781088844,0.413384438,-1.02567446,-0.311583638,0.206797943,0.31830889
2.5071218,-2.15005589,0.496897936,-0.336092979,0.57353735,0.746920586,-0.0143545158,-2.18644905,-0.204628974,0.753088772,1.18246901,-0.149138272,-0.0160397347,0.334939063,-2.25023103,-0.0733298212,-0.0872669965,0.329076678,0.261704743,-1,0.00172433793,0.29797107,-1.04857194,0.259912878,-0.0636566728,0.41262728,-1.05969536,-0.305401623,0.199566066,0.311673582
2.49991274,-2.13549304,0.549132884,-0.333816648,0.578540087,0.74418819,-0.00646176422,-2.13171983,-0.249459907,0.751470745,1.10366189,-0.130374894,-0.0151104312,0.397214532,-2.21314335,-0.109516464,-0.0872669965,0.311222464,0.261591703,-1,0.00541879283,0.287101716,-1.07439351,0.295214266,-0.0409384742,0.415465862,-1.09366977,-0.30137527,0.189217836,0.307525694
2.48874712,-2.11878967,0.582639694,-0.326853991,0.581226289,0.745212972,0.000287260249,-2.06638718,-0.30111739,0.744163334,1.02672148,-0.108628735,-0.0142193427,0.46396938,-2.1652081,-0.15072149,-0.0872669965,0.290760964,0.261503071,-1,0.00918280892,0.283837944,-1.09489977,0.341786981,-0.0132341348,0.422839999,-1.11457288,-0.299864084,0.179582477,0.307362109
2.4741478,-2.09799385,0.608635604,-0.314703524,0.580094218,0.751271248,0.00663437508,-1.98822665,-0.361203045,0.728616059,0.957178771,-0.0846925378,-0.0133302789,0.533791423,-2.09764504,-0.196413904,-0.0872669965,0.268681616,0.261438221,-1,0.0155220656,0.280264705,-1.10042322,0.388507843,0.0110768853,0.434221655,-1.11976361,-0.294928223,0.178765133,0.307305962
2.45414186,-2.07521629,0.631019652,-0.296314955,0.574590981,0.76287961,0.0075800484,-1.89902472,-0.429077089,0.705502272,0.900398791,-0.0593054891,-0.0123360483,0.594512522,-2.01162481,-0.243885353,-0.0872669965,0.244663477,0.261360347,-1,0.0208738651,0.273177505,-1.07634735,0.432085454,0.0309805945,0.450401872,-1.10279489,-0.292906523,0.186230138,0.30554682
2.43341136,-2.04665232,0.652918756,-0.27250728,0.567018509,0.777286589,0.00744438358,-1.80289221,-0.49954313,0.673262417,0.861732185,-0.0334124081,-0.011393236,0.638773918,-1.9055196,-0.291139662,-0.0872669965,0.220462739,0.261272281,-1,0.0244062599,0.266109765,-1.02000391,0.470183015,0.046440728,0.469826818,-1.06468427,-0.298911482,0.196510792,0.300771773
2.40803289,-2.01526904,0.673424184,-0.24437274,0.554211259,0.795691013,-0.0027747897,-1.70506203,-0.523539841,0.661811173,0.867684662,-0.0056693065,-0.0110179037,0.645925164,-1.77229667,-0.339394897,-0.0872669965,0.196390584,0.261076868,-1,0.0177214127,0.260986,-0.926736534,0.507559955,0.0616593622,0.490195096,-1.01752758,-0.315484792,0.207410365,0.285796583
2.38281441,-1.98062217,0.689437449,-0.219133362,0.53614831,0.815164447,-0.00569121353,-1.63908958,-0.523599863,0.677257419,0.910840392,0.0188075956,-0.0092279464,0.595986664,-1.61434901,-0.382184505,-0.0872669965,0.16839236,0.261246622,-0.999832094,0.00482086046,0.245577976,-0.799938321,0.537389636,0.0740081593,0.511935771,-0.969308972,-0.337210357,0.222057253,0.261467159
2.35312438,-1.94331825,0.70432657,-0.197378054,0.512549996,0.835662842,0.00144703896,-1.609689,-0.523599982,0.690769494,0.96947819,0.036278706,-0.00684962748,0.495673478,-1.43483412,-0.411865324,-0.0872669965,0.13829571,0.261293203,-0.982181668,-0.0137129752,0.23057121,-0.636489332,0.557711661,0.0823512897,0.534105361,-0.938791156,-0.351329863,0.24970077,0.218977362
2.32159591,-1.90318418,0.713502228,-0.189928308,0.483106256,0.854551852,0.0166334175,-1.62294161,-0.523599982,0.697953582,1.01864684,0.045094952,-0.00577041321,0.38637042,-1.25043213,-0.42577374,-0.0872669965,0.107639618,0.25887394,-0.909941494,-0.027478369,0.208795324,-0.439280272,0.573419571,0.0877779499,0.554586053,-0.938425839,-0.364498883,0.284181714,0.151511267
2.28537226,-1.85991633,0.71430552,-0.192301437,0.450602412,0.871102214,0.0340375304,-1.66549718,-0.523599982,0.69815588,1.04452252,0.0486113876,-0.00604018569,0.31057331,-1.0597229,-0.430036485,-0.0813954026,0.0790821016,0.252345771,-0.785469472,-0.0272359084,0.174457848,-0.223528564,0.597589552,0.0926382542,0.56938678,-0.978753328,-0.389230371,0.309290886,0.0653161034
2.24445677,-1.81333685,0.702508092,-0.197024778,0.414067715,0.887287438,0.0494992547,-1.71903825,-0.523599982,0.696140945,1.03600073,0.0494659431,-0.00633339165,0.273216724,-0.864308417,-0.434071362,-0.045705054,0.0543424934,0.242244363,-0.628539562,-0.0107823452,0.134128004,-0.00713858381,0.645163178,0.0960351601,0.572420359,-1.04670215,-0.427344292,0.316731721,-0.0200666953
2.19872975,-1.76126385,0.676176131,-0.203046799,0.373785853,0.902250528,0.0707116351,-1.75879371,-0.523599982,0.682229042,0.989763796,0.054397922,-0.00524446554,0.264849901,-0.663685679,-0.443818778,-0.00304149208,0.0363565981,0.230556816,-0.460564435,0.00757044274,0.108239584,0.18718566,0.728133261,0.102215864,0.555475056,-1.14605641,-0.482177466,0.30384329,-0.0847517923
2.14613533,-1.70550764,0.643405914,-0.211902604,0.33276996,0.913638413,0.0981140658,-1.76641297,-0.521898746,0.651094317,0.911335945,0.0675579906,-0.00269147614,0.273011982,-0.479551077,-0.455595195,0.0230759457,0.0284862034,0.217723191,-0.314544618,0.0212798491,0.0959722772,0.365447193,0.823189259,0.107166477,0.521623433,-1.24202168,-0.548454285,0.273758739,-0.131392732
2.08903027,-1.64884567,0.620041788,-0.220811203,0.291204333,0.921875536,0.128794342,-1.72139752,-0.516633749,0.597249687,0.822968781,0.0901433304,0.000560502813,0.297123969,-0.334274054,-0.459602475,0.0286190473,0.0328383259,0.20421131,-0.196948469,0.0309872273,0.0972564891,0.518693864,0.897206664,0.100165263,0.467243612,-1.30493689,-0.616556287,0.236580774,-0.166241705
2.03148341,-1.58860099,0.614480972,-0.226961419,0.251095325,0.927278399,0.159982085,-1.61995685,-0.501057923,0.513980269,0.744735777,0.116387695,0.00316222035,0.327718139,-0.216767162,-0.455650002,0.0269688498,0.0481374748,0.190677494,-0.124962054,0.0317840017,0.102068529,0.629252434,0.922880769,0.0680940226,0.385316372,-1.30522549,-0.680559814,0.196958527,-0.191996798
1.97321129,-1.52912974,0.587355196,-0.23045218,0.216225043,0.930968285,0.18285659,-1.48321152,-0.468044579,0.41542834,0.695923686,0.142171025,0.00459927274,0.345833749,-0.108253181,-0.442201793,0.0478718951,0.070370011,0.175934479,-0.107068144,0.020774791,0.107178956,0.680801213,0.894407034,0.011708932,0.289179057,-1.2128073,-0.731139064,0.162530452,-0.20893845
1.91449904,-1.47223139,0.621940672,-0.229395375,0.189979851,0.936507761,0.185036778,-1.35661876,-0.439445347,0.32759428,0.715941608,0.152609617,0.00629847683,0.343237132,-0.0157523938,-0.417498261,0.096541658,0.0863842964,0.162248358,-0.156258062,0.00388556742,0.112434499,0.647984922,0.819403291,-0.0527577624,0.197309345,-1.03113675,-0.752571762,0.147994429,-0.210307837
1.8594749,-1.4195807,0.647379041,-0.22545062,0.168121621,0.943018615,0.177828595,-1.25126112,-0.406758845,0.251510859,0.778194487,0.153342441,0.00762238959,0.305980504,0.0539936535,-0.392914236,0.174255654,0.0840639994,0.153701976,-0.260877371,-0.00975568965,0.126828209,0.544662654,0.730317831,-0.103814282,0.121297248,-0.805421233,-0.742858231,0.161231846,-0.18464072
1.80251324,-1.3673048,0.66463685,-0.221515074,0.147732049,0.948338032,0.172514617,-1.15212882,-0.377659023,0.189591914,0.852751374,0.149324894,0.00876918156,0.230538324,0.0838330165,-0.374113828,0.253963321,0.0567790344,0.147677913,-0.392359585,-0.0165022351,0.153841257,0.399207652,0.657344759,-0.133764893,0.0602359772,-0.579271734,-0.709407508,0.194818377,-0.134500518
1.74276018,-1.31241882,0.672567427,-0.215189978,0.130559176,0.951694667,0.175854519,-1.03688455,-0.341365725,0.133017898,0.922526062,0.145368159,0.00916922465,0.113300547,0.0606425554,-0.355171055,0.316013575,0.00459287036,0.137339532,-0.529915869,-0.0143790254,0.193546399,0.22897619,0.611957788,-0.148134649,-0.00355147617,-0.374491751,-0.674628377,0.232107982,-0.0739440098
1.68605912,-1.25828481,0.67661792,-0.209326699,0.120056242,0.949721515,0.199493989,-0.916457474,-0.290576726,0.0771052688,0.979645729,0.141329318,0.00913412683,-0.0604423024,-0.00619813427,-0.329535455,0.353203684,-0.0680237114,0.12188556,-0.663344145,-0.0117941229,0.213647678,0.054159306,0.606388986,-0.139866233,-0.0733711198,-0.190934449,-0.661642611,0.258571416,-0.0130778421
1.62714422,-1.20505297,0.720625162,-0.205277354,0.112160712,0.943346679,0.235325947,-0.78813374,-0.232962459,0.0259676427,1.01959574,0.137456998,0.00873626862,-0.298225552,-0.0947182328,-0.29979369,0.354414254,-0.153880864,0.103918724,-0.794073224,-0.00914285425,0.208398625,-0.108955748,0.640257299,-0.11520841,-0.14363341,-0.0352057405,-0.681069136,0.270685494,0.0373838358
1.56267357,-1.1494292,0.72135216,-0.206172004,0.11237336,0.934028089,0.269178241,-0.648746133,-0.189518347,-0.00908699818,1.02962446,0.133082777,0.00799790211,-0.594717205,-0.155990496,-0.276371062,0.319664448,-0.240155637,0.0899351165,-0.898797452,-0.00683807814,0.191721365,-0.256787747,0.711265564,-0.0768070072,-0.207834065,0.0934200808,-0.736978769,0.265461951,0.0772081614
1.49090683,-1.08845472,0.688937783,-0.208035842,0.121713482,0.924125135,0.296479076,-0.501409352,-0.180941209,-0.0205933321,0.994656086,0.127992243,0.00743547129,-0.893752158,-0.15387544,-0.264401793,0.275731057,-0.310358673,0.0858178064,-0.963355303,-0.00331623061,0.170008153,-0.392986298,0.809538662,-0.0330047272,-0.262029201,0.210560605,-0.812624037,0.247543603,0.109997831
1.41381228,-1.02148438,0.636330247,-0.204326764,0.136940658,0.915806293,0.317484885,-0.355892569,-0.208755746,-0.0187325068,0.912776649,0.125486135,0.00766993081,-1.11399531,-0.0987946466,-0.25632143,0.265998542,-0.347160906,0.0888146311,-0.990060151,0.00298138079,0.148686633,-0.51820159,0.917051911,0.00926436111,-0.301251113,0.336095273,-0.887535036,0.224471882,0.138235256
1.32733166,-0.949486971,0.618348479,-0.192067087,0.149909407,0.908470273,0.339586914,-0.208632827,-0.257850975,-0.0183311813,0.805750668,0.1310561,0.00937567372,-1.2161479,-0.0435481891,-0.238616988,0.304369748,-0.344222873,0.088912338,-0.973270416,0.00992096309,0.149849728,-0.612554371,0.995531797,0.0278418958,-0.328745484,0.472995341,-0.926618457,0.212151378,0.161179349
1.23916805,-0.878010809,0.646468103,-0.175907582,0.154625818,0.898667991,0.370868385,-0.0682170689,-0.318503767,-0.0200067237,0.707204103,0.142744869,0.0125876879,-1.23661506,-0.00651179487,-0.209386945,0.373233348,-0.320822984,0.0848212689,-0.913768291,0.0170046464,0.149698094,-0.642578423,0.995857596,0.00830740575,-0.351925671,0.590800405,-0.896285295,0.217884481,0.165062383
1.15183651,-0.810716391,0.713154137,-0.16054903,0.15593262,0.886930525,0.404058605,0.0315274559,-0.390558749,-0.0132392151,0.663016558,0.155154869,0.0152254002,-1.19519758,0.00797579903,-0.174006402,0.467947483,-0.291652918,0.0772163421,-0.81628406,0.0205571633,0.160071209,-0.591426551,0.913834035,-0.0461748838,-0.372062027,0.620185554,-0.809716225,0.224524111,0.139912382
1.06493413,-0.742628753,0.697346926,-0.152100876,0.156528041,0.876956463,0.428149164,0.0471251905,-0.445720106,-0.00118159561,0.694684803,0.158798546,0.0154086575,-1.10440469,-0.00238412223,-0.137049034,0.572731078,-0.263167024,0.0680022612,-0.688194156,0.0215830132,0.170986384,-0.477264374,0.787588775,-0.120144323,-0.381042212,0.54577136,-0.701485097,0.227161482,0.0960237682
0.983857751,-0.673676312,0.70965004,-0.145744815,0.158078998,0.874019146,0.435729176,-0.0208201595,-0.464675158,0.00732974522,0.767537892,0.141577169,0.0169340186,-1.02512753,-0.0163310599,-0.105767675,0.681587756,-0.249241799,0.0608862154,-0.535806835,0.02460205,0.172335178,-0.324328542,0.6712479,-0.191452399,-0.3707169,0.419270605,-0.604706824,0.225136966,0.0460012667
0.905873775,-0.60749346,0.727148533,-0.141946062,0.162190974,0.880198359,0.422842979,-0.184522688,-0.449616045,-0.00010797703,0.842315674,0.0994981527,0.023372326,-0.934696734,-0.0562409796,-0.0681860596,0.786183596,-0.24228929,0.0553827956,-0.358207017,0.0313999467,0.164935991,-0.158674285,0.606725752,-0.241600826,-0.349510074,0.273251444,-0.542154551,0.211977065,-0.0129329665
0.827662528,-0.53442955,0.738380849,-0.138328969,0.160227254,0.894697309,0.393330604,-0.412838787,-0.398367196,-0.0356567688,0.90222913,0.0420852639,0.0339249671,-0.802884936,-0.107215673,-0.0302849077,0.885560572,-0.236982942,0.0515022948,-0.174726367,0.0423117131,0.134072974,-0.00323904026,0.609496832,-0.264591575,-0.327096194,0.119603306,-0.518173993,0.185073897,-0.0857929587
0.746781826,-0.455789626,0.72894001,-0.133596033,0.153097257,0.908933043,0.364079714,-0.681622326,-0.343963623,-0.0890516266,0.939165175,-0.0198889077,0.0470061749,-0.626990736,-0.143793941,-0.00625699665,0.965467691,-0.230672643,0.0494489409,-0.00624953723,0.0504525043,0.105645545,0.127127528,0.66830194,-0.261680484,-0.306892157,-0.0356954299,-0.538171053,0.138676286,-0.167589337
0.661582172,-0.371724457,0.701185763,-0.132068634,0.142075211,0.917179406,0.348072499,-0.951552272,-0.317244172,-0.141883135,0.946789026,-0.0729288906,0.0566121861,-0.421085358,-0.135145083,-0.012218819,0.995629132,-0.222197369,0.0482366569,0.130962864,0.0485567786,0.08252009,0.231722996,0.764928162,-0.234956399,-0.289313287,-0.182482719,-0.596644819,0.0755632818,-0.24698782
0.570690215,-0.283330679,0.672173321,-0.132717133,0.123937942,0.921036363,0.344554245,-1.15314293,-0.322077334,-0.179978848,0.925155222,-0.0990675464,0.0585083291,-0.221446961,-0.081256859,-0.0347015522,0.950491011,-0.208133519,0.0459125601,0.244928062,0.0395952016,0.0692092702,0.316623688,0.875271797,-0.194064915,-0.274279058,-0.31580767,-0.676382899,0.00432824716,-0.321024418
0.475561202,-0.189240441,0.665322661,-0.127283841,0.100899071,0.923504233,0.347502679,-1.2343328,-0.327778488,-0.203760803,0.879258692,-0.0912776291,0.055462908,-0.031935662,-0.0105788698,-0.0491713546,0.855862379,-0.182137325,0.0417315923,0.340398937,0.0319995657,0.0675045177,0.3894566,0.970285058,-0.157558218,-0.263746589,-0.416520983,-0.758328021,-0.0628891215,-0.378095955
0.382288009,-0.0928201973,0.681896091,-0.118031733,0.0791086033,0.925400615,0.351346254,-1.22265244,-0.313267231,-0.219781101,0.809986711,-0.0637820512,0.0513397083,0.14404586,0.0675758868,-0.058469519,0.758535862,-0.150084183,0.0352108739,0.403907269,0.0269709751,0.0684337765,0.451200157,1.03009593,-0.135769337,-0.260756433,-0.468171567,-0.823550165,-0.108080298,-0.418900132
0.287405312,0.00203122594,0.720149159,-0.108033247,0.0634490028,0.929613054,0.346587062,-1.14745045,-0.287043452,-0.222985789,0.738107443,-0.034139473,0.0475618094,0.288229674,0.14013429,-0.0588746145,0.687061012,-0.112551875,0.0280481577,0.412826955,0.0230954029,0.0703813434,0.495691508,1.02814937,-0.138728961,-0.262930304,-0.448553354,-0.837432146,-0.116818249,-0.449175179
0.193394333,0.0955657661,0.713604748,-0.0992140993,0.0504707694,0.936951458,0.331256986,-1.02927566,-0.258619994,-0.210527584,0.701038957,-0.00981179159,0.0441187918,0.373027146,0.205987006,-0.056825459,0.67747885,-0.0799999461,0.0237107612,0.359030277,0.0207674373,0.0761800855,0.504131198,0.959670305,-0.167859524,-0.2736651,-0.357344568,-0.784537017,-0.0914654955,-0.461761385
0.100786924,0.185986683,0.706187785,-0.0927698091,0.0389551856,0.942464352,0.318806112,-0.895061553,-0.229293197,-0.193241,0.701287091,0.00838243868,0.0410951115,0.380267769,0.25740692,-0.0589995347,0.735239506,-0.0695056245,0.0222474076,0.247604936,0.0188328139,0.0931990296,0.460957855,0.853692353,-0.206073865,-0.292947441,-0.226907283,-0.689553201,-0.0501469001,-0.445808977
0.0117245121,0.271668524,0.720453739,-0.0899709389,0.029559318,0.943358362,0.317972541,-0.780753732,-0.211465478,-0.172537014,0.73868525,0.016578773,0.0397136025,0.310629696,0.28518188,-0.0618445687,0.829646707,-0.0879332274,0.0186883286,0.0855579078,0.0153209567,0.110552132,0.374152541,0.747982025,-0.240194067,-0.32620281,-0.0899622068,-0.594472766,-0.00779108005,-0.405367613
-0.0724998116,0.350585938,0.738620996,-0.0935685709,0.0230009574,0.939480066,0.328775138,-0.666705847,-0.181995302,-0.162018552,0.799312174,0.019749796,0.0392272435,0.147652477,0.28181839,-0.0510559008,0.923972487,-0.131949827,0.0106352465,-0.114279754,0.0115889367,0.124521308,0.253873169,0.675182581,-0.255397618,-0.37002632,0.0380325392,-0.528966248,0.0265172571,-0.361912638
-0.162240162,0.436503947,0.74141109,-0.0936892107,0.0206721369,0.931008458,0.352162182,-0.515796065,-0.143304035,-0.15633969,0.861782908,0.0219531823,0.0389595665,-0.0881777331,0.25793463,-0.0246357936,0.995905578,-0.191412777,-0.000745559228,-0.307131171,0.0118304854,0.131827205,0.121258736,0.646037698,-0.247805089,-0.41876781,0.16095686,-0.500529349,0.0506948382,-0.322309077
-0.252457082,0.522811711,0.72289902,-0.090243265,0.0242633037,0.92081672,0.378634393,-0.335325032,-0.113344915,-0.145127192,0.901117563,0.0235019401,0.0383245945,-0.390415847,0.227297589,0.0156025989,1.03134751,-0.263669729,-0.0122482395,-0.47791627,0.0145884706,0.137863174,-0.0100970259,0.660997033,-0.21837987,-0.466455251,0.275015563,-0.512927711,0.0575569309,-0.28675139
-0.346304566,0.611737132,0.695230901,-0.0874440596,0.0318611264,0.912259161,0.3989003,-0.148326486,-0.118136063,-0.121578999,0.892545998,0.0245727692,0.0378324091,-0.715872467,0.218880877,0.0523713902,1.03156662,-0.330369025,-0.0185360052,-0.603197932,0.0155894933,0.132638529,-0.135338023,0.71246469,-0.171789572,-0.509192467,0.38210544,-0.553302884,0.0460128523,-0.252968341
-0.445676506,0.702855229,0.676012874,-0.0836052671,0.046490822,0.907666028,0.40864557,0.0136025297,-0.156290025,-0.0941066369,0.826573253,0.0301421434,0.0379853956,-0.978786588,0.233110145,0.079630293,1.00669599,-0.362980187,-0.0181868542,-0.683797061,0.0157252233,0.116095476,-0.256806076,0.79121232,-0.114385962,-0.543954313,0.494513482,-0.604354262,0.0202865303,-0.218087152
-0.549488962,0.798298657,0.68327415,-0.0734735802,0.0601506382,0.906782746,0.410765946,0.156491071,-0.208820373,-0.0752776712,0.734924972,0.0438622907,0.0402099043,-1.10659897,0.251749635,0.100834422,0.955015421,-0.346011251,-0.0169799738,-0.72892803,0.0229797438,0.105512269,-0.36985448,0.883960783,-0.0538642667,-0.561902583,0.615125179,-0.644776464,-0.0118798027,-0.184027046
-0.65233922,0.894570351,0.700379312,-0.0624600127,0.0657502264,0.904156744,0.417464107,0.27985543,-0.265099794,-0.0607970618,0.663485646,0.0616606548,0.0438127406,-1.1241945,0.264367402,0.116732098,0.874831617,-0.301916271,-0.0159990061,-0.73191148,0.0315059833,0.0998238549,-0.449569672,0.953321576,-0.0115966164,-0.556226492,0.727314055,-0.643613636,-0.0306569692,-0.148496598
-0.754812241,0.99139607,0.731042027,-0.0502846055,0.0665507168,0.895925403,0.4363029,0.370622188,-0.321638733,-0.0439745449,0.649783432,0.0791185051,0.0450669117,-1.05508101,0.262096137,0.128263131,0.807709754,-0.255904466,-0.0147467852,-0.678541064,0.0331089608,0.105137631,-0.465385884,0.954455376,-0.00370913581,-0.534967244,0.775009155,-0.582935333,-0.0238631982,-0.123290576
-0.855113745,1.08574915,0.714161038,-0.0411140174,0.0666423514,0.887504041,0.454098105,0.393326014,-0.371928453,-0.0172703527,0.711002827,0.081555739,0.0436064824,-0.942583203,0.253981292,0.129740983,0.790189147,-0.22099857,-0.0136255575,-0.580876708,0.032785438,0.111267716,-0.415248454,0.891488314,-0.0252521038,-0.504395008,0.717564464,-0.497464687,0.00102349091,-0.130321264
-0.951098263,1.17746818,0.682480574,-0.0354355201,0.0695683807,0.884149611,0.460634351,0.336510569,-0.400221288,0.0103246495,0.81225127,0.0580251738,0.0462420173,-0.834114611,0.241275355,0.127588451,0.820161045,-0.195601285,-0.0132945739,-0.443331391,0.0304370224,0.117977917,-0.334805161,0.805340171,-0.0596215464,-0.473544031,0.590047121,-0.425130695,0.0316568129,-0.163634673
-1.04437876,1.26432645,0.711877942,-0.0351522379,0.0749626756,0.88829875,0.451741338,0.190020323,-0.395825267,0.018995652,0.906088293,0.0103784818,0.0537503622,-0.731924415,0.21908094,0.130074665,0.893173099,-0.183835149,-0.0133335032,-0.280455202,0.033009626,0.129959479,-0.241131335,0.72781831,-0.095026575,-0.446544677,0.429910123,-0.383249819,0.0516246818,-0.217378333
-1.13657713,1.35470533,0.72233218,-0.0369548798,0.0776653215,0.90120542,0.424771935,-0.034175396,-0.358297259,0.000146951948,0.971365631,-0.0544015504,0.0636722445,-0.59440577,0.181082174,0.137675926,0.970793009,-0.175620928,-0.0135178762,-0.108561188,0.0292430241,0.115857668,-0.133863881,0.676758766,-0.124313138,-0.422461838,0.262518167,-0.378202349,0.0527420007,-0.2841627
-1.2323612,1.45060873,0.714615822,-0.0405426547,0.0740662888,0.91825676,0.386878461,-0.315311998,-0.304655075,-0.0395481996,1.00266862,-0.12822336,0.0755224153,-0.414426446,0.14239499,0.140634671,1.03040862,-0.168604374,-0.0135177495,0.056807667,0.0219300594,0.100133687,-0.0193598457,0.661333144,-0.143994704,-0.403807253,0.10997232,-0.410579979,0.0281141847,-0.351542294
-1.32900131,1.55257165,0.695602119,-0.0456256084,0.06307704,0.932151496,0.353600293,-0.619358897,-0.266162813,-0.0820812285,1.0047816,-0.198326498,0.0836747214,-0.205044076,0.140052766,0.119335867,1.03730464,-0.162039891,-0.0137806507,0.203634173,0.014941779,0.0748676956,0.0975886285,0.683011115,-0.152744472,-0.388472706,-0.0179113206,-0.472929895,-0.0200686119,-0.411036968
-1.42755651,1.65874827,0.669226825,-0.051736597,0.0438182279,0.939638078,0.33538571,-0.873102129,-0.263576925,-0.112353824,0.985894442,-0.243223175,0.084393993,-0.00847823918,0.186427131,0.082044065,0.972501695,-0.150222138,-0.0152388597,0.329159915,0.0186209399,0.0518161692,0.216247931,0.73947227,-0.147266954,-0.376544774,-0.117994271,-0.556884825,-0.0841188505,-0.459536701
-1.5286231,1.76718616,0.681394279,-0.0562466532,0.0218819529,0.941199064,0.332418233,-1.01735115,-0.277269304,-0.13451992,0.947984338,-0.247525245,0.0812847987,0.166942328,0.255394101,0.0476920344,0.870242834,-0.129996583,-0.0195779148,0.430026948,0.0275765024,0.033894442,0.333529472,0.819382071,-0.128801018,-0.369589239,-0.185925469,-0.653743148,-0.150475308,-0.49398607
-1.63098407,1.8760891,0.737535596,-0.0571798049,0.00601170445,0.941465437,0.332170397,-1.06583405,-0.278058529,-0.157181293,0.879614115,-0.220394298,0.0774527565,0.339161277,0.319628626,0.0233049523,0.777535796,-0.104314998,-0.0256237332,0.488348663,0.0366256759,0.0288315229,0.446520925,0.896232009,-0.105311044,-0.364590287,-0.198454082,-0.736393511,-0.199547723,-0.509506106
-1.73410141,1.98546445,0.740846038,-0.0535441339,-0.00695229555,0.944364369,0.324438959,-1.03694534,-0.262711018,-0.17818433,0.791085005,-0.180000916,0.0726273656,0.490260094,0.374234825,0.00870325323,0.716753304,-0.0738582239,-0.0307142921,0.503488958,0.0393910445,0.0310991872,0.543097496,0.93172735,-0.0934484228,-0.350906283,-0.136353314,-0.757876873,-0.212591007,-0.504181623
-1.83588457,2.0953455,0.730772674,-0.049020879,-0.0196498837,0.949441016,0.309471548,-0.950989485,-0.232446894,-0.193503931,0.725950897,-0.144101992,0.067774795,0.588978112,0.423102438,-0.00512325484,0.712590396,-0.0470081866,-0.0318354741,0.457023531,0.0391274728,0.0415823497,0.587219656,0.901139796,-0.0984370634,-0.328341991,-0.021746004,-0.700352728,-0.183590904,-0.47181797
-1.93919086,2.20078468,0.711848497,-0.0434577279,-0.0265909899,0.953661084,0.296538085,-0.838397861,-0.206761628,-0.194942534,0.708363295,-0.118713863,0.0641719922,0.616386116,0.449167401,-0.0172100794,0.771351218,-0.0366708823,-0.0309954751,0.342179984,0.0362858474,0.0533972122,0.567709982,0.818285465,-0.127728119,-0.317307681,0.0967687592,-0.593635976,-0.12877202,-0.416927159
-2.03931355,2.30020261,0.698500335,-0.0389575623,-0.0304187909,0.954893053,0.292807609,-0.721950889,-0.185535535,-0.187326685,0.745381474,-0.102098249,0.0621070489,0.569145143,0.449857831,-0.0258237068,0.867405891,-0.0511463806,-0.0349915326,0.167321384,0.0330504254,0.0633898228,0.492660075,0.719855428,-0.166299924,-0.334736437,0.198803291,-0.494113088,-0.0794725195,-0.355111808
-2.12958527,2.39202166,0.726833045,-0.041029308,-0.0323346034,0.953122795,0.29804039,-0.612504065,-0.1565689,-0.183191672,0.815487087,-0.0945018679,0.0606731512,0.429366887,0.426637888,-0.0177869238,0.963647187,-0.089389123,-0.0441874638,-0.0451569185,0.0201806203,0.0851863474,0.395243198,0.631718338,-0.21639812,-0.371657461,0.288763732,-0.425326049,-0.0434179343,-0.302370399
-2.22677445,2.48961568,0.735295415,-0.0391107202,-0.0301074535,0.948911965,0.311656982,-0.456356019,-0.11502441,-0.182875112,0.887837946,-0.0887865722,0.0595855415,0.212967187,0.379924774,0.0152046261,1.0324837,-0.143463224,-0.0552121624,-0.258891344,0.0197425447,0.103816003,0.272387594,0.590082347,-0.216893956,-0.418963492,0.381771058,-0.398900449,-0.0223926734,-0.256720126
-2.3235755,2.58934641,0.722646892,-0.0326232091,-0.0199859571,0.943965316,0.327819794,-0.261737913,-0.0796146467,-0.176843107,0.935833454,-0.0840364322,0.0587160252,-0.0680608973,0.314658791,0.0723166913,1.06429803,-0.206804618,-0.065082036,-0.453485221,0.0304670315,0.117927752,0.134896889,0.585541964,-0.194377542,-0.473070532,0.479376614,-0.403371662,-0.0114346799,-0.211429104
-2.42049718,2.68438053,0.699181795,-0.0246405378,-0.00426322455,0.939019263,0.342954129,-0.0613651797,-0.0787441507,-0.154103264,0.932518959,-0.0791691914,0.0582000054,-0.392193317,0.240353286,0.148654252,1.0589819,-0.269306511,-0.0717006624,-0.609068215,0.0324021541,0.123194024,0.000374030409,0.611962855,-0.156242505,-0.515306771,0.566079617,-0.441520989,-0.0203806013,-0.168958738
-2.52260685,2.77921367,0.697658718,-0.0183210466,0.0172010679,0.936081707,0.350883782,0.113616295,-0.108107127,-0.1276903,0.8696118,-0.0700536445,0.0575808212,-0.683448076,0.182386562,0.224278018,1.02077949,-0.303071916,-0.0715115145,-0.713852465,0.0291227903,0.117837943,-0.126329169,0.668372869,-0.103128485,-0.545176625,0.641995251,-0.506209433,-0.0484475046,-0.127769396
-2.63167095,2.87752771,0.707215846,-0.0107762488,0.0392350256,0.934583247,0.353409708,0.272003472,-0.159478441,-0.103467017,0.781952262,-0.054368034,0.0586700775,-0.860614479,0.149403602,0.280800492,0.947360933,-0.289358735,-0.0668518618,-0.769887745,0.0316830985,0.107556887,-0.24665083,0.754767537,-0.0456391424,-0.562058866,0.719228566,-0.583698571,-0.0924955979,-0.088632673
-2.73975372,2.9790895,0.735705137,-0.00433824537,0.050442528,0.933083475,0.356078625,0.437716484,-0.205375344,-0.0891021267,0.710128784,-0.0362693109,0.0609531552,-0.932291329,0.141111061,0.30995506,0.849014997,-0.251450479,-0.0614727251,-0.789342284,0.0342041329,0.0985109955,-0.333025873,0.841100931,-0.00255787303,-0.553303957,0.78860265,-0.64774394,-0.138068184,-0.0513864048
-2.84645295,3.08487463,0.735645115,0.00188206823,0.0572684631,0.925943553,0.373289853,0.582057834,-0.240798384,-0.0794490501,0.668524861,-0.0155760245,0.0609560087,-0.927279115,0.136448741,0.319155306,0.765855014,-0.212758541,-0.0570970327,-0.746934414,0.036966227,0.0863244608,-0.355846226,0.882473707,0.0134990886,-0.516655862,0.829866588,-0.675988793,-0.170899749,-0.0174891613
-2.94720387,3.18897223,0.716415524,0.0104821613,0.0525514856,0.915601015,0.398501337,0.655002058,-0.268791884,-0.0641058758,0.704938233,0.000444778823,0.0578889549,-0.854024291,0.154933229,0.296486259,0.728471458,-0.17823647,-0.0534349121,-0.665151834,0.0331087559,0.0759713426,-0.311085939,0.865122557,0.00447289785,-0.463104934,0.822051466,-0.676949561,-0.171966404,-0.00649793632
-3.03948116,3.28794765,0.660262942,0.0205768645,0.0543017164,0.99799484,-0.0251837131,0.645343482,-0.307129413,-0.0343117341,0.803936303,-0.00939162634,0.0568722263,-0.759789646,0.187249735,0.26079908,0.749173582,-0.148089901,-0.0498562381,-0.548066676,0.033216238,0.0842073411,-0.229569703,0.811323881,-0.0207716972,-0.414732546,0.755240023,-0.672142327,-0.143444866,-0.0365626216
