2.87742257,-2.6517303,0.63870877,0.0155328074,-0.0182829797,-0.314949572,0.948805153,-0.600561321,0.0389045328,0.0347378217,1.48396838,0.0145961009,-0.000245277595,-0.647290885,0.072652474,0.290519387,1.06469524,0.00894045644,0.000712796289,-0.126536921,0.0268628839,0.042206157,-0.0525282472,0.457795501,-0.0351785831,-0.349249393,0.464088321,-0.448453248,-0.0431767404,0.0501072928
2.83972573,-2.62173176,0.633941412,0.0137834344,-0.0308334939,-0.336442858,0.941098034,-0.433050931,0.0263071358,0.0526696667,1.50098479,0.0294779185,-0.00106614258,-0.672450781,0.0907915384,0.294421911,1.01927185,0.0143616134,0.00117229938,-0.230917603,0.0245856866,0.0286499374,-0.0881078243,0.500800073,-0.0150343543,-0.364185631,0.541662812,-0.470927447,-0.0433109254,0.0500894263
2.80675769,-2.58459067,0.63579309,0.0156730581,-0.0459051244,-0.360329002,0.931563258,-0.251986146,-0.0297629293,0.0883522257,1.40559185,0.0364718623,-0.00204534573,-0.660148859,0.0896543637,0.312856585,0.937030971,0.0295796786,0.00140569382,-0.317670047,0.0204784088,0.0222597625,-0.103110805,0.560823858,0.00851555169,-0.378830314,0.621111512,-0.520656109,-0.060254138,0.0327545926
2.76675081,-2.54398155,0.643493652,0.0158686042,-0.054968033,-0.378117859,0.923987865,-0.127805665,-0.0953831375,0.106891423,1.23794734,0.0390480123,-0.00157070241,-0.638789713,0.0833276659,0.329536766,0.814777136,0.0500790365,0.00179467734,-0.358934999,0.0142382765,0.0164519846,-0.098906599,0.620711148,0.0178271849,-0.391218215,0.684618831,-0.561323583,-0.0814498663,0.00827157497
2.71661329,-2.50314212,0.666156292,0.00840067305,-0.0553217754,-0.389513612,0.919319332,-0.0738210529,-0.123657323,0.0892972127,1.0632323,0.0410997793,-0.000759990478,-0.61888057,0.08955089,0.333850145,0.702414453,0.0637422428,0.00191437546,-0.351208985,0.00923151616,0.0180019028,-0.0744643807,0.675636053,0.00806006044,-0.402842402,0.707444131,-0.565500319,-0.0909939781,-0.0238571465
2.6643908,-2.45420694,0.676419735,0.00961393118,-0.044513125,-0.40070805,0.915073335,-0.103992961,-0.146153837,0.0747732744,0.911289871,0.0413272716,-0.000611357158,-0.605728984,0.0670332164,0.347435415,0.656308591,0.0723624006,0.0017286106,-0.304385096,0.00980038941,0.032427609,-0.0252308045,0.712579012,-0.0150819886,-0.405846417,0.667042434,-0.539996803,-0.0805358216,-0.0709735528
2.60975218,-2.40385509,0.687659144,0.0100307623,-0.0286218692,-0.410333455,0.911431074,-0.179421633,-0.152305394,0.0568100289,0.826268256,0.0361153446,-0.000487455574,-0.589578152,0.0430046208,0.348918349,0.698915601,0.0794812888,0.00111301441,-0.236815453,0.00956018642,0.045692265,0.0419731438,0.722706199,-0.0442042276,-0.391332656,0.57160908,-0.505235136,-0.0540971644,-0.129929945
2.55915809,-2.35589767,0.684095383,0.00723516056,-0.0178285874,-0.413304895,0.910389423,-0.253801465,-0.142315343,0.0352399647,0.782790899,0.0279120598,-9.91358684e-06,-0.549979389,0.0150236664,0.337241024,0.833581626,0.0900293887,0.000118580014,-0.151355132,0.0108881006,0.0580302849,0.110596724,0.712744594,-0.0718197674,-0.359236479,0.449182421,-0.486018121,-0.0339585766,-0.193151787
2.51073909,-2.31190062,0.682457924,0.00160116085,-0.0129119875,-0.409298956,0.91230756,-0.335188627,-0.126672477,0.0166338347,0.769348741,0.0147921098,0.000362014776,-0.471101016,-0.0138299335,0.308374345,1.03096592,0.109150104,-0.000441941462,-0.0608799011,0.0107989823,0.0515875258,0.188732132,0.696207643,-0.0975666568,-0.319830269,0.319564313,-0.494528025,-0.0332451575,-0.253153712
2.4658339,-2.26952934,0.675421238,-0.00385850179,-0.0117120845,-0.399105132,0.916822255,-0.428146064,-0.120889246,0.00619582273,0.766352296,0.000971783127,-1.75354726e-05,-0.348659784,-0.0466418415,0.264324635,1.2332716,0.134083942,0.000265362265,0.0347305499,0.0103211962,0.0299800411,0.28880775,0.690682054,-0.11363329,-0.283262163,0.192984492,-0.530502975,-0.055061385,-0.312174827
2.42353463,-2.22784638,0.665488005,-0.0073000174,-0.0184317157,-0.385949522,0.922306836,-0.503269494,-0.12679483,0.000662136707,0.768631458,-0.00703766989,-0.000414470764,-0.182420358,-0.075549826,0.206197798,1.35349154,0.152534589,0.00285010715,0.149249539,0.0121710477,0.0193365309,0.406563342,0.705288947,-0.119961984,-0.26319769,0.0943444148,-0.593554199,-0.0984180421,-0.369201899
2.37951112,-2.18534827,0.654770136,-0.00870034751,-0.0298519377,-0.375464439,0.926315069,-0.54859066,-0.140155211,-0.0035748838,0.750065327,-0.00365920854,-0.000764888362,-0.00687626097,-0.0774152651,0.148194596,1.33061635,0.157374278,0.00436171796,0.267891198,0.0143065471,0.00918688904,0.514329374,0.74200815,-0.109588735,-0.26124835,0.0258255489,-0.680554986,-0.147613749,-0.409806103
2.33072996,-2.13964343,0.646924794,-0.00869660452,-0.0409844294,-0.368069649,0.92885381,-0.566594005,-0.150384709,-0.0113864569,0.687177956,0.012579225,-0.000889545889,0.121966824,-0.0519165099,0.112018831,1.20612502,0.152523205,0.00385549711,0.355104804,0.0131566888,0.00771680428,0.600378215,0.77558279,-0.0844448954,-0.267766118,-0.0114045162,-0.763674796,-0.182774976,-0.430303127
2.27549911,-2.09220862,0.645470977,-0.00920385122,-0.0496322401,-0.364020526,0.930022001,-0.563020229,-0.141064271,-0.0288686641,0.581930757,0.0387543365,-0.00211390201,0.187630743,-0.0178282559,0.0968686268,1.04440117,0.143381029,0.00295655779,0.387579471,0.0137483599,0.014577941,0.648135245,0.784536541,-0.0545996092,-0.275458664,-0.0209717117,-0.820814729,-0.187916979,-0.430254787
2.21602035,-2.0415833,0.681145847,-0.0084908884,-0.0505329967,-0.364703119,0.929712832,-0.555521309,-0.113096818,-0.0536016747,0.488367349,0.0574279986,-0.00396600319,0.187236071,0.0103800548,0.0943546444,0.886307955,0.131246805,0.00244754949,0.352872431,0.0158699304,0.0317294411,0.648328602,0.75641489,-0.0389608257,-0.285538197,-0.0118383877,-0.834798098,-0.159663677,-0.420417964
2.15283608,-1.98486662,0.694476068,-0.00332391425,-0.0390562899,-0.366603792,0.929551125,-0.550842047,-0.0801901221,-0.0732865334,0.453698367,0.0682131127,-0.0045432467,0.105028071,0.031680502,0.0995524973,0.753911197,0.115847468,0.00232050382,0.269886255,0.0191289894,0.0535659865,0.58632797,0.700508952,-0.0491412133,-0.299134552,-0.000142662582,-0.812405586,-0.118541896,-0.398458302
2.08994436,-1.92780888,0.709125161,0.00474240817,-0.0253082961,-0.368507862,0.929268003,-0.535866976,-0.0552358925,-0.0821982771,0.499169469,0.0715782419,-0.00356106088,-0.00866117049,0.0394831412,0.113504656,0.682258487,0.0962621942,0.00176703103,0.157625645,0.02607207,0.0797895566,0.472933084,0.647840858,-0.0687061325,-0.317201346,0.0149005614,-0.768327355,-0.0800554752,-0.35999462
2.02578402,-1.86832821,0.715975344,0.0111944601,-0.0119613418,-0.373773038,0.927375495,-0.506969213,-0.0263058543,-0.0871881396,0.617566466,0.0749163628,-0.000989125925,-0.139904067,0.0438874625,0.125696167,0.656764925,0.0728019848,0.00115023437,0.0289040972,0.0317516886,0.105402052,0.336472541,0.628468513,-0.0647213981,-0.332604885,0.0406172685,-0.724238276,-0.0538732894,-0.310335904
1.96755373,-1.81221437,0.712289572,0.0169704948,-0.0077302577,-0.382747918,0.92366451,-0.432766855,-0.000312269171,-0.0809048116,0.801040232,0.0898313969,0.00203132746,-0.269741476,0.0401786566,0.13968949,0.658797085,0.0481587499,0.00030753843,-0.0914756134,0.0410361104,0.113873884,0.197073475,0.643612027,-0.035120856,-0.353246063,0.0928806216,-0.694961131,-0.0383197777,-0.259470195
1.91545773,-1.76127803,0.703328192,0.0210263282,-0.0111372396,-0.39509818,0.918330729,-0.31711036,0.0246406924,-0.0636694357,1.01187932,0.111780047,0.00338190445,-0.391487151,0.0440335907,0.150039658,0.676785231,0.0259033665,0.000229284051,-0.191182926,0.0486815199,0.0881635472,0.0692783967,0.680041969,0.016586164,-0.378705382,0.185874388,-0.68080014,-0.0334557518,-0.205393955
1.86446607,-1.71252716,0.686425686,0.0204011612,-0.021088304,-0.411899507,0.910756767,-0.173587456,0.0330238976,-0.0299851578,1.17509711,0.129575014,0.00156593614,-0.497557044,0.0619489439,0.157731861,0.702131748,0.012192687,0.000848191557,-0.287540138,0.047410652,0.0631185621,-0.0348627791,0.723292708,0.076099664,-0.403562456,0.309434056,-0.677948654,-0.0380835347,-0.154514924
1.81470597,-1.66127622,0.669354081,0.0175793767,-0.0337257758,-0.425546974,0.904136837,-0.0269312486,0.0144250961,0.0117445216,1.20489573,0.136412561,-0.000530579826,-0.567173004,0.0833942741,0.167710677,0.710591555,0.0143942405,0.00170653977,-0.377167314,0.0434291624,0.0452949591,-0.114857912,0.769886017,0.127802804,-0.424589515,0.445012808,-0.683174074,-0.0517637841,-0.112538099
1.76299191,-1.60349858,0.656675816,0.017724948,-0.0453702025,-0.434154093,0.899520755,0.0806471258,-0.0283985622,0.0432758406,1.11289418,0.135707989,-0.0011567201,-0.604311764,0.0914858654,0.185382158,0.668460488,0.0332013518,0.00235004979,-0.44018501,0.040249221,0.0332201868,-0.166821554,0.807799876,0.159973502,-0.43699947,0.56719327,-0.683216453,-0.0725379437,-0.0830174014
1.70994627,-1.54249334,0.669757247,0.0197745524,-0.0541515537,-0.438562065,0.89684999,0.14780286,-0.0789114237,0.0599586181,0.966820896,0.131358698,-0.000787687954,-0.6196329,0.0882543921,0.206163526,0.58740586,0.0533605255,0.00306988135,-0.46143505,0.0405438393,0.0295039341,-0.193561554,0.830209613,0.16166611,-0.449074626,0.654613674,-0.659952998,-0.0936387852,-0.0655237883
1.65095806,-1.47766435,0.678634405,0.0232392568,-0.0552614629,-0.440554321,0.895722032,0.154900819,-0.115795076,0.0630223975,0.817832947,0.125869498,-0.000556953426,-0.627815247,0.0808193609,0.224925369,0.537408292,0.0669652447,0.00333572761,-0.435496867,0.0445093624,0.0397843868,-0.203739896,0.835414112,0.138531849,-0.46039024,0.684434772,-0.601671398,-0.101461619,-0.0620639697
1.58813393,-1.40886199,0.685257137,0.0294395201,-0.046187494,-0.444989055,0.893859506,0.0944699645,-0.144515961,0.0665152818,0.692778707,0.117148705,-0.000926819979,-0.632963002,0.0703249276,0.237906143,0.551179469,0.0749768391,0.00345224235,-0.38764447,0.0494642854,0.0484641753,-0.194643795,0.814727962,0.103069775,-0.466340721,0.637201488,-0.52340889,-0.0850439146,-0.0796834975
1.52468264,-1.33945787,0.693880916,0.0350854434,-0.0345765166,-0.447795182,0.892778218,0.0113160945,-0.161351413,0.0702024698,0.619514585,0.103317045,-0.00167574792,-0.633823395,0.0602040365,0.243350655,0.645430267,0.0794221684,0.00375830079,-0.318473309,0.0484152175,0.0707259774,-0.160170674,0.763207674,0.0614412762,-0.456742436,0.530341744,-0.447543323,-0.0511787198,-0.111608885
1.46112621,-1.27089441,0.699295282,0.0371910371,-0.0227508172,-0.442225218,0.895843804,-0.0953133255,-0.151041508,0.0650020018,0.577731967,0.0822949782,-0.00183770503,-0.619915307,0.0453536212,0.24307698,0.808468342,0.090030022,0.00289220246,-0.226060778,0.0407636426,0.0925239921,-0.11718981,0.693379819,0.0198680814,-0.432909369,0.400377631,-0.387516052,-0.0167854372,-0.153595209
1.39893126,-1.20522869,0.701019108,0.0383844785,-0.00969396345,-0.426542282,0.903600752,-0.235714704,-0.131586,0.0595461577,0.550651789,0.0566469617,-0.00217071059,-0.574557364,0.0199180003,0.238205358,1.01869655,0.112491652,0.000535631611,-0.124139398,0.0324897133,0.101965204,-0.0530279204,0.617874324,-0.0224337131,-0.402201563,0.262313426,-0.350603521,0.00345306587,-0.200364798
1.34003353,-1.14573765,0.691240907,0.037573792,-0.00345083675,-0.402386636,0.914691925,-0.373282582,-0.118395641,0.0567390174,0.537631154,0.0347136222,-0.00272880634,-0.474867165,-0.013118811,0.220965549,1.23810136,0.139612705,-0.000660252874,-0.011096444,0.0261287503,0.0906162038,0.0501272902,0.554718971,-0.0598701239,-0.366053522,0.129096925,-0.340576828,0.00369576411,-0.25403595
1.28413081,-1.08928573,0.672938049,0.0362068824,-0.00999922212,-0.376990467,0.925455153,-0.482817799,-0.128004909,0.060500931,0.534487605,0.0239184126,-0.00337013649,-0.317555517,-0.0388359837,0.182517618,1.38042712,0.160056219,0.000955422642,0.121329598,0.0261296481,0.0662210956,0.183797374,0.52882129,-0.0859590322,-0.335019737,0.0196932945,-0.365696579,-0.0187678989,-0.311104685
1.22805572,-1.03101504,0.65281868,0.0346024372,-0.022786811,-0.3574498,0.933012903,-0.553271294,-0.153178602,0.0666251257,0.516962647,0.0306511838,-0.00329869124,-0.152695596,-0.0395044908,0.139130712,1.37769341,0.167122036,0.00195841305,0.255482227,0.0294706468,0.0450310521,0.312232554,0.549263,-0.0936833769,-0.314194292,-0.0539518856,-0.422151536,-0.0566427261,-0.361487508
1.16460669,-0.971830547,0.637277961,0.031662371,-0.0315612443,-0.346123457,0.937123299,-0.599682927,-0.157822967,0.061023213,0.453105003,0.0542200506,-0.00344694452,-0.0421712212,-0.00677788723,0.10600438,1.26722682,0.163910195,0.00151385157,0.340404779,0.0260081086,0.042906262,0.410371214,0.592726648,-0.0782742128,-0.297478795,-0.0908710286,-0.489997923,-0.0879328325,-0.398561776
1.09675825,-0.91307503,0.659548104,0.0272490215,-0.03305839,-0.341688663,0.938836277,-0.629232764,-0.134641081,0.0410334431,0.378218174,0.0717584714,-0.00514168758,0.00520917634,0.0368503742,0.0913365781,1.11892211,0.154734001,0.000849585806,0.348402947,0.0196544249,0.0519598275,0.474262565,0.625453174,-0.0534255542,-0.285814464,-0.106805027,-0.557003021,-0.0972494856,-0.429897606
1.02378237,-0.846574247,0.666958392,0.0262115896,-0.0212210305,-0.338078201,0.940513492,-0.661404848,-0.107070446,0.0205471944,0.33785212,0.0838274881,-0.00627944106,-0.0334040187,0.0769414604,0.0931353942,0.983372211,0.14122802,0.000609229493,0.298177749,0.015456968,0.0632828996,0.487447262,0.624943197,-0.0452141725,-0.28516832,-0.0997009426,-0.607708275,-0.0866006538,-0.460041821
0.947308242,-0.777035117,0.683056593,0.0288198069,-0.00133768213,-0.329173237,0.943828702,-0.685207546,-0.0869727209,0.00585870538,0.359678626,0.0877606198,-0.00600492535,-0.137884572,0.104707181,0.106445879,0.90026933,0.118127003,0.000234814375,0.214635253,0.0142857721,0.0832836479,0.446907252,0.594462276,-0.0568840876,-0.295315206,-0.0694823489,-0.636465311,-0.070210889,-0.481693029
0.871573806,-0.708549261,0.697240353,0.0341551676,0.0148082143,-0.320831805,0.946404278,-0.682497323,-0.0649700016,-0.00393929612,0.451591909,0.0883257166,-0.0032237065,-0.273915946,0.107312255,0.127236068,0.871146679,0.0875463486,-0.00145732414,0.108697459,0.0142118465,0.100968301,0.364031762,0.55145663,-0.0774736106,-0.315612853,-0.0275589898,-0.639730096,-0.0449568816,-0.497627318
0.799376667,-0.641459465,0.702785969,0.0388880074,0.0225158576,-0.320092171,0.946320117,-0.639555752,-0.0337051563,-0.0123302471,0.601975262,0.0944669619,0.00318988995,-0.443089157,0.095577985,0.148403734,0.870945632,0.0543502606,-0.00337117538,-0.00419987831,0.0164310392,0.107474439,0.255878061,0.508232594,-0.094500944,-0.342084408,0.0216311403,-0.626253545,-0.0198639836,-0.503041267
0.732902348,-0.579347193,0.691507399,0.0414456166,0.0259489082,-0.329447716,0.942906737,-0.554710627,0.00691843824,-0.0227126312,0.800277472,0.108901724,0.0101042585,-0.604945302,0.0861873925,0.164653718,0.879138172,0.0292712469,-0.00412209518,-0.108585067,0.0199026614,0.0967106372,0.138320372,0.475316703,-0.100150742,-0.374265105,0.0907870829,-0.598248303,0.00608694367,-0.501181126
0.671697021,-0.521301866,0.679549098,0.0369763449,0.0168606788,-0.348790258,0.936319351,-0.416937262,0.0400716588,-0.0262731723,1.0146904,0.128008634,0.0129004018,-0.713364601,0.0970137864,0.169592053,0.884952426,0.0171732008,-0.00368526392,-0.20586732,0.0256868973,0.07448522,0.0331855491,0.456799835,-0.0924537852,-0.406871587,0.184369057,-0.561487138,0.0333153382,-0.498462528
0.612983108,-0.462916225,0.648789287,0.0250301622,-0.00240211794,-0.370574147,0.928462446,-0.249798134,0.0443200842,-0.0152559141,1.15977502,0.140324622,0.0120051727,-0.76656127,0.12493331,0.168793336,0.865540028,0.0213772766,-0.00294239353,-0.298094004,0.0340421014,0.050541833,-0.0487677865,0.459812522,-0.0786583349,-0.435602337,0.294098645,-0.526734352,0.0574830137,-0.499740839
0.551369607,-0.401727527,0.633264363,0.0149269113,-0.01903967,-0.384996951,0.922600627,-0.107500777,0.0176325943,-0.00329910289,1.17522383,0.140907645,0.0111401817,-0.7748335,0.143961102,0.175292984,0.78914535,0.0425628498,-0.00231070118,-0.35826242,0.0422638804,0.0332590006,-0.100146689,0.482554406,-0.0670859665,-0.462183595,0.412809253,-0.5007779,0.0731991753,-0.503933728
0.487778306,-0.336236328,0.675463855,0.00985648483,-0.029677771,-0.39192149,0.919467032,-0.0151772639,-0.0229082014,0.000759415503,1.10729706,0.135353416,0.0109386863,-0.776685238,0.140786782,0.194587424,0.687876284,0.0593033694,-0.000925954955,-0.358775824,0.0497634821,0.0406388454,-0.121429637,0.511791408,-0.0670828968,-0.488945037,0.52166307,-0.470055997,0.0760493353,-0.506605506
0.417296946,-0.265963584,0.674776793,0.00989456289,-0.0272223353,-0.396637619,0.917518198,-0.00861513987,-0.0574823059,-0.00336201326,1.00134432,0.126261413,0.0105119087,-0.790494144,0.124891192,0.215438291,0.627804875,0.0702116564,0.000106172018,-0.308174312,0.0564193055,0.052862905,-0.110142164,0.534634352,-0.0774562359,-0.510385275,0.582125008,-0.429402769,0.0721007437,-0.50836587
0.341204107,-0.190907955,0.673459649,0.00958747137,-0.0120674418,-0.402806401,0.91515547,-0.0779711679,-0.0750666261,-0.015381257,0.894553542,0.11024674,0.00982978009,-0.810465157,0.117267989,0.223049685,0.645332813,0.0748082772,9.65731233e-05,-0.232190087,0.0584910996,0.0641602427,-0.0695287138,0.543537974,-0.0948104858,-0.510365307,0.562463403,-0.388621598,0.0692350343,-0.50728476
0.265388608,-0.116883427,0.683652222,0.00612548087,0.002651321,-0.405849218,0.913915634,-0.161808789,-0.0624509268,-0.0399608836,0.828960061,0.0880511254,0.0102239456,-0.812029302,0.120739855,0.215258792,0.759615719,0.0803867653,-0.000435540773,-0.133237973,0.0599930324,0.0848185346,-0.012562084,0.540554345,-0.11287567,-0.484607309,0.483751595,-0.356740654,0.0662526116,-0.507852256
0.191758901,-0.0455969237,0.696969271,0.0011875577,0.0131793832,-0.401671171,0.915688336,-0.290973037,-0.042471081,-0.0598062687,0.7869398,0.0599189512,0.010462272,-0.770905256,0.124508984,0.192883492,0.954506099,0.0977052376,-0.0002596821,-0.0174272265,0.0618157014,0.0939667374,0.0538218878,0.535364687,-0.128230333,-0.444206923,0.378776282,-0.341604024,0.05527642,-0.51334691
0.122122772,0.0219548829,0.696615458,-0.00406945497,0.0176545978,-0.387606353,0.921646953,-0.432440937,-0.0297876708,-0.0747803226,0.753459632,0.036583133,0.00998121034,-0.666994214,0.123290531,0.155849352,1.19510365,0.127752185,0.000182475502,0.105753593,0.064101465,0.0815290734,0.143483624,0.538527608,-0.14002642,-0.401037782,0.273450047,-0.346815556,0.0314707048,-0.524533451
0.0567603894,0.0829524249,0.684868991,-0.00820282008,0.0115765361,-0.366369635,0.930361211,-0.543752551,-0.035635218,-0.0821531788,0.717542768,0.0260197967,0.00891810469,-0.491978168,0.123916827,0.101339512,1.40521324,0.158570975,0.00246838504,0.229914144,0.0646421835,0.0544926412,0.258785099,0.558237553,-0.146963492,-0.361288756,0.180853084,-0.371838272,-0.00596501073,-0.538751364
-0.00868559536,0.142084673,0.670748591,-0.0115067288,-0.00191419676,-0.347278267,0.937689543,-0.599387109,-0.0548834428,-0.0838581994,0.656437933,0.0329313651,0.00798862614,-0.287020952,0.137881994,0.0423187278,1.46637833,0.173768505,0.00452596834,0.341996849,0.0659451932,0.0299151521,0.383276045,0.603553295,-0.139968202,-0.328497708,0.106018126,-0.419152647,-0.0515898466,-0.553877175
-0.0762822405,0.201619625,0.667716563,-0.0131877484,-0.0137171345,-0.335602045,0.941811681,-0.626946092,-0.0697019547,-0.0867519304,0.560971737,0.0503520519,0.0070583229,-0.111988217,0.164533988,0.00897672959,1.37630844,0.174804166,0.00407824945,0.415079892,0.0658972263,0.0239219256,0.493184775,0.66313684,-0.113039851,-0.30301553,0.0458624624,-0.485400736,-0.0909394771,-0.571559489
-0.149161667,0.266122907,0.686418235,-0.0125628728,-0.014375506,-0.332335144,0.94296813,-0.651932359,-0.0719233006,-0.0948557779,0.484256953,0.0632984415,0.00593405403,-0.0155676799,0.185973033,0.0120494841,1.21781957,0.169149265,0.00286764419,0.422979385,0.0641149953,0.0450300798,0.575460136,0.700681865,-0.082557492,-0.284670472,-0.00516255898,-0.564421773,-0.11700622,-0.596890569
-0.227303401,0.335744381,0.67034781,-0.00798987877,-0.00546591915,-0.328352034,0.944505811,-0.665115774,-0.0649370998,-0.102919213,0.468624443,0.0726182163,0.00518779038,-0.00287261489,0.198125929,0.0361010656,1.05755854,0.160381958,0.00191103457,0.387387812,0.0645663366,0.0586366355,0.597521544,0.699084222,-0.0704496652,-0.278351665,-0.0348186046,-0.63731277,-0.133354932,-0.615790308
-0.306619078,0.408307344,0.659671843,0.00162640517,0.00613204343,-0.325782716,0.945423424,-0.670676887,-0.0662564635,-0.101543829,0.534656763,0.0751555189,0.00498662284,-0.0536067411,0.190708667,0.0741561055,0.928174794,0.149057284,0.000889215851,0.310893834,0.0626351908,0.0711525232,0.559276819,0.65395242,-0.0805597529,-0.279268265,-0.0343820378,-0.674845099,-0.141115993,-0.618260205
-0.386477113,0.481411844,0.676079452,0.0124120712,0.0167529341,-0.325792193,0.94521147,-0.661786318,-0.0656676143,-0.094326891,0.673455834,0.0788168237,0.00583944656,-0.137234673,0.17438966,0.109090328,0.861661017,0.126926824,-0.00104598352,0.206875071,0.0668249354,0.0883178115,0.477864683,0.587732077,-0.0982134715,-0.280121446,-0.00940913148,-0.690266848,-0.137474462,-0.601079524
-0.463413626,0.551917434,0.693061292,0.0223339368,0.0258422494,-0.331722796,0.942758381,-0.620256901,-0.0548059568,-0.0851554796,0.874940157,0.0956356302,0.00746503426,-0.275065213,0.153460875,0.138011292,0.83362478,0.0952476189,-0.00354936346,0.0936957747,0.0726289153,0.0970948413,0.373874158,0.526842356,-0.105436981,-0.286820203,0.0361403115,-0.683973134,-0.130884588,-0.574985027
-0.534618556,0.616899729,0.698665977,0.0280605946,0.0296024345,-0.345323712,0.937596858,-0.526407778,-0.0325396918,-0.0751765296,1.1126889,0.122956492,0.00783225615,-0.441478372,0.145947918,0.155121207,0.825379312,0.0621457584,-0.00475525437,-0.0120650046,0.07633847,0.0924862251,0.254697561,0.482481956,-0.0957654566,-0.303445458,0.11043299,-0.658981979,-0.118706658,-0.542166054
-0.600761533,0.674582362,0.6866014,0.0269315373,0.0273356531,-0.365975291,0.929833114,-0.376682103,-0.00335864653,-0.062645115,1.32043517,0.148564845,0.00682618236,-0.591522932,0.15569286,0.163190275,0.830423176,0.0379458331,-0.0051354724,-0.116421521,0.0758806765,0.0785653442,0.13685818,0.458251834,-0.0665371194,-0.328310728,0.221784338,-0.624084532,-0.1013721,-0.50657326
-0.664491951,0.729660809,0.666215181,0.0189149342,0.0190233868,-0.382940769,0.923383296,-0.195374131,0.0119454619,-0.0464204066,1.38502598,0.158696741,0.0055369162,-0.686354041,0.183659002,0.160573065,0.824976027,0.0306704435,-0.0044348496,-0.216810614,0.0726566687,0.0593568832,0.0312949866,0.470664471,-0.0258389488,-0.3629134,0.361573488,-0.59380877,-0.0844729319,-0.471851498
-0.731571138,0.789126933,0.649041414,0.0109465886,0.011928712,-0.392131865,0.919766545,-0.0486805029,-0.00162149034,-0.0388498008,1.29464078,0.154541001,0.00571687659,-0.741731942,0.207422927,0.162585944,0.772372425,0.0421741791,-0.00374683645,-0.296264231,0.0716380477,0.0448514,-0.0418193564,0.512232065,0.0149825597,-0.396849841,0.499326617,-0.578594327,-0.0749751851,-0.442138642
-0.797343254,0.852953911,0.651422858,0.00721501326,0.00555239944,-0.394213647,0.918973744,0.0460679494,-0.0341779366,-0.0399160013,1.13809562,0.143982261,0.00676721707,-0.758297622,0.204257131,0.178067639,0.677179813,0.0614610277,-0.0026590582,-0.323368698,0.0701644942,0.0375838466,-0.0939823985,0.563844502,0.0392371081,-0.427169174,0.614786565,-0.56338501,-0.0725792348,-0.413107336
-0.869855702,0.921298385,0.667065501,0.00568062952,0.007701586,-0.392672569,0.919628561,0.0759757683,-0.0580123179,-0.0542316623,0.97112608,0.132820368,0.00756131299,-0.768402815,0.192138344,0.195464939,0.599463046,0.071302779,-0.00178091496,-0.288852096,0.0686429664,0.0376978442,-0.129650697,0.612598598,0.0443243906,-0.451270401,0.685171604,-0.539188921,-0.0668980926,-0.385791391
-0.946645379,0.992094755,0.674170256,0.00720282923,0.0184632279,-0.394436449,0.918709457,0.0393697396,-0.0799346939,-0.0642168298,0.818136334,0.121141665,0.00740434136,-0.766273558,0.176451325,0.206292391,0.578905821,0.0782000497,-0.00144481298,-0.225325808,0.0707805902,0.0386847705,-0.139421642,0.646835804,0.037971206,-0.462880015,0.688243032,-0.507421434,-0.048289299,-0.368299633
-1.02464044,1.06542563,0.683985651,0.0087306276,0.0326302685,-0.39949438,0.916113138,-0.0397960953,-0.094535403,-0.0704491362,0.709672213,0.105580769,0.00676949229,-0.761069477,0.171983123,0.204404458,0.635306418,0.0815148354,-0.00127902429,-0.146969214,0.0664964095,0.0480096787,-0.121539332,0.659443319,0.0226042606,-0.456922501,0.623006821,-0.481212288,-0.0251764003,-0.363958895
-1.10324931,1.13770509,0.694425583,0.00823834725,0.0459203199,-0.402033806,0.914435506,-0.133092508,-0.0819287896,-0.08463981,0.647819042,0.0838599652,0.00710311998,-0.7458781,0.173475131,0.194330916,0.769065797,0.0886808336,-0.00133577746,-0.0545842126,0.0588097908,0.0596675761,-0.0841482431,0.650746703,0.000423864811,-0.432487875,0.520531356,-0.460750401,-0.00709379278,-0.369458109
-1.17710149,1.20656574,0.706239164,0.00443983078,0.0540139899,-0.398798317,0.915435791,-0.264457077,-0.0577732064,-0.0989287049,0.615557134,0.0551585443,0.00806039479,-0.69858402,0.173085436,0.176504329,0.960157573,0.106360182,-0.00153576303,0.0409877487,0.0484007113,0.0594502985,-0.0234836508,0.63100183,-0.0233497918,-0.399349868,0.402716517,-0.457365602,-0.00548266806,-0.382545143
-1.2466805,1.27144897,0.706867337,0.00184983108,0.0575011633,-0.386741489,0.920391858,-0.413044274,-0.0399596542,-0.109024622,0.597296298,0.0286459178,0.00855542906,-0.605169058,0.159889281,0.156772181,1.16754472,0.131215841,-0.00233953842,0.134925023,0.0387659371,0.0351844504,0.0754263401,0.609086275,-0.0480786301,-0.362202168,0.284081846,-0.46910131,-0.0211091526,-0.400504202
-1.30989814,1.33192194,0.694304705,0.00254272507,0.0515889525,-0.36685279,0.928843975,-0.53582257,-0.047595039,-0.107838616,0.586005569,0.0148937386,0.00806742534,-0.451468796,0.136270329,0.1345862,1.32061291,0.153500751,-0.00218017492,0.237569615,0.0274799466,0.00925060641,0.211247638,0.591076136,-0.0731151178,-0.326769263,0.18398805,-0.497953147,-0.0545064099,-0.421065897
-1.37404394,1.39132047,0.676769793,0.00449456554,0.0410356335,-0.346771717,0.937040687,-0.623545051,-0.0749201477,-0.0992310941,0.559280097,0.0192445386,0.00718370732,-0.283788562,0.12160296,0.112661645,1.34298861,0.163346797,-0.00166616472,0.343436807,0.0210089907,-0.0188281946,0.353750855,0.600426435,-0.0832969397,-0.297760159,0.110757485,-0.549120247,-0.0973725319,-0.440987438
-1.4420085,1.45124352,0.662570715,0.00784669351,0.0312072206,-0.334699571,0.941775322,-0.680717826,-0.0953833759,-0.0948628709,0.491362363,0.0402084589,0.00627034158,-0.153764278,0.124145672,0.103582218,1.25351274,0.161866069,-0.00235368009,0.414480746,0.0166621394,-0.0241677966,0.482175499,0.627586246,-0.0713641644,-0.275340587,0.0578723438,-0.620282829,-0.135676503,-0.466028363
-1.51378798,1.51343536,0.687073529,0.0121193966,0.0301000345,-0.329268366,0.943678677,-0.724689901,-0.0999871492,-0.0993942395,0.418590933,0.0554769412,0.00488440599,-0.0798520595,0.132306486,0.108975142,1.11562645,0.154930785,-0.00338199129,0.432050288,0.00882315822,-0.00533440989,0.585180044,0.640592098,-0.0531556085,-0.262737691,0.0182762705,-0.701241434,-0.157700956,-0.496521831
-1.59030986,1.58118343,0.672279656,0.0175503734,0.039783936,-0.324942678,0.9447335,-0.758021891,-0.0901820511,-0.107496798,0.385876298,0.0647653639,0.00377704599,-0.079596892,0.139783919,0.124359593,0.972051144,0.145734355,-0.00402886048,0.401598334,0.00011969504,0.0151770124,0.640831292,0.622009277,-0.0526445247,-0.268283367,-0.0105314795,-0.774547398,-0.167742014,-0.527179062
-1.67027187,1.65137494,0.672574222,0.0240664128,0.0561426654,-0.319558412,0.945595682,-0.786548972,-0.0811178461,-0.113796249,0.419596583,0.0666141063,0.00328045106,-0.142856717,0.144766301,0.142503291,0.851745427,0.131929308,-0.00433563767,0.333855718,-0.00297465059,0.0293614268,0.638505757,0.578971386,-0.0674193576,-0.285333008,-0.0111442916,-0.815196812,-0.170681447,-0.554543257
-1.75012422,1.72093594,0.688198984,0.0321661197,0.0730202571,-0.313604593,0.946195304,-0.802783489,-0.0712393001,-0.116702333,0.523964703,0.0674645677,0.0026233322,-0.237679631,0.136341706,0.162348062,0.786326587,0.10719873,-0.00534554245,0.235724762,-2.65439394e-05,0.0396495797,0.587080359,0.520612836,-0.0879355296,-0.301010013,0.0135988556,-0.812454939,-0.165871948,-0.572544813
-1.82711577,1.78818834,0.701032698,0.041421026,0.0813387632,-0.312215894,0.945615947,-0.781967878,-0.0541213378,-0.114741497,0.689593136,0.0765965879,0.00190972711,-0.384189904,0.1111665,0.185670972,0.758816242,0.0750347599,-0.00745020993,0.121453188,0.00587360561,0.0484564751,0.498359501,0.45990935,-0.106134646,-0.3118141,0.0603275523,-0.77414912,-0.15017581,-0.575124085
-1.89744353,1.85097718,0.703087449,0.0485162511,0.0840002224,-0.32175824,0.941839576,-0.709563732,-0.0250377189,-0.110134661,0.900814652,0.0965485573,0.00138299447,-0.545774221,0.0910255909,0.203218073,0.750510156,0.0460568927,-0.00841527805,0.00246067485,0.0102907419,0.0485578068,0.380966395,0.406983972,-0.114726275,-0.328738302,0.13149856,-0.714046955,-0.12442629,-0.563873112
-1.96010602,1.90988576,0.691301167,0.0512276441,0.0766445026,-0.342590302,0.934950948,-0.575231373,0.00145096134,-0.0927975252,1.11844277,0.121385664,0.000254790735,-0.678163588,0.0823936686,0.213902175,0.753342569,0.0280171894,-0.0082638422,-0.113755174,0.0181553084,0.0293240286,0.254448503,0.376166493,-0.103498541,-0.353900403,0.228866443,-0.641520679,-0.0898731053,-0.543684363
-2.02015638,1.96853948,0.673448026,0.0500555448,0.0632875413,-0.368403107,0.926157832,-0.40390408,0.00404028315,-0.0557714216,1.24828994,0.13859123,-0.00188128056,-0.766692281,0.0942546576,0.216531083,0.743076742,0.0258315057,-0.00707411394,-0.231805474,0.0212802216,0.0153324893,0.127907827,0.379098773,-0.0704372153,-0.386312187,0.344031692,-0.577102005,-0.0598643944,-0.523611903
-2.08129334,2.0315671,0.657734692,0.0514366254,0.0509402156,-0.390000284,0.917964637,-0.254713237,-0.0331495665,-0.0116448151,1.22880137,0.141461074,-0.00312928832,-0.819332659,0.104912184,0.222658694,0.689362943,0.0415773168,-0.0059213466,-0.326555163,0.0241737142,0.0122509906,0.0108514838,0.419209659,-0.026714623,-0.426614553,0.453615427,-0.539065063,-0.0395607837,-0.508979499
-2.139642,2.09637189,0.66817081,0.0524288826,0.0383265391,-0.403708071,0.912579894,-0.133398756,-0.088908568,0.0177736208,1.11593211,0.137780607,-0.00271047372,-0.840194046,0.100797944,0.236126885,0.609010041,0.0592307113,-0.00466009881,-0.372096151,0.0272039957,0.0125109004,-0.0881396234,0.483866781,0.0197728351,-0.466956824,0.548695445,-0.530494273,-0.0465554893,-0.498477906
-2.20162368,2.16258955,0.665317059,0.0564571433,0.0338859409,-0.410179675,0.909624636,-0.0669186711,-0.137200281,0.0297885071,0.96493715,0.133065298,-0.00198101299,-0.845213115,0.0837322995,0.252647519,0.559452057,0.0712857768,-0.00382905221,-0.361145526,0.0306777172,0.0222631805,-0.173994154,0.560458422,0.0580100492,-0.502037287,0.620380521,-0.517773569,-0.0563939884,-0.489172518
-2.27001143,2.23283505,0.661754131,0.0584332161,0.0388466194,-0.414587229,0.907300353,-0.065324679,-0.165850207,0.0262179133,0.81515044,0.127305612,-0.00155339646,-0.838088095,0.0636548027,0.263399333,0.570928216,0.0798959062,-0.00352793373,-0.309928149,0.0312900543,0.0384694226,-0.229018793,0.624267757,0.0817978308,-0.522678375,0.641013801,-0.486936748,-0.053103976,-0.485494137
-2.34282231,2.30493498,0.665311813,0.0593745261,0.051409997,-0.416536242,0.905720234,-0.10716515,-0.17001158,0.0132278372,0.700834632,0.115565024,-0.00128500082,-0.833028853,0.0537947714,0.26402247,0.6592291,0.0862301365,-0.00373579003,-0.231938615,0.0300437026,0.0522068888,-0.233612254,0.654028714,0.0945085585,-0.521236479,0.602596283,-0.448697954,-0.0398714095,-0.484891504
-2.41460991,2.37509632,0.678256571,0.0561240129,0.0626500472,-0.414378107,0.906209588,-0.180718347,-0.152045682,-0.0023727268,0.632588923,0.0941228718,-0.000608113711,-0.813199639,0.048785653,0.25510788,0.830292225,0.099008508,-0.00434477348,-0.137536079,0.0289888382,0.068479903,-0.199947819,0.650710762,0.0890073478,-0.503997326,0.522042871,-0.414420247,-0.0245392565,-0.489950955
-2.48115754,2.43868089,0.692460239,0.051844202,0.0700282902,-0.404721051,0.910279691,-0.29255569,-0.125702515,-0.0145240873,0.588205159,0.0667907,-0.000140778517,-0.752237618,0.0508029684,0.227374375,1.05606532,0.122675933,-0.00257986388,-0.042726431,0.0242617838,0.0752346739,-0.133550465,0.623752654,0.0683101118,-0.475080073,0.421594232,-0.385673195,-0.00972143281,-0.501699388
-2.54311204,2.49827886,0.697509408,0.0483170822,0.0726136565,-0.387278736,0.917827845,-0.422078729,-0.110996395,-0.0199294053,0.560321867,0.0418100767,-0.000475427194,-0.652883947,0.0550681725,0.181738019,1.28024316,0.146256372,0.000658178469,0.0546602309,0.0146400146,0.0786720067,-0.0333367735,0.575449288,0.0392049663,-0.434578419,0.299589992,-0.372611195,-0.00696611963,-0.514469862
-2.60295653,2.55387616,0.691315591,0.0453837067,0.0705315471,-0.364501119,0.927418232,-0.534065247,-0.110488705,-0.0214402303,0.539536476,0.0276631638,-0.00113548839,-0.508424938,0.0663397908,0.121653602,1.42186439,0.162820056,0.00382052967,0.161975235,0.00979083776,0.065285787,0.0938327014,0.531562924,0.00643034233,-0.396331429,0.18228434,-0.381730586,-0.0213882923,-0.529643953
-2.66040945,2.60628724,0.68058908,0.0433123484,0.0645358935,-0.344210029,0.935670137,-0.60357374,-0.118895337,-0.0222065374,0.509275496,0.0294098537,-0.00149780803,-0.334490627,0.0905239806,0.0694193542,1.40597749,0.168878987,0.00484506693,0.267943799,0.0073327776,0.0502148829,0.229908317,0.510020614,-0.02121922,-0.363862485,0.0866629779,-0.420667648,-0.0519470088,-0.545706987
-2.72043037,2.65976071,0.67566067,0.0424255468,0.0595344864,-0.330718338,0.940893769,-0.647283554,-0.124054372,-0.0267692879,0.452741235,0.0418388247,-0.00185452297,-0.195003211,0.128121942,0.0409409888,1.26718855,0.167359501,0.0036054852,0.341794133,0.00246507837,0.0428361334,0.34706673,0.515689909,-0.0323056951,-0.337127656,0.0160675254,-0.481035918,-0.0802388266,-0.569180608
-2.78364563,2.71700501,0.688792169,0.0438564941,0.0614633486,-0.323296517,0.943280578,-0.669475734,-0.12061473,-0.0351983793,0.413147807,0.0520288721,-0.00217803777,-0.118533447,0.15876928,0.0383815058,1.08496904,0.161383003,0.00218666694,0.36597693,-0.00171622576,0.0487932079,0.437373191,0.533803463,-0.0288124438,-0.318069667,-0.0439136997,-0.560454905,-0.101748593,-0.60130626
-2.84895205,2.77826238,0.679816425,0.047654666,0.0694876388,-0.319801211,0.943730712,-0.683320582,-0.108381517,-0.0473836362,0.41994822,0.0573032238,-0.00218680361,-0.104718976,0.17352955,0.0519166775,0.912859857,0.153301939,0.00119321106,0.341590375,-0.00188937294,0.061433848,0.502654254,0.541564465,-0.0187875852,-0.308952332,-0.0837567747,-0.637463331,-0.119977839,-0.635060132
-2.91804671,2.8411305,0.661409497,0.0538234673,0.0805773661,-0.315434843,0.943986833,-0.688186347,-0.0876499861,-0.0620121434,0.485762686,0.0581945516,-0.000981670222,-0.141734585,0.177980915,0.0694096908,0.782456815,0.142635226,0.000567099079,0.279617369,0.00285649369,0.0677382275,0.534692943,0.521603286,-0.023231186,-0.308112383,-0.091791369,-0.680100024,-0.132896453,-0.65854007
-2.98888779,2.90351725,0.672006845,0.0620513558,0.0904263258,-0.310235858,0.944312692,-0.675425351,-0.0628637522,-0.0764579102,0.61823976,0.0615713261,0.00271627354,-0.208066717,0.167183608,0.0909285843,0.711975515,0.121656433,-0.000790038961,0.192251772,0.0156789087,0.0762646049,0.51584053,0.490274549,-0.0335312299,-0.307001829,-0.0666491389,-0.677486718,-0.136611581,-0.656208277
