1.34421635,1.34093666,0.0687234551,-0.382105827,0.59697789,0.59216553,0.383343935,-0.199143499,0.151724324,-0.156606928,0.335304022,0.0608398765,-0.000829891185,0.295713603,-0.109103829,-0.00678629661,-0.0872669965,0.1519081,0.0021175819,-0.286958307,0.0186568107,0.157954842,0.35359934,-1.58819997,-0.316126168,-0.62324214,-0.460053623,1.58819997,1.09502244,-0.0223771948
1.34376562,1.34235656,0.0718524829,-0.386134118,0.594574213,0.592024028,0.38326174,-0.200207755,0.154649004,-0.157053947,0.334520668,0.0607289113,-0.000841459667,0.297793657,-0.102796778,-0.00646315608,-0.0865441784,0.151205555,0.00210486702,-0.292251438,0.0121524064,0.147759423,0.356224209,-1.58819997,-0.313829362,-0.620157182,-0.443590313,1.58819997,1.07900798,-0.0333964415
1.34087074,1.34375536,0.0644802675,-0.387730271,0.594201565,0.589948893,0.385421753,-0.202480301,0.151842579,-0.155462563,0.333187491,0.0605703183,-0.000834170263,0.294998497,-0.104863584,-0.0048889732,-0.0872546732,0.150521368,0.00209843786,-0.296370417,0.0110071944,0.145861685,0.358228445,-1.58819997,-0.312621802,-0.618421853,-0.429685593,1.58819997,1.06680095,-0.0434032157
1.34057713,1.34412777,0.0644524544,-0.389104664,0.595180392,0.587340057,0.386509448,-0.20186235,0.147782668,-0.15342173,0.332777441,0.0605413653,-0.000829328841,0.292054355,-0.111001514,-0.00274803233,-0.0872669667,0.149813771,0.00209157146,-0.305177182,0.0130204307,0.143669233,0.362078995,-1.58819997,-0.310055107,-0.616789997,-0.421290606,1.58819997,1.06104779,-0.0469797999
1.34085262,1.34408712,0.0656536147,-0.38991183,0.595082283,0.586596668,0.386975735,-0.200931683,0.145688161,-0.152123645,0.332579821,0.0605765022,-0.000838360051,0.289890915,-0.11395923,-0.00104514102,-0.0872669965,0.149144381,0.00208490435,-0.309758127,0.0124593694,0.142130658,0.365557313,-1.58819997,-0.307568282,-0.615161479,-0.414994895,1.58819997,1.05787921,-0.0489707962
1.33973348,1.34407628,0.0660891086,-0.390084535,0.595272899,0.586051762,0.387333959,-0.200504914,0.143745929,-0.150891453,0.332198292,0.0605931804,-0.000839425484,0.28932336,-0.116767861,0.000701162324,-0.0869949684,0.14852646,0.00207818649,-0.312112629,0.0111895083,0.140863508,0.368336469,-1.58819997,-0.30562675,-0.613775194,-0.41054821,1.58819997,1.0567292,-0.0501656048
1.34052861,1.34412861,0.0664193109,-0.390322238,0.595169127,0.585713267,0.387765557,-0.199989572,0.14354001,-0.150316924,0.331879348,0.0606589392,-0.000849286444,0.28874734,-0.117188811,0.00200536498,-0.0866552144,0.14794977,0.00207011169,-0.313883007,0.0100323819,0.139955625,0.370439112,-1.58819997,-0.304250985,-0.612648606,-0.406967163,1.58819997,1.05660748,-0.0504775606
1.34057617,1.34427655,0.0661064759,-0.390132487,0.595222175,0.58568722,0.387914538,-0.198935091,0.143136665,-0.149646863,0.331757218,0.0607391074,-0.000854382233,0.288919747,-0.117737286,0.00331554329,-0.085966222,0.147408575,0.00206244108,-0.314935505,0.0090861544,0.139652923,0.372310042,-1.58819997,-0.302992523,-0.611219704,-0.403924167,1.58819997,1.05705237,-0.0505383089
1.33974206,1.34418142,0.0656507388,-0.390088469,0.595247924,0.585598826,0.388052732,-0.198268905,0.142520174,-0.148937181,0.331472516,0.0607978255,-0.000856217521,0.289335549,-0.118461631,0.00467973948,-0.0853199065,0.146890134,0.00205499842,-0.315714478,0.00879923441,0.139257729,0.37403214,-1.58819997,-0.301894099,-0.609997153,-0.401671708,1.58819997,1.05821669,-0.0502801612
1.34032047,1.3442235,0.0659521967,-0.390113264,0.595215023,0.585597813,0.388079852,-0.197817609,0.142455041,-0.148446828,0.331097096,0.0608293228,-0.000864348491,0.289060742,-0.118403494,0.00580378063,-0.0849748403,0.146349713,0.00204742304,-0.316387862,0.00922584161,0.139327481,0.375375658,-1.58819997,-0.301123291,-0.608863056,-0.399277866,1.58819997,1.05931294,-0.0497880243
1.3404479,1.34420013,0.0659759194,-0.390182316,0.595149279,0.585693777,0.387966245,-0.19749634,0.143019482,-0.148188889,0.330796778,0.0608615652,-0.000870008313,0.28920278,-0.117869094,0.0068535083,-0.0845315233,0.145852581,0.00203980668,-0.316653967,0.00936571136,0.138947293,0.376455247,-1.58819997,-0.300573051,-0.607748687,-0.397322625,1.58819997,1.06079268,-0.0491426475
1.34003091,1.34397721,0.066300638,-0.390325338,0.595053971,0.58575213,0.387880653,-0.197375208,0.143568993,-0.147918373,0.330396056,0.0608776361,-0.000872259028,0.289073765,-0.117678404,0.00794914924,-0.0842518806,0.145322457,0.00203182152,-0.317126274,0.00969640072,0.138752371,0.37737149,-1.58819997,-0.300164491,-0.606833756,-0.395922482,1.58819997,1.06270325,-0.0483175367
1.34015477,1.3441062,0.0663228184,-0.390313029,0.595070958,0.585729539,0.387901098,-0.197156221,0.143760368,-0.147575259,0.329993099,0.0609052442,-0.000878074614,0.2889117,-0.117485322,0.00896405708,-0.0839338601,0.144851103,0.00202541333,-0.317219526,0.00980467163,0.137814939,0.378271401,-1.58819997,-0.299715698,-0.60545963,-0.394358963,1.58819997,1.06426823,-0.0477450155
1.33971071,1.34404826,0.0659993514,-0.390027106,0.595142424,0.585798621,0.387974709,-0.197053134,0.143436417,-0.147044033,0.329651564,0.0609017648,-0.00088124309,0.289209008,-0.117706217,0.0100327488,-0.0835283995,0.144375354,0.00201902329,-0.316923022,0.00919414964,0.138274029,0.379200727,-1.58819997,-0.299392611,-0.604547262,-0.393169969,1.58819997,1.06619191,-0.047281038
1.34000981,1.34410334,0.0663195699,-0.390246034,0.59502095,0.585820556,0.387907803,-0.196747273,0.143780082,-0.146774039,0.329382807,0.0609269664,-0.00088766875,0.289088815,-0.117440887,0.0109437946,-0.0832835808,0.143922389,0.00201325584,-0.317519039,0.00964275468,0.13802366,0.379973352,-1.58819997,-0.299123883,-0.603340626,-0.391761661,1.58819997,1.06767046,-0.0469369255
1.34001374,1.34413576,0.0665495694,-0.390310019,0.595040202,0.585798144,0.387847602,-0.196711227,0.14405103,-0.1464867,0.329073489,0.0609373003,-0.000892750104,0.288799196,-0.117066994,0.0118076848,-0.0830715448,0.143478155,0.00200741808,-0.31755808,0.0100396508,0.137807578,0.380532533,-1.58819997,-0.299032211,-0.602278709,-0.390464634,1.58819997,1.06935811,-0.0464494452
1.33987427,1.34422374,0.0665419176,-0.390312195,0.59502542,0.585729182,0.387972295,-0.196643785,0.144113183,-0.146130651,0.328809261,0.0609708093,-0.000897587277,0.288653702,-0.116945907,0.0126846191,-0.0828446448,0.143063188,0.00200252933,-0.317527622,0.00967956055,0.137514547,0.381125778,-1.58819997,-0.298910081,-0.601187408,-0.389670402,1.58819997,1.07125485,-0.0459722579
1.33987665,1.34420717,0.066836156,-0.390300721,0.59498173,0.585677385,0.388128966,-0.196262255,0.14413245,-0.145746872,0.328697026,0.0610098541,-0.000902146392,0.288730741,-0.1169912,0.0135432314,-0.0825299844,0.142649218,0.00199704873,-0.317821443,0.0101658013,0.13738519,0.381674767,-1.58819997,-0.298801154,-0.599942684,-0.388456345,1.58819997,1.07267225,-0.0454920009
1.33936572,1.34418774,0.0672624558,-0.390069038,0.595123351,0.585647881,0.388189286,-0.195846856,0.143437296,-0.145153388,0.328500062,0.0610191263,-0.000904280052,0.289110422,-0.117717043,0.0145016164,-0.0821137428,0.1422676,0.0019928203,-0.31772688,0.00939736329,0.137368366,0.381999552,-1.58819997,-0.298924506,-0.599109948,-0.387467921,1.58819997,1.07423818,-0.0453707837
1.33977008,1.34421587,0.0669317469,-0.390100241,0.595094323,0.585639954,0.38821432,-0.195544809,0.143580943,-0.144864932,0.328289837,0.0610609315,-0.000910903327,0.28915748,-0.117605031,0.0152416127,-0.0818732455,0.141884074,0.00198792364,-0.317716658,0.00965880975,0.137783229,0.382380515,-1.58819997,-0.29895243,-0.598093748,-0.386342138,1.58819997,1.0756321,-0.0450032428
1.34023881,1.34428585,0.0676339343,-0.390216291,0.594905913,0.585818172,0.38811779,-0.195228592,0.14452368,-0.144869506,0.328078479,0.0610662736,-0.000917613623,0.289023072,-0.116562173,0.015819313,-0.0816214457,0.14153403,0.00198392849,-0.317699134,0.0101363026,0.137624264,0.382508755,-1.58819997,-0.29916656,-0.597174704,-0.385271579,1.58819997,1.07705235,-0.0445808396
1.34022713,1.34421754,0.0672925562,-0.390352875,0.594698489,0.585836351,0.388270676,-0.195126653,0.145334676,-0.144819707,0.327940583,0.0610862672,-0.000921853411,0.288896531,-0.115487985,0.0164050069,-0.0814106613,0.141202137,0.00197883928,-0.317493469,0.00974341389,0.137078598,0.382948607,-1.58819997,-0.299166322,-0.596104324,-0.384786516,1.58819997,1.07885253,-0.0440966114
1.3398304,1.34425592,0.0681806654,-0.39023906,0.594831944,0.585598707,0.388539046,-0.194909602,0.144832253,-0.144309327,0.327685505,0.0611302182,-0.000922739331,0.288905889,-0.116306409,0.0172155462,-0.0812001079,0.140863702,0.00197465066,-0.317607909,0.0101832254,0.137523755,0.383059561,-1.58819997,-0.299387872,-0.595085919,-0.383661121,1.58819997,1.07995737,-0.0440690666
1.3396014,1.34428227,0.0682568625,-0.390138775,0.594830513,0.585657716,0.388552994,-0.194402471,0.144435331,-0.143851668,0.327710152,0.061139334,-0.000926618522,0.289541543,-0.116591506,0.0179353878,-0.0807849169,0.140535846,0.00197113981,-0.317528725,0.00960858911,0.13771762,0.383032382,-1.58819997,-0.299729735,-0.594360709,-0.382668197,1.58819997,1.0811733,-0.0438522547
1.33951759,1.34417772,0.0684286505,-0.39016524,0.594928384,0.585513532,0.388594061,-0.194254369,0.144177347,-0.143491253,0.327480167,0.0611720122,-0.000929539441,0.289424688,-0.117121965,0.0186647344,-0.080679208,0.140195504,0.00196646433,-0.317363888,0.00933722127,0.137493476,0.383208632,-1.58819997,-0.299892068,-0.593435526,-0.38198182,1.58819997,1.08255374,-0.0436226167
1.3395834,1.34423959,0.0692962483,-0.390176177,0.594932437,0.585481167,0.388625383,-0.194252148,0.143975854,-0.143180206,0.327257782,0.0611758418,-0.00093437219,0.289308608,-0.117321745,0.019312527,-0.0805406123,0.139883533,0.00196347223,-0.317158341,0.00960210338,0.137631267,0.382985145,-1.58819997,-0.300378352,-0.592659295,-0.380880535,1.58819997,1.08352685,-0.0435295068
1.33884943,1.34420013,0.0679811239,-0.389901519,0.595091462,0.585366666,0.388830006,-0.193890512,0.143138677,-0.142620906,0.327175021,0.0612163283,-0.000935130869,0.289448023,-0.118156485,0.0200963784,-0.0802932307,0.139559999,0.00196085195,-0.316787958,0.0093515655,0.13787958,0.383510202,-1.58819997,-0.300269753,-0.591797054,-0.380296767,1.58819997,1.08486545,-0.0434093513
1.33949769,1.3442136,0.0690973997,-0.390131801,0.594955683,0.58528161,0.38893494,-0.193510979,0.143237114,-0.142425194,0.327088386,0.0612602755,-0.000942070619,0.289378613,-0.117998622,0.020623263,-0.0802640989,0.139224976,0.00195735786,-0.31714344,0.00915619079,0.137017325,0.383533686,-1.58819997,-0.300525397,-0.590758383,-0.379671782,1.58819997,1.08598185,-0.0430835299
1.34005678,1.34434378,0.0686386526,-0.390244365,0.594776094,0.585408509,0.388905793,-0.19325617,0.144236311,-0.142529368,0.327062726,0.0613147132,-0.000949175912,0.289479464,-0.116969027,0.0210400354,-0.0800441206,0.138961717,0.00195520022,-0.316896111,0.00913788471,0.137361571,0.383797467,-1.58819997,-0.300558537,-0.58985877,-0.378813267,1.58819997,1.08693159,-0.0428866558
1.33954501,1.34421384,0.0696870834,-0.390303999,0.594819605,0.585311949,0.38892439,-0.193343967,0.144138575,-0.142224714,0.326743186,0.0613176711,-0.000949009089,0.289357245,-0.117232479,0.0216426644,-0.0800037533,0.138671726,0.00195155665,-0.316699505,0.00939860474,0.137847215,0.383720249,-1.58819997,-0.300877899,-0.589081883,-0.378052443,1.58819997,1.08795178,-0.0427150019
1.33957839,1.34422278,0.0697225779,-0.390393466,0.594675958,0.585215867,0.389199048,-0.193220615,0.144280449,-0.142032295,0.32657969,0.0613155104,-0.000952929724,0.289145738,-0.117242225,0.0221523941,-0.0799535215,0.13839443,0.00194935163,-0.316738218,0.00967154466,0.137776449,0.38358143,-1.58819997,-0.301228106,-0.588261545,-0.377165973,1.58819997,1.08873379,-0.042608358
1.33888972,1.34415531,0.0694445223,-0.390318632,0.594828904,0.585075259,0.38925156,-0.192906961,0.143551782,-0.141542688,0.326475531,0.0613132566,-0.000952125294,0.289396614,-0.118274622,0.022861274,-0.0797661319,0.13812682,0.00194780214,-0.316947013,0.00906717405,0.137350708,0.383782953,-1.58819997,-0.301238626,-0.587199092,-0.376866609,1.58819997,1.08996379,-0.0421918742
1.33947492,1.34422421,0.0702222884,-0.390411317,0.594663143,0.58509171,0.38938731,-0.192529306,0.143838257,-0.141412079,0.326386124,0.0613169782,-0.000958913763,0.28936106,-0.118026175,0.0232782699,-0.0795986578,0.137884825,0.00194593892,-0.316838682,0.00916692521,0.137512296,0.383888364,-1.58819997,-0.301359892,-0.586303473,-0.375923008,1.58819997,1.09056544,-0.0421224833
1.34028363,1.34430325,0.0696969628,-0.390501827,0.594444931,0.585250974,0.38939029,-0.192099839,0.144933939,-0.14155665,0.326384604,0.061371237,-0.000966591819,0.289468527,-0.116792209,0.0235539041,-0.0793424472,0.137652844,0.00194362865,-0.316641033,0.00896616839,0.137494251,0.384076208,-1.58819997,-0.301404178,-0.585333407,-0.375337183,1.58819997,1.09152699,-0.0418368354
1.34021664,1.34436679,0.0697726607,-0.390582174,0.594235957,0.585401475,0.389402598,-0.191733271,0.145761311,-0.141577646,0.326374501,0.0614215806,-0.000969838235,0.289486289,-0.115857445,0.0239016414,-0.0791997239,0.137417763,0.0019411965,-0.316316456,0.0084585445,0.137239948,0.38411662,-1.58819997,-0.30162102,-0.58459264,-0.374691933,1.58819997,1.09229219,-0.0420530289
1.33955824,1.34427583,0.070825167,-0.390565336,0.594302893,0.585217893,0.389593184,-0.191702262,0.145269111,-0.141166434,0.326132953,0.0614244677,-0.000969070825,0.289393753,-0.11650753,0.0244571753,-0.079130128,0.137166768,0.0019382732,-0.316167176,0.0090819709,0.137399197,0.383945912,-1.58819997,-0.302007347,-0.583777785,-0.373824626,1.58819997,1.09283507,-0.0421465859
1.3388418,1.34417319,0.0712089762,-0.390345752,0.594445527,0.585155785,0.389689088,-0.191411912,0.14420341,-0.140574366,0.326024354,0.0614000522,-0.000969101267,0.28987658,-0.117741324,0.0251054503,-0.078865014,0.136939555,0.00193708832,-0.315919787,0.00877476111,0.137229726,0.383875728,-1.58819997,-0.302304,-0.583019674,-0.373384237,1.58819997,1.0937258,-0.0420393236
1.33935845,1.34405565,0.0712001473,-0.390582144,0.594399154,0.585000038,0.389756739,-0.191204995,0.144316539,-0.140405267,0.32590729,0.0613885187,-0.000974268478,0.289507002,-0.117870033,0.0255238544,-0.0789295137,0.136676088,0.00193465594,-0.316251844,0.00930077117,0.137551516,0.383966237,-1.58819997,-0.302460372,-0.582169294,-0.372543186,1.58819997,1.09426796,-0.0418613218
1.33942711,1.34411812,0.0717491508,-0.390652895,0.594246387,0.584953129,0.389988959,-0.191186205,0.144592479,-0.140313983,0.325706959,0.0613564439,-0.000977552962,0.289342701,-0.117623955,0.0258966461,-0.0788668096,0.13645421,0.00193333603,-0.316124469,0.00864694919,0.137094736,0.383781105,-1.58819997,-0.302815735,-0.581507623,-0.371891975,1.58819997,1.09487569,-0.0419184677
1.34019959,1.34415746,0.0708602145,-0.39088884,0.594036043,0.585094273,0.389861405,-0.190737352,0.145810291,-0.14052929,0.32578069,0.0613991208,-0.000984259415,0.289298058,-0.116587631,0.0261251591,-0.0787610859,0.136255056,0.00193219609,-0.31633535,0.00824693963,0.137068003,0.383906782,-1.58819997,-0.30289498,-0.580732107,-0.371457905,1.58819997,1.09566259,-0.0415696874
1.33937979,1.34412396,0.0720523968,-0.390927583,0.594110012,0.584885955,0.390022367,-0.190908745,0.145458817,-0.140184328,0.325481325,0.061358247,-0.000982536585,0.289060265,-0.117103368,0.0266015027,-0.0787630305,0.136038065,0.00193060795,-0.315983772,0.0090012094,0.137384117,0.383607358,-1.58819997,-0.303339094,-0.580173433,-0.370600075,1.58819997,1.09609067,-0.0419224054
1.33872008,1.34411252,0.0716060027,-0.390713841,0.594245017,0.584869087,0.390055954,-0.190565541,0.144504964,-0.139652655,0.32543388,0.0613135211,-0.00098259293,0.289643496,-0.118124932,0.0271597784,-0.0784582347,0.135836616,0.00193017616,-0.315714866,0.00890986994,0.137598634,0.383539289,-1.58819997,-0.303575397,-0.579571426,-0.370026261,1.58819997,1.0967145,-0.0418487042
1.33969474,1.34425259,0.0718750656,-0.390906274,0.59408164,0.584879994,0.390095949,-0.190093815,0.145303071,-0.139756694,0.325388283,0.0613217838,-0.000990602537,0.289439291,-0.117271543,0.0273464695,-0.0784618109,0.1356242,0.00192862586,-0.315580994,0.00860212184,0.137286887,0.383465469,-1.58819997,-0.303807855,-0.578983068,-0.369486868,1.58819997,1.09734631,-0.041782897
1.33942795,1.34425414,0.0723738447,-0.390923202,0.593986869,0.584842026,0.390280038,-0.190061525,0.145185202,-0.139521882,0.325206906,0.0612966679,-0.000991695793,0.289298594,-0.117236145,0.0277048778,-0.0784467757,0.135429025,0.0019272404,-0.315360188,0.00886951014,0.137564003,0.383449554,-1.58819997,-0.303963572,-0.578313053,-0.368870705,1.58819997,1.09785581,-0.0418790393
1.34009969,1.34428501,0.0720960796,-0.391151398,0.593962729,0.584784925,0.390173495,-0.189866856,0.145999849,-0.139618561,0.325192094,0.0613266602,-0.00099730806,0.289163679,-0.116510227,0.0279097613,-0.0783800408,0.13525407,0.00192540092,-0.315387756,0.00824016985,0.137024701,0.3833296,-1.58819997,-0.304222196,-0.577872694,-0.368589371,1.58819997,1.09866774,-0.0416339599
1.33939064,1.34418166,0.0727232099,-0.391179442,0.593909144,0.584783196,0.390229672,-0.189896569,0.145709202,-0.139281616,0.324965268,0.0612801462,-0.000996442628,0.288899094,-0.1168897,0.0283147283,-0.0783314332,0.135080278,0.00192433328,-0.315098077,0.00877800118,0.13749291,0.383181632,-1.58819997,-0.304518282,-0.577293575,-0.367938995,1.58819997,1.09909785,-0.0418034606
1.34008324,1.34434474,0.0729200095,-0.391420215,0.593773544,0.584834456,0.390117675,-0.189936757,0.146636873,-0.139455542,0.324823648,0.061255727,-0.0010033896,0.288524985,-0.115990311,0.0284637902,-0.0783196464,0.13492249,0.00192421256,-0.314988554,0.0086710928,0.137010008,0.383084625,-1.58819997,-0.304750115,-0.576900125,-0.367548525,1.58819997,1.09971905,-0.0417673066
1.33945572,1.34417725,0.0729646161,-0.391468197,0.593921661,0.584623158,0.390160829,-0.190165147,0.146251619,-0.139118463,0.324488223,0.0612381846,-0.00100152649,0.288313031,-0.116570808,0.0288708843,-0.0783031508,0.134760648,0.00192166038,-0.31458357,0.00867453869,0.137147695,0.382931501,-1.58819997,-0.30501321,-0.576356888,-0.367273062,1.58819997,1.10047102,-0.0416477472
1.33957458,1.34422505,0.0737796128,-0.391496927,0.593830764,0.584564865,0.390357614,-0.190077499,0.146189615,-0.13893351,0.324357599,0.061228361,-0.00100519171,0.287908494,-0.116769485,0.0292014796,-0.0782885849,0.1346104,0.00192176609,-0.314567536,0.00901468936,0.137263954,0.382842153,-1.58819997,-0.305214018,-0.575814426,-0.366871178,1.58819997,1.10098302,-0.041572649
1.34042966,1.34435558,0.0722830519,-0.391695648,0.593618631,0.584695518,0.390285313,-0.189781591,0.147248358,-0.139127821,0.324441165,0.0612607449,-0.00101318862,0.287834764,-0.115527123,0.0292982981,-0.0781529471,0.134485424,0.0019216158,-0.314471424,0.00832307432,0.136841387,0.382957846,-1.58819997,-0.305224717,-0.575343192,-0.366567194,1.58819997,1.10156965,-0.0414401628
1.3395673,1.34425282,0.0737891272,-0.391789079,0.593655229,0.584525824,0.390390009,-0.190012291,0.146916941,-0.138796225,0.324114829,0.0612401403,-0.00101011212,0.287529707,-0.116210796,0.0296978727,-0.0781252831,0.134337515,0.00191995804,-0.314318389,0.00894288998,0.137078375,0.382835001,-1.58819997,-0.305448771,-0.574751735,-0.366066426,1.58819997,1.10193253,-0.04155837
1.33993554,1.34439075,0.0733142942,-0.391866505,0.593599856,0.584519744,0.390405595,-0.189912319,0.147086591,-0.13868016,0.323999703,0.0612282902,-0.00101505942,0.287293583,-0.116119295,0.0299632382,-0.077968888,0.134227291,0.00192014221,-0.314246535,0.00829900708,0.13655141,0.382872283,-1.58819997,-0.305519789,-0.57411021,-0.365952522,1.58819997,1.10260522,-0.0413080566
1.33965266,1.34424007,0.0744256601,-0.391871214,0.593799591,0.584329009,0.390382499,-0.190011963,0.146567106,-0.138339654,0.323729903,0.0612172149,-0.00101449643,0.286990941,-0.116735592,0.0303341132,-0.0779431686,0.134096056,0.00191788923,-0.313924253,0.00842156354,0.137154922,0.382635087,-1.58819997,-0.305863768,-0.57379216,-0.365386516,1.58819997,1.10289836,-0.0413775221
1.33971584,1.34432018,0.0746024847,-0.391906887,0.593738198,0.584224284,0.390596867,-0.190008253,0.14626281,-0.138068736,0.323581398,0.0612133667,-0.00101810682,0.286485463,-0.117003277,0.03063602,-0.077879779,0.133973494,0.00191815745,-0.313775063,0.00867076498,0.137320161,0.382370532,-1.58819997,-0.306192875,-0.573321283,-0.364970297,1.58819997,1.10328686,-0.0413601361
1.33915055,1.344118,0.0741726384,-0.391857356,0.593735039,0.584138155,0.39078027,-0.190015018,0.145741969,-0.137700886,0.323527247,0.0611802973,-0.00101683626,0.286572814,-0.117772155,0.0310554355,-0.0776648521,0.133853808,0.00191750354,-0.313856095,0.00770331919,0.137319684,0.382260174,-1.58819997,-0.306417495,-0.573028803,-0.364905298,1.58819997,1.1038909,-0.0410124771
1.33974063,1.34409642,0.0749060512,-0.391835243,0.593536913,0.584095657,0.391166687,-0.189585328,0.14604789,-0.137628108,0.323549032,0.0611566342,-0.00102094107,0.286524206,-0.11766991,0.0312979855,-0.0774948075,0.133728564,0.00191657769,-0.313916951,0.0078889681,0.138500482,0.381976992,-1.58819997,-0.306765616,-0.572657704,-0.364340335,1.58819997,1.10411549,-0.0408978835
1.34002542,1.34413242,0.0738045499,-0.39160195,0.592952669,0.584365487,0.391882509,-0.188707218,0.146843657,-0.137693435,0.323804647,0.0611605011,-0.00102446554,0.28730756,-0.117077053,0.0314557627,-0.0769657046,0.133609146,0.00191611808,-0.313950181,0.00714602089,0.140242085,0.381864041,-1.58819997,-0.306916714,-0.572307885,-0.364040464,1.58819997,1.10453403,-0.0407731049
1.33991957,1.34408498,0.0747822449,-0.390928417,0.592245281,0.584897161,0.39283061,-0.186772168,0.147345319,-0.137592867,0.324413121,0.0611966513,-0.00102465146,0.288793802,-0.116793267,0.0316842347,-0.0761483386,0.133550987,0.00191569678,-0.314038724,0.00624496397,0.143275261,0.381511986,-1.58819997,-0.307259738,-0.571918786,-0.36361149,1.58819997,1.10481322,-0.0407669321
1.34011197,1.34410858,0.0750478432,-0.390181184,0.591273665,0.585546315,0.394068092,-0.183872595,0.147860602,-0.137487754,0.325373799,0.0612316467,-0.00102694659,0.291378319,-0.116507508,0.0318707414,-0.0749709234,0.133520618,0.00191523426,-0.314287454,0.00536054187,0.146416306,0.381316692,-1.58819997,-0.307471782,-0.571381986,-0.362541616,1.58819997,1.10452545,-0.0411393344
1.33934593,1.34399807,0.0754189044,-0.388834536,0.590784669,0.586084783,0.395329833,-0.180567443,0.147154406,-0.136946708,0.326358706,0.0612681545,-0.00102200441,0.295121282,-0.117766216,0.0323294103,-0.0735254288,0.133497968,0.00191326579,-0.314020246,0.00299900351,0.149443746,0.380981863,-1.58819997,-0.307810724,-0.570882916,-0.361563414,1.58819997,1.10435092,-0.0414386652
1.34029233,1.34415412,0.0740841627,-0.387656361,0.589811206,0.586710989,0.397008181,-0.17631419,0.147309273,-0.136726648,0.327569246,0.0613464229,-0.00102715555,0.298645854,-0.117570773,0.0325193927,-0.072206676,0.133474514,0.00191204553,-0.313992649,0.00031841945,0.152057156,0.381492704,-1.58819997,-0.307469368,-0.569963396,-0.360300004,1.58819997,1.10387886,-0.0419477969
1.34034634,1.34571195,0.0787774771,-0.387946486,0.589470148,0.585570335,0.398910761,-0.171754986,0.14692001,-0.136640564,0.328526348,0.0620518364,-0.00103721442,0.298014224,-0.118843108,0.0334586799,-0.0710001364,0.133798048,0.00193560519,-0.31891498,-0.00640108064,0.152092353,0.379977524,-1.58819997,-0.308402032,-0.570044875,-0.359135896,1.58819997,1.10310256,-0.044508528
1.34063649,1.3459506,0.080169782,-0.387603343,0.589842618,0.584482849,0.400286347,-0.168343931,0.14419879,-0.135806143,0.328474671,0.0627475083,-0.00104367477,0.298362613,-0.122094646,0.0346943364,-0.0695657805,0.134065107,0.00194810273,-0.322018892,-0.0132847251,0.151966393,0.377522826,-1.58819997,-0.310037076,-0.570487261,-0.357895315,1.58819997,1.10280299,-0.0461243652
1.34079671,1.34602749,0.0810156614,-0.386878103,0.590392292,0.583454311,0.40167585,-0.165759817,0.140389219,-0.134662658,0.32787469,0.0633679554,-0.00104957668,0.298878729,-0.125951812,0.0359581076,-0.0682713538,0.134265259,0.00195925985,-0.323102236,-0.0176498238,0.152723461,0.374789149,-1.58819997,-0.311731935,-0.570799947,-0.356091261,1.58819997,1.10234916,-0.0479365624
1.34029925,1.34607911,0.0813653991,-0.385746926,0.590975106,0.58243686,0.403379589,-0.163291201,0.135817066,-0.133301422,0.327035606,0.0640213042,-0.00105420465,0.300112456,-0.130746648,0.037373323,-0.0669076219,0.134390205,0.00197007088,-0.323655516,-0.0227505062,0.154160827,0.372172683,-1.58819997,-0.313242674,-0.571218014,-0.355072945,1.58819997,1.10275149,-0.0488203689
1.34104943,1.34603906,0.081694141,-0.3844724,0.591143489,0.581876278,0.405154735,-0.159915894,0.132139355,-0.132243097,0.326608509,0.064726457,-0.00106055499,0.301817745,-0.134639889,0.0385871157,-0.065458551,0.134466171,0.00197976781,-0.324130952,-0.0278235599,0.156188279,0.369909137,-1.58819997,-0.314371765,-0.57121712,-0.353795707,1.58819997,1.10299432,-0.0492631458
1.3411622,1.34599853,0.0821120366,-0.383118659,0.591365457,0.581355095,0.40685761,-0.156098023,0.128425226,-0.131182089,0.326286674,0.0654717088,-0.00106552744,0.304370672,-0.138716415,0.0398403257,-0.0639049336,0.134490654,0.00198909105,-0.324350327,-0.0330084078,0.157800645,0.367826134,-1.58819997,-0.315339208,-0.571199,-0.352605939,1.58819997,1.10331345,-0.0496276803
1.34013617,1.34584117,0.0821430236,-0.381405622,0.59139365,0.581155062,0.408707976,-0.151948676,0.124050498,-0.129903674,0.325975865,0.066199936,-0.00106821989,0.30786553,-0.143544704,0.0412751585,-0.0622795373,0.134444803,0.00199936307,-0.324059576,-0.0380030461,0.159909174,0.365969628,-1.58819997,-0.316105723,-0.570941508,-0.351418883,1.58819997,1.10375357,-0.0498918928
1.34102356,1.34594119,0.0828764141,-0.379884601,0.591260076,0.581080377,0.410420209,-0.147048891,0.120994449,-0.129192829,0.325940013,0.0669573173,-0.00107290747,0.311496973,-0.146520659,0.0423342586,-0.0607185215,0.134381697,0.00200829911,-0.323595017,-0.0428665206,0.161993414,0.364151597,-1.58819997,-0.316854626,-0.570536256,-0.349606633,1.58819997,1.10370648,-0.0502880923
1.34013224,1.34601438,0.082922101,-0.378538162,0.591793478,0.580479264,0.411743879,-0.142907426,0.116391584,-0.127956092,0.325383157,0.0676968917,-0.00107504241,0.314916909,-0.151280761,0.043738354,-0.0596453473,0.134202957,0.00201858138,-0.323521554,-0.0465521328,0.163337708,0.362565577,-1.58819997,-0.317453504,-0.570213735,-0.348532349,1.58819997,1.10433984,-0.0504839718
1.34086633,1.34623206,0.0821134672,-0.37745437,0.592119753,0.580164552,0.412712216,-0.139046267,0.113152273,-0.12728034,0.32465598,0.0684870407,-0.00107908633,0.317498714,-0.154400617,0.0447900631,-0.0590339676,0.133983165,0.00202686503,-0.322623461,-0.0491562337,0.164688155,0.361541748,-1.58819997,-0.317566961,-0.569626212,-0.347881675,1.58819997,1.1053865,-0.0500472076
1.3408401,1.34630895,0.0831495002,-0.376920789,0.592038929,0.580090642,0.413419306,-0.135775685,0.110749006,-0.126870975,0.323745549,0.0692263097,-0.00108159415,0.3195135,-0.156389117,0.0457061119,-0.0586961992,0.133765489,0.00203630095,-0.322083473,-0.0500394739,0.165831223,0.360551864,-1.58819997,-0.317734569,-0.569212675,-0.347255588,1.58819997,1.10642624,-0.049576167
1.3397764,1.34629846,0.0825999007,-0.376516968,0.591947377,0.579950094,0.414115071,-0.133447364,0.108688302,-0.126559168,0.322395772,0.0698850304,-0.00108350348,0.321108669,-0.158571914,0.0467091724,-0.0587038286,0.133518249,0.00204708427,-0.3216663,-0.0508178882,0.167299762,0.360034317,-1.58819997,-0.31756416,-0.568984151,-0.346699029,1.58819997,1.10745096,-0.0492233336
1.34066093,1.34637153,0.0829727724,-0.376633942,0.591279089,0.580120385,0.41472435,-0.130862713,0.108880952,-0.127038226,0.321333975,0.0705086514,-0.00108674413,0.322097212,-0.158280954,0.0472182408,-0.0588931963,0.133286893,0.00205572858,-0.321463704,-0.0512716509,0.168532088,0.359370947,-1.58819997,-0.31751135,-0.568668067,-0.345915407,1.58819997,1.10824549,-0.0489293672
1.33965921,1.34629703,0.0827438533,-0.376521856,0.590665698,0.580306828,0.415438682,-0.128502786,0.108767457,-0.127336532,0.320107192,0.071097672,-0.00108833844,0.323635489,-0.158703297,0.0479219444,-0.0588914528,0.133082956,0.00206609746,-0.321145505,-0.0513064377,0.169803098,0.358972371,-1.58819997,-0.317253977,-0.568246305,-0.345018178,1.58819997,1.10883152,-0.0488975495
1.34043956,1.34635711,0.0831275508,-0.376674175,0.589722276,0.580712199,0.416074067,-0.125674397,0.110196128,-0.128165156,0.319262981,0.071695365,-0.0010927415,0.324955165,-0.157592028,0.048328463,-0.0589026734,0.132915393,0.00207515922,-0.320942998,-0.0517655462,0.171104416,0.358409047,-1.58819997,-0.317156374,-0.567843974,-0.343972176,1.58819997,1.1092267,-0.0487375781
1.34045994,1.34634709,0.084043242,-0.376941621,0.588972867,0.580946982,0.416565031,-0.123243503,0.111357026,-0.128849059,0.318267196,0.0722387284,-0.00109576841,0.326068848,-0.15686959,0.048829481,-0.0589562356,0.132751271,0.00208386406,-0.320965052,-0.0509452634,0.172176376,0.357738853,-1.58819997,-0.317138165,-0.567490995,-0.34251973,1.58819997,1.1093123,-0.0488274172
1.33985662,1.34630311,0.0836647674,-0.377168059,0.588459611,0.5811584,0.416790664,-0.120988436,0.111731492,-0.129176572,0.317178905,0.0727089494,-0.00109710509,0.327085495,-0.15674381,0.0494537875,-0.0590765737,0.132604569,0.00209299335,-0.320951223,-0.0502240248,0.172913507,0.357406914,-1.58819997,-0.316814065,-0.566925466,-0.341377676,1.58819997,1.10960948,-0.0486828201
1.34014857,1.3463459,0.0842114314,-0.377703011,0.587605655,0.581567526,0.416940391,-0.119065106,0.113342881,-0.129915327,0.316114128,0.0731308535,-0.00110028114,0.327499598,-0.155258179,0.0498501584,-0.0593912788,0.132469893,0.00210191985,-0.320752978,-0.0473192111,0.174247265,0.356619895,-1.58819997,-0.316866517,-0.566668391,-0.339925706,1.58819997,1.10971713,-0.0486072935
1.33944571,1.34637237,0.0843781233,-0.378077447,0.586985171,0.581818044,0.417125314,-0.117694274,0.114458144,-0.130384028,0.31492117,0.0734534785,-0.00110212085,0.327963918,-0.154428005,0.0503749214,-0.059658736,0.132362261,0.00211163703,-0.320589006,-0.0449205339,0.175735071,0.356251121,-1.58819997,-0.316582322,-0.566741705,-0.339480013,1.58819997,1.11067224,-0.0479920544
1.34001529,1.34645331,0.0852563828,-0.378718078,0.585421741,0.582655251,0.417572647,-0.115771934,0.117795505,-0.131541416,0.314215094,0.0737663805,-0.00110797794,0.328493923,-0.150990576,0.0504468493,-0.0597790815,0.13233085,0.00212160288,-0.320385993,-0.04111683,0.17820406,0.355858386,-1.58819997,-0.316282004,-0.566777825,-0.338922918,1.58819997,1.1115557,-0.047104802
1.34010684,1.34649444,0.0864227712,-0.378961414,0.582784414,0.584048569,0.419091761,-0.112393238,0.122808479,-0.133077949,0.314386249,0.0740469843,-0.00111314165,0.330423146,-0.146204993,0.0502950475,-0.0591383614,0.132419363,0.00213175779,-0.3201859,-0.0371938981,0.182494789,0.355600983,-1.58819997,-0.315689653,-0.566263318,-0.338112563,1.58819997,1.11200786,-0.046013847
1.33972311,1.34622407,0.084886536,-0.377341926,0.579905033,0.585026205,0.423163831,-0.106853895,0.126276433,-0.133932486,0.315449357,0.074354142,-0.00111632608,0.335075289,-0.143260986,0.0504933707,-0.0574237294,0.132575586,0.00213973434,-0.319799155,-0.0362063311,0.188877404,0.355727822,-1.58819997,-0.314917654,-0.566065013,-0.336546391,1.58819997,1.11177087,-0.0452482104
1.34081447,1.34607124,0.085093379,-0.374579072,0.576261282,0.589098632,0.424942642,-0.0943553075,0.130553484,-0.13480854,0.319375068,0.074789077,-0.00112816505,0.346195161,-0.139614731,0.0503985696,-0.0531917624,0.132831544,0.00215216633,-0.320335835,-0.0397967733,0.202125534,0.356606811,-1.58819997,-0.313566625,-0.565894306,-0.333984762,1.58819997,1.11028004,-0.0465796366
1.33944321,1.34617877,0.0850534737,-0.375154614,0.572036207,0.592000604,0.426108986,-0.0844519138,0.137386277,-0.136513755,0.321728587,0.0748796165,-0.0011290788,0.354238033,-0.133616984,0.0501001999,-0.0508045554,0.133043066,0.00216483139,-0.32224682,-0.0345733427,0.208747298,0.35637933,-1.58819997,-0.313177645,-0.566106498,-0.331054479,1.58819997,1.10861135,-0.0476031899
1.33993149,1.34600198,0.0832800493,-0.374729961,0.569180608,0.594224095,0.427210391,-0.0767172799,0.143645629,-0.138048843,0.322838604,0.0747881383,-0.00113447534,0.360287189,-0.127731174,0.0497931913,-0.049453456,0.133222967,0.0021712312,-0.321790248,-0.0324105248,0.213805467,0.3572056,-1.58819997,-0.31200096,-0.566396654,-0.327916712,1.58819997,1.10723686,-0.047904253
1.34000134,1.34598279,0.083647728,-0.37449339,0.567053735,0.595435321,0.428557485,-0.070298031,0.148128033,-0.138949424,0.323033899,0.0745439902,-0.00113772845,0.365331948,-0.123618394,0.0497650914,-0.0486767031,0.13338536,0.00217629038,-0.322099268,-0.0304296613,0.216800377,0.357749015,-1.58819997,-0.31095168,-0.566085756,-0.325049311,1.58819997,1.10622346,-0.0481306463
1.339625,1.34574449,0.0831163749,-0.373177052,0.567076266,0.595652521,0.429373324,-0.0652144626,0.148023322,-0.138337776,0.322288185,0.0741998628,-0.00113430084,0.370098352,-0.124232769,0.0505125336,-0.0482275821,0.133446842,0.00217613927,-0.321931392,-0.0332284234,0.21879907,0.358220816,-1.58819997,-0.310034454,-0.565956891,-0.322854459,1.58819997,1.10576415,-0.0482931584
1.3402493,1.3459717,0.0834719315,-0.372841388,0.567060649,0.595650792,0.429687887,-0.0615567118,0.147492692,-0.137731895,0.320876539,0.0738595352,-0.00114296272,0.37251547,-0.124634065,0.0510997996,-0.0488164462,0.133435622,0.00218045525,-0.321910352,-0.0344877131,0.218538091,0.358586758,-1.58819997,-0.309184194,-0.56563741,-0.320988864,1.58819997,1.10548556,-0.0485598668
1.3393451,1.34595418,0.0831690952,-0.372631252,0.567516863,0.595638514,0.429284692,-0.059498813,0.146103173,-0.13686648,0.318909019,0.0734601691,-0.0011443937,0.374363124,-0.126221716,0.0519359596,-0.0497963168,0.133376032,0.00218406902,-0.321660697,-0.0344792232,0.218427911,0.359004855,-1.58819997,-0.30840829,-0.565535247,-0.319460273,1.58819997,1.10554469,-0.0485757962
1.33966184,1.34616709,0.0830915794,-0.373955041,0.566073179,0.595657945,0.430012226,-0.05871455,0.148961812,-0.137495995,0.316661209,0.0730315074,-0.00115834258,0.373703897,-0.123298571,0.0520047583,-0.0516333058,0.13334164,0.00219274755,-0.321850985,-0.0310288202,0.217179865,0.359366238,-1.58819997,-0.307786375,-0.565880179,-0.318344891,1.58819997,1.10594606,-0.0483821444
1.34028399,1.3462286,0.0820430443,-0.372875243,0.565963268,0.595797598,0.430900037,-0.0563174672,0.149799898,-0.137360796,0.315136939,0.0727312416,-0.00116380421,0.375600159,-0.122955427,0.0524217896,-0.0522108264,0.133384541,0.00219515339,-0.320632488,-0.0333401635,0.218859762,0.360319465,-1.58819997,-0.306721717,-0.566370845,-0.31697315,1.58819997,1.1061362,-0.0482157432
1.33948147,1.34616458,0.0808994621,-0.372074932,0.565120637,0.596579909,0.431614816,-0.0530688316,0.150271252,-0.137036666,0.314199924,0.0724547952,-0.00116804219,0.378764033,-0.123106956,0.0529897772,-0.0522513688,0.133467287,0.002202078,-0.320257783,-0.0334746726,0.221492454,0.361456841,-1.58819997,-0.305673629,-0.567064226,-0.315647632,1.58819997,1.10617638,-0.0482159629
1.33993804,1.34627819,0.0803099871,-0.371707976,0.563070714,0.597577751,0.433226645,-0.0488210581,0.15294902,-0.137441099,0.313873857,0.0722085908,-0.00118249189,0.382080734,-0.121037908,0.0531536378,-0.0520838089,0.133613989,0.00221211184,-0.319901943,-0.0316305384,0.22379522,0.362860143,-1.58819997,-0.304448307,-0.567500889,-0.313820273,1.58819997,1.10572684,-0.0478134044
1.3402071,1.34630871,0.0796580836,-0.370660931,0.560810566,0.599177718,0.434842557,-0.0428312384,0.155577227,-0.137667805,0.314496338,0.0720246211,-0.00119410234,0.387119949,-0.118582539,0.0533338413,-0.0511214472,0.133919165,0.00222280691,-0.320085883,-0.0307658315,0.228919506,0.364606768,-1.58819997,-0.302988797,-0.56771791,-0.310983241,1.58819997,1.10442567,-0.048080653
1.33896518,1.34612024,0.0775256753,-0.369374305,0.557857931,0.601231873,0.436895281,-0.0351931863,0.158518955,-0.137798354,0.315964997,0.071812734,-0.00120021054,0.393871337,-0.11590036,0.0536825396,-0.049464263,0.134374693,0.00223748572,-0.320465088,-0.0281308908,0.236034259,0.366889894,-1.58819997,-0.301228672,-0.567970872,-0.308516681,1.58819997,1.1036067,-0.0474931896
1.33989596,1.34650123,0.0766376778,-0.368042439,0.554218829,0.603963315,0.438878745,-0.0252572335,0.163393945,-0.13846232,0.318260968,0.0716649368,-0.00122235983,0.40158093,-0.110612892,0.0535143577,-0.0474048778,0.13497901,0.00225728145,-0.320542336,-0.0263873581,0.243577242,0.369224727,-1.58819997,-0.299433172,-0.567951739,-0.305900991,1.58819997,1.10269868,-0.046518527
1.33939171,1.3465451,0.0756026134,-0.366880536,0.550875127,0.60603112,0.441204667,-0.0160749946,0.167788059,-0.138850912,0.320070684,0.0713857785,-0.00123194198,0.409347326,-0.106420994,0.0536064841,-0.0455974564,0.135561809,0.00227213465,-0.321270972,-0.0236287117,0.25016129,0.371728569,-1.58819997,-0.297624469,-0.568142891,-0.302481472,1.58819997,1.10121131,-0.0462084971
1.33964097,1.34642124,0.0747587383,-0.365445197,0.547672689,0.60879606,0.442574143,-0.00549074309,0.172493175,-0.139232025,0.322340012,0.0710771009,-0.00124464207,0.418129236,-0.102006711,0.0536446013,-0.0435913987,0.136160851,0.00228564534,-0.321734071,-0.0224298462,0.257850528,0.374233812,-1.58819997,-0.295867264,-0.568319201,-0.299290329,1.58819997,1.10012519,-0.0453648493
1.33979559,1.34650731,0.0753678679,-0.364945233,0.544613242,0.610951483,0.443790108,0.00288016093,0.178141475,-0.139981136,0.323290855,0.0705478713,-0.00125908409,0.425204337,-0.0967022926,0.0534729101,-0.0425806604,0.136735544,0.00229859212,-0.320895404,-0.0195254162,0.262454748,0.375906676,-1.58819997,-0.294761211,-0.568435431,-0.296038538,1.58819997,1.09922361,-0.0440650508
1.34012675,1.34599793,0.072585091,-0.364049166,0.543523073,0.612116814,0.444256574,0.00955382828,0.181674093,-0.140071154,0.323269993,0.0699118748,-0.00126282591,0.43126151,-0.0936421379,0.0536775254,-0.042200394,0.13724722,0.00230017235,-0.319620818,-0.019927891,0.265573859,0.37769872,-1.58819997,-0.29369095,-0.568725884,-0.293034643,1.58819997,1.0986954,-0.0430396833
1.33982062,1.34546196,0.0723351315,-0.363773763,0.542361498,0.612364292,0.445558876,0.0136822574,0.184091687,-0.13987416,0.321915835,0.0691185445,-0.00126901246,0.434828997,-0.0922037959,0.0540893227,-0.0430029631,0.137638107,0.00230398192,-0.31880492,-0.0193299949,0.267023504,0.379220277,-1.58819997,-0.292904019,-0.569108367,-0.290605962,1.58819997,1.09859049,-0.0421725437
1.34031546,1.34503567,0.0731306523,-0.363151908,0.540099442,0.61402458,0.446527839,0.0199137181,0.187824175,-0.140080616,0.321419328,0.0683823675,-0.00128374633,0.439807028,-0.0897487774,0.0542569645,-0.0431729257,0.138057709,0.00231315219,-0.318674266,-0.0203411803,0.272286028,0.379950196,-1.58819997,-0.292696983,-0.569271207,-0.288641542,1.58819997,1.09880888,-0.0413896441
1.33975565,1.34445608,0.073957175,-0.363052338,0.539168775,0.615300179,0.4459773,0.0251593869,0.190441906,-0.139937714,0.32027784,0.067538172,-0.00128449535,0.444063544,-0.0889695212,0.0546519123,-0.0437523648,0.138316587,0.00231152703,-0.318644673,-0.0198766273,0.274350494,0.379974782,-1.58819997,-0.292967379,-0.569296896,-0.286229819,1.58819997,1.09870553,-0.0410614647
1.33969212,1.34459746,0.0748054832,-0.365468979,0.539645493,0.614541531,0.444470376,0.025457792,0.192404956,-0.1398011,0.316818267,0.0664853603,-0.00129410904,0.442929357,-0.088293992,0.0550318472,-0.0466637909,0.138404489,0.00231177709,-0.319229096,-0.0184319708,0.26949805,0.379482269,-1.58819997,-0.293625861,-0.569918752,-0.284699589,1.58819997,1.09919143,-0.0411000848
1.33932185,1.3449322,0.073244758,-0.367542982,0.541437626,0.61229068,0.443686396,0.021178199,0.192047164,-0.139027745,0.311574787,0.0653090179,-0.00129895366,0.43797496,-0.0892924741,0.0556768291,-0.0510153323,0.138374329,0.00230715773,-0.318497568,-0.0175024364,0.263118237,0.379367173,-1.58819997,-0.293985635,-0.570804596,-0.283433855,1.58819997,1.09991133,-0.0414700992
1.34036493,1.34498072,0.0741707012,-0.368543565,0.542303383,0.611922562,0.44230476,0.0190126244,0.192402318,-0.138466701,0.307629794,0.0643223301,-0.0013214862,0.434745133,-0.089266628,0.0560181849,-0.0541069917,0.138434023,0.00230851374,-0.316916883,-0.0181344058,0.259981722,0.379061669,-1.58819997,-0.294380516,-0.5715096,-0.282123536,1.58819997,1.10064375,-0.0413114019
1.34002674,1.34524572,0.0739008039,-0.370327681,0.54414773,0.610389411,0.440664768,0.0143384291,0.19158341,-0.137574881,0.302950889,0.0633132234,-0.00133067998,0.429697454,-0.0902896672,0.0565761775,-0.0575636551,0.138499543,0.00230594492,-0.315602392,-0.0169558749,0.253381431,0.379032701,-1.58819997,-0.294553906,-0.572129786,-0.280971736,1.58819997,1.10124707,-0.0418299288
1.33986413,1.34528232,0.0732235163,-0.372496039,0.545523822,0.608803034,0.439328343,0.00886038411,0.191038832,-0.136838004,0.298496246,0.0623368397,-0.00134844671,0.423733652,-0.0903520659,0.0570669323,-0.060896337,0.13867414,0.00230904599,-0.314652324,-0.0154517628,0.247295931,0.379136026,-1.58819997,-0.294762641,-0.573593497,-0.280247152,1.58819997,1.10219884,-0.0423309803
1.33996141,1.34561884,0.0736465007,-0.374266446,0.546793282,0.607669771,0.437811822,0.00427330891,0.190574512,-0.136067748,0.294696689,0.0614944659,-0.00136742496,0.417973995,-0.0908436626,0.0575093441,-0.0636993945,0.138876036,0.0023163727,-0.314133465,-0.0132183367,0.242777109,0.379181087,-1.58819997,-0.294927567,-0.575007617,-0.279578149,1.58819997,1.10308146,-0.0426197238
1.33914566,1.34557056,0.0732870027,-0.376500815,0.54792285,0.606450617,0.436171144,-0.00120389822,0.190630212,-0.135477513,0.291116536,0.0606580973,-0.00137970841,0.411921918,-0.0913466662,0.0580442175,-0.0663202927,0.139100552,0.00232303282,-0.313990802,-0.0109330248,0.237910315,0.37914902,-1.58819997,-0.295240402,-0.576863289,-0.279215276,1.58819997,1.10415184,-0.0429641046
1.33971691,1.34562171,0.0732267722,-0.378767848,0.549069107,0.605345488,0.434298187,-0.00655772677,0.19151555,-0.135185897,0.287912071,0.0598872155,-0.00140343443,0.405435205,-0.0910041332,0.0583546981,-0.0686597079,0.139337793,0.00233192928,-0.313238591,-0.00934112631,0.232769847,0.379059136,-1.58819997,-0.295500696,-0.578755796,-0.279350996,1.58819997,1.10559857,-0.0430345125
1.33967793,1.34564531,0.0732974261,-0.380657673,0.549924076,0.60389936,0.433576733,-0.0128182592,0.192686155,-0.13500075,0.284697622,0.0591516867,-0.00142108172,0.398707032,-0.0904270634,0.0586602762,-0.0708200634,0.139568403,0.00233883946,-0.311731517,-0.00696083531,0.227978781,0.378580093,-1.58819997,-0.295959383,-0.580382049,-0.279027164,1.58819997,1.10661757,-0.043733757
1.33983183,1.34554732,0.0744087473,-0.382638782,0.549948752,0.603181243,0.432800531,-0.0166558214,0.194614604,-0.134912744,0.282918513,0.0585214645,-0.00143833377,0.393724263,-0.0896407142,0.0588870458,-0.0719495416,0.139862135,0.00234819134,-0.313085765,-0.00744733447,0.225334674,0.377795368,-1.58819997,-0.296635419,-0.582257867,-0.278548479,1.58819997,1.10711157,-0.0450807102
1.33998477,1.34559608,0.075870797,-0.384720802,0.550764263,0.601682186,0.432003677,-0.0206207521,0.195440918,-0.134462327,0.281164169,0.0579352416,-0.00145236915,0.388148516,-0.0898998305,0.0592319295,-0.0730813667,0.140073463,0.00235348032,-0.314632267,-0.0065239314,0.220418751,0.376342088,-1.58819997,-0.297603667,-0.584124029,-0.278001845,1.58819997,1.10760725,-0.045745533
1.33959901,1.34559822,0.0758462474,-0.386051893,0.552017093,0.600572228,0.430759847,-0.0247601923,0.19486171,-0.133596018,0.279576898,0.0574016459,-0.00146505237,0.383172512,-0.0909809098,0.0597742796,-0.0737560317,0.14033708,0.00235985196,-0.315181822,-0.00508210203,0.216542527,0.375062972,-1.58819997,-0.298311055,-0.586030304,-0.277151585,1.58819997,1.10792315,-0.0460596234
1.33991838,1.34547007,0.0758232996,-0.387187898,0.553837419,0.599222064,0.429281473,-0.0296305194,0.193708941,-0.132635385,0.277774096,0.0568957552,-0.00148453284,0.377642661,-0.0927623063,0.060299255,-0.0746386275,0.14045088,0.00236204802,-0.314380705,-0.00363562256,0.212004483,0.374241978,-1.58819997,-0.298576504,-0.587775886,-0.27720964,1.58819997,1.10921931,-0.045909673
1.33998239,1.34547186,0.0767168105,-0.388608843,0.555715203,0.597785115,0.42757073,-0.0353214554,0.192017853,-0.131582007,0.275811493,0.0564166866,-0.00150539388,0.371561885,-0.0942654759,0.060764797,-0.0756107345,0.140529409,0.00236423826,-0.313552231,-0.00269748992,0.207068041,0.373033553,-1.58819997,-0.29905951,-0.589399695,-0.277578741,1.58819997,1.11055458,-0.0459086522
1.34053743,1.34529591,0.0761926472,-0.390277088,0.55809021,0.59640944,0.424870461,-0.0419950411,0.191097453,-0.130892649,0.273804814,0.0559994876,-0.00152650615,0.364837795,-0.0953090414,0.0611576587,-0.0766792819,0.140596226,0.00236505992,-0.31178546,-0.00181537855,0.199829146,0.371764094,-1.58819997,-0.299496979,-0.590525389,-0.277796119,1.58819997,1.11162937,-0.0463375486
1.33968604,1.34533238,0.0771098807,-0.393462867,0.561226249,0.592745543,0.422924042,-0.0522113107,0.187974513,-0.129621997,0.270276546,0.055596076,-0.0015333523,0.3537651,-0.0987077057,0.062013749,-0.0792465806,0.140577123,0.00236266246,-0.312110662,0.000636687677,0.187629402,0.370085686,-1.58819997,-0.300174028,-0.59167254,-0.278911918,1.58819997,1.11326563,-0.0461693704
1.33943093,1.34550798,0.0769592002,-0.395896405,0.563918293,0.589806497,0.421177596,-0.062346179,0.184408143,-0.128296286,0.267304152,0.0553166978,-0.00154582073,0.34310028,-0.102679357,0.0629184991,-0.0812583938,0.140576497,0.00236667669,-0.312842906,0.000156149763,0.17866607,0.368965805,-1.58819997,-0.300384581,-0.592694759,-0.279789478,1.58819997,1.11442137,-0.0463499427
1.33972466,1.34574902,0.0772579983,-0.397429168,0.566656709,0.587129891,0.419796199,-0.0713974983,0.180508986,-0.126914695,0.26507321,0.0552416034,-0.00156155543,0.333085686,-0.106727771,0.0637844801,-0.0825694352,0.140595481,0.00237098895,-0.312299073,6.34466487e-05,0.171392113,0.368273556,-1.58819997,-0.300154269,-0.593126595,-0.280546904,1.58819997,1.11563742,-0.0464138687
1.3397311,1.34587121,0.0775663257,-0.398656636,0.568783045,0.58517468,0.418484569,-0.0792195946,0.176799878,-0.125589699,0.263799042,0.0552857704,-0.00157810736,0.325242728,-0.11004144,0.0645957738,-0.0826180577,0.14074409,0.00237812405,-0.311672777,-0.000890448457,0.165176794,0.36766246,-1.58819997,-0.299889028,-0.593510091,-0.281438649,1.58819997,1.11675096,-0.0464744531
1.33917618,1.34596992,0.0773007646,-0.400048018,0.570936799,0.584011137,0.415840983,-0.0862355903,0.17390269,-0.124505714,0.263163477,0.0554282181,-0.00159060629,0.31828469,-0.113087811,0.0654091313,-0.0822378397,0.14084816,0.00238659722,-0.311121345,-0.00106487074,0.159744576,0.366963208,-1.58819997,-0.299741149,-0.594001472,-0.28186059,1.58819997,1.11737835,-0.047103934
1.33915377,1.34586322,0.0768050551,-0.4018749,0.572745144,0.582124114,0.414235532,-0.0949929878,0.172509193,-0.123954251,0.261884123,0.0555316769,-0.00160833262,0.309604049,-0.114375137,0.065978989,-0.0826713666,0.140863642,0.00239108503,-0.308913529,1.61643529e-05,0.152134761,0.366324544,-1.58819997,-0.299683481,-0.594602406,-0.282660216,1.58819997,1.11855042,-0.0471813194
1.33904397,1.34599566,0.0769761801,-0.402640164,0.574400127,0.580770433,0.413099289,-0.102269389,0.170612857,-0.123244308,0.261629611,0.0557332821,-0.00161954178,0.302861273,-0.115884468,0.0665749013,-0.0820044652,0.140990347,0.00239826157,-0.307272643,-0.000346954796,0.147052124,0.365838677,-1.58819997,-0.29959783,-0.595283389,-0.283388764,1.58819997,1.11940408,-0.0473082699
1.33945656,1.34603822,0.0764921755,-0.40344578,0.575676918,0.579738379,0.411984205,-0.108292423,0.169217676,-0.12268725,0.261962354,0.0560585856,-0.00163408939,0.296785116,-0.117084473,0.0670482367,-0.0810618922,0.141065225,0.00240381295,-0.30617699,-0.000626796391,0.144015655,0.365461379,-1.58819997,-0.299470901,-0.595893145,-0.284265786,1.58819997,1.12039101,-0.0473971963
1.33957624,1.34613168,0.077281855,-0.403983712,0.576873958,0.578712463,0.411224425,-0.113492996,0.167627737,-0.122077987,0.262626916,0.0564477444,-0.00164616166,0.291564763,-0.118139192,0.0675202161,-0.0797846988,0.141159222,0.00240987586,-0.304822326,-0.000509601377,0.14194949,0.364665776,-1.58819997,-0.299818069,-0.596922874,-0.28521955,1.58819997,1.1214695,-0.0475675613
1.33888996,1.34593952,0.0768354684,-0.404669195,0.577741504,0.577782631,0.410639465,-0.11831414,0.166000336,-0.121434577,0.263574898,0.056861829,-0.00165239605,0.287240475,-0.119785465,0.0681076199,-0.0782832056,0.141209438,0.00241549662,-0.304581344,-0.000795423228,0.139376447,0.363911122,-1.58819997,-0.300072491,-0.597575426,-0.286371469,1.58819997,1.1224705,-0.0476085506
1.33952415,1.34606695,0.0777187422,-0.405122936,0.578443885,0.577008724,0.410291433,-0.122032255,0.165173411,-0.121054761,0.264926076,0.0573558249,-0.00166481384,0.283043891,-0.120761789,0.068521969,-0.0766922385,0.141262233,0.00242189108,-0.304191947,-0.00115845201,0.137478024,0.36314562,-1.58819997,-0.300306171,-0.598335147,-0.28735438,1.58819997,1.12328303,-0.0478430465
1.33918905,1.34602833,0.0777951032,-0.405311972,0.578830421,0.57646817,0.410319448,-0.125176489,0.164071456,-0.120598309,0.266574681,0.0578767285,-0.00167206023,0.280013114,-0.121858217,0.0690090805,-0.0747821927,0.141312718,0.00242836378,-0.303859949,-0.0010231015,0.136533052,0.362520367,-1.58819997,-0.300401211,-0.598828495,-0.288226008,1.58819997,1.12397122,-0.0479315966
1.33974636,1.34601796,0.079182744,-0.40549019,0.579385698,0.575927377,0.410119087,-0.127491564,0.163107678,-0.120220393,0.268402517,0.058442343,-0.00168030919,0.277480632,-0.122691683,0.0694334432,-0.0727427006,0.141356334,0.00243294286,-0.303830445,-0.00211689202,0.135771543,0.361159086,-1.58819997,-0.301098198,-0.599476039,-0.288807482,1.58819997,1.12433398,-0.0481653884
1.33968139,1.34618127,0.0782490894,-0.405796945,0.579336107,0.575810015,0.410050333,-0.129251793,0.1628692,-0.120052241,0.270276397,0.0590120032,-0.00168855314,0.275218993,-0.122739941,0.0697688982,-0.0707009509,0.141381264,0.00243993639,-0.303852201,-0.00169563387,0.13579376,0.360576361,-1.58819997,-0.301075429,-0.599812627,-0.289480686,1.58819997,1.12477005,-0.0485340022
1.33914006,1.34614944,0.0780482218,-0.405907661,0.579360425,0.575871825,0.409819424,-0.130780235,0.162731454,-0.119880445,0.272244334,0.0595133603,-0.0016921896,0.273930758,-0.122774877,0.0701525062,-0.0684157386,0.14141278,0.0024460454,-0.303749859,-0.00110106764,0.136184126,0.359900177,-1.58819997,-0.30120787,-0.600373089,-0.289734006,1.58819997,1.12481308,-0.0488495603
1.33964002,1.34604585,0.0783137307,-0.406149566,0.57947427,0.575573981,0.409837306,-0.132421285,0.162829816,-0.119840838,0.273976892,0.0600261614,-0.00169925543,0.271932691,-0.122458845,0.0704274625,-0.0665966272,0.141383335,0.00244878884,-0.303497791,-0.000757586211,0.135705307,0.359339118,-1.58819997,-0.301221967,-0.600892961,-0.290338457,1.58819997,1.12522364,-0.0490200333
1.33984244,1.34606647,0.0781580061,-0.406278789,0.57980597,0.575371921,0.409523845,-0.133822933,0.162552163,-0.119688004,0.275735795,0.0605376959,-0.0017042181,0.270442367,-0.122643881,0.0707949847,-0.0646991804,0.141312525,0.00245228293,-0.303468794,-0.000269906042,0.136432007,0.358850271,-1.58819997,-0.301120847,-0.601183295,-0.291054636,1.58819997,1.12562203,-0.0491820723
1.33954883,1.34586489,0.0792574361,-0.406561255,0.579580486,0.575441658,0.409464628,-0.135393977,0.163012892,-0.119742543,0.277305931,0.0609722473,-0.00170859357,0.268817127,-0.12219438,0.0710952133,-0.0630871207,0.141209468,0.00245580007,-0.30339843,0.00276534795,0.138706997,0.357910275,-1.58819997,-0.301420778,-0.60198915,-0.29201135,1.58819997,1.12633491,-0.0491238721
1.33962584,1.34572136,0.0808345675,-0.406427979,0.57838738,0.576670051,0.409555823,-0.135250196,0.165269762,-0.120273098,0.27958402,0.0613913797,-0.00171654532,0.26914686,-0.11997401,0.0711158738,-0.060664285,0.141182706,0.00246012071,-0.303200036,0.00542747276,0.142835528,0.356741667,-1.58819997,-0.301742494,-0.602369964,-0.29285419,1.58819997,1.12684798,-0.0489577353
1.33918309,1.34560382,0.08007624,-0.405898035,0.577323437,0.578119516,0.409539074,-0.134427592,0.1678496,-0.12084958,0.282218069,0.0617052056,-0.0017196195,0.270781368,-0.117459759,0.0711274445,-0.0580178574,0.141175464,0.00246407324,-0.302483946,0.00738517521,0.148833975,0.355894864,-1.58819997,-0.301802933,-0.602785766,-0.29372108,1.58819997,1.1274296,-0.0491297692
1.33950984,1.34536946,0.0802931488,-0.405638039,0.574049532,0.581278622,0.409926981,-0.131882921,0.174686074,-0.122651145,0.285608172,0.0619415678,-0.00173476874,0.273949504,-0.110786229,0.07048022,-0.0549511723,0.141297325,0.00246974058,-0.302230358,0.01205472,0.156829,0.355257183,-1.58819997,-0.301619053,-0.602612734,-0.294025868,1.58819997,1.12739313,-0.0491796359
1.33995068,1.34543121,0.0800882354,-0.404667228,0.571025133,0.584227264,0.410917491,-0.127855062,0.182124034,-0.12453901,0.289446801,0.0621027425,-0.00174355751,0.278711259,-0.103332452,0.0696800798,-0.0514578745,0.141510114,0.00247239508,-0.301663071,0.0143549927,0.164250001,0.354480684,-1.58819997,-0.3015894,-0.602334976,-0.294165999,1.58819997,1.12723315,-0.0497069918
1.33924806,1.34492123,0.0792065486,-0.402865767,0.568738222,0.586921155,0.412018925,-0.122783244,0.187148347,-0.125561908,0.293324858,0.0621673502,-0.00173690333,0.285144806,-0.0984813347,0.0693193004,-0.0476760641,0.141715109,0.00247060903,-0.301275522,0.0167403519,0.172502756,0.354224712,-1.58819997,-0.301114202,-0.601472318,-0.294143885,1.58819997,1.12698674,-0.0494265147
1.34054756,1.34500003,0.0789802298,-0.401323766,0.566152155,0.589105129,0.413963854,-0.116973557,0.192156747,-0.126588196,0.297184557,0.0621869415,-0.00175227248,0.291321695,-0.0928553641,0.0686818138,-0.0442854315,0.141910449,0.00247062324,-0.301323801,0.0171655566,0.179270625,0.354130417,-1.58819997,-0.300597936,-0.600759089,-0.29390955,1.58819997,1.12643683,-0.0495413393
1.3404628,1.34503734,0.0778922439,-0.399530768,0.563626707,0.591854155,0.415221453,-0.109522343,0.195903078,-0.127097175,0.301437587,0.062173713,-0.00175736612,0.298919737,-0.088694483,0.0683520213,-0.0406517424,0.14211157,0.00247235177,-0.303187907,0.0178863294,0.187364265,0.354610562,-1.58819997,-0.299704492,-0.600325406,-0.293412298,1.58819997,1.12558138,-0.0500157028
1.34094906,1.34503222,0.0775619,-0.398405373,0.561859906,0.593834221,0.415869564,-0.103193954,0.199511304,-0.127590179,0.304696113,0.0620208085,-0.00176613498,0.305108905,-0.0847731382,0.0680191144,-0.0380375981,0.142261177,0.00247154501,-0.304213941,0.0171768721,0.191820323,0.355072618,-1.58819997,-0.298900366,-0.600186288,-0.292919785,1.58819997,1.12478256,-0.050279133
1.34144771,1.3450619,0.0773957148,-0.397815615,0.560527027,0.595089853,0.416437566,-0.0990196317,0.202659577,-0.128010646,0.306652635,0.0617291294,-0.00177546986,0.309445649,-0.0813043267,0.0677249655,-0.0364873894,0.142348349,0.00246990914,-0.304983139,0.0176794548,0.195207492,0.355181366,-1.58819997,-0.298431486,-0.600097179,-0.292179018,1.58819997,1.1238904,-0.0506414212
1.33978319,1.34482038,0.0782070681,-0.396532387,0.559807122,0.596120298,0.417155355,-0.0958006009,0.203195944,-0.127505317,0.307960033,0.0612930395,-0.00176492729,0.313912034,-0.0809653178,0.0680305585,-0.0352839753,0.142359778,0.00246612285,-0.305550992,0.0185301788,0.199761257,0.355149925,-1.58819997,-0.29811123,-0.599999666,-0.291838288,1.58819997,1.12349451,-0.0507400781
1.34039974,1.34489214,0.0779352188,-0.395421922,0.558261573,0.597944438,0.417669654,-0.091910623,0.205797389,-0.127728865,0.309516907,0.060865555,-0.00178123754,0.318594635,-0.0784118772,0.0678191856,-0.0340453722,0.14241828,0.00246748305,-0.305799812,0.0185321439,0.204747245,0.355165958,-1.58819997,-0.297745347,-0.599716187,-0.291391164,1.58819997,1.12299931,-0.0506012738
1.34039283,1.34494269,0.0763148665,-0.394069999,0.556871831,0.59977895,0.418171972,-0.0878661573,0.208686575,-0.128070801,0.311043948,0.060404256,-0.0017901283,0.323647708,-0.075066641,0.0675368682,-0.0328802466,0.142542213,0.0024668125,-0.305117905,0.019082265,0.209310517,0.355486065,-1.58819997,-0.297350466,-0.59975189,-0.290981054,1.58819997,1.12256026,-0.0507320762
1.34139061,1.34489286,0.0767393038,-0.3935785,0.555136085,0.60156399,0.418378621,-0.083925277,0.213148698,-0.128935456,0.312344849,0.0599449947,-0.00180590351,0.328001171,-0.07070072,0.0669914261,-0.0321521536,0.142631754,0.00246523391,-0.305369198,0.0203138683,0.212880418,0.355494946,-1.58819997,-0.297135472,-0.599172115,-0.290289044,1.58819997,1.12190652,-0.0504900962
1.341506,1.34475732,0.0756535158,-0.39266032,0.553857565,0.602752268,0.41922465,-0.0807883814,0.21650593,-0.129467994,0.313249141,0.0594362579,-0.00181090191,0.331904918,-0.0674523786,0.0666940287,-0.0316190012,0.142733514,0.0024604192,-0.304660529,0.0207951609,0.21477367,0.355891138,-1.58819997,-0.296741039,-0.598741651,-0.289358616,1.58819997,1.12118196,-0.0505870767
1.34089756,1.34484172,0.0768440962,-0.391493857,0.553441346,0.603163481,0.420272589,-0.0773755014,0.216982931,-0.129002973,0.314043254,0.058947321,-0.00180346682,0.335868537,-0.0671749339,0.066907756,-0.0313008726,0.142843351,0.0024549209,-0.305757165,0.0200283453,0.216003656,0.356282055,-1.58819997,-0.296347141,-0.598091841,-0.288576841,1.58819997,1.1205169,-0.0505922437
1.34174895,1.34536421,0.0745561793,-0.390753567,0.553689837,0.60273844,0.421242982,-0.0745524988,0.215508804,-0.128054097,0.314171314,0.0585583411,-0.00181043579,0.338089347,-0.068233557,0.0672222972,-0.031671945,0.142901883,0.00245240307,-0.307315379,0.0157758556,0.214766026,0.357586622,-1.58819997,-0.295335978,-0.597912967,-0.288063347,1.58819997,1.11985302,-0.0506577641
1.34080625,1.34545386,0.0748394504,-0.390108198,0.554657817,0.601603985,0.422188222,-0.0730038136,0.211728156,-0.126387224,0.31356293,0.0581668541,-0.00180131802,0.339653015,-0.0724022985,0.0680886284,-0.0323422886,0.142861024,0.00244608708,-0.309683651,0.0128189884,0.21330227,0.358371437,-1.58819997,-0.29473725,-0.597544432,-0.287830591,1.58819997,1.11954772,-0.05060279
1.34137583,1.34571588,0.0741735697,-0.389520556,0.55570209,0.600336432,0.423160851,-0.0719396994,0.207578674,-0.12477345,0.312676132,0.0578667521,-0.00180763972,0.340364128,-0.0763444677,0.0688349754,-0.0333455652,0.142779768,0.00244305329,-0.311355561,0.0079298187,0.211540639,0.359179348,-1.58819997,-0.294155806,-0.597509921,-0.287629783,1.58819997,1.11936235,-0.0509920791
1.34155655,1.34620535,0.0745618343,-0.388730288,0.557010055,0.598820627,0.424314111,-0.0711781755,0.202478603,-0.12292885,0.311492056,0.0576749556,-0.00180759234,0.340583265,-0.081248641,0.0696959496,-0.0344612487,0.142692506,0.00244142953,-0.312926084,0.00429933472,0.209599838,0.360203296,-1.58819997,-0.293282062,-0.597198248,-0.287195206,1.58819997,1.11897111,-0.0514064021
1.34114611,1.34633994,0.0744669735,-0.387472838,0.558071613,0.59798491,0.425246924,-0.0697450861,0.197143316,-0.121032305,0.31079337,0.0575596988,-0.00180719874,0.342071414,-0.0861915275,0.0706464127,-0.0349241607,0.142684162,0.00244264095,-0.314099789,0.00148731342,0.209854677,0.361139625,-1.58819997,-0.292521507,-0.597191691,-0.286895782,1.58819997,1.11886907,-0.0511345118
1.34141529,1.34662545,0.0744288266,-0.385950416,0.559024692,0.598105133,0.425210327,-0.0672671273,0.192904621,-0.119543448,0.310559034,0.0575723201,-0.00181358203,0.344738632,-0.0897014365,0.0713910013,-0.0347882919,0.1427885,0.00244853855,-0.313558787,-0.000675950665,0.211100653,0.362627178,-1.58819997,-0.291231453,-0.596530259,-0.286773115,1.58819997,1.11899698,-0.0505560748
1.34052348,1.34595954,0.075270839,-0.384921521,0.558032572,0.599296868,0.425768048,-0.0652756542,0.192834586,-0.119384974,0.31052205,0.0574359931,-0.00182060327,0.348306775,-0.0900365636,0.0716292337,-0.0345843174,0.142764077,0.00245042611,-0.311588079,-0.0047077057,0.212199271,0.361311406,-1.58819997,-0.292384982,-0.596594095,-0.286189228,1.58819997,1.11843848,-0.0509043671
1.34136569,1.34563565,0.0754638985,-0.384184569,0.557179511,0.600013494,0.426540703,-0.0623128228,0.194261014,-0.119732887,0.310953796,0.0572867431,-0.00182848249,0.351707309,-0.0884506181,0.0715227872,-0.0345250443,0.142795235,0.0024520813,-0.311063319,-0.006747426,0.214613914,0.359399468,-1.58819997,-0.294082612,-0.596982718,-0.285934746,1.58819997,1.11829853,-0.0508586913
1.34180486,1.34544551,0.0766964927,-0.383333147,0.555942237,0.601137698,0.427337497,-0.0587824695,0.196248218,-0.120211735,0.311596841,0.057138782,-0.00183384796,0.35550335,-0.0867673382,0.0713165328,-0.0343503356,0.142772049,0.00245289528,-0.310637385,-0.00674048532,0.218373939,0.357216179,-1.58819997,-0.295858592,-0.597117007,-0.285256714,1.58819997,1.11779797,-0.0506732911
1.34099925,1.34504282,0.0766063109,-0.382301986,0.55441469,0.602493286,0.428335667,-0.054414548,0.198233962,-0.120592326,0.312559485,0.0569240935,-0.00183180696,0.360304922,-0.0856667012,0.0712053776,-0.0340323709,0.14266412,0.00245151063,-0.310700268,-0.00668504555,0.222862065,0.35501945,-1.58819997,-0.297665238,-0.597450793,-0.284786552,1.58819997,1.11755276,-0.0506263338
1.34152007,1.34482145,0.0768653899,-0.38102451,0.552179098,0.603978097,0.430266261,-0.0489110239,0.201333791,-0.121353529,0.31389761,0.0567054413,-0.00184069469,0.365765631,-0.0831504613,0.0707767382,-0.0334826969,0.142594129,0.00245018234,-0.310440272,-0.00601671869,0.22785975,0.35336262,-1.58819997,-0.298853397,-0.597088158,-0.283164978,1.58819997,1.11631846,-0.0506432243
1.34184742,1.34483182,0.0775746033,-0.37872228,0.550314248,0.606518447,0.43111366,-0.0415403657,0.203512102,-0.121719159,0.315808862,0.0565160736,-0.00184564386,0.37382108,-0.0810398459,0.0703358576,-0.0320354104,0.142565966,0.00244881259,-0.309949517,-0.00614198158,0.234800398,0.352677524,-1.58819997,-0.299137622,-0.595511854,-0.280776978,1.58819997,1.11436498,-0.0511442795
1.3406961,1.34434462,0.0757930949,-0.377292812,0.549456298,0.607656121,0.431858599,-0.0360541865,0.204210028,-0.121626854,0.316750169,0.0561654083,-0.00184127572,0.380537152,-0.0803607106,0.0702543035,-0.0315505639,0.142440945,0.00244221231,-0.309091121,-0.00769158034,0.23832877,0.352150977,-1.58819997,-0.299759239,-0.595365405,-0.279813677,1.58819997,1.11377895,-0.0517282225
1.34125543,1.34459162,0.0763661638,-0.376941532,0.548577249,0.608370185,0.43227753,-0.0315702669,0.205455869,-0.121805817,0.316978127,0.0557705648,-0.00185226579,0.38487184,-0.0789674968,0.0699417368,-0.032183148,0.142263651,0.00244051358,-0.309587985,-0.00799676124,0.239695206,0.35171169,-1.58819997,-0.300152689,-0.594728768,-0.2787126,1.58819997,1.11288619,-0.0522419102
1.34055996,1.34464133,0.0746860281,-0.376725614,0.548638165,0.60854429,0.432143301,-0.0290749855,0.205159843,-0.121499881,0.316234082,0.05531523,-0.00184878684,0.387592435,-0.0793607682,0.0699956194,-0.0335472934,0.142082185,0.00243693055,-0.309933543,-0.00825794786,0.239622906,0.351684451,-1.58819997,-0.300333709,-0.594570577,-0.278056175,1.58819997,1.11250842,-0.0526475348
1.34095001,1.3450129,0.0750631392,-0.377024204,0.549600422,0.608174086,0.431180298,-0.0287325419,0.204450741,-0.121247374,0.314392924,0.0548562482,-0.00185262668,0.388088375,-0.0798047855,0.0699656308,-0.0356791951,0.141881958,0.00243269047,-0.3090927,-0.00885686278,0.23691538,0.351674855,-1.58819997,-0.300496101,-0.594486773,-0.277300894,1.58819997,1.11208308,-0.0530874841
1.34099615,1.3452605,0.0748482272,-0.378696203,0.551219046,0.607007146,0.429289013,-0.0315972045,0.203576624,-0.121070646,0.311178952,0.0543212071,-0.00185435696,0.384998888,-0.0806282982,0.069995217,-0.0391289964,0.141625851,0.002428554,-0.308668256,-0.0086256424,0.230399445,0.351887465,-1.58819997,-0.300536305,-0.59462589,-0.277141988,1.58819997,1.11211836,-0.0533592477
1.34076047,1.3454088,0.0752741918,-0.382109582,0.553475261,0.604059815,0.42751509,-0.0383749716,0.202146038,-0.120835535,0.306523472,0.0537734367,-0.00185122178,0.377159387,-0.0824357569,0.0702755228,-0.0440559313,0.141320497,0.00242166338,-0.309763581,-0.00780790485,0.219743699,0.351416498,-1.58819997,-0.301128566,-0.595195532,-0.278161138,1.58819997,1.11335313,-0.0529055558
1.34089696,1.34569597,0.0758617669,-0.384451717,0.556225657,0.601241112,0.425815672,-0.0462692194,0.19927296,-0.120160095,0.301750273,0.0532923937,-0.00184972258,0.36873734,-0.0855049565,0.0707629547,-0.0485493392,0.141121283,0.00241885148,-0.309726745,-0.00879482459,0.210396051,0.350884169,-1.58819997,-0.301714808,-0.595952928,-0.278573483,1.58819997,1.1140697,-0.0528862104
1.34029424,1.34599495,0.0767823905,-0.386931866,0.559128463,0.59805268,0.424254715,-0.0547250509,0.195060208,-0.119053394,0.297140926,0.0529107936,-0.0018460073,0.359632522,-0.0898673087,0.0715632066,-0.0526873395,0.141020045,0.00242233416,-0.310854703,-0.00994066615,0.201292992,0.349787086,-1.58819997,-0.302769035,-0.597059369,-0.279516786,1.58819997,1.11509264,-0.053055793
1.34093082,1.34634089,0.0779073015,-0.389246702,0.561514974,0.595312893,0.422836334,-0.062623933,0.19158341,-0.118248701,0.29323411,0.0526906066,-0.00185540703,0.350528181,-0.0935701504,0.0721682832,-0.0562428795,0.140911967,0.00242911396,-0.311717629,-0.0117094759,0.192797601,0.348374307,-1.58819997,-0.303934157,-0.598151326,-0.280056506,1.58819997,1.11570501,-0.0536728315
1.34106672,1.34680331,0.0789559707,-0.390862256,0.56353575,0.593208194,0.421613902,-0.0695835277,0.188298613,-0.117469527,0.290151834,0.0526530445,-0.00186252117,0.342570245,-0.0965240374,0.0727191269,-0.0587017462,0.140957519,0.00243979576,-0.311717749,-0.0133359442,0.185067609,0.346722007,-1.58819997,-0.305197269,-0.599252343,-0.280414999,1.58819997,1.11616361,-0.0543054305
1.34082675,1.34695983,0.0785708874,-0.39198038,0.566299677,0.590327621,0.420915067,-0.0766776502,0.18326579,-0.116137959,0.287281007,0.0527348928,-0.00186185155,0.335238248,-0.101849131,0.0735284686,-0.0608416535,0.140840575,0.00244216691,-0.311740875,-0.0150767434,0.177742347,0.345538944,-1.58819997,-0.306090415,-0.600403845,-0.281209588,1.58819997,1.11712468,-0.0543292724
1.34112787,1.34689534,0.0794854313,-0.393303961,0.56843847,0.588114619,0.41989398,-0.0822949335,0.178752169,-0.114982978,0.285392731,0.0529927611,-0.00186693948,0.328625798,-0.106578775,0.0742159337,-0.0623814799,0.140753478,0.0024459057,-0.312932491,-0.0166536141,0.172012255,0.344517827,-1.58819997,-0.306726694,-0.601538002,-0.282091945,1.58819997,1.11811829,-0.0539873838
1.34150386,1.34705043,0.0805385411,-0.39514634,0.569640577,0.586306393,0.419063151,-0.0878396332,0.176702484,-0.114640243,0.283752739,0.0533172525,-0.00187583629,0.321845621,-0.108736977,0.0745333061,-0.0636833608,0.140689239,0.002454072,-0.3139036,-0.0162080862,0.166073143,0.342849284,-1.58819997,-0.307766944,-0.602581203,-0.282687962,1.58819997,1.11876953,-0.0537485965
1.34096241,1.34669042,0.0819231793,-0.396344513,0.571115375,0.584406793,0.418577254,-0.0932011381,0.173885539,-0.114008799,0.282444,0.053648863,-0.00187284162,0.315748543,-0.112100802,0.0750581697,-0.0645751432,0.1405911,0.00245580403,-0.314670056,-0.0169262961,0.162290141,0.3409715,-1.58819997,-0.30893144,-0.603728235,-0.28337577,1.58819997,1.11953092,-0.0537494905
1.34101272,1.34676015,0.0826141983,-0.397285759,0.571936607,0.583154917,0.418309569,-0.0972301289,0.172120333,-0.113726586,0.28181988,0.0540800095,-0.00187550462,0.310919702,-0.114376999,0.0753598139,-0.0647892877,0.140515015,0.00246188929,-0.315361172,-0.017386023,0.159548268,0.339129031,-1.58819997,-0.309902787,-0.604698241,-0.284135461,1.58819997,1.12030196,-0.0536785387
1.34152937,1.3467685,0.0827602372,-0.398017555,0.572405338,0.58204478,0.41851896,-0.100601785,0.171404853,-0.113756135,0.281827182,0.0545662865,-0.00188057974,0.306989998,-0.115336791,0.0754443035,-0.0645303056,0.140454024,0.00246648514,-0.315631598,-0.0182178169,0.157163307,0.337314248,-1.58819997,-0.310815662,-0.605871916,-0.284489572,1.58819997,1.1207639,-0.0538377576
1.3409518,1.34706867,0.0826513916,-0.398557454,0.574097395,0.580155253,0.41831091,-0.103362381,0.167488933,-0.11277581,0.281693757,0.0551415905,-0.00187360332,0.302930325,-0.119742461,0.0761322081,-0.0641635805,0.140396133,0.00247289264,-0.317379385,-0.0155032622,0.15416792,0.338077098,-1.58819997,-0.309339374,-0.606002867,-0.284459174,1.58819997,1.1209054,-0.0535913408
1.34085882,1.34729588,0.0826070458,-0.399923444,0.575640678,0.579660892,0.41556263,-0.106387369,0.164719746,-0.112225585,0.281606048,0.0557281934,-0.0018766633,0.298846066,-0.12270806,0.0766036585,-0.0637928098,0.140317023,0.00248109363,-0.318275124,-0.0153835164,0.150901645,0.339004546,-1.58819997,-0.307760149,-0.606170118,-0.284764707,1.58819997,1.12121999,-0.0534583777
1.34009004,1.34693253,0.0820199475,-0.401664883,0.577883184,0.577773809,0.413392991,-0.114157572,0.162921786,-0.112112053,0.279567331,0.0561023466,-0.00187618635,0.291890174,-0.124430209,0.077053085,-0.0648686364,0.14013809,0.00248170155,-0.315022916,-0.0138458544,0.144186735,0.33892706,-1.58819997,-0.307261944,-0.607279122,-0.285657436,1.58819997,1.12267339,-0.0530938059
1.33996558,1.34706843,0.0809682459,-0.402782351,0.579610229,0.57619381,0.412091166,-0.121295393,0.160683423,-0.11186339,0.27809903,0.0565473922,-0.00187929941,0.284971595,-0.126012921,0.0774313137,-0.065643236,0.139991552,0.00248770672,-0.31285736,-0.0130342226,0.138775527,0.339794815,-1.58819997,-0.305933535,-0.607601523,-0.28662914,1.58819997,1.12368309,-0.0529997982
1.33940589,1.34704053,0.080973044,-0.403741598,0.581178784,0.574429393,0.411405832,-0.12761873,0.15775691,-0.111356631,0.277292103,0.0570430271,-0.00187798415,0.278919041,-0.128610075,0.0779966936,-0.0659243912,0.139881164,0.00249554799,-0.312017143,-0.01296301,0.133887231,0.340263844,-1.58819997,-0.305110574,-0.60833317,-0.287991762,1.58819997,1.12477028,-0.0530026406
1.34000885,1.34714258,0.0809590369,-0.404341459,0.582307279,0.573284924,0.410817116,-0.132079661,0.155740842,-0.111120023,0.277352244,0.0576620623,-0.00188164064,0.273923755,-0.130298913,0.0783460736,-0.0656269416,0.139763772,0.00250254082,-0.311384141,-0.0136493202,0.130783334,0.341046959,-1.58819997,-0.303994358,-0.608634412,-0.289018869,1.58819997,1.12532187,-0.0530059896
1.34003437,1.34725356,0.0806470439,-0.40487358,0.582769036,0.572547436,0.410666645,-0.136080638,0.154532254,-0.11112497,0.277747512,0.0583348237,-0.00188432983,0.269896597,-0.131294906,0.0785910934,-0.0648423582,0.139685392,0.00251069223,-0.310665727,-0.0126461945,0.128714591,0.341920763,-1.58819997,-0.302805305,-0.608605266,-0.289541483,1.58819997,1.12539995,-0.0530379936
1.34005129,1.34701884,0.0803847983,-0.40484643,0.582958519,0.572229922,0.410867035,-0.138238281,0.153858528,-0.111258134,0.278962851,0.059066616,-0.00188361492,0.267603457,-0.132317573,0.0788361356,-0.0633937344,0.139606625,0.00251590204,-0.309965074,-0.013040184,0.12922591,0.342598557,-1.58819997,-0.301956415,-0.609000742,-0.290121108,1.58819997,1.12568283,-0.0529785268
1.34009802,1.34724796,0.0802533105,-0.404820144,0.582846045,0.572398365,0.410817921,-0.138871133,0.153475598,-0.111424468,0.280660182,0.0598380491,-0.0018845353,0.266584337,-0.132583708,0.0789762288,-0.0614135899,0.13958405,0.00252447138,-0.309713751,-0.013092326,0.12977235,0.343287528,-1.58819997,-0.300988168,-0.608918905,-0.290649384,1.58819997,1.12576377,-0.0528912209
1.33927274,1.34722865,0.0794508606,-0.404660523,0.582532167,0.572793424,0.410869658,-0.13933152,0.153218552,-0.111589484,0.282332212,0.0605423115,-0.00188201782,0.26628527,-0.132407188,0.0791371539,-0.0594171621,0.139561117,0.00253265258,-0.308820397,-0.0124173863,0.131032512,0.343924046,-1.58819997,-0.300265431,-0.609323382,-0.291178465,1.58819997,1.12597525,-0.0528591387
1.33990383,1.34723985,0.0802110657,-0.404688597,0.582440674,0.572902143,0.410819978,-0.139723629,0.153695583,-0.112021223,0.283976316,0.0612292513,-0.00188301981,0.265779555,-0.1317707,0.0791601166,-0.057622917,0.13953115,0.00253773155,-0.308216184,-0.012238631,0.131532028,0.344150454,-1.58819997,-0.299889565,-0.609661937,-0.291659653,1.58819997,1.12611508,-0.0526952632
1.34012258,1.34728539,0.0782583877,-0.404529482,0.582441986,0.572980344,0.410865754,-0.140318111,0.153896123,-0.112366915,0.285231769,0.0618933439,-0.00188188232,0.265060455,-0.131237939,0.0791920125,-0.0560537912,0.139474422,0.00254247873,-0.307174951,-0.0123140728,0.132479668,0.344761699,-1.58819997,-0.299211949,-0.609977663,-0.291992307,1.58819997,1.12614465,-0.0527137332
1.33973169,1.34715569,0.0796353668,-0.404670447,0.582789898,0.5727669,0.410531193,-0.141159803,0.153333202,-0.112477705,0.286396801,0.0625061989,-0.00187667133,0.264305353,-0.131844699,0.0794471577,-0.0546818599,0.139368445,0.00254676491,-0.306869209,-0.0123806372,0.131520063,0.345005035,-1.58819997,-0.298863739,-0.610176623,-0.292766482,1.58819997,1.12644541,-0.0523835868
1.34015656,1.34712517,0.0792483464,-0.405202419,0.583234966,0.57223618,0.410114288,-0.142714784,0.15278472,-0.112654991,0.287066549,0.0630538464,-0.00187526329,0.262334675,-0.13204439,0.0796035528,-0.0539311506,0.139199555,0.00254919287,-0.306456953,-0.0123232817,0.129979998,0.345270514,-1.58819997,-0.298499197,-0.610425293,-0.293077737,1.58819997,1.12631798,-0.0525456965
1.33973253,1.34710801,0.0790996104,-0.405402631,0.583708107,0.571776867,0.409883887,-0.144877866,0.151988029,-0.112723418,0.287513673,0.0635668263,-0.00187146163,0.260651737,-0.132764876,0.0798692107,-0.0531213358,0.139036104,0.00255383272,-0.305470318,-0.0124370558,0.129726052,0.345183045,-1.58819997,-0.298473179,-0.610885739,-0.294103086,1.58819997,1.12692177,-0.0525313728
1.34023547,1.34703016,0.0795585439,-0.405741096,0.583665907,0.571630895,0.409812659,-0.146406054,0.152248263,-0.113120846,0.288213789,0.0641123801,-0.00187159714,0.258899778,-0.132426485,0.0799487978,-0.0524317063,0.138862669,0.00255686929,-0.305101365,-0.0118991705,0.129171208,0.345126063,-1.58819997,-0.298370749,-0.611085653,-0.294821501,1.58819997,1.12711239,-0.0523490682
1.3403281,1.34718883,0.0791167691,-0.405855179,0.583609343,0.571674287,0.409719706,-0.147475034,0.152272448,-0.113426581,0.288899213,0.0646479726,-0.00186953822,0.257626176,-0.132229894,0.0800661594,-0.0514516681,0.138718694,0.00256162952,-0.304689407,-0.0117414612,0.129307717,0.345387757,-1.58819997,-0.297960252,-0.610983193,-0.295108557,1.58819997,1.12680721,-0.0526057072
1.33984268,1.34705317,0.0781541988,-0.405943841,0.583466947,0.571576774,0.409970611,-0.148318574,0.152364418,-0.11373914,0.289824694,0.0651799813,-0.00186489627,0.256789804,-0.132165343,0.0802685469,-0.050483305,0.138548911,0.00256580999,-0.304359138,-0.0121356864,0.129365847,0.345591575,-1.58819997,-0.297783911,-0.611433387,-0.295795858,1.58819997,1.12691092,-0.0526437573
1.34029591,1.34712529,0.0797534958,-0.405867875,0.583560288,0.571492314,0.410030752,-0.148156777,0.152027085,-0.113889605,0.290917933,0.0657299682,-0.00186197821,0.256392986,-0.132449791,0.0804421231,-0.0492355414,0.138427854,0.00256862724,-0.304284722,-0.0120283552,0.129342929,0.345473081,-1.58819997,-0.297656894,-0.611077487,-0.295927078,1.58819997,1.12652349,-0.0526133925
1.33945167,1.34706259,0.0790129527,-0.40579474,0.583820641,0.571199179,0.410140961,-0.148826435,0.150631487,-0.113681391,0.291543752,0.06619858,-0.00185442192,0.255785644,-0.133825451,0.0808524787,-0.0482843071,0.138247088,0.00257301028,-0.304003537,-0.0117171062,0.129930109,0.34549734,-1.58819997,-0.297509342,-0.611055851,-0.296216249,1.58819997,1.12642777,-0.0527452976
1.3402406,1.3470484,0.0782102793,-0.405980825,0.583915889,0.571116269,0.409936607,-0.149508148,0.150628209,-0.113982923,0.292177022,0.0666912869,-0.00185392378,0.254853547,-0.133770436,0.0810090005,-0.0475104749,0.138062641,0.00257466245,-0.303844035,-0.012939061,0.12977758,0.345711231,-1.58819997,-0.297194242,-0.610878468,-0.296950519,1.58819997,1.12660289,-0.0525897518
1.34052169,1.34723699,0.0800152943,-0.406162322,0.583788037,0.571156859,0.409882367,-0.150113955,0.150929421,-0.114355564,0.292665303,0.0671918467,-0.00185245764,0.253909975,-0.133115724,0.0810692161,-0.0467561223,0.137907416,0.00257790159,-0.30326426,-0.0120970905,0.129857093,0.345413715,-1.58819997,-0.297283381,-0.610762835,-0.297021061,1.58819997,1.12630665,-0.0526716374
1.33999062,1.34706199,0.0790803581,-0.406295478,0.584021628,0.570948064,0.4097085,-0.150790796,0.150513157,-0.114460111,0.293242723,0.0676199123,-0.00184548087,0.253361106,-0.133487493,0.0813805759,-0.0460198671,0.137745008,0.00258155796,-0.303011209,-0.0125779677,0.129149526,0.345270693,-1.58819997,-0.297377825,-0.611039162,-0.297626406,1.58819997,1.12638342,-0.0528034717
1.34024656,1.3471278,0.080042392,-0.406570613,0.583728731,0.571086287,0.40966031,-0.151247114,0.151219636,-0.114933923,0.293816686,0.0680340305,-0.00184332591,0.25242129,-0.132732049,0.081464462,-0.0453849845,0.137586311,0.00258475076,-0.302842319,-0.0117580481,0.129054919,0.344947726,-1.58819997,-0.297528923,-0.611005962,-0.298091292,1.58819997,1.12636375,-0.0525830276
1.3395766,1.34709299,0.0794578791,-0.406478018,0.584076405,0.570776999,0.409687668,-0.152042761,0.150152013,-0.114806451,0.294067949,0.0684087202,-0.001835356,0.251740783,-0.1337623,0.0818467662,-0.0447139144,0.137405664,0.00258845231,-0.302449733,-0.011968852,0.129554793,0.344974428,-1.58819997,-0.297408313,-0.610838711,-0.298326492,1.58819997,1.12617743,-0.0528529063
1.33950317,1.34686112,0.0794101581,-0.406372547,0.584353209,0.570666313,0.409551799,-0.152663663,0.1493029,-0.114795774,0.29441607,0.0688081235,-0.00183019903,0.251131803,-0.134743378,0.0822397918,-0.044065088,0.137205347,0.00259025651,-0.302013606,-0.0123779578,0.129543185,0.344877779,-1.58819997,-0.297479659,-0.610978127,-0.298834324,1.58819997,1.12627327,-0.0528533496
1.34055388,1.34704435,0.0785616338,-0.406548858,0.584268153,0.570675015,0.409485996,-0.153062806,0.149801284,-0.115234725,0.294862092,0.0691838861,-0.00183097576,0.250065804,-0.133761451,0.082254149,-0.0435622111,0.137028664,0.0025921145,-0.301570654,-0.012387353,0.129068196,0.345086217,-1.58819997,-0.297193289,-0.610711932,-0.299016535,1.58819997,1.12593806,-0.0529954508
1.33998036,1.34696507,0.0790472776,-0.406841367,0.584145784,0.570524454,0.409579873,-0.153622493,0.150039062,-0.115534261,0.295323908,0.0695221424,-0.00182419701,0.249550045,-0.133588716,0.0824943632,-0.0429331027,0.136866137,0.00259636529,-0.301763922,-0.0120894331,0.128980458,0.344887823,-1.58819997,-0.297382027,-0.610966921,-0.299585015,1.58819997,1.12600577,-0.053161025
1.34052014,1.34705889,0.0796728879,-0.406848192,0.583902717,0.570737302,0.409623057,-0.153551176,0.150459871,-0.115885913,0.295919091,0.0699027926,-0.00182258128,0.249346182,-0.13287136,0.0825589374,-0.0421701372,0.136735171,0.00259875529,-0.301442623,-0.0123789292,0.129521206,0.344539881,-1.58819997,-0.297542155,-0.610646665,-0.299747407,1.58819997,1.12569153,-0.0533439592
1.34066796,1.34712863,0.080066599,-0.407133281,0.583898723,0.570590854,0.409549624,-0.15404512,0.15056093,-0.116127357,0.29620862,0.0702572018,-0.00181905495,0.248529315,-0.132397294,0.0826864839,-0.0416496545,0.136588261,0.00260151317,-0.301558346,-0.0122958515,0.129570901,0.344079554,-1.58819997,-0.297829539,-0.610401452,-0.300118953,1.58819997,1.12555611,-0.0535643101
1.33958769,1.34694505,0.0793754756,-0.406997532,0.584225535,0.570407689,0.409473628,-0.154589176,0.149653316,-0.116010398,0.296392858,0.0705795065,-0.00180943916,0.248086005,-0.133664265,0.0831409544,-0.0411016606,0.136420339,0.00260466081,-0.301100671,-0.0122219194,0.129959419,0.34390676,-1.58819997,-0.297870487,-0.610191822,-0.300493896,1.58819997,1.12557864,-0.0537125878
1.3406024,1.34698355,0.079713285,-0.406807303,0.584190071,0.570620596,0.409416586,-0.154711738,0.149964511,-0.116327219,0.296802878,0.0709095597,-0.00181024312,0.247877806,-0.133140489,0.0832157731,-0.0404662266,0.136269808,0.00260481518,-0.300044924,-0.0125028314,0.130375504,0.343777359,-1.58819997,-0.297901541,-0.61005038,-0.300733596,1.58819997,1.1254797,-0.0539528318
1.34015167,1.34696269,0.0795445219,-0.40691489,0.584203064,0.570503056,0.409454972,-0.155024692,0.149816513,-0.116440274,0.297161579,0.0711829737,-0.00180408254,0.247531325,-0.133174136,0.0834513903,-0.0399771333,0.136100054,0.00260802591,-0.299926072,-0.0124407895,0.13080056,0.343453616,-1.58819997,-0.29816547,-0.61021018,-0.301451236,1.58819997,1.12571013,-0.0541540533
1.34052515,1.34678125,0.0793207362,-0.406964242,0.584286928,0.570480704,0.409317315,-0.155177042,0.149827927,-0.11664252,0.297505736,0.0714801848,-0.00180025294,0.247161224,-0.133109272,0.0836253762,-0.0394921489,0.135936722,0.00260823942,-0.299652517,-0.0119752893,0.130875483,0.343446821,-1.58819997,-0.298076659,-0.610005438,-0.301934779,1.58819997,1.12580991,-0.0538999215
1.34068501,1.34699118,0.0796208456,-0.407091618,0.583999693,0.570586026,0.409453869,-0.155619502,0.150377855,-0.117023557,0.297658235,0.0717489719,-0.00179827958,0.246596426,-0.132319108,0.0836756229,-0.039083112,0.135781407,0.00261088996,-0.299239993,-0.0118910335,0.130872563,0.343372792,-1.58819997,-0.29804635,-0.609739184,-0.302333653,1.58819997,1.12566042,-0.05416549
1.33982754,1.34687245,0.0801158622,-0.407127172,0.584318638,0.570189118,0.409516305,-0.155924484,0.149302289,-0.116816841,0.297868878,0.0720007047,-0.00178905844,0.246238753,-0.133608684,0.0841073692,-0.0386546254,0.135638118,0.00261468603,-0.299568951,-0.0117137562,0.130463213,0.343111426,-1.58819997,-0.298197895,-0.609527171,-0.302902102,1.58819997,1.12571013,-0.05401472
1.34059358,1.34689617,0.0797579065,-0.406927258,0.584314108,0.570443869,0.409366727,-0.155783743,0.149311066,-0.117008261,0.298319489,0.0722667798,-0.00178854819,0.24607563,-0.133269221,0.084225677,-0.0381164923,0.135495856,0.00261523761,-0.298735887,-0.0128521025,0.130824655,0.343123823,-1.58819997,-0.298155248,-0.609331787,-0.303065807,1.58819997,1.12539637,-0.0544190705
1.33990514,1.34705794,0.0791189224,-0.406912386,0.584268928,0.570301414,0.409644216,-0.156282738,0.148803547,-0.116999701,0.298411041,0.0724728182,-0.00178243569,0.245985791,-0.133670643,0.0844923332,-0.0377133936,0.135359675,0.00261923345,-0.298222005,-0.0127635496,0.131116286,0.343063772,-1.58819997,-0.29816708,-0.609041691,-0.303641796,1.58819997,1.12545824,-0.0547497645
1.34056783,1.34683824,0.079967998,-0.407117635,0.584293604,0.570187986,0.409563154,-0.156224459,0.148910284,-0.117216811,0.298672765,0.0727656335,-0.00177916023,0.245733067,-0.133659139,0.084660776,-0.0373105071,0.135214284,0.00261916686,-0.298709273,-0.0123186577,0.130506679,0.34299463,-1.58819997,-0.298094362,-0.608204067,-0.303734988,1.58819997,1.12503552,-0.0546113923
1.34063649,1.34696066,0.0798976347,-0.407184899,0.584102988,0.570339859,0.409556568,-0.156080917,0.149448082,-0.11754857,0.298954397,0.0730234012,-0.00177581934,0.245386183,-0.133121058,0.0847442225,-0.036952395,0.135058388,0.00262100506,-0.298350841,-0.0123873455,0.130501002,0.343062252,-1.58819997,-0.297959179,-0.607664049,-0.303928733,1.58819997,1.12475884,-0.0548888855
1.33990479,1.34676456,0.079534322,-0.407087564,0.584254146,0.570092022,0.409782857,-0.156194851,0.148850814,-0.11750035,0.299076885,0.0732568204,-0.00176760834,0.245439529,-0.133770019,0.0850594193,-0.0365593247,0.134914681,0.00262302021,-0.298062652,-0.0128155667,0.130615652,0.342856705,-1.58819997,-0.298157901,-0.60758096,-0.304498404,1.58819997,1.12494445,-0.0549385436
1.34095609,1.34675074,0.0804700851,-0.407204896,0.584157705,0.570210934,0.409638077,-0.155902028,0.149389967,-0.117846407,0.299363971,0.0734818354,-0.00176664873,0.245247662,-0.133158684,0.0850714073,-0.0362667665,0.134763375,0.00262249378,-0.298090994,-0.0125290621,0.13050428,0.342812985,-1.58819997,-0.298057854,-0.606810689,-0.304596066,1.58819997,1.12458158,-0.0547485277
1.33969939,1.34687316,0.0808224529,-0.407228947,0.584136903,0.570125222,0.409763187,-0.156205133,0.148708299,-0.117746755,0.299386621,0.0736501962,-0.00175860745,0.245143861,-0.133849308,0.08540719,-0.0359727852,0.134616047,0.00262767589,-0.29780066,-0.012283355,0.131102487,0.342466205,-1.58819997,-0.298395187,-0.606968164,-0.305031896,1.58819997,1.12456715,-0.0551664904
1.34040475,1.34686124,0.0808264017,-0.407386065,0.584155798,0.570058227,0.409673542,-0.156244636,0.149160564,-0.118077353,0.299531251,0.0738661066,-0.00175674178,0.244887292,-0.133501142,0.085498102,-0.0357101187,0.134482354,0.00262816926,-0.297867656,-0.0123635447,0.130537301,0.342309415,-1.58819997,-0.298478037,-0.606598914,-0.305324346,1.58819997,1.12444425,-0.0550807491
1.34060538,1.34705448,0.0804967657,-0.407542914,0.584029555,0.570107698,0.409628361,-0.156387195,0.149456233,-0.118304469,0.2995646,0.0740514323,-0.00175465457,0.24436301,-0.132904276,0.085535422,-0.0355396681,0.134349555,0.00263023423,-0.297599405,-0.0121830329,0.1304508,0.342280716,-1.58819997,-0.298386365,-0.605956078,-0.305451304,1.58819997,1.12411344,-0.0553473532
1.33990455,1.34694779,0.0799266919,-0.407310039,0.584151506,0.570085824,0.409716666,-0.156326562,0.149060607,-0.118277863,0.299740463,0.0742318779,-0.00174771517,0.244497836,-0.13340272,0.0857957453,-0.0351615958,0.134224802,0.00263279956,-0.29700014,-0.0125951832,0.131191447,0.341991693,-1.58819997,-0.298673987,-0.606106043,-0.305942804,1.58819997,1.12433076,-0.0553464405
1.34045744,1.34697139,0.0801960379,-0.407372594,0.584084213,0.570032418,0.40982461,-0.156161308,0.14904964,-0.118393637,0.299948096,0.0744188949,-0.00174623111,0.244406879,-0.133151174,0.0858784541,-0.0348991901,0.134090796,0.00263337186,-0.296902239,-0.0127961831,0.130935848,0.341906965,-1.58819997,-0.298740208,-0.606016576,-0.306170344,1.58819997,1.12414467,-0.0554448552
1.3396492,1.34690785,0.0803520232,-0.407503843,0.584172487,0.569812953,0.409873545,-0.156329677,0.148188889,-0.118223399,0.299955249,0.0745530725,-0.00173864339,0.244212538,-0.134170353,0.0862148553,-0.0347632058,0.133912206,0.00263642124,-0.297252297,-0.0121414447,0.130838901,0.341941506,-1.58819997,-0.298626184,-0.605668306,-0.306409687,1.58819997,1.12401104,-0.0553772338
1.34037793,1.34688199,0.0806615725,-0.407530457,0.584053874,0.570034146,0.409708619,-0.156242952,0.14870064,-0.118519172,0.300069451,0.0747252703,-0.00173833035,0.244230181,-0.133440942,0.0862293765,-0.0344846658,0.133769721,0.00263612135,-0.296823204,-0.0123239383,0.130722523,0.341909647,-1.58819997,-0.298621267,-0.605379164,-0.306700438,1.58819997,1.12400699,-0.0552173629
1.34043765,1.34687781,0.0800733939,-0.407505989,0.583922744,0.569997609,0.409970552,-0.156240717,0.149177521,-0.118782751,0.30009228,0.0748658702,-0.00173455966,0.244054228,-0.133014753,0.0863064155,-0.0342999622,0.133622095,0.00263685943,-0.296343714,-0.0119201709,0.130610123,0.342034012,-1.58819997,-0.298556268,-0.605370224,-0.306597799,1.58819997,1.12360549,-0.05554533
1.33976436,1.34678233,0.0803280845,-0.407251805,0.584285736,0.569736838,0.410068393,-0.156047955,0.148052409,-0.118468985,0.300305635,0.0749894902,-0.00172677147,0.244472712,-0.13430196,0.0866796821,-0.0339345932,0.133455679,0.00263908273,-0.29625985,-0.0128522404,0.130410299,0.341989428,-1.58819997,-0.298633963,-0.60548079,-0.306992918,1.58819997,1.12366784,-0.0555920638
1.34041142,1.34693873,0.0808372274,-0.407396168,0.584194064,0.56963253,0.410200506,-0.156059355,0.148129851,-0.118616551,0.300334156,0.0751367286,-0.00172621256,0.244234785,-0.134275422,0.0867736861,-0.0338861421,0.13327159,0.00263935886,-0.296258241,-0.0129652396,0.130182296,0.342007041,-1.58819997,-0.298651308,-0.605544865,-0.307242483,1.58819997,1.12355161,-0.0555188209
1.34059322,1.34710598,0.080261454,-0.407639652,0.583933473,0.569807827,0.410085946,-0.155947313,0.148577884,-0.11885912,0.300506115,0.0752929002,-0.00172521814,0.244008496,-0.133532599,0.0867581517,-0.0337155052,0.133134872,0.00264187157,-0.296533465,-0.012736205,0.130356282,0.341953665,-1.58819997,-0.298680574,-0.605542183,-0.307336718,1.58819997,1.12329805,-0.055647634
1.34034216,1.34701347,0.0812259316,-0.407616407,0.583958983,0.569876134,0.409977943,-0.156186268,0.148941025,-0.119060822,0.300482959,0.0754355863,-0.00172067911,0.243844628,-0.133374646,0.0868857577,-0.033645194,0.132978722,0.0026427079,-0.295959026,-0.0127296625,0.130451366,0.341701329,-1.58819997,-0.298998058,-0.605974257,-0.307475895,1.58819997,1.12324154,-0.0557453372
1.34046662,1.34707797,0.0803135261,-0.407559931,0.583874822,0.569921315,0.410091251,-0.156226724,0.14924559,-0.119252197,0.300522715,0.0755693391,-0.00171835709,0.243845388,-0.133116767,0.0869395211,-0.0334496088,0.132840246,0.00264359731,-0.295414478,-0.0126471957,0.130206332,0.341808617,-1.58819997,-0.298946172,-0.606054604,-0.307604164,1.58819997,1.12311828,-0.0556906909
1.33957708,1.34694707,0.0801665261,-0.407492399,0.584067166,0.569631696,0.410286725,-0.156327337,0.148044452,-0.118925288,0.300522804,0.0756402761,-0.00171072979,0.24376227,-0.13429758,0.0872956142,-0.0333365127,0.132666856,0.00264660432,-0.295639902,-0.0121348053,0.130320624,0.342027724,-1.58819997,-0.298823625,-0.606092334,-0.307762623,1.58819997,1.12302268,-0.0557634383
1.34034884,1.34691048,0.0815065131,-0.407655418,0.584178329,0.569442213,0.410229623,-0.156028837,0.148013815,-0.119017012,0.300610512,0.075755313,-0.00170939055,0.243654624,-0.13436836,0.0874138027,-0.0332281515,0.132530868,0.00264620152,-0.29594326,-0.0124399783,0.129751638,0.341919601,-1.58819997,-0.298921645,-0.606027603,-0.308146387,1.58819997,1.12319469,-0.0553224981
1.34045458,1.34708059,0.0802856684,-0.407824755,0.583857417,0.569559932,0.410354614,-0.156214669,0.14835602,-0.11921452,0.300587475,0.0758630037,-0.00170875364,0.24321726,-0.133715376,0.0874057114,-0.0332249366,0.13239339,0.00264844461,-0.295843273,-0.0126736863,0.129893109,0.342213333,-1.58819997,-0.29868716,-0.606066227,-0.308220863,1.58819997,1.12294412,-0.0555339567
1.33945405,1.34676814,0.080528751,-0.407627463,0.584213138,0.569388747,0.410282075,-0.156246975,0.147257134,-0.118902735,0.300625116,0.0759610236,-0.00170014868,0.243433386,-0.135254428,0.0878263041,-0.0330069922,0.132229865,0.00265038642,-0.295757413,-0.012520995,0.13019152,0.342333555,-1.58819997,-0.298635542,-0.606231153,-0.308420688,1.58819997,1.12298512,-0.0554058515
1.34023273,1.34702647,0.0798427314,-0.407708883,0.583955646,0.569606781,0.410265237,-0.15594916,0.14785023,-0.119186752,0.30084008,0.0760590658,-0.00170254335,0.243317977,-0.134392008,0.0877518505,-0.0328789353,0.132098079,0.00265133497,-0.295402735,-0.0125638051,0.129887372,0.342594177,-1.58819997,-0.298411608,-0.606183529,-0.308477134,1.58819997,1.12277651,-0.0554681122
1.3393575,1.34691572,0.0804181844,-0.407620281,0.584039748,0.56937772,0.41055119,-0.156073123,0.147199228,-0.119022429,0.30084452,0.0761073232,-0.00169518415,0.243630484,-0.13509728,0.0880043358,-0.0326759554,0.131973699,0.00265458645,-0.295208871,-0.0124709057,0.130088776,0.342481166,-1.58819997,-0.298580647,-0.606491745,-0.308904409,1.58819997,1.12297916,-0.0554165207
1.34023523,1.34694266,0.0807956979,-0.407742888,0.584037066,0.569368184,0.410446674,-0.155891627,0.147660449,-0.119267724,0.301005602,0.0762005597,-0.0016952632,0.243479311,-0.134843275,0.0880248994,-0.0326115824,0.131823048,0.00265424955,-0.295511186,-0.0130237062,0.129623652,0.342546552,-1.58819997,-0.298517227,-0.606366515,-0.309032798,1.58819997,1.12280762,-0.0553122461
1.34035194,1.347121,0.0803369656,-0.407846034,0.583721757,0.569521844,0.410579413,-0.155859455,0.148089767,-0.119495042,0.300970674,0.0763063431,-0.00169466948,0.243321761,-0.133948937,0.0879723579,-0.0325682424,0.131709754,0.00265629869,-0.295137405,-0.0128242057,0.129471526,0.342762291,-1.58819997,-0.298342764,-0.606215835,-0.30888015,1.58819997,1.12238646,-0.0556378178
1.33974934,1.34685171,0.0797670186,-0.407627672,0.584058583,0.569356501,0.410546631,-0.155669868,0.147494137,-0.119332284,0.301017314,0.0763890371,-0.00168754801,0.243639693,-0.134843305,0.0882468671,-0.0323885866,0.131581277,0.00265744468,-0.294926912,-0.0132423993,0.129893765,0.342677861,-1.58819997,-0.298487127,-0.60639888,-0.309115618,1.58819997,1.12249565,-0.0554691926
1.34026551,1.34691834,0.0800673664,-0.407737851,0.583824396,0.569423258,0.410677642,-0.155473784,0.147856832,-0.11951752,0.301100165,0.0764651671,-0.00168781029,0.243490875,-0.134443805,0.0882447883,-0.0323250107,0.131448418,0.00265752431,-0.294810325,-0.013237969,0.129587889,0.342717588,-1.58819997,-0.298504382,-0.60652411,-0.309364051,1.58819997,1.12247276,-0.0554948822
1.34019136,1.34683621,0.079602018,-0.40783903,0.583752573,0.569298387,0.410852283,-0.155363843,0.148084268,-0.119645312,0.301188618,0.0765318722,-0.00168403704,0.243432209,-0.134445086,0.088341102,-0.0322498716,0.131321222,0.00265908567,-0.295134097,-0.0126585439,0.129908994,0.342813134,-1.58819997,-0.298423141,-0.606477976,-0.309192568,1.58819997,1.12212062,-0.055494573
1.34024358,1.34684443,0.0796690658,-0.407878578,0.583836198,0.569264531,0.410741031,-0.15524596,0.147865087,-0.119615018,0.301241159,0.0765898675,-0.00168139057,0.243449852,-0.134620503,0.0884697065,-0.0321648791,0.131197214,0.00266027288,-0.295145988,-0.0132102175,0.129564226,0.342973351,-1.58819997,-0.29825455,-0.606360674,-0.309474021,1.58819997,1.12217152,-0.0554033257
1.34023952,1.34696066,0.0805177689,-0.407922596,0.583689868,0.569355011,0.410780132,-0.155189142,0.147990227,-0.119699039,0.301216185,0.0766533315,-0.00168018986,0.24336414,-0.134298831,0.0884964615,-0.0320983678,0.131099567,0.0026620056,-0.294756442,-0.0131583177,0.129238263,0.342917681,-1.58819997,-0.298292756,-0.606261849,-0.30944714,1.58819997,1.12190783,-0.0556811802
1.33964443,1.34685254,0.0827892423,-0.412303448,0.590429485,0.575679421,0.387288123,-0.155050322,0.147358865,-0.119529769,0.301294267,0.0767261535,-0.00167497667,0.243695781,-0.135014966,0.0887206942,-0.0319231078,0.130980968,0.00266371458,-0.294373423,-0.0131298276,0.129736751,0.342713475,-1.58819997,-0.298561841,-0.606685996,-0.30967021,1.58819997,1.12204516,-0.0555127934
