-0.000414535578,-0.0263149366,0.25305596,-0.0518991537,0.254447669,0.912122071,0.31716904,-2.25263906,-0.264003754,0.431141853,2.39665413,-0.402662098,-0.0241966024,0.0237585548,-2.54132938,-0.323888481,2.87980008,-0.552228451,0.219773442,-0.883217156,0.00140462688,0.220734566,-0.473316699,0.15029937,0.0716846436,0.306836575,-0.443980575,-0.0588722639,0.389446288,-0.0100670252
-0.000851506542,-0.0264297519,0.251985073,-0.0520437807,0.254698306,0.9136554,0.312496483,-2.25280142,-0.26349771,0.431284696,2.39647532,-0.402422607,-0.0240489058,0.0215799026,-2.5396049,-0.326594651,2.87980008,-0.552559793,0.219663799,-0.882866442,0.00159389642,0.222012714,-0.475656003,0.149125591,0.0719436184,0.305668533,-0.443123609,-0.0588753708,0.388990581,-0.0116501404
-0.000581171422,-0.0384304635,0.255688906,-0.0565647483,0.262129962,0.912695348,0.308343112,-2.2590549,-0.259607434,0.446623594,2.36624312,-0.402809769,-0.0238039363,0.0205625836,-2.52066469,-0.365886927,2.87980008,-0.553518534,0.215432167,-0.927976727,0.00572741358,0.187070653,-0.578155816,0.0560202301,-0.053947553,0.160608739,-0.488629878,-0.0406465493,0.386754543,-0.0760427341
-0.00193574093,-0.0375744179,0.255326807,-0.0527481548,0.26386857,0.913114786,0.306288093,-2.25998306,-0.259371161,0.465648383,2.34941196,-0.407901376,-0.0260881428,0.0192461368,-2.53221321,-0.390508443,2.87980008,-0.556872725,0.216863021,-0.931690753,0.00471683685,0.189270124,-0.57211417,0.0457822867,-0.127927408,0.0858296975,-0.497421652,-0.044759687,0.376849592,-0.117427446
-0.00174179673,-0.0382121019,0.256069303,-0.0525098406,0.264251381,0.913094878,0.306058198,-2.25990129,-0.257666916,0.47529915,2.34216332,-0.409737468,-0.0285251141,0.0194318369,-2.53905559,-0.405478477,2.87980008,-0.558694243,0.214951098,-0.932454646,0.00425726175,0.192652285,-0.557957828,0.0590314455,-0.174700499,0.0400024727,-0.495554596,-0.0500209965,0.369004101,-0.143376336
-0.00167522149,-0.038690079,0.256517738,-0.0529615469,0.26444906,0.91299361,0.306111872,-2.25994658,-0.255241603,0.48023355,2.33857775,-0.410842001,-0.0305157602,0.018597614,-2.54302382,-0.416574359,2.87980008,-0.559347391,0.212940425,-0.934209049,0.00379891973,0.195100799,-0.542199731,0.0788590461,-0.203304738,0.0261197649,-0.494078815,-0.0515274182,0.365147233,-0.159877077
-0.00182972837,-0.0387692526,0.256414503,-0.0529978164,0.2645953,0.912879527,0.306319326,-2.25937366,-0.253633976,0.482120246,2.33706975,-0.411360741,-0.0318487696,0.0185930468,-2.5453763,-0.425305277,2.87980008,-0.55888474,0.211079553,-0.934718251,0.00345446239,0.19532834,-0.536247551,0.0936773941,-0.224030495,0.015512933,-0.492265463,-0.0521146767,0.363208443,-0.16993475
-0.0015982131,-0.0390252322,0.256467462,-0.0530256219,0.264388949,0.91289556,0.306444943,-2.25911903,-0.25253126,0.48304382,2.33697772,-0.411553472,-0.033110857,0.0181812104,-2.5469768,-0.431663543,2.87980008,-0.557943821,0.209078118,-0.933505952,0.00349184382,0.196232691,-0.533731759,0.105519377,-0.238146991,0.00764448522,-0.490254015,-0.0525411107,0.361557931,-0.176293045
-0.00186520652,-0.0392975956,0.256830394,-0.0528951176,0.265023679,0.912739575,0.306383908,-2.25818753,-0.251516014,0.484950811,2.33581996,-0.411647409,-0.0339375772,0.0199088454,-2.54855418,-0.437801391,2.87980008,-0.556820631,0.207168773,-0.933572233,0.00275140069,0.196592167,-0.532509804,0.113564327,-0.248422801,0.00223045936,-0.489646196,-0.05246488,0.361998707,-0.181267008
-0.001795499,-0.0394897051,0.256876737,-0.0529299788,0.264779955,0.912555158,0.307137042,-2.25777817,-0.250584573,0.486467779,2.33573413,-0.411600322,-0.0349002331,0.0206971392,-2.54972911,-0.442987233,2.87980008,-0.555793464,0.205570772,-0.933265507,0.00286545837,0.197161794,-0.532066703,0.120029852,-0.255678773,-0.0017298396,-0.489025891,-0.0526943132,0.361437589,-0.183516398
-0.00148615811,-0.0391983166,0.25701189,-0.0532587469,0.264839023,0.912470818,0.307279676,-2.25779819,-0.249053076,0.484654576,2.33641291,-0.411751866,-0.0356193967,0.0205727778,-2.55169129,-0.445239544,2.87980008,-0.55453825,0.204156116,-0.933377802,0.00271506584,0.19651702,-0.530093491,0.11837513,-0.266448259,-0.00189890678,-0.488243788,-0.0524784885,0.362274915,-0.186769202
-0.00133509096,-0.0391640961,0.256903142,-0.052871123,0.264741331,0.912473202,0.307423532,-2.25724268,-0.249527782,0.484262884,2.33666372,-0.41181308,-0.0361089781,0.0215468407,-2.55284405,-0.447404146,2.87980008,-0.55300796,0.202944532,-0.931517005,0.00207471242,0.197924539,-0.532041967,0.124351099,-0.266662568,-0.00651169894,-0.483910263,-0.0544699095,0.36280632,-0.195572242
-0.00153534941,-0.0393062383,0.257110983,-0.0523464046,0.264742196,0.912338674,0.307911903,-2.25598145,-0.249255374,0.485665053,2.33726954,-0.411950976,-0.0363686942,0.0233629756,-2.55366731,-0.449295521,2.87980008,-0.551404297,0.201599494,-0.929798067,0.00263195601,0.197112173,-0.534641564,0.121250823,-0.274249703,-0.0261624437,-0.47835052,-0.0577403791,0.36110425,-0.202858552
-0.00143171742,-0.0392550342,0.256896079,-0.05239686,0.264605969,0.912352383,0.307979703,-2.25571108,-0.247959331,0.484957367,2.33751488,-0.412069082,-0.0366586223,0.0229641162,-2.5547905,-0.449989349,2.87980008,-0.549923062,0.20062837,-0.927625597,0.0022006433,0.197755322,-0.53248775,0.12360926,-0.277308702,-0.0365481526,-0.475543976,-0.0596803166,0.359925687,-0.208380342
-0.00152315665,-0.0393890105,0.256659418,-0.0522551835,0.264313489,0.912441611,0.307990372,-2.25566268,-0.247415408,0.486084908,2.33810735,-0.412004083,-0.0369685479,0.0241231322,-2.5551672,-0.451519608,2.87980008,-0.548458576,0.199785143,-0.927415669,0.00220546103,0.19869262,-0.530084848,0.12764205,-0.278373241,-0.0419210903,-0.474084079,-0.0605795085,0.359315217,-0.213051125
-0.00147901441,-0.0394950733,0.256392151,-0.0523375534,0.264291286,0.912418187,0.308064908,-2.2565484,-0.247087285,0.485278696,2.33853579,-0.411840886,-0.037118949,0.0243406482,-2.55472612,-0.452869684,2.87980008,-0.547269762,0.198967159,-0.926559269,0.00251431041,0.196869269,-0.529137492,0.129975289,-0.279902816,-0.0432927236,-0.479005545,-0.058154922,0.36093235,-0.206790566
-0.00147856912,-0.039789062,0.256342679,-0.052817069,0.264088362,0.912499547,0.307916105,-2.25714469,-0.247075841,0.484772354,2.3378706,-0.411518604,-0.0374569558,0.0250488278,-2.55370426,-0.454949826,2.87980008,-0.546250284,0.198349029,-0.928992271,0.00230790628,0.197674841,-0.525865257,0.138350084,-0.273247182,-0.0276592858,-0.484811872,-0.0547871031,0.362807602,-0.199967638
-0.00130941602,-0.0397668295,0.256180227,-0.0527553856,0.263680339,0.91252929,0.308188051,-2.25771189,-0.247230306,0.48392421,2.33820581,-0.411251247,-0.0377700329,0.0251115784,-2.55350924,-0.456289262,2.87980008,-0.545357883,0.19795996,-0.930456758,0.00245657121,0.197094321,-0.526896119,0.140693218,-0.270688444,-0.0193835925,-0.489192694,-0.0515334941,0.365405262,-0.194363415
-0.00117214338,-0.0395886153,0.256385505,-0.0527767502,0.263531119,0.912605226,0.308087021,-2.25729585,-0.247247189,0.483924925,2.33759189,-0.411204427,-0.0381494612,0.0250196159,-2.55396366,-0.456558943,2.87980008,-0.544465303,0.197554916,-0.930207968,0.00208104891,0.197115228,-0.528338611,0.140288115,-0.269586831,-0.0150339594,-0.490341574,-0.0501918495,0.367363244,-0.190991119
-0.00118983828,-0.0396964625,0.256156176,-0.0528127402,0.26332283,0.912591219,0.308300614,-2.25804949,-0.247653529,0.483032465,2.33804154,-0.411040574,-0.0382491983,0.0254213158,-2.55357432,-0.456768423,2.87980008,-0.543350399,0.197250828,-0.93107301,0.0024637396,0.197154909,-0.529343188,0.141792148,-0.268031418,-0.013055387,-0.491220236,-0.0503178537,0.367166013,-0.188506693
-0.00108120427,-0.0394676849,0.25635314,-0.0525700673,0.263564497,0.912583292,0.308158815,-2.25777507,-0.248328805,0.482391983,2.33888674,-0.410987258,-0.0383684039,0.0251604859,-2.55427027,-0.456113428,2.87980008,-0.542380095,0.196769983,-0.928848326,0.00307917874,0.19573909,-0.531203866,0.133938715,-0.275013,-0.0258456059,-0.489733458,-0.05224723,0.365749419,-0.187469035
-0.000963325612,-0.0397929326,0.256094605,-0.0529721417,0.26335606,0.912639797,0.308100879,-2.25860214,-0.248268202,0.482114464,2.33819771,-0.410872698,-0.0386073515,0.0253909007,-2.55318975,-0.456770003,2.87980008,-0.541562855,0.196610644,-0.930150449,0.00269476883,0.196860522,-0.529041767,0.138761446,-0.270995885,-0.017448578,-0.493407458,-0.0492137969,0.36784327,-0.185627759
-0.000782198331,-0.0396094173,0.25606212,-0.0528667085,0.263243854,0.912681282,0.308092028,-2.25868154,-0.248658732,0.481365591,2.33891392,-0.41092658,-0.0387927778,0.0247533172,-2.55332375,-0.456745416,2.87980008,-0.540960789,0.196552798,-0.929828584,0.00239449251,0.19770588,-0.529370725,0.139168561,-0.269328684,-0.0147517249,-0.491583556,-0.0500803329,0.367084563,-0.185822487
-0.000697859155,-0.039521575,0.255985528,-0.0532010347,0.263219237,0.912656367,0.30812934,-2.25970912,-0.249200508,0.48087579,2.33893228,-0.411100328,-0.0390146673,0.0238298289,-2.55303407,-0.456183821,2.87980008,-0.540358186,0.196519166,-0.928028166,0.00226798397,0.196976721,-0.530798197,0.137898475,-0.269202709,-0.0130388532,-0.490304172,-0.0511504933,0.365820825,-0.186291039
-0.000894049299,-0.0393599011,0.255714595,-0.0538533032,0.26312229,0.913034022,0.306977779,-2.26074743,-0.249241129,0.480604649,2.33884048,-0.411533773,-0.0391051956,0.0218328573,-2.55247879,-0.455813944,2.87980008,-0.539252877,0.196504369,-0.925564468,0.00239187339,0.197472394,-0.531618714,0.133374572,-0.273172051,-0.0131858196,-0.486222684,-0.0547725037,0.3618128,-0.189985603
-0.000113188325,-0.0395097919,0.256035835,-0.0545797423,0.262921393,0.913222969,0.30645898,-2.26240683,-0.250923246,0.480504364,2.33686924,-0.411462694,-0.039442189,0.0205157455,-2.55001235,-0.457197905,2.87980008,-0.538534641,0.196205065,-0.923121452,0.00367820938,0.197271511,-0.535248101,0.12518239,-0.282332271,-0.0105099985,-0.48716253,-0.0550201014,0.35940516,-0.187841505
-0.00144081831,-0.0414332896,0.256713152,-0.0564643666,0.264699638,0.913517118,0.303697854,-2.26576662,-0.252722025,0.484179467,2.33160806,-0.411385655,-0.038953241,0.0178761631,-2.54814672,-0.462239385,2.87980008,-0.537200451,0.195245892,-0.919837713,0.00326168165,0.196215078,-0.539781392,0.121006981,-0.28639403,-0.00719074812,-0.488719553,-0.0579877198,0.355212122,-0.188926607
0.000654008589,-0.0432385765,0.257746607,-0.0583204404,0.264780879,0.91375339,0.302563429,-2.26944089,-0.253988832,0.485084653,2.32315373,-0.410901338,-0.0394223109,0.0148151414,-2.54708314,-0.470976293,2.87980008,-0.537360251,0.194041207,-0.918550909,0.00404050574,0.19858399,-0.547018588,0.120520644,-0.289770186,-0.00577239553,-0.490786284,-0.0592274405,0.352007657,-0.188191697
0.000982172438,-0.0431789011,0.258063525,-0.0592453666,0.264248818,0.914146066,0.301661283,-2.27155662,-0.255628586,0.48491776,2.31910682,-0.411205351,-0.0396799035,0.0121874921,-2.54702473,-0.47710228,2.87980008,-0.536301494,0.194118008,-0.918994546,0.00426229695,0.19870773,-0.550190747,0.121479347,-0.291186988,-0.00430501811,-0.490804076,-0.0600603819,0.349116206,-0.190662161
0.000991596607,-0.0432326123,0.25782907,-0.0590676144,0.263982147,0.913932264,0.302576065,-2.27266502,-0.256643206,0.484509349,2.31775045,-0.411119789,-0.0395354554,0.0113212373,-2.54729199,-0.48152566,2.87980008,-0.534581959,0.194230333,-0.919794977,0.00381591427,0.19804664,-0.552913845,0.124770194,-0.288674355,-0.00581943383,-0.491163462,-0.0596032739,0.351495087,-0.191642553
0.000949907349,-0.0404815115,0.256968677,-0.0584256351,0.262385517,0.914271235,0.303065091,-2.27189207,-0.256138593,0.479886413,2.32461143,-0.411681026,-0.0399917923,0.0123528475,-2.54805183,-0.476854861,2.87980008,-0.532818615,0.195112363,-0.919255376,0.00440900866,0.195608437,-0.551340461,0.122184455,-0.290381432,-0.00748872664,-0.481091142,-0.0622941256,0.357420832,-0.190536782
0.00060850411,-0.0401690528,0.256310195,-0.058978457,0.261477113,0.914500356,0.30305174,-2.27270532,-0.256362557,0.47658813,2.32850575,-0.411634296,-0.039929688,0.0137054315,-2.54573846,-0.471901953,2.87980008,-0.530159712,0.194915578,-0.918095469,0.00535792718,0.195196405,-0.549571216,0.122489989,-0.289440662,-0.00762052974,-0.483881354,-0.0631317496,0.353944451,-0.194838166
0.000557068328,-0.0402748175,0.256135762,-0.0590805747,0.260816216,0.91452086,0.303539038,-2.27309585,-0.257188618,0.47454831,2.33061481,-0.411522925,-0.0400112979,0.0141130369,-2.54409099,-0.468536288,2.87980008,-0.52799809,0.194916546,-0.917782843,0.00568637857,0.194647938,-0.548004389,0.117044076,-0.29218623,-0.00645954674,-0.488809913,-0.0591772869,0.356618851,-0.195522755
0.000324440334,-0.03986701,0.255846739,-0.0587906055,0.260520339,0.914625823,0.303533256,-2.27270508,-0.257360876,0.473471731,2.33216143,-0.411858737,-0.0401747413,0.0148238391,-2.54343534,-0.464958757,2.87980008,-0.526014745,0.194856867,-0.916185915,0.00564856082,0.194027454,-0.547748327,0.111126512,-0.293956429,-0.011360486,-0.48837024,-0.0599727854,0.357122302,-0.195755586
-0.000530092337,-0.0396972485,0.255206823,-0.0580633581,0.260154754,0.914774776,0.303537935,-2.27244473,-0.257870317,0.473955065,2.3336401,-0.412386566,-0.0399247967,0.0172643103,-2.54364085,-0.461781144,2.87980008,-0.524197102,0.195033565,-0.914539278,0.00518516591,0.193710119,-0.550063908,0.104915656,-0.294158638,-0.0268732589,-0.485275716,-0.0636366755,0.353920907,-0.195594758
-0.00282825273,-0.0436360016,0.255264699,-0.0589296333,0.262254536,0.914779305,0.301543832,-2.27608681,-0.258676887,0.482474834,2.33128786,-0.412134916,-0.0390281826,0.0198881589,-2.54579115,-0.465317428,2.87980008,-0.523444295,0.193620861,-0.9140625,0.00369662,0.195530444,-0.552857161,0.110333726,-0.29085201,-0.033848118,-0.483920693,-0.0661511868,0.35274148,-0.204265937
-0.00050461042,-0.0431496277,0.256379813,-0.0592779033,0.26193136,0.915103674,0.300771177,-2.27410603,-0.257647514,0.482983172,2.32582021,-0.412222862,-0.0399052873,0.0202947911,-2.54571748,-0.47122708,2.87980008,-0.525047004,0.192793161,-0.9168486,0.00461530173,0.197247103,-0.553321898,0.116418272,-0.289862394,-0.0365387835,-0.490717173,-0.0625671446,0.355911046,-0.201680586
-0.000577498635,-0.0431990549,0.256627113,-0.0588636659,0.261992455,0.914988995,0.301148117,-2.27378845,-0.258336842,0.484091252,2.32332063,-0.41226542,-0.039874386,0.0197005961,-2.54646897,-0.475663513,2.87980008,-0.524744034,0.192817435,-0.919197559,0.00386023684,0.197470084,-0.550410986,0.119820178,-0.287205309,-0.038487386,-0.493279189,-0.0602882132,0.357850552,-0.198868603
-0.000543658622,-0.0431433618,0.257066131,-0.0593656637,0.262252569,0.914776504,0.301468581,-2.27368975,-0.257412672,0.484154463,2.32216096,-0.412237346,-0.0400243998,0.0173185263,-2.54798222,-0.477964848,2.87980008,-0.524224222,0.19240725,-0.919612408,0.00363025581,0.197509751,-0.548603594,0.122298948,-0.28459543,-0.0394620262,-0.491507769,-0.0609798096,0.35696435,-0.197462678
-0.00096382614,-0.0432122909,0.257155776,-0.0596413761,0.262777656,0.914590895,0.30151996,-2.27347517,-0.256406069,0.484945506,2.32167554,-0.412069738,-0.0399018712,0.0167420283,-2.54989934,-0.480119586,2.87980008,-0.523217022,0.192010745,-0.919541299,0.00505798869,0.195904508,-0.553430259,0.128942356,-0.286460131,-0.0386655107,-0.490397334,-0.059900593,0.357193887,-0.197373375
-0.000861416222,-0.0433431938,0.257241547,-0.0594926849,0.262644619,0.914696634,0.301344484,-2.27323818,-0.255931914,0.485295683,2.32199621,-0.411835045,-0.0399514847,0.0168031733,-2.55076265,-0.482203096,2.87980008,-0.522585094,0.191595688,-0.919592738,0.0045666527,0.196815923,-0.553308964,0.131458744,-0.288117081,-0.0389898866,-0.489370495,-0.059828192,0.356459945,-0.197899163
-0.000943784369,-0.0434157439,0.257308722,-0.0602015331,0.262742102,0.914799392,0.300806284,-2.27469397,-0.255419403,0.487213105,2.3212378,-0.411982715,-0.0401141346,0.0168794636,-2.5519588,-0.483094722,2.87980008,-0.521974325,0.191311181,-0.916574836,0.00432058657,0.195046693,-0.555476606,0.129425958,-0.2920008,-0.038057521,-0.48957023,-0.0589530431,0.357151449,-0.197421402
-0.00101316383,-0.0437904187,0.257342696,-0.0609992668,0.262685925,0.914820492,0.30063054,-2.27692771,-0.255845279,0.487931609,2.32040429,-0.411871374,-0.0400273763,0.0156538282,-2.55244112,-0.484482974,2.87980008,-0.521430016,0.191125691,-0.913282156,0.00382342516,0.195187777,-0.558178723,0.125813454,-0.296395868,-0.0370339379,-0.4876917,-0.0609417595,0.355239362,-0.196621388
-0.000374913012,-0.0412453674,0.256043613,-0.0611784384,0.261345208,0.915382862,0.30005005,-2.27982497,-0.257060766,0.483686119,2.3243928,-0.412584841,-0.0404532999,0.0132101616,-2.55004072,-0.48002398,2.87980008,-0.521073759,0.192308009,-0.906167209,0.00117366377,0.193148643,-0.55932492,0.115506962,-0.304429084,-0.024352232,-0.481098503,-0.0648839101,0.350644857,-0.195743665
5.13986597e-05,-0.0417033322,0.255639791,-0.061801251,0.26151377,0.915608287,0.299086154,-2.28356457,-0.260025054,0.48285982,2.32419896,-0.412430733,-0.0402457938,0.0104443543,-2.54597902,-0.477260381,2.87980008,-0.520233393,0.192261755,-0.899303377,-0.00296612456,0.189191222,-0.565885901,0.0969731808,-0.311978698,-0.0299545005,-0.474525154,-0.0722781941,0.34228307,-0.194350049
0.00102564075,-0.0416796356,0.255356103,-0.0633658692,0.260378838,0.91587311,0.298938185,-2.28936505,-0.263234884,0.479113996,2.32384229,-0.41278702,-0.040187005,0.00622473285,-2.54380226,-0.475009143,2.87980008,-0.520001829,0.192510217,-0.89427036,-0.00637697242,0.188040107,-0.569464147,0.084345825,-0.316234857,-0.0313453674,-0.467378914,-0.0810577571,0.332336247,-0.196194351
0.000589513336,-0.042020753,0.25538981,-0.064676173,0.258721858,0.915885031,0.300057709,-2.2934804,-0.268384576,0.475794762,2.32374835,-0.412835836,-0.0397158787,0.00429042941,-2.54072022,-0.475815386,2.87980008,-0.518715739,0.192779273,-0.897349715,-0.0086813001,0.18475084,-0.570918262,0.0814277902,-0.315750211,-0.0276579894,-0.467264175,-0.0843193978,0.327492923,-0.196328774
0.000634572469,-0.0419541486,0.255860031,-0.0668991953,0.256985724,0.91621089,0.300067633,-2.29687119,-0.271772593,0.470127255,2.32437778,-0.413013399,-0.0396699123,0.00117150636,-2.53729844,-0.476875752,2.87980008,-0.516837895,0.192901969,-0.905930579,-0.0129397642,0.183012411,-0.569318593,0.0749297962,-0.313869417,-0.0123820305,-0.46551317,-0.0875192583,0.322106063,-0.19936721
0.00164153054,-0.0416635759,0.256390125,-0.0686327741,0.254954964,0.916040897,0.301921636,-2.29980659,-0.27615869,0.462586761,2.32419467,-0.413018405,-0.039807599,-0.000924658147,-2.53403044,-0.479589254,2.87980008,-0.514515102,0.193506971,-0.918886602,-0.014690171,0.175784022,-0.570476949,0.0709323958,-0.312381834,-0.00356973312,-0.466633648,-0.0850915909,0.322640896,-0.200615644
0.00114986498,-0.0411775187,0.256686807,-0.0684275478,0.253709376,0.915677011,0.304113269,-2.29931998,-0.281450331,0.45625928,2.324754,-0.413334489,-0.0395402126,-0.000488892838,-2.53205061,-0.48266989,2.87980008,-0.51076144,0.194515809,-0.938916266,-0.020084165,0.169372439,-0.567987502,0.0727392882,-0.307880312,0.00556900166,-0.467892289,-0.0806678534,0.325722992,-0.204148218
0.0012151188,-0.0399292111,0.256651849,-0.0670629591,0.250994861,0.915114045,0.308335155,-2.29722285,-0.287364244,0.449037701,2.32902098,-0.413852483,-0.0397864841,0.00473680673,-2.52746177,-0.485752463,2.87980008,-0.506834507,0.195382491,-0.968180776,-0.0288794655,0.156804189,-0.556895316,0.0778549016,-0.299358875,0.0150174126,-0.465561688,-0.0695667714,0.334910542,-0.204058155
0.000288955256,-0.0387706682,0.257374704,-0.0657176897,0.247920692,0.911637366,0.321144611,-2.29339933,-0.292134047,0.44095549,2.33451509,-0.414487064,-0.0398119055,0.0113866469,-2.52189827,-0.489329904,2.87980008,-0.502095401,0.19565542,-0.999729216,-0.036866203,0.144618466,-0.540661573,0.0950018913,-0.279224098,0.0250608791,-0.451353788,-0.0598129816,0.3382698,-0.217196658
-0.000566468574,-0.038237486,0.258193374,-0.0671645626,0.246038839,0.907047689,0.334990025,-2.28877378,-0.288454056,0.426109344,2.34452319,-0.415294319,-0.0402377546,0.0279564187,-2.5157795,-0.50622946,2.87980008,-0.499188572,0.194950029,-0.999999344,-0.0412296392,0.132228017,-0.533460617,0.104317367,-0.265744805,0.0320571512,-0.420962751,-0.0625525936,0.330285162,-0.246474668
-0.000823550276,-0.036541339,0.257689685,-0.0675724819,0.243356332,0.902325213,0.349314809,-2.28407073,-0.282524973,0.407376409,2.36041045,-0.415672034,-0.0407142378,0.0493430011,-2.51375151,-0.530788243,2.87980008,-0.498479843,0.195942774,-1,-0.0442143641,0.116266832,-0.522177935,0.119503111,-0.247468814,0.0435515307,-0.39228338,-0.0529773757,0.33258599,-0.283332139
-0.00241500116,-0.0374374166,0.258612633,-0.0689130202,0.243731514,0.896211743,0.364212155,-2.28074908,-0.276420444,0.391957879,2.37078595,-0.414990008,-0.0402607471,0.0736742318,-2.51752114,-0.567682028,2.87980008,-0.49858582,0.196410105,-1,-0.0446140505,0.105838425,-0.514461517,0.130004942,-0.233508974,0.0510555245,-0.35118252,-0.0549596772,0.328235418,-0.332269877
-0.00358581217,-0.0369481295,0.25894773,-0.0698453262,0.243097708,0.890597939,0.377968997,-2.27604222,-0.267165154,0.376529336,2.38505936,-0.414860964,-0.0402644649,0.0993408933,-2.52850127,-0.609798133,2.87980008,-0.500677049,0.198014989,-1,-0.0402628705,0.0960747749,-0.502612889,0.142194718,-0.217464924,0.0548394769,-0.296632171,-0.074254252,0.307414085,-0.390105277
-0.00485320296,-0.037549518,0.258650899,-0.0697891489,0.244769439,0.884505212,0.390983343,-2.27385569,-0.257458895,0.36539945,2.39770508,-0.414442897,-0.0399340428,0.129291758,-2.54703307,-0.657348633,2.87980008,-0.504174411,0.200410858,-1,-0.0359197222,0.0836716071,-0.490120083,0.152072549,-0.203817084,0.0571134612,-0.237895578,-0.106474064,0.273661375,-0.45216015
-0.00696709985,-0.0393209085,0.257028878,-0.0694333389,0.247652501,0.878611088,0.402355373,-2.27483082,-0.24621959,0.35877341,2.40944099,-0.414145768,-0.0394219048,0.157309964,-2.57234406,-0.705706418,2.87980008,-0.509182036,0.203867272,-1,-0.0280633271,0.0725548789,-0.478837401,0.168005764,-0.184529081,0.0560717322,-0.172548652,-0.151194215,0.219147146,-0.500393987
-0.00786572974,-0.0413222499,0.25550729,-0.0681791008,0.251073241,0.873308003,0.411882192,-2.27438259,-0.233380049,0.353444546,2.41922355,-0.413715065,-0.0390685648,0.185207903,-2.60446072,-0.754376352,2.87980008,-0.516405344,0.207343087,-1,-0.0185929574,0.062740162,-0.469650298,0.182009652,-0.170520037,0.0508808382,-0.104934901,-0.199681371,0.145177037,-0.527763724
-0.00990947522,-0.0435379744,0.253500402,-0.0654306859,0.256391495,0.868837297,0.418454319,-2.27458715,-0.22001265,0.354717404,2.42562962,-0.413930446,-0.0383367166,0.20886071,-2.64105916,-0.79708451,2.87980008,-0.524140358,0.211668193,-1,-0.00881045125,0.0556754954,-0.458178669,0.198347956,-0.155203938,0.0437550247,-0.0355267338,-0.248108,0.0562425219,-0.526474357
-0.0119812312,-0.0460254326,0.251120478,-0.0615687966,0.261857182,0.866046846,0.421429664,-2.27506995,-0.206706196,0.360594541,2.43094683,-0.414191604,-0.0376938395,0.226697922,-2.67988133,-0.830452919,2.87980008,-0.533209622,0.215928718,-1,0.000378834753,0.0525746681,-0.45133847,0.208155721,-0.144714177,0.0305024385,0.0324167535,-0.291199476,-0.0388093293,-0.489350259
-0.0142222783,-0.0496556051,0.248398408,-0.0559428521,0.270076871,0.863789499,0.42165938,-2.27649832,-0.194508418,0.374662548,2.43120599,-0.414453685,-0.0370319299,0.238378823,-2.7198379,-0.853409111,2.87980008,-0.54344362,0.21994473,-1,0.0088044554,0.049442675,-0.446832985,0.220768631,-0.134209514,0.0139750289,0.0929180309,-0.327059686,-0.128802359,-0.416407734
-0.0167280957,-0.0523887388,0.245794445,-0.049041789,0.278865904,0.862684131,0.419052184,-2.27637219,-0.181661785,0.394307107,2.42920351,-0.415135086,-0.0364966728,0.245663777,-2.75816083,-0.862580478,2.87980008,-0.555446088,0.223452717,-1,0.0165576786,0.0476021171,-0.446168959,0.229437187,-0.127459243,-0.00946484786,0.143890992,-0.354168117,-0.209443599,-0.313613772
-0.0188599974,-0.0572366938,0.242575839,-0.0393580049,0.289617181,0.862338603,0.41345498,-2.27566743,-0.170706391,0.422298849,2.42117858,-0.415563166,-0.0360085964,0.248397872,-2.79603744,-0.862213731,2.87980008,-0.568460345,0.225086659,-1,0.0217585899,0.0487241149,-0.444873542,0.23500739,-0.121141762,-0.0376292877,0.182509437,-0.375199795,-0.275928289,-0.190517247
-0.0204950478,-0.0621030778,0.239826277,-0.0282588918,0.300504744,0.862295091,0.406627059,-2.27387929,-0.160939023,0.456599921,2.40890121,-0.416021645,-0.0360302627,0.249544472,-2.8313086,-0.851694226,2.87980008,-0.582893848,0.225619942,-1,0.0259350352,0.0497620776,-0.446019173,0.24060367,-0.114522636,-0.0701320171,0.208087325,-0.389867663,-0.321275264,-0.056051407
-0.0231094845,-0.0675674751,0.236218035,-0.0157013498,0.31090486,0.861461282,0.401218265,-2.27329254,-0.151600152,0.497091204,2.39564037,-0.416076362,-0.0360564403,0.250603914,-2.86415052,-0.836055517,2.87980008,-0.59847331,0.224775597,-0.995966971,0.0301058032,0.0520278662,-0.450280935,0.246711358,-0.10787975,-0.105823085,0.224103004,-0.401477247,-0.348596245,0.0783543065
-0.0238657072,-0.072428897,0.23254022,-0.0028999811,0.320108294,0.860018432,0.397354543,-2.27052903,-0.13815029,0.534591615,2.38409472,-0.415576547,-0.0367325954,0.256063312,-2.89593363,-0.818649411,2.87980008,-0.616861343,0.222329974,-0.98237896,0.0332721211,0.0522690564,-0.454440653,0.249529377,-0.1028229,-0.142434329,0.236414701,-0.409583777,-0.363965511,0.20684512
-0.0246292409,-0.0780789852,0.229081213,0.0105018392,0.328885317,0.85812217,0.39414528,-2.26549768,-0.124271497,0.570053518,2.37272549,-0.414114088,-0.0370846391,0.264283121,-2.92623305,-0.800465703,2.87980008,-0.636686265,0.218888804,-0.961798072,0.0349273011,0.0557040274,-0.457891256,0.251223356,-0.0955287814,-0.182364196,0.244785324,-0.41493395,-0.372868955,0.320831001
-0.026027184,-0.084581852,0.212233171,0.0240071081,0.337689519,0.856039762,0.390621811,-2.25921011,-0.108636923,0.607417285,2.36257577,-0.411832929,-0.0371585265,0.275500178,-2.95566869,-0.784835041,2.87980008,-0.657684147,0.213896662,-0.93772769,0.0375423096,0.0584237538,-0.458127886,0.25410676,-0.0847114027,-0.224595174,0.252865165,-0.416610211,-0.380319804,0.416882813
-0.0257198475,-0.091940023,0.195418358,0.0374335498,0.345559776,0.853818893,0.387531221,-2.251086,-0.0934867188,0.642987967,2.34999728,-0.408504933,-0.0374146216,0.290272295,-2.96707153,-0.769679368,2.87174034,-0.682181597,0.208161116,-0.915874422,0.040491391,0.0593586117,-0.450708061,0.263242275,-0.0683427379,-0.265482455,0.262420028,-0.411111832,-0.384631962,0.494609326
-0.0255564172,-0.0993959829,0.1817379,0.0519884005,0.352279991,0.852174878,0.383397907,-2.24111223,-0.0809892863,0.67930752,2.33616543,-0.4054102,-0.0373454131,0.309258908,-2.96709991,-0.749414444,2.85484624,-0.710396409,0.202529967,-0.902259588,0.0426185019,0.0568111241,-0.434382498,0.283085525,-0.042498637,-0.302063316,0.273461372,-0.40463689,-0.387629151,0.556540072
-0.0255331192,-0.108064979,0.170515522,0.0681233332,0.357040226,0.851730704,0.377407372,-2.2277317,-0.0712206066,0.715713739,2.32248378,-0.401176661,-0.0367940255,0.329802275,-2.96709991,-0.727632642,2.8300724,-0.741197169,0.196620226,-0.896059096,0.0421652421,0.0557973757,-0.405124336,0.311472267,-0.0104714157,-0.330663979,0.280561328,-0.398428142,-0.387767106,0.602870941
-0.0234934874,-0.116097681,0.164200723,0.0846659616,0.35870561,0.852769673,0.370061964,-2.2119658,-0.0628096387,0.74778235,2.30984855,-0.396736413,-0.0363969468,0.350144744,-2.96709991,-0.700270236,2.81262898,-0.772815585,0.192628771,-0.899073482,0.0398539603,0.0518671758,-0.374374628,0.34580484,0.0284080599,-0.353610724,0.283853918,-0.391404748,-0.384998083,0.636021316
-0.0216087718,-0.125479251,0.1632981,0.101425126,0.358883768,0.85462743,0.361285627,-2.19670844,-0.0598897189,0.781277418,2.29610014,-0.39177084,-0.0358400308,0.371604383,-2.96709991,-0.66985786,2.79094696,-0.803861558,0.18809706,-0.902978122,0.0346944407,0.0496844165,-0.338084817,0.380248129,0.0705577582,-0.365930557,0.284106731,-0.385324717,-0.380915016,0.660654485
-0.0181923918,-0.134272724,0.160583675,0.117305398,0.355143845,0.858345151,0.351220638,-2.18046999,-0.0611979216,0.811974466,2.28095579,-0.386294425,-0.0357152671,0.390799105,-2.96709991,-0.636932373,2.77401185,-0.833712101,0.184734002,-0.9096663,0.0294073261,0.0465989634,-0.295971334,0.415659547,0.114677697,-0.366678327,0.284018844,-0.378184915,-0.375411302,0.681631625
-0.0166105218,-0.144803852,0.160928756,0.134659559,0.350161552,0.862421215,0.339828342,-2.16582704,-0.0667124316,0.842349172,2.2646246,-0.380376399,-0.0348177962,0.407708943,-2.96709991,-0.607831657,2.75680399,-0.859919369,0.181608304,-0.918516457,0.0233957283,0.042948246,-0.250255704,0.447682291,0.15857017,-0.355058312,0.282365024,-0.370839357,-0.368827134,0.698999047
-0.0131826503,-0.155054182,0.159385949,0.149433687,0.342707217,0.867599964,0.327859223,-2.15336871,-0.0737403557,0.868769586,2.24835753,-0.374576151,-0.0342634432,0.420998156,-2.96709991,-0.58154285,2.7447803,-0.872633576,0.179316118,-0.931950748,0.0164093934,0.0354386941,-0.198570982,0.476640493,0.203043357,-0.326290756,0.285668075,-0.363361716,-0.363473266,0.715418935
-0.00891563948,-0.165499553,0.156925052,0.161335781,0.332935721,0.873704016,0.315857291,-2.14154482,-0.0831324086,0.891622245,2.23037601,-0.368654966,-0.0337398089,0.430330753,-2.96709991,-0.559769809,2.73774028,-0.872669935,0.176987901,-0.949090064,0.00873059127,0.0280893557,-0.143312111,0.500669241,0.245852843,-0.279204011,0.295447677,-0.358635306,-0.358595252,0.729070008
-0.00421831291,-0.176292717,0.15386796,0.170217529,0.322044522,0.880170882,0.304323137,-2.13034892,-0.0935775638,0.91065836,2.21074247,-0.362696499,-0.0329796486,0.434330821,-2.96709991,-0.544008017,2.73310232,-0.872669995,0.174497843,-0.969115257,0.00171367091,0.0221811458,-0.0874408782,0.516832829,0.283747107,-0.21905832,0.306578934,-0.351281226,-0.351522774,0.738188386
0.00281475997,-0.186322615,0.151375622,0.176048487,0.308114618,0.885981977,0.298510075,-2.11831379,-0.104134858,0.921469152,2.19200873,-0.356988043,-0.0323429331,0.43534866,-2.96709991,-0.53171593,2.73708487,-0.872669995,0.172668219,-0.99409765,-0.00484075164,0.0173843428,-0.0305438861,0.522290289,0.312781274,-0.146631628,0.31240955,-0.339041173,-0.341940612,0.743083835
0.00828311127,-0.198185921,0.151642501,0.176174134,0.295985609,0.891121209,0.295394957,-2.11081457,-0.111205608,0.927448332,2.17188478,-0.351833552,-0.0315110795,0.437049448,-2.96709991,-0.532314599,2.74404693,-0.872669995,0.169726729,-0.999985218,-0.0109474491,0.0140184239,0.0217166636,0.515423238,0.326086044,-0.0681548864,0.314328015,-0.323951393,-0.330530673,0.745064735
0.0150768897,-0.209268004,0.149149984,0.174091697,0.282877713,0.897203267,0.291030079,-2.1068871,-0.114763319,0.925397038,2.15444875,-0.347398847,-0.0305920355,0.437884182,-2.96709991,-0.543394864,2.76070881,-0.872669995,0.167505905,-0.99999994,-0.0177905168,0.0138673363,0.0678395182,0.496095836,0.3237378,0.0149685619,0.315814227,-0.306117713,-0.31824705,0.74617511
0.0213780273,-0.221392572,0.145609647,0.170106709,0.270241737,0.903737903,0.2851156,-2.10697532,-0.119403504,0.917852223,2.13390779,-0.342954993,-0.0289771408,0.434766501,-2.96709991,-0.56370163,2.7805593,-0.872669995,0.16534923,-1,-0.024951376,0.0168361068,0.110776342,0.466090858,0.308361292,0.101206794,0.31359601,-0.286150157,-0.30488956,0.746797442
0.0269514453,-0.233953923,0.143245623,0.165163949,0.257857531,0.910463512,0.278004706,-2.1115458,-0.126822308,0.910277247,2.10964012,-0.338864744,-0.0270856805,0.426940888,-2.96709991,-0.589122355,2.80341458,-0.872669995,0.1635447,-1,-0.0303304791,0.0221182015,0.151654556,0.430689901,0.282495081,0.186066389,0.311713904,-0.265985668,-0.291361004,0.747251093
0.0338225104,-0.245760202,0.14199245,0.158412188,0.245503068,0.91807282,0.26791063,-2.1178863,-0.136116758,0.900197804,2.08457232,-0.334491253,-0.0254346672,0.416495144,-2.96709991,-0.617454827,2.82842422,-0.872669995,0.161521375,-1,-0.0340642519,0.0308375526,0.190569624,0.392200649,0.248714998,0.266745985,0.310155779,-0.244398102,-0.277530879,0.748319268
0.0394115932,-0.257003516,0.140275091,0.151457265,0.231652021,0.926624417,0.254490048,-2.13145399,-0.143784165,0.890753686,2.06198788,-0.329938322,-0.0236417037,0.404220939,-2.96709991,-0.671617508,2.8460567,-0.872669995,0.16203092,-1,-0.0360347666,0.0371248722,0.224899188,0.350637764,0.209570199,0.338974714,0.313671887,-0.224859968,-0.265029192,0.749709547
0.0446605496,-0.266039222,0.148090437,0.1450966,0.213642433,0.935955822,0.23935461,-2.14929032,-0.154982269,0.882376611,2.04473805,-0.325460911,-0.0220614765,0.389551193,-2.96709991,-0.763258696,2.83580303,-0.872669995,0.165413737,-1,-0.0378178321,0.0392466858,0.253926069,0.306983054,0.16994518,0.403527617,0.324548751,-0.205087706,-0.254342794,0.754278421
0.0489629619,-0.27256164,0.158573955,0.139261976,0.192152128,0.945586324,0.222598732,-2.1664269,-0.169090554,0.874866545,2.03375435,-0.320573956,-0.0208059475,0.365471095,-2.96709991,-0.890321672,2.7863698,-0.872669995,0.173085481,-1,-0.0398534611,0.0379117355,0.282310188,0.263326049,0.133943662,0.460700631,0.342523217,-0.185631216,-0.244937614,0.760350883
0.0528005324,-0.278224558,0.169842601,0.133255154,0.169085264,0.953938305,0.208937779,-2.18319821,-0.185549557,0.869198442,2.02634525,-0.315439761,-0.0197254419,0.325541377,-2.96709991,-1.05359495,2.68881273,-0.872669995,0.181875199,-1,-0.043934498,0.0349454395,0.311046302,0.225750178,0.104252711,0.512088358,0.364963979,-0.167330742,-0.236305192,0.767127573
0.0558010899,-0.284006298,0.175468922,0.126170501,0.145469189,0.960332692,0.201694831,-2.20146751,-0.2012119,0.863130689,2.01954913,-0.310480058,-0.018874662,0.267712712,-2.96709991,-1.25467193,2.53796959,-0.872669995,0.188862279,-1,-0.0466479361,0.0324554145,0.340717793,0.194328502,0.0792455748,0.559632599,0.386694461,-0.149278864,-0.227119863,0.772566617
0.0584425218,-0.290619433,0.160693854,0.116292223,0.124610789,0.963725209,0.205382749,-2.22262454,-0.211962625,0.853822172,2.01248384,-0.305170149,-0.0182084683,0.187161878,-2.96709991,-1.48968995,2.34118629,-0.870093107,0.191240832,-1,-0.0505194478,0.0291311722,0.368812978,0.173937395,0.060769394,0.603538036,0.403151989,-0.13251099,-0.21671024,0.774066389
0.0616120696,-0.298014998,0.112748653,0.102828883,0.108348295,0.965086937,0.215160653,-2.24989343,-0.210888371,0.834218681,2.00228214,-0.300434887,-0.0176485498,0.0941478238,-2.96709991,-1.73239243,2.1343627,-0.834109545,0.187801018,-1,-0.0532226078,0.0235031154,0.397795826,0.161909372,0.0465397723,0.645371199,0.409070432,-0.117044337,-0.203638867,0.76999706
0.0635524243,-0.304818898,0.0995798111,0.0902131721,0.0940199345,0.966220379,0.222351179,-2.27921128,-0.203980148,0.805978835,1.99280095,-0.295339674,-0.0165852215,0.0321092121,-2.96709991,-1.92618918,1.97920883,-0.753545344,0.178330377,-1,-0.0574446507,0.0144466329,0.424778879,0.157618627,0.0360916518,0.682347476,0.405223399,-0.10595163,-0.188148916,0.759134233
0.0650604889,-0.31009981,0.0918982401,0.0789856091,0.0742311999,0.96836108,0.224783868,-2.30717015,-0.203320563,0.775495112,1.98953223,-0.289274693,-0.0153273223,0.00988779031,-2.88421369,-2.03584385,1.86778688,-0.652882099,0.170314699,-1,-0.0592351668,0.0101232138,0.446970433,0.168058306,0.0322927572,0.712789476,0.403042972,-0.0964266732,-0.170794949,0.748379886
0.0655617267,-0.314539045,0.0851228833,0.071905151,0.0516263917,0.97066015,0.223569527,-2.33182049,-0.213856086,0.751865685,1.99231184,-0.281393856,-0.0141621679,0.00363333221,-2.78298736,-2.08773971,1.77801013,-0.550203979,0.161692649,-1,-0.0581321493,0.0148137156,0.465078473,0.190624848,0.0335963145,0.736353457,0.410592288,-0.0913227722,-0.153777078,0.738336444
0.0651334226,-0.318787575,0.07867001,0.0661066398,0.0287509821,0.972973466,0.219376162,-2.35437155,-0.22734943,0.735701501,1.99510586,-0.272914678,-0.0130672446,0.00479450868,-2.68782783,-2.10591865,1.69565451,-0.451179892,0.15251416,-1,-0.0574375652,0.0211247019,0.47873047,0.218980595,0.0356808007,0.753199279,0.424758852,-0.0898875743,-0.136768714,0.727234066
0.0640707761,-0.32283029,0.0667005479,0.0615545511,0.00657637697,0.975023627,0.213299558,-2.37895417,-0.241104037,0.72581917,1.99829805,-0.26486057,-0.0119117545,0.00706574693,-2.6050365,-2.1012578,1.61586666,-0.358943343,0.142917022,-0.999918163,-0.0584675223,0.0267843641,0.493719608,0.244344741,0.034531679,0.764587879,0.442065954,-0.0940137357,-0.119800761,0.714313388
0.0626671314,-0.325935781,0.0539750755,0.0586852506,-0.0160475094,0.976455867,0.206960186,-2.40285707,-0.25649628,0.722088397,2.00307107,-0.256801188,-0.0111882957,0.00747839082,-2.52756143,-2.08655047,1.53378391,-0.272577047,0.133363992,-0.996686757,-0.0588229746,0.0347837619,0.507582426,0.268461108,0.0313879848,0.769005299,0.465149939,-0.101981498,-0.101393193,0.699955165
0.0598023906,-0.330098957,0.0430346578,0.058281336,-0.0362242721,0.977233231,0.200764418,-2.42304683,-0.273513079,0.725619733,2.00649071,-0.24819465,-0.0105526289,0.00330563309,-2.45330906,-2.0666945,1.44580328,-0.192636609,0.124076903,-0.990130782,-0.0582928769,0.0430592969,0.518663526,0.290669024,0.0254543331,0.766084611,0.487741262,-0.116630435,-0.0825653225,0.682979405
0.0566392057,-0.334812671,0.0367354676,0.0595073476,-0.0541423336,0.977380097,0.195590511,-2.43829751,-0.291313797,0.735734344,2.00790715,-0.239827186,-0.0103154117,-0.00781613681,-2.38074327,-2.04872489,1.35274649,-0.11914406,0.114853866,-0.988564312,-0.0535612926,0.0511482432,0.52799207,0.315612733,0.0161996372,0.755783141,0.508569717,-0.137141749,-0.0624425896,0.660768628
0.0529353842,-0.339590192,0.0302144811,0.0631650463,-0.0702636093,0.976278722,0.194815353,-2.44812727,-0.305933267,0.747424006,2.00834179,-0.232109204,-0.00999629404,-0.0238306765,-2.30896211,-2.03150749,1.26009417,-0.0547980219,0.10632237,-0.996728361,-0.0488745868,0.0568146668,0.53826654,0.330809712,0.0028949827,0.743572354,0.52586031,-0.163085371,-0.0436137319,0.637363613
0.0498862937,-0.345377743,0.0249497872,0.066885747,-0.0828505605,0.974354684,0.198229805,-2.45256543,-0.318213135,0.757031143,2.00686741,-0.224221811,-0.0100694429,-0.0458498783,-2.23863196,-2.02263427,1.17080355,0.00097272417,0.0984822139,-0.999991834,-0.0450381115,0.0598352961,0.545875251,0.341705829,-0.0137879923,0.729023814,0.538089454,-0.186678916,-0.0241098702,0.607815504
0.0480849072,-0.351145536,0.0224800594,0.0697665885,-0.09424676,0.97194469,0.203896523,-2.45443702,-0.325843304,0.759448409,2.0053885,-0.216394022,-0.0103145391,-0.0708052963,-2.1636169,-2.01932597,1.08970678,0.0480092131,0.0918038487,-1,-0.0398126356,0.0612450354,0.551649153,0.351286471,-0.0317702927,0.71378845,0.551184833,-0.205462635,-0.0043533654,0.577206075
0.0466351993,-0.356137216,0.021849338,0.073894918,-0.105016865,0.968897402,0.211539313,-2.45303178,-0.331282228,0.756058753,2.00501347,-0.208695203,-0.010435841,-0.103549242,-2.09018397,-2.01992798,1.02547276,0.0862914994,0.0854116753,-1,-0.0374125466,0.0602476783,0.559430242,0.363129258,-0.0494027957,0.699277699,0.56234473,-0.221761048,0.0134507986,0.545083821
0.0467570014,-0.360277057,0.0230716318,0.0788430125,-0.115508787,0.965392292,0.220134541,-2.44777274,-0.335811794,0.749639869,2.00726295,-0.200714901,-0.0111403866,-0.144658566,-2.0143199,-2.01659584,0.973768234,0.116755508,0.0796541795,-1,-0.0351832956,0.0576663986,0.571536899,0.375383079,-0.0676493198,0.68514967,0.574192286,-0.236724794,0.028812632,0.511672318
0.0473357886,-0.364094704,0.0267073382,0.0846878141,-0.125611842,0.961093724,0.230972886,-2.43651628,-0.342324823,0.738821924,2.00964475,-0.191306055,-0.0117903808,-0.196165487,-1.93608713,-2.00543737,0.933796287,0.14093183,0.0742903054,-1,-0.0346754752,0.0515607111,0.585187674,0.38859877,-0.0859897286,0.670507729,0.58576858,-0.250545055,0.0431440994,0.477746695
0.0483446643,-0.367178112,0.0273952447,0.0915566459,-0.135960117,0.956033528,0.243171155,-2.42159677,-0.352193058,0.719180048,2.01211071,-0.180271193,-0.0121223396,-0.25822255,-1.85753107,-1.98432136,0.902856231,0.160375848,0.0691207349,-1,-0.0329109728,0.0398049615,0.605679214,0.400448084,-0.105738588,0.656339884,0.599284053,-0.265277565,0.0554711036,0.442214191
0.0493814349,-0.369903386,0.0271562487,0.0993654877,-0.146658555,0.950076818,0.256849706,-2.40686727,-0.362384826,0.696288586,2.01163077,-0.169005662,-0.0121920994,-0.327979177,-1.77695453,-1.94931269,0.872992396,0.175024301,0.064164795,-1,-0.0320239216,0.0307289883,0.631737649,0.410393089,-0.126033261,0.641690314,0.610223174,-0.279520094,0.0665060282,0.406012356
0.0502982363,-0.373069465,0.0309605747,0.108269915,-0.15563418,0.943722069,0.271005988,-2.39059281,-0.37049973,0.676975906,1.99884212,-0.157611817,-0.0126482937,-0.404295862,-1.6972301,-1.9019134,0.840150416,0.184975982,0.0592794381,-1,-0.032810241,0.0219851285,0.658291042,0.417151868,-0.14611575,0.626358688,0.615919948,-0.293116987,0.0769615769,0.369505644
0.0523700081,-0.375579506,0.0323735215,0.114835992,-0.164058402,0.93608743,0.289201945,-2.3710897,-0.375663489,0.662710965,1.9565078,-0.146955073,-0.0136040132,-0.484654695,-1.61788964,-1.84359574,0.806093216,0.190704599,0.0545121059,-1,-0.0309130121,0.0123887928,0.683597565,0.424510419,-0.165072426,0.610360086,0.615654111,-0.303994447,0.0893823504,0.333970994
0.0524104089,-0.378091216,0.0319820605,0.123689972,-0.170232236,0.926818371,0.311013609,-2.33882499,-0.381433874,0.650500178,1.88293505,-0.134455845,-0.0142173208,-0.569305003,-1.5349021,-1.77796173,0.768658996,0.193308577,0.049916707,-0.980264902,-0.0287563335,0.00652917242,0.702685654,0.429805964,-0.183579445,0.591878414,0.618466079,-0.320992976,0.0997721478,0.301624924
0.0535832793,-0.381581217,0.0328497663,0.132207319,-0.174621031,0.915240169,0.338177949,-2.29069161,-0.389524698,0.6292817,1.78229678,-0.116239712,-0.0144204786,-0.658964872,-1.43991482,-1.70881581,0.727582753,0.193600982,0.0456479974,-0.94621402,-0.024199808,0.00291119399,0.717566192,0.438297033,-0.201021001,0.573825717,0.620265961,-0.337793201,0.112254485,0.269566238
0.0535071976,-0.384049565,0.0329789445,0.142731592,-0.178773612,0.900881231,0.368891209,-2.22537708,-0.399358451,0.591865718,1.66305315,-0.0910918564,-0.0137470774,-0.746990919,-1.3343631,-1.63067818,0.683073401,0.191998169,0.041600544,-0.897251487,-0.0193770751,-0.000349452981,0.729269385,0.448908031,-0.218617097,0.554637313,0.622224271,-0.360214859,0.124011017,0.238157764
0.0532828495,-0.386246026,0.0314009115,0.155373335,-0.182860404,0.883882165,0.401464373,-2.14166784,-0.408190936,0.538204193,1.53109646,-0.058864478,-0.0122709023,-0.827278376,-1.2168833,-1.54202044,0.633881927,0.189500883,0.0378376283,-0.834013164,-0.0148574412,-0.00140194525,0.734513581,0.464990735,-0.235661969,0.53317064,0.62481612,-0.384408563,0.137276143,0.206669062
0.0530343242,-0.3887254,0.0309226979,0.169796452,-0.187808856,0.86414057,0.434923142,-2.03829312,-0.412118793,0.469836324,1.39108145,-0.0206831172,-0.0101531632,-0.890207469,-1.08700395,-1.44043493,0.578979254,0.186740041,0.0342940614,-0.756921351,-0.0122827953,6.02432337e-05,0.738263428,0.483132303,-0.25452441,0.510594845,0.627095401,-0.411809623,0.151171952,0.174724787
0.0513646789,-0.39138943,0.0267128255,0.186762735,-0.189924598,0.842740715,0.467799604,-1.92755866,-0.402684182,0.397231758,1.24521828,0.0203093104,-0.00794143509,-0.949942827,-0.95611918,-1.33672202,0.521602452,0.184614986,0.030992968,-0.671616614,-0.0109244008,0.00568703562,0.737026751,0.502723753,-0.274135649,0.484650224,0.627545476,-0.445940912,0.164246887,0.141439825
0.0503654331,-0.393761009,0.0252222344,0.203959942,-0.194909275,0.819593966,0.49867475,-1.80520594,-0.381833643,0.320201606,1.10305691,0.0637753084,-0.00572201703,-0.980903268,-0.814220846,-1.22095907,0.465317994,0.184157372,0.0278849527,-0.580480039,-0.0112772621,0.0103239622,0.732445002,0.527523577,-0.293731958,0.455694586,0.629064322,-0.479974538,0.179811925,0.111119553
0.0500658303,-0.395316809,0.0244429242,0.221619129,-0.201422229,0.795427322,0.526886582,-1.68012416,-0.350770175,0.246311769,0.968331933,0.107005149,-0.00366202393,-0.993750274,-0.67429477,-1.10211885,0.411735415,0.186111808,0.0248897355,-0.487805843,-0.0120961834,0.0158835407,0.723791003,0.555915058,-0.311933666,0.425633937,0.631465137,-0.51278168,0.19910638,0.0852034464
0.048876442,-0.396103024,0.0225092974,0.239981979,-0.208528221,0.771622479,0.550929606,-1.56169963,-0.313257933,0.181639567,0.842332304,0.147664264,-0.00213260949,-0.992124557,-0.541223764,-0.985478103,0.358555943,0.189997822,0.0220185071,-0.399007946,-0.0124656335,0.0227182359,0.714396,0.586678982,-0.330592036,0.394052237,0.634035528,-0.553278983,0.217090398,0.0584397689
0.0491285995,-0.397326112,0.0214068722,0.257085294,-0.216318741,0.749734879,0.570097387,-1.45211971,-0.272782534,0.126720086,0.730965734,0.183312923,-0.00117010192,-0.97775209,-0.420326352,-0.873433888,0.306644291,0.195831999,0.019374961,-0.318922341,-0.00979606621,0.0260905325,0.70209223,0.626478255,-0.346098453,0.360604525,0.629397035,-0.59412694,0.237644717,0.0352185369
0.0493788347,-0.398560166,0.0169613659,0.273811489,-0.225678697,0.729953468,0.584178448,-1.3526324,-0.234253898,0.0824455917,0.639389277,0.212733224,-0.000752505322,-0.954112709,-0.318760812,-0.767658114,0.262970299,0.202851087,0.0170671716,-0.247683719,-0.00532582263,0.0292075071,0.679217041,0.676288426,-0.35477674,0.326689124,0.607882559,-0.631224692,0.262562335,0.0155877816
0.0486054458,-0.399638832,0.0115803853,0.290835351,-0.234812081,0.712275922,0.594088435,-1.26022506,-0.200039521,0.0471414104,0.567633927,0.235141113,-0.00109458982,-0.919148684,-0.238291353,-0.666770458,0.225948676,0.210674837,0.0150469821,-0.18716538,-0.00259915157,0.0319918804,0.639033973,0.721072197,-0.35720551,0.289867967,0.572701812,-0.665311217,0.282810479,-0.00264932238
0.0466546081,-0.401049405,0.00686598942,0.308297962,-0.243509144,0.697053313,0.599810302,-1.17537189,-0.173809618,0.0215732083,0.510624588,0.249925599,-0.00122526486,-0.883863926,-0.180771351,-0.573161542,0.201077983,0.218838781,0.0133663788,-0.135751352,-0.000371599192,0.0352655388,0.582715809,0.751219273,-0.352608025,0.257182002,0.525921285,-0.684134245,0.299076349,-0.00711645884
0.0454498976,-0.403338581,0.00308070704,0.324894965,-0.254385382,0.68376404,0.601828992,-1.09543061,-0.156492218,0.00401672954,0.467632681,0.257887304,-0.001011263,-0.843347371,-0.137182951,-0.489210367,0.181613997,0.226262406,0.0119326916,-0.096368663,0.00079281471,0.0354696028,0.508552969,0.765827775,-0.336981148,0.23890081,0.475165099,-0.687969625,0.309684247,0.0135243339
0.0446153544,-0.404574811,-0.000844519585,0.339524806,-0.268284172,0.671901822,0.601077735,-1.01936877,-0.142285317,-0.00914992578,0.433991969,0.260947257,-0.000834625564,-0.799346924,-0.102368534,-0.41544193,0.169428974,0.231673464,0.0106057413,-0.0695345551,0.00358642265,0.0336426832,0.434005916,0.762816012,-0.3175475,0.239590868,0.421286821,-0.677597404,0.317152888,0.0463207625
0.0434919782,-0.406957656,-0.00425833091,0.353785992,-0.281484395,0.662005842,0.597787797,-0.949167013,-0.13417013,-0.0169417337,0.404684037,0.260410815,-0.000705819228,-0.757746518,-0.0747362673,-0.35257265,0.15975666,0.234841466,0.00942130201,-0.0490210168,0.00377115328,0.0341689885,0.361566097,0.742525101,-0.296757579,0.25690797,0.367441118,-0.658286333,0.318758398,0.0899375081
0.0422149375,-0.409041941,-0.00892864168,0.369039565,-0.295799315,0.652460933,0.592121065,-0.876860976,-0.130832955,-0.0205044802,0.379999787,0.256897897,-0.000545644492,-0.709242523,-0.0529764742,-0.297778428,0.154724568,0.235962197,0.00833207555,-0.0320157483,0.0029297669,0.0346320383,0.299326181,0.707358897,-0.276744217,0.288717568,0.320683748,-0.633960426,0.313571095,0.145267785
0.0416592769,-0.410376042,-0.0142320655,0.383758485,-0.312350452,0.642817974,0.584766328,-0.80252105,-0.129443198,-0.0209151395,0.36042279,0.250808448,-0.000321795378,-0.656607091,-0.034278769,-0.251281351,0.154455647,0.235565454,0.0073671611,-0.0230638571,0.00338081038,0.0309813842,0.250822037,0.663995087,-0.257276356,0.329699129,0.281876951,-0.606002927,0.300102741,0.205821231
0.0442709029,-0.411742359,-0.0234058425,0.390493184,-0.331870675,0.635961056,0.577001274,-0.744267225,-0.119760036,-0.0234401822,0.343986243,0.24299556,-0.000304092013,-0.607508361,-0.00998781901,-0.216134042,0.151449695,0.233566403,0.00649046618,-0.0236148965,0.00249967678,0.0266887508,0.211232617,0.628392696,-0.232417732,0.373589098,0.2456218,-0.565740168,0.284302622,0.265991718
0.0430490375,-0.414138913,-0.0290052667,0.404445946,-0.347251624,0.626437545,0.568696618,-0.680747807,-0.120669596,-0.0219135154,0.334215313,0.235583365,-0.000245790899,-0.55425483,0.00309902732,-0.183652788,0.147826254,0.230248198,0.00587003957,-0.0219543558,0.00235263398,0.0184132401,0.187744036,0.582505107,-0.212108299,0.41790092,0.215779424,-0.532683253,0.261844784,0.323757708
0.0417615213,-0.415970385,-0.0348423608,0.418215722,-0.361991554,0.617223442,0.559547186,-0.621057093,-0.123523459,-0.0194904469,0.322754264,0.227385119,-0.000246615207,-0.499477446,0.0110677127,-0.155267596,0.143881068,0.225565195,0.0053463052,-0.0172771569,0.00226026005,0.00298218126,0.173747122,0.538351595,-0.190868169,0.460816205,0.196357161,-0.506154597,0.233198166,0.378894031
0.0417178795,-0.418011457,-0.0420598686,0.428785205,-0.378420174,0.608410656,0.550252616,-0.563424528,-0.121333405,-0.0189982764,0.307098806,0.218378484,-0.000350536429,-0.440801978,0.0208844952,-0.13203004,0.137083307,0.220550582,0.00491476851,-0.0156937223,0.00373185403,-0.0192888621,0.168966591,0.505429208,-0.166372493,0.502787948,0.188221127,-0.482200414,0.202779725,0.428214371
0.0415888317,-0.420654118,-0.0476805605,0.437603176,-0.392268628,0.601286352,0.541371822,-0.506320953,-0.118143395,-0.0180362239,0.28785789,0.208972961,-0.000481992553,-0.385032952,0.0285490565,-0.111990236,0.126665309,0.215438545,0.00458615134,-0.015284013,0.000986021245,-0.0366988443,0.172646821,0.477013141,-0.140731514,0.54065609,0.1896016,-0.461472631,0.172161043,0.471773565
0.0416269489,-0.424222618,-0.0496488661,0.442588836,-0.406107992,0.596858144,0.531932116,-0.452884585,-0.110360228,-0.0172282234,0.266642839,0.199946538,-0.000639856502,-0.336244941,0.0375445858,-0.0963102952,0.11136578,0.210273117,0.00437570922,-0.0151597373,-0.00128854462,-0.0478409864,0.177561671,0.451050669,-0.115683936,0.570970416,0.199304938,-0.445815116,0.141925365,0.50978452
0.0455021374,-0.427223325,-0.0388292074,0.443253726,-0.424367279,0.58900547,0.525843322,-0.390718311,-0.0885177404,-0.0216417909,0.249861658,0.190864757,-0.000737949973,-0.275893807,0.0583591089,-0.086742796,0.09634386,0.205897778,0.00419528363,-0.0262795929,-0.00128880644,-0.0636930838,0.198038012,0.441495955,-0.0883073211,0.599367142,0.223827198,-0.4298127,0.115266278,0.547466457
0.0454788022,-0.429555833,-0.0364574678,0.446908534,-0.431888491,0.583921373,0.522284329,-0.348817557,-0.078858465,-0.0191535465,0.223189056,0.180368066,-0.000844458118,-0.236515626,0.0655655041,-0.0783120468,0.0713372305,0.200869977,0.00414869934,-0.0420984514,-0.000878099643,-0.0682200938,0.222139731,0.425641477,-0.0653714389,0.624238133,0.239166334,-0.425435096,0.0865058303,0.575749695
0.0467664041,-0.432493985,-0.0367244929,0.449536055,-0.440386146,0.579077065,0.518311739,-0.312741846,-0.0646056533,-0.0176015981,0.197459534,0.170498267,-0.00100582535,-0.200685099,0.0767822489,-0.0739966854,0.047333274,0.196833417,0.00418249331,-0.0617845394,0.000542656169,-0.0665353537,0.24428831,0.414468825,-0.0450032577,0.645700574,0.252770841,-0.417743683,0.0609227531,0.596762657
0.0423192754,-0.433978707,-0.0310088303,0.459246784,-0.439705998,0.575392306,0.51446557,-0.274334341,-0.0770127922,-0.00725202356,0.174317732,0.162846118,-0.00105029193,-0.166335762,0.062186107,-0.0649925917,0.0274118371,0.192732498,0.00415845774,-0.0691350624,-0.0035308355,-0.0629293099,0.267338634,0.390460521,-0.0300183166,0.664921522,0.265571445,-0.426186591,0.0336215012,0.615070879
0.0407548621,-0.43433857,-0.0289624315,0.462984413,-0.44316557,0.573254406,0.510518491,-0.245316133,-0.078948535,0.000435987458,0.150986224,0.156446666,-0.00112330355,-0.137871876,0.0570534132,-0.0605879016,0.00944831036,0.18931894,0.00408022292,-0.0709286481,-0.00511715841,-0.0515593663,0.281612188,0.373551548,-0.0148754884,0.67958653,0.269822121,-0.428549498,0.011234466,0.630775452
0.0399413519,-0.434223473,-0.0280732699,0.464047819,-0.448086202,0.571926236,0.506733477,-0.220441028,-0.0774439201,0.00739041716,0.129585907,0.150948197,-0.00118152541,-0.115053639,0.0573661514,-0.0590897352,-0.00738404552,0.186743498,0.00402949005,-0.0692779347,-0.00440294435,-0.0387445316,0.290636748,0.359557539,-0.00100838894,0.690216839,0.268662691,-0.427225053,-0.00880848896,0.642033637
0.0390806422,-0.433950603,-0.0261466838,0.46609062,-0.451046109,0.569915712,0.504492819,-0.195879623,-0.0788128972,0.014925723,0.111680359,0.147364065,-0.00121279038,-0.0947565585,0.0560003407,-0.057985507,-0.0211209618,0.185250834,0.00399298873,-0.0686614662,-0.00415431755,-0.0256789178,0.302282125,0.350790918,0.0116291894,0.699404001,0.266091794,-0.426168561,-0.0262178872,0.650413394
0.0384715721,-0.433286786,-0.025116967,0.469058096,-0.453074098,0.567266047,0.502909064,-0.172939613,-0.0784142837,0.0217610653,0.0939963758,0.145130903,-0.00121763011,-0.0774911493,0.0569584407,-0.0576740205,-0.0319974534,0.185018376,0.00397558929,-0.0744982287,-0.00344552821,-0.0134356059,0.31147027,0.343008578,0.0233600661,0.708017886,0.260578573,-0.42621544,-0.040602874,0.655864537
0.0373123586,-0.432290733,-0.0259737652,0.471402824,-0.454389662,0.566219568,0.500704288,-0.156253576,-0.0805407539,0.0293464977,0.0770303383,0.14341332,-0.00123269984,-0.0659629181,0.0548861809,-0.0573141091,-0.0415896736,0.186085626,0.00396369863,-0.0777831972,-0.003731512,-0.00424084347,0.314191997,0.335253268,0.03378205,0.713154078,0.253262013,-0.426188618,-0.0537063628,0.660252094
0.0369936861,-0.431877881,-0.0246079732,0.473104686,-0.457236797,0.56421411,0.498767376,-0.138197348,-0.0791268647,0.0351786539,0.0632286966,0.14319177,-0.00128081918,-0.0517320894,0.0559853837,-0.0579217449,-0.0478666238,0.188058197,0.00397343095,-0.0787002295,-0.00361894979,0.00597545365,0.314748019,0.33039099,0.0434083976,0.715736926,0.251285553,-0.422526628,-0.0641844943,0.665156841
0.0372923762,-0.43175897,-0.023677906,0.475071192,-0.459847152,0.561747491,0.49728024,-0.122019254,-0.0763442144,0.0401700325,0.0518730842,0.144248948,-0.00132657401,-0.0386540033,0.058943931,-0.0597581752,-0.0536941215,0.190256655,0.00400472712,-0.0799205378,-0.00290717627,0.015684111,0.314430356,0.326154947,0.0516043566,0.716110706,0.251864731,-0.415620834,-0.0715929717,0.669326067
0.0375507474,-0.432434201,-0.0233370513,0.477145016,-0.460870445,0.559964716,0.496357352,-0.108629003,-0.0740933418,0.0456014872,0.0423994809,0.146348611,-0.00142798712,-0.0284506194,0.0598975569,-0.0612828061,-0.0586805902,0.193142757,0.00405955594,-0.0806209147,-0.00278923195,0.026284527,0.312693685,0.320611268,0.0575677119,0.715823412,0.250029832,-0.41009751,-0.0781434476,0.671378136
0.0380928256,-0.432718307,-0.0233413558,0.478296638,-0.462905169,0.557915926,0.495662212,-0.0962927043,-0.0670612082,0.0500248075,0.034620285,0.148606792,-0.00152722129,-0.0193155501,0.0641120598,-0.0629010499,-0.0628039315,0.196465656,0.00411802251,-0.0823867097,-0.00121280411,0.0346229449,0.313096732,0.316610664,0.0629634932,0.716348529,0.246496648,-0.404664189,-0.0839502215,0.671424448
0.0384486467,-0.432785988,-0.0243511274,0.479369134,-0.464154094,0.556644797,0.494886696,-0.0875956714,-0.061326351,0.0554183386,0.0278868787,0.15073663,-0.00163486309,-0.013513091,0.0644625649,-0.0639387146,-0.0672106594,0.200054154,0.00421585375,-0.0833469406,-0.000424604572,0.0415509008,0.311955422,0.312821716,0.0678055808,0.716730893,0.242286041,-0.400731385,-0.0895803422,0.67025727
0.0385208912,-0.432987332,-0.0247100964,0.480751038,-0.466017574,0.554710925,0.493965417,-0.0778280944,-0.0544193164,0.0606353208,0.0235191025,0.15290451,-0.00175207062,-0.00499170925,0.0650257915,-0.0649468079,-0.069595933,0.203543052,0.00431727292,-0.0845294893,0.000524100615,0.0477187932,0.312194914,0.310161918,0.0725580752,0.71845597,0.240114316,-0.396543533,-0.0939621627,0.669881582
0.0397001766,-0.43352443,-0.0231588837,0.481504023,-0.468674719,0.552318513,0.493398547,-0.0665535554,-0.0454546064,0.0650399849,0.0214804709,0.155266404,-0.00187730114,0.00471013645,0.0684584603,-0.066802308,-0.0714161471,0.207169235,0.00445960602,-0.0855713859,0.00171105051,0.0519938283,0.314088166,0.310301632,0.0783332139,0.720996559,0.240711689,-0.390828252,-0.0974610299,0.670894682
0.0393755808,-0.433565021,-0.0240701213,0.482560396,-0.468775928,0.551924825,0.492710501,-0.0615818165,-0.0417839773,0.0706527084,0.0179778598,0.157822832,-0.00203723251,0.0092023816,0.0652115196,-0.0678662881,-0.0753583089,0.210397393,0.00457747327,-0.0851764977,0.0022564393,0.0573395044,0.313524902,0.30811888,0.082990475,0.722969174,0.238907412,-0.388572574,-0.101534173,0.670566678
0.0394299999,-0.433616459,-0.0241403114,0.483516514,-0.469806284,0.550672948,0.492192179,-0.0549376309,-0.0356932655,0.0752302036,0.0164498836,0.160910621,-0.00222039828,0.0148889935,0.0651165769,-0.0696673542,-0.0776083618,0.213573188,0.00466417382,-0.0845100954,0.00267999154,0.0623300187,0.311192185,0.307298809,0.0880421251,0.724907815,0.238128737,-0.386325777,-0.105063662,0.670469642
0.0392558128,-0.434220523,-0.0242036134,0.484624326,-0.47046259,0.549788296,0.491464198,-0.0488045812,-0.0305903796,0.0797479898,0.0153009677,0.164271802,-0.00243025064,0.0191741735,0.0646286756,-0.0709722266,-0.079308629,0.217780456,0.00481673703,-0.0847075284,0.00341773056,0.0645782724,0.309092253,0.306102455,0.0930509567,0.727427661,0.237111181,-0.385067999,-0.108590372,0.670761764
0.0389620103,-0.433796912,-0.0234616157,0.485434055,-0.471236199,0.548843324,0.49097985,-0.0428785346,-0.0257824007,0.0845246091,0.0143258516,0.167720526,-0.00261869025,0.0235220734,0.0638161227,-0.0720573589,-0.0799714252,0.221494362,0.00489061745,-0.084500879,0.00351385982,0.0687083378,0.30730778,0.305585593,0.0977096632,0.729303122,0.236365721,-0.382965177,-0.111142315,0.670604646
0.0389506258,-0.433194786,-0.0232893601,0.485872954,-0.471606284,0.548369825,0.490719467,-0.0392355397,-0.0216338579,0.0894016027,0.0133493776,0.171103269,-0.00279661175,0.0255322438,0.0637337118,-0.0737063065,-0.0812589526,0.224192128,0.00490796706,-0.0844299793,0.00297864107,0.0701882467,0.306531012,0.305263579,0.10208939,0.730869114,0.235585108,-0.382098973,-0.114065714,0.670229435
0.0392041542,-0.433657765,-0.0228020567,0.48612234,-0.472193569,0.547838569,0.490501016,-0.0355702825,-0.0171837602,0.0935813338,0.0134845916,0.174760073,-0.00300180144,0.0281584654,0.0653249025,-0.0748209953,-0.081750311,0.227717876,0.00498886779,-0.0849753618,0.00285880477,0.070266977,0.30650118,0.305999815,0.106611282,0.732144237,0.235586375,-0.381416023,-0.117153704,0.670663536
0.0380420648,-0.432777137,-0.0232141726,0.485833973,-0.471501529,0.548892975,0.490273654,-0.0367510915,-0.018766772,0.0986958593,0.0122914696,0.178596064,-0.00319870235,0.0263510346,0.0621395335,-0.0754527971,-0.0836748928,0.229931474,0.00495728618,-0.0825974941,0.00353746745,0.0722025335,0.304114938,0.303780615,0.109199509,0.732455432,0.23594521,-0.380855113,-0.119664654,0.669854283
0.0378068797,-0.432979614,-0.022215277,0.4858661,-0.471437246,0.548761845,0.490450382,-0.0352754742,-0.018197177,0.102519922,0.0119391782,0.182192713,-0.00338271121,0.0270388611,0.0612927005,-0.0760478899,-0.0835632682,0.232406199,0.00499888742,-0.0820572972,0.0037739214,0.0735237971,0.302058518,0.302085072,0.11197675,0.732657492,0.236759245,-0.381809324,-0.123034559,0.669466078
0.0371050015,-0.432786494,-0.0225769021,0.485798657,-0.471219361,0.548778355,0.490707815,-0.0353556797,-0.017669607,0.106218465,0.0100978911,0.184691504,-0.00351776858,0.0260733515,0.0603233166,-0.0764741004,-0.0836491361,0.234868988,0.00503070047,-0.0826305673,0.00436983397,0.074658528,0.300895959,0.299853653,0.114187792,0.732649326,0.236904353,-0.381155461,-0.125060216,0.668490052
0.0369847752,-0.432885289,-0.0225107353,0.485372484,-0.471298158,0.548902571,0.49091509,-0.0356592461,-0.0166897867,0.109392449,0.00897439942,0.187006354,-0.00363690476,0.0255010203,0.0610830076,-0.0770449489,-0.0832782984,0.237327933,0.00506348815,-0.0825420767,0.00470394688,0.0747710913,0.300054967,0.298414141,0.116594583,0.73287791,0.236865208,-0.380916685,-0.127344906,0.667751968
0.0377062485,-0.432924956,-0.0217201672,0.484867722,-0.472424179,0.548307598,0.490996391,-0.0343335569,-0.0128730591,0.111005075,0.00831358414,0.189264551,-0.00373974023,0.0265692063,0.0644507557,-0.0777023137,-0.0821461901,0.24003543,0.0051327846,-0.0832127109,0.00558842719,0.0740452707,0.300492138,0.298822135,0.119572662,0.733205259,0.238675728,-0.379224032,-0.128987119,0.668450594
0.0374935642,-0.432731599,-0.0213802122,0.484512597,-0.472893447,0.548068345,0.49116233,-0.0342184752,-0.0119307293,0.112774014,0.0074700769,0.191293612,-0.00382822822,0.0272177644,0.0653429553,-0.0782223567,-0.081843242,0.242357552,0.00516519137,-0.0825766176,0.00647400366,0.0742421597,0.300273508,0.298925281,0.122013934,0.733279765,0.239266738,-0.378137678,-0.130520135,0.667911887
0.0381979309,-0.432969928,-0.0209752936,0.484169543,-0.473378837,0.547700822,0.491442889,-0.0342067704,-0.0101442775,0.113791093,0.0066427486,0.192503169,-0.0038744167,0.0276518296,0.0676313415,-0.079128325,-0.0814929381,0.244747877,0.00523106288,-0.0824608356,0.00665249629,0.0737056583,0.2997379,0.299782813,0.124652326,0.733017445,0.240024254,-0.376893431,-0.132103488,0.667428613
0.0382750481,-0.432783604,-0.0220104251,0.483785391,-0.473531604,0.547771275,0.491595507,-0.0352451801,-0.00988447573,0.11500714,0.00540824095,0.193320602,-0.0038965845,0.0261693355,0.0681774765,-0.0797148421,-0.0821685791,0.246648461,0.00527137099,-0.0819374919,0.00731408224,0.0743721724,0.299056172,0.299545497,0.126416638,0.732974827,0.239920154,-0.376292229,-0.133651346,0.666700363
0.0384969451,-0.432876736,-0.0222162884,0.483930022,-0.473521262,0.547531009,0.491730928,-0.0352935158,-0.00972845219,0.115725406,0.00509074843,0.194423065,-0.00393512845,0.0266393591,0.068660304,-0.0801915377,-0.0819519311,0.248450056,0.00530266156,-0.0816935301,0.00740142772,0.0748463124,0.298787415,0.299805313,0.128229529,0.733037472,0.239435896,-0.375291049,-0.134933352,0.665986419
0.0389501117,-0.432938486,-0.0218720119,0.484041303,-0.473490119,0.547246397,0.491968006,-0.0351359323,-0.00956379622,0.116294116,0.00522601185,0.19545038,-0.00396116031,0.0266328622,0.0687877163,-0.080501534,-0.0816772655,0.250170082,0.00536499871,-0.0815989822,0.00726439431,0.074989453,0.298547059,0.299546272,0.129789889,0.732922792,0.239073366,-0.374541521,-0.136308089,0.665696084
0.038409505,-0.432788521,-0.0226593185,0.484208643,-0.472435445,0.548021436,0.491954565,-0.0375416353,-0.01247779,0.11782553,0.00449056784,0.195937693,-0.00398124894,0.0241161473,0.0653425381,-0.0802580714,-0.0820589811,0.251417905,0.0053982446,-0.0806625113,0.00711545954,0.0750670582,0.297313124,0.297452152,0.130342767,0.732477188,0.23815833,-0.374185115,-0.137351364,0.66486305
0.0391827933,-0.433205396,-0.0219278056,0.484198928,-0.473134369,0.547510266,0.491861522,-0.0362141691,-0.0101228384,0.117693156,0.00503245881,0.196482033,-0.00400764216,0.0252436623,0.0671581253,-0.080397509,-0.0804316401,0.253551066,0.00549264532,-0.0807934701,0.00652379403,0.0745081231,0.297412485,0.298606843,0.132152453,0.732927024,0.239103839,-0.372023076,-0.137847409,0.665302873
0.0393024571,-0.432772487,-0.0216379557,0.48418048,-0.472996891,0.547633171,0.491875231,-0.0364033356,-0.0108597474,0.118215002,0.00454695709,0.19666414,-0.00399946235,0.0243408345,0.0661228672,-0.0805029273,-0.0800845623,0.254940242,0.00553463772,-0.0801489055,0.00588887045,0.0741537437,0.29719612,0.299243271,0.133543044,0.733094215,0.239692047,-0.370768845,-0.13857761,0.66514951
0.0393590964,-0.432707965,-0.021160746,0.484502137,-0.472532272,0.547530174,0.49211967,-0.0364199951,-0.0112529797,0.118599705,0.00431936467,0.196997046,-0.00400865125,0.0241159126,0.0654858947,-0.0804485232,-0.0792077407,0.256102532,0.00556020951,-0.0805597305,0.00540944887,0.0741773769,0.29807508,0.298941553,0.134325296,0.733362257,0.239560574,-0.370146394,-0.139286205,0.664671719
0.0395875722,-0.432778656,-0.0210953876,0.484840393,-0.472257853,0.547207355,0.492408842,-0.0361320712,-0.011643867,0.118682995,0.00445291633,0.197730139,-0.00401507458,0.0236400515,0.0654478222,-0.0803147554,-0.0783676282,0.257273227,0.00561512215,-0.0813700557,0.00528601697,0.0752919465,0.2987082,0.29779765,0.134922326,0.733292699,0.237667784,-0.371020615,-0.14066264,0.664009511
0.0393354744,-0.432542294,-0.0213338658,0.484875798,-0.472175211,0.547128737,0.492540509,-0.0361547023,-0.0112415412,0.118897729,0.00411433959,0.197922274,-0.00402055169,0.0227178745,0.0654578209,-0.080094561,-0.0779312477,0.258093238,0.00562956091,-0.0818665177,0.00607531238,0.0754672363,0.299186051,0.297482193,0.135888591,0.733598411,0.23661527,-0.371087551,-0.141533554,0.663710892
0.0392070562,-0.432620853,-0.0212027822,0.484652311,-0.472261786,0.547021449,0.49279657,-0.0361616686,-0.0106552551,0.118993178,0.00396590866,0.198102638,-0.0040356922,0.0223982446,0.0664599016,-0.0800371468,-0.0774080232,0.258952826,0.00563547341,-0.0816514045,0.00678288192,0.0757799745,0.298806757,0.297261834,0.136833459,0.733001709,0.236487284,-0.371510506,-0.142669603,0.663401067
0.0392947234,-0.432475448,-0.0213120654,0.484478801,-0.472441852,0.546964765,0.492857456,-0.0365984477,-0.00983558968,0.118907772,0.00393786561,0.198592886,-0.00405358616,0.0216919724,0.0675803348,-0.0798130929,-0.0769398361,0.259628892,0.00564941438,-0.0817176178,0.00744873565,0.0756204575,0.298989415,0.296913981,0.137527138,0.732867539,0.236857936,-0.370193094,-0.142640576,0.663338184
0.0383436643,-0.432612687,-0.0220873058,0.48453626,-0.471810371,0.547533929,0.49277401,-0.0381245725,-0.01210541,0.119862176,0.00359656662,0.198634297,-0.00407948531,0.0198226161,0.0655443892,-0.0790520161,-0.076684773,0.260292768,0.00564645603,-0.0809362382,0.00798861496,0.0765310153,0.297322094,0.29601571,0.137796268,0.732229233,0.236113295,-0.371216744,-0.143424541,0.662625611
0.0391160958,-0.432776898,-0.021416394,0.484594315,-0.472766757,0.546748042,0.49267289,-0.0361251645,-0.00953540485,0.119173817,0.00451147323,0.199052304,-0.00409314316,0.0216970425,0.0684083626,-0.0789161101,-0.0752330273,0.261062771,0.00567927305,-0.0814609453,0.00815040339,0.0756296813,0.297857881,0.296418965,0.138807476,0.73266083,0.236827731,-0.370186269,-0.143568158,0.662986398
0.0391728878,-0.432647735,-0.0213895813,0.484362572,-0.473013073,0.546698153,0.49271968,-0.0359795764,-0.00882414356,0.119051024,0.00423181802,0.19897683,-0.00410109479,0.021871224,0.0691698343,-0.0786018297,-0.0752649233,0.261515141,0.00567594636,-0.0808852687,0.00820551906,0.0759457946,0.297828019,0.297325164,0.139778167,0.732459307,0.237277642,-0.369712204,-0.143997654,0.663067937
0.0390542932,-0.432608038,-0.0222677663,0.484588683,-0.473241955,0.546875536,0.492080301,-0.0358284339,-0.00865293387,0.119084559,0.00397709757,0.198817611,-0.0041007367,0.0214791857,0.0698720291,-0.0784015357,-0.0754905194,0.261853695,0.00566780102,-0.0810315907,0.00850314181,0.0764954761,0.297550529,0.296087116,0.139896184,0.732288837,0.237633243,-0.36946696,-0.144263506,0.663025856
0.038908653,-0.432546616,-0.0213540122,0.48580882,-0.472144425,0.546416223,0.492441654,-0.0341519341,-0.012872193,0.119970389,0.00475602876,0.199213117,-0.00410067756,0.0228746925,0.0657117069,-0.077307567,-0.0747595131,0.262064695,0.00566976657,-0.0807364509,0.00641299086,0.0797830969,0.297008842,0.295054913,0.140052289,0.732207537,0.236271441,-0.369628966,-0.144560561,0.662054241
0.0390613042,-0.432868034,-0.0209615417,0.484589159,-0.472864956,0.546530008,0.492825478,-0.0353614166,-0.00954590458,0.119341783,0.00391465891,0.199201345,-0.00411386462,0.0222869515,0.0690553486,-0.0772808641,-0.0746199563,0.26270014,0.00570812449,-0.0804448053,0.00819491036,0.076779373,0.297654629,0.296277761,0.141125277,0.732404172,0.237539306,-0.368999183,-0.144901514,0.66262579
0.0393413678,-0.432642013,-0.021220386,0.484457344,-0.472913533,0.546449363,0.492997974,-0.0359270349,-0.00862129498,0.118999332,0.00371317076,0.199402183,-0.0041192905,0.0214373264,0.0699570179,-0.0772894546,-0.0748370588,0.263035804,0.00572339399,-0.0804678574,0.00817385875,0.0762590915,0.297287732,0.296671361,0.141675249,0.732144415,0.237908453,-0.368138254,-0.144814566,0.662461638
0.0388891734,-0.432475626,-0.0220302846,0.484645873,-0.472135693,0.546916485,0.493040174,-0.0372868441,-0.0106761307,0.119658455,0.00376882171,0.199600607,-0.00412562536,0.0196133368,0.067759864,-0.0768054724,-0.0751836002,0.263227642,0.00572813721,-0.0799799562,0.00791658461,0.0769603029,0.296705544,0.295173347,0.14140752,0.731828034,0.236644655,-0.368776172,-0.145259529,0.661740839
0.0393016562,-0.432617813,-0.0214135796,0.484582335,-0.472565651,0.546580315,0.49306348,-0.0368485041,-0.00896491017,0.119218513,0.00408337405,0.199685439,-0.00413884269,0.020256754,0.0693559721,-0.0768838748,-0.0742954984,0.263477117,0.00573900621,-0.0801863,0.00786566921,0.0763771981,0.297373652,0.296374828,0.142177284,0.731883943,0.237257794,-0.36799261,-0.145287335,0.661884308
0.0394411497,-0.432637751,-0.0214574635,0.484649986,-0.472701758,0.546408951,0.493056446,-0.0365039706,-0.00849288888,0.119038224,0.00430623908,0.199808076,-0.00414396077,0.0207066052,0.0698050782,-0.076843448,-0.0740585476,0.263639331,0.00574724702,-0.080194056,0.00798426941,0.0762879848,0.297588289,0.295995355,0.142333195,0.731932282,0.237531483,-0.367548674,-0.145372853,0.661847591
0.0393719822,-0.432985693,-0.0212743655,0.484737843,-0.472434312,0.546307564,0.493338615,-0.03623854,-0.00880371872,0.119158201,0.00440785708,0.199791014,-0.00415368238,0.0206852499,0.0697132125,-0.076451011,-0.0738854557,0.264423877,0.00578384148,-0.080531612,0.00782721862,0.0765668675,0.297988266,0.295558631,0.14264746,0.732055068,0.237451956,-0.367289662,-0.145495981,0.661801934
0.0390389115,-0.432545543,-0.0218920372,0.484878659,-0.47177726,0.546732008,0.49335885,-0.0377116725,-0.0103541734,0.119584426,0.00393711589,0.199717522,-0.00414147647,0.0188347753,0.0681578517,-0.0760321543,-0.0743081346,0.264390171,0.00578072667,-0.0806325004,0.00798001699,0.076950632,0.297795683,0.294894397,0.142450064,0.731926024,0.235817388,-0.368000448,-0.145793051,0.661118209
0.0387713425,-0.432443947,-0.0223230235,0.485097796,-0.471445411,0.546872079,0.493305445,-0.0381407738,-0.0117214005,0.12000829,0.00431922916,0.199875876,-0.00414731214,0.0177709758,0.0668790117,-0.0755461156,-0.0740147009,0.264445543,0.00577858975,-0.08028429,0.00784153398,0.0777772591,0.296879917,0.293894559,0.142398104,0.731584549,0.235025227,-0.368691385,-0.146094918,0.660518467
0.0393238515,-0.432537526,-0.0216942281,0.484814912,-0.4722251,0.546299219,0.493472457,-0.0367119461,-0.00910874922,0.119296908,0.00471361866,0.199949533,-0.00415636506,0.0187823772,0.0694459751,-0.075637497,-0.0732641742,0.264641464,0.00579243433,-0.0804966018,0.00810283516,0.0765932724,0.297845423,0.295301467,0.143238291,0.731863916,0.236293599,-0.367892981,-0.146090448,0.660890102
0.0390431359,-0.432396621,-0.0221688487,0.484780133,-0.471900225,0.546630144,0.49345088,-0.0379660502,-0.0100566559,0.119589075,0.00419936283,0.199950591,-0.00416058535,0.0173590854,0.0693047345,-0.07520473,-0.0733820796,0.2646918,0.00577330682,-0.0804380551,0.00820732862,0.0774900168,0.298061401,0.293979704,0.142599523,0.731861651,0.235581592,-0.368508548,-0.146372005,0.660650432
0.0389302596,-0.432371438,-0.0220801793,0.484769106,-0.471838444,0.546555638,0.493603438,-0.037739601,-0.010172273,0.119634293,0.00460328162,0.200088009,-0.0041724015,0.0175714921,0.0694733933,-0.0747017264,-0.0730597451,0.264732122,0.00575643638,-0.0802057683,0.00817405712,0.0774216503,0.297173947,0.294658065,0.143038705,0.731768906,0.235583916,-0.368434161,-0.146336123,0.660469055
0.0388355516,-0.432491839,-0.0224525519,0.484919548,-0.471489489,0.546794534,0.493524402,-0.038556058,-0.0108688185,0.119784497,0.00456176046,0.200106844,-0.00418081461,0.0166738164,0.0689847767,-0.074138172,-0.0730322078,0.264789253,0.00576360105,-0.0803640112,0.00820544548,0.0773090795,0.297114283,0.293616742,0.142663732,0.73196286,0.235068902,-0.368606478,-0.146343246,0.660319448
0.0395022482,-0.432503134,-0.0217948779,0.484698862,-0.472282946,0.546302557,0.493527472,-0.037148498,-0.00846199784,0.119056121,0.00520017277,0.200429201,-0.00419562403,0.0177801792,0.0713802427,-0.074042432,-0.0724182278,0.2649315,0.00577152986,-0.080360651,0.00803160481,0.076914601,0.298121303,0.294871598,0.143264264,0.732222915,0.236303225,-0.367352664,-0.146027923,0.660924792
0.0393926278,-0.432634234,-0.021786049,0.484665006,-0.472368926,0.546239138,0.493548602,-0.0368020982,-0.00786213856,0.118868299,0.00492889015,0.20056951,-0.00421786821,0.0183893722,0.0719769746,-0.0739402175,-0.0725683048,0.264900535,0.005762788,-0.0803297386,0.00834617857,0.0767835677,0.298444778,0.295258939,0.143446788,0.731951535,0.236967862,-0.366848141,-0.145910487,0.661081076
0.0395488366,-0.432529569,-0.0214261618,0.484842777,-0.472516418,0.5461151,0.493370056,-0.0363113731,-0.00797858182,0.118749022,0.00471164193,0.200487211,-0.00421107607,0.0191350337,0.0719837546,-0.0738241374,-0.0724444389,0.264755368,0.00576252351,-0.0805849209,0.00846935436,0.0760766864,0.298432052,0.296025038,0.14385432,0.732026398,0.237042487,-0.367040902,-0.146031857,0.661186278
0.0393367782,-0.433001012,-0.0213113669,0.484989345,-0.472326219,0.546057522,0.493471801,-0.03556123,-0.00843019411,0.118882455,0.00461243,0.200360864,-0.0042271791,0.0196647439,0.0710148141,-0.0733191669,-0.0725499541,0.26537466,0.00580855692,-0.0804458633,0.0082061952,0.0765830725,0.299046844,0.295632809,0.143793449,0.73240906,0.23702392,-0.367055565,-0.146054521,0.66151464
0.0395690948,-0.432669133,-0.0213523209,0.485085994,-0.472355843,0.545899749,0.493523091,-0.0354730338,-0.00809920859,0.118711732,0.00430364767,0.20041579,-0.00421875855,0.0195865631,0.0716687143,-0.0735304058,-0.072753951,0.265239596,0.00579830399,-0.080762729,0.00823393278,0.0769408345,0.298711151,0.295669317,0.143878102,0.732293248,0.236744612,-0.366777122,-0.145899057,0.661281645
0.0394872613,-0.43246609,-0.0213139057,0.484930605,-0.472405672,0.545847595,0.493685782,-0.0354548469,-0.00805309042,0.118712202,0.00421509473,0.200445563,-0.00422195345,0.0194491986,0.0718196332,-0.0734258071,-0.0730346814,0.265145242,0.00578641891,-0.0805055648,0.00832302123,0.0767731667,0.298720628,0.295599163,0.143968925,0.732334435,0.236721814,-0.366917551,-0.145976543,0.661203444
0.0389875025,-0.432381302,-0.0221526921,0.485013664,-0.471565515,0.546450317,0.493740559,-0.0372940302,-0.0100828307,0.119366206,0.0039895582,0.200529024,-0.00423250208,0.0177103877,0.0700560585,-0.0730436742,-0.0736421049,0.265075028,0.00576873636,-0.0798855051,0.00821248349,0.0773090199,0.298649311,0.29366082,0.14284265,0.732256055,0.235733777,-0.36789608,-0.14605695,0.660727739
0.0396642424,-0.432429254,-0.0214653909,0.485029638,-0.472287059,0.545769989,0.493787587,-0.0361702889,-0.00810640212,0.118721738,0.00434932066,0.200637937,-0.00423143385,0.0190275256,0.0723238662,-0.0731705204,-0.0727810487,0.265193224,0.0057856245,-0.0806343332,0.00844563916,0.0766462982,0.299062133,0.295367986,0.143639535,0.732331395,0.236439511,-0.366926223,-0.145769626,0.661116481
0.038921874,-0.432340771,-0.0222406387,0.48506543,-0.471547395,0.546402872,0.493759662,-0.0376256183,-0.0101858219,0.119455263,0.00408168463,0.200638652,-0.00424277643,0.0172098447,0.0699930862,-0.0726823807,-0.0732371062,0.265203595,0.00577193033,-0.0799327493,0.00830480922,0.0775251687,0.297451019,0.294506878,0.143368512,0.731886506,0.235549867,-0.368046403,-0.146103784,0.660595477
0.039571844,-0.432419628,-0.021786565,0.484950006,-0.472242773,0.54591924,0.49374333,-0.0364822857,-0.00825525075,0.11871855,0.00468849158,0.20096913,-0.00425142143,0.0185098387,0.072082743,-0.0728600249,-0.0725854635,0.265355706,0.00579007482,-0.0800432935,0.00832843594,0.0772036836,0.298772007,0.294980019,0.143541768,0.732528329,0.236397266,-0.366924942,-0.145851403,0.660937011
0.0395553336,-0.432449013,-0.0214432031,0.485068023,-0.472235858,0.545825183,0.493737876,-0.0360991396,-0.00796754658,0.118586436,0.00463739643,0.201023087,-0.00426240172,0.0186418705,0.0722835511,-0.0727792978,-0.0724408329,0.265423924,0.00578597095,-0.0803915188,0.00823219121,0.0765306279,0.299133688,0.295255691,0.143661708,0.732346416,0.236688435,-0.366986603,-0.145877272,0.66101861
0.0389051624,-0.432276279,-0.0221760236,0.485221237,-0.471524507,0.546443999,0.493582934,-0.0375598297,-0.0104205403,0.119302101,0.00422585662,0.201023519,-0.00427058758,0.0171722621,0.0698623434,-0.0723306686,-0.072696887,0.26531136,0.00576704508,-0.0796612501,0.00814329181,0.0774585679,0.298210472,0.29407239,0.143083543,0.731904626,0.235587806,-0.368163526,-0.146149546,0.660555959
0.0396084376,-0.432513058,-0.0213184692,0.485165,-0.472285002,0.545811057,0.493611187,-0.0359931737,-0.00860126875,0.118611336,0.00498815347,0.201175258,-0.00427382858,0.0185958035,0.0718567148,-0.0723625794,-0.0716657862,0.26561144,0.00580323907,-0.0799915344,0.00812353846,0.0771009326,0.298865765,0.29508993,0.143558398,0.731818378,0.236244887,-0.367144942,-0.145981297,0.661144912
0.0395994075,-0.432471216,-0.021781886,0.48503077,-0.472435594,0.545906305,0.493493676,-0.0360263847,-0.00768215908,0.118422277,0.00467467122,0.200954631,-0.00427928707,0.0187821649,0.0725376979,-0.0723987222,-0.0720105022,0.265564501,0.00579348253,-0.0799141899,0.00816461444,0.0768551603,0.299246132,0.295421124,0.14356257,0.731886089,0.236814961,-0.366784126,-0.145835936,0.661362946
0.039597515,-0.43245849,-0.0214551445,0.485149771,-0.472452015,0.545731544,0.493554294,-0.0352598801,-0.00797605049,0.118312784,0.00501052896,0.20119299,-0.00428686477,0.01961115,0.0726320744,-0.0723264664,-0.0721188486,0.265579611,0.00578697817,-0.0796459168,0.00793386437,0.0773410127,0.298479289,0.296149313,0.143967494,0.731905878,0.237009704,-0.366783559,-0.145930752,0.661427081
0.0397078656,-0.43238619,-0.0214343667,0.485073447,-0.47247234,0.545712411,0.493631124,-0.0354141816,-0.00797077361,0.118125364,0.00466547627,0.201275706,-0.00428992463,0.0193601381,0.0726442486,-0.0722926855,-0.0724445954,0.265511572,0.00579857314,-0.0797780082,0.00813709013,0.0769731104,0.298811823,0.296092808,0.144060373,0.732064545,0.236925066,-0.366676182,-0.145905808,0.661494017
0.0395350568,-0.432438254,-0.0216872897,0.484921575,-0.472373992,0.545877755,0.493691623,-0.0359089822,-0.00760682533,0.118069723,0.0044993097,0.20132339,-0.00430936413,0.0190950111,0.0728034303,-0.0723564178,-0.072765395,0.265535682,0.00578890834,-0.0794279277,0.00813875161,0.0767051876,0.299057841,0.295787036,0.143927455,0.731777847,0.237048745,-0.366612017,-0.14587082,0.661500514
0.0395998619,-0.432494909,-0.0215199906,0.485028207,-0.472357512,0.545810819,0.493676484,-0.0358955376,-0.00791972317,0.117992327,0.00454015052,0.201443583,-0.00431312993,0.0188636854,0.0727934465,-0.0722559988,-0.0726029724,0.26567325,0.00580446981,-0.0798414201,0.00845466554,0.0768525079,0.29899469,0.296231031,0.144160703,0.731801689,0.236685321,-0.366933346,-0.145992592,0.661271155
0.039583385,-0.432469964,-0.0218737572,0.485135168,-0.472406566,0.545953214,0.493366897,-0.0358392708,-0.0077984212,0.117992505,0.00455097575,0.201546505,-0.00432767766,0.0186827797,0.0725804716,-0.0721661821,-0.0725298077,0.265746623,0.00580781046,-0.0798462555,0.00818836503,0.0766122118,0.298872054,0.295882493,0.144124374,0.73177737,0.236566037,-0.366773069,-0.145960942,0.661476374
0.0392474309,-0.434745491,-0.0228147153,0.485544115,-0.472078592,0.546007395,0.493218631,-0.034715049,-0.00851276796,0.118294537,0.00554239796,0.202162668,-0.00440883217,0.0210806597,0.0704419836,-0.0700736418,-0.072266981,0.269045144,0.00606618822,-0.0800115243,0.00777976774,0.0771090761,0.298695564,0.294391096,0.144108966,0.732687294,0.236624569,-0.367291361,-0.146285146,0.662688315
0.0394190028,-0.434828222,-0.0221328065,0.485604167,-0.472224504,0.545898259,0.493140697,-0.03426449,-0.00847379025,0.118242443,0.00644270098,0.20309028,-0.00441528577,0.0211957134,0.0705218315,-0.068482779,-0.0722318888,0.272035301,0.00626414036,-0.0803980157,0.00767787173,0.0772133544,0.299437523,0.293854266,0.1443744,0.733528912,0.235824987,-0.368413478,-0.146969154,0.663519919
0.0393012092,-0.434779614,-0.0224530455,0.485482842,-0.47215873,0.545873702,0.493350148,-0.0345710516,-0.00835830811,0.118399583,0.00675721373,0.203999713,-0.00444612699,0.0214044582,0.0707397163,-0.0672235042,-0.0728501305,0.274469644,0.00640365481,-0.0801437572,0.00773834065,0.077190429,0.298751831,0.293865472,0.144690633,0.733324289,0.236267418,-0.367600799,-0.146481097,0.664103091
0.0395776108,-0.432568163,-0.0216369145,0.484967291,-0.472392291,0.546015799,0.493476421,-0.0357613489,-0.00710707204,0.11831484,0.0056381789,0.203618899,-0.00439174287,0.0194904022,0.0727880597,-0.0682877302,-0.07382413,0.273147225,0.00627072295,-0.0799488127,0.00770766055,0.0770332664,0.298438698,0.294952154,0.144848689,0.732764125,0.236410141,-0.366854012,-0.146124631,0.663353801
0.0396533012,-0.43251276,-0.0219131801,0.484944254,-0.472542018,0.545936763,0.493443161,-0.0356652811,-0.0067283879,0.118397318,0.00536628626,0.203480497,-0.00440073991,0.0191101618,0.0727031827,-0.0688004643,-0.0737349987,0.272177756,0.00624347897,-0.0802440345,0.00782521442,0.0768705606,0.298689991,0.295957536,0.145126864,0.732409,0.236053422,-0.367419839,-0.14648366,0.662855089
0.0395365022,-0.432568431,-0.0219914019,0.485031843,-0.472430676,0.545975387,0.493421018,-0.0355678201,-0.00656148512,0.118599176,0.00508774538,0.203314394,-0.00442212913,0.0194503628,0.0726899877,-0.069313921,-0.0737489685,0.271235257,0.00618605735,-0.0801533312,0.00790540408,0.0772568583,0.298822731,0.295503885,0.144756824,0.732079029,0.236126825,-0.366808683,-0.146195054,0.662594736
0.0395255536,-0.432521313,-0.0219049864,0.484912902,-0.472603321,0.545989335,0.493357182,-0.035392262,-0.00582623389,0.118771009,0.00491683278,0.202869192,-0.00442162994,0.019023601,0.0724668875,-0.0697089359,-0.0737194419,0.270493716,0.00616711611,-0.0802521259,0.00803620834,0.0769597515,0.298633993,0.295565248,0.144588977,0.731618941,0.236525178,-0.366626561,-0.146160543,0.662348568
0.0394922569,-0.432484478,-0.0219339207,0.485024363,-0.472476959,0.546057224,0.493293375,-0.0349537171,-0.00590571109,0.119010478,0.00503765047,0.202795282,-0.00442864234,0.0193078239,0.0721550509,-0.0700624734,-0.0736162886,0.26984024,0.00612491788,-0.0800771192,0.00799236447,0.0772218704,0.298866063,0.295851707,0.144565791,0.73173058,0.2367834,-0.366773665,-0.146164864,0.662156463
0.0394615978,-0.432196975,-0.0219698753,0.485035419,-0.472315669,0.546032369,0.4934645,-0.0347528644,-0.00381241483,0.118834019,0.00449422561,0.201809064,-0.00441282848,0.0193373952,0.071973674,-0.0704789683,-0.0739170983,0.269086719,0.00607630843,-0.0798706859,0.00729200151,0.0775180757,0.298377007,0.295752794,0.144455612,0.731234431,0.236178145,-0.368038744,-0.146889597,0.661801517
0.0394693315,-0.432413578,-0.0220652949,0.484927237,-0.472392201,0.546028435,0.493501842,-0.0346262231,-0.00445018383,0.119433679,0.00477585429,0.202084914,-0.00441278284,0.0190743841,0.0721043646,-0.0708422437,-0.0739022568,0.268660396,0.00607378222,-0.0799850151,0.00808455609,0.0772798434,0.298541635,0.295142859,0.144135877,0.731294096,0.236298144,-0.367275983,-0.146450341,0.661792934
0.0394919366,-0.432385564,-0.021886088,0.484892815,-0.472491443,0.546046197,0.493421078,-0.0341547579,-0.00351312384,0.119798817,0.00504873134,0.202234462,-0.00443983404,0.019426126,0.0720528886,-0.0710427761,-0.0736023858,0.268185496,0.00604553847,-0.0801268294,0.00824405253,0.0775455907,0.299218506,0.29527086,0.143897757,0.731122851,0.236357912,-0.366867095,-0.146204069,0.66165626
0.0394389331,-0.432390064,-0.0216870289,0.484749794,-0.472779632,0.545957863,0.493383378,-0.0336895883,-0.00194055121,0.120219775,0.00488597108,0.20200786,-0.0044639823,0.0198270399,0.0723196641,-0.0712757856,-0.0733434036,0.267950833,0.00602859631,-0.0803381205,0.00892817508,0.0779151171,0.298796594,0.295047015,0.143686697,0.730877876,0.236622199,-0.367101818,-0.14629291,0.661369801
0.0394101292,-0.432327628,-0.0217531826,0.484652191,-0.473009676,0.54592669,0.493293256,-0.0328370407,-0.00113544031,0.120647699,0.00518258847,0.20253545,-0.00450663269,0.0202846564,0.0726850331,-0.0715889409,-0.0732072443,0.26776582,0.00600883178,-0.0803461671,0.00920940749,0.0781827122,0.298609048,0.29527849,0.143743366,0.730805576,0.236928195,-0.367221266,-0.146322966,0.661220193
0.0394149162,-0.432391822,-0.0216918048,0.484648943,-0.473019093,0.54600507,0.493200481,-0.032633841,-0.000385072693,0.121312231,0.00487696985,0.202434167,-0.00454172911,0.0203828719,0.0723870248,-0.0718947947,-0.0733469501,0.267517298,0.00599411689,-0.0804511383,0.00897669327,0.0782318339,0.298431516,0.295668513,0.143801793,0.730677128,0.236683771,-0.368359476,-0.147017211,0.660827398
0.0393804237,-0.432289183,-0.0212828778,0.484605283,-0.473182768,0.545899093,0.4932037,-0.0318026245,-7.73013817e-05,0.122034021,0.00523573067,0.202573866,-0.00456602778,0.0208576079,0.0723561496,-0.0720739737,-0.0731670335,0.26731354,0.005977266,-0.0807690769,0.00906930864,0.0776692331,0.298190057,0.295936704,0.144123286,0.73082751,0.237282977,-0.367614955,-0.14679563,0.660681188
0.0394015051,-0.432396621,-0.0216493364,0.484574974,-0.473113567,0.546103477,0.493073702,-0.0321340114,0.000357492565,0.122668996,0.00514677167,0.203061104,-0.00462874444,0.0207230877,0.0722578317,-0.0722654238,-0.0733898506,0.267264068,0.00597309554,-0.0807480216,0.00894144084,0.0776831061,0.298849761,0.295341492,0.143756554,0.731411695,0.237453505,-0.367274672,-0.146684989,0.660717428
0.0393104628,-0.432391226,-0.021160854,0.484719753,-0.472920358,0.546110451,0.493109047,-0.031521406,0.000533538929,0.123054124,0.00561817177,0.203355134,-0.00466934219,0.0211229417,0.0712012947,-0.0722131208,-0.0733009353,0.267126769,0.00597199984,-0.0805843398,0.00855098478,0.0778949335,0.298627377,0.294809103,0.143504828,0.731223226,0.237497821,-0.367358863,-0.14669852,0.660826564
0.039325621,-0.432318121,-0.0211001504,0.484571069,-0.473040193,0.546162367,0.493082732,-0.0318157338,0.000293597492,0.123708375,0.00585624436,0.204000413,-0.00471564522,0.0211295895,0.070998095,-0.0722590014,-0.0733437911,0.267016441,0.00598418619,-0.0805090442,0.00871419441,0.0771466121,0.299063474,0.295145541,0.14351362,0.731043935,0.237955391,-0.367369324,-0.146619514,0.660902917
0.0391836092,-0.432338923,-0.0210288502,0.484804124,-0.472760677,0.546162128,0.493121922,-0.031868387,-1.51103477e-05,0.124521993,0.00576436473,0.204111606,-0.00475637196,0.0211896375,0.0699357167,-0.0722675472,-0.0734601989,0.26685673,0.00598723534,-0.0809496865,0.00853939261,0.0770970657,0.298809588,0.29517138,0.143599451,0.731134951,0.237713948,-0.367720485,-0.14678064,0.660759628
0.0394121036,-0.432252288,-0.0213852432,0.484792382,-0.472904176,0.546096623,0.493068427,-0.0320516638,0.000544198323,0.125030324,0.00573679898,0.204298705,-0.0047881878,0.0210478492,0.0701005906,-0.0725655705,-0.0735267997,0.266722143,0.00599885592,-0.0812377781,0.00858855247,0.0772110745,0.299105823,0.294937342,0.143553153,0.731100142,0.237034708,-0.36729601,-0.146567494,0.660677135
0.0394226648,-0.432346046,-0.0211248361,0.484697461,-0.472961634,0.546114385,0.493086934,-0.0313933566,0.00132322824,0.125188246,0.00609852234,0.204729751,-0.00483611366,0.0215029754,0.0702827349,-0.0727280304,-0.0733128786,0.266732514,0.00599189289,-0.0810433477,0.00870609656,0.077441141,0.298958123,0.295175463,0.14373824,0.731166482,0.237468556,-0.367276162,-0.146600619,0.660796523
0.0393877067,-0.432113558,-0.0219291188,0.484758794,-0.473355472,0.546483397,0.492239177,-0.0320943892,0.00155414245,0.125928059,0.00569746178,0.204624444,-0.00485767191,0.0212941654,0.0705779493,-0.0728933811,-0.0735883415,0.266682833,0.00598610472,-0.0811436623,0.00876468047,0.0774019361,0.298764139,0.295154333,0.143866956,0.730947077,0.237361059,-0.368704975,-0.147398397,0.660854816
0.0395643525,-0.43223238,-0.0205101967,0.485758275,-0.47279036,0.5456177,0.492756963,-0.0291042347,-0.000723385601,0.126661286,0.00704608299,0.205298126,-0.00490000192,0.0242242478,0.0684235767,-0.0725216866,-0.0727355331,0.26676625,0.00597463548,-0.0811237991,0.00654579327,0.0800835863,0.298206478,0.295835376,0.144204617,0.731216669,0.237252876,-0.367166758,-0.146824151,0.660642266
0.0393161401,-0.432320327,-0.0212033335,0.484689057,-0.473033905,0.54622066,0.49290821,-0.0311232414,0.00196856819,0.126377344,0.00566817122,0.205134556,-0.00491742883,0.0220886152,0.0703747049,-0.0728498846,-0.073759526,0.266876012,0.00599764474,-0.0812633932,0.0087632332,0.0771107525,0.29889226,0.295166373,0.143898532,0.73115474,0.237598225,-0.367428452,-0.146986946,0.660808861
0.0394406244,-0.432169646,-0.0209727529,0.484582096,-0.473224759,0.546131492,0.492928892,-0.0313563347,0.00118777424,0.126906902,0.00556348357,0.205060557,-0.00491885003,0.0221097022,0.0703940317,-0.0727706328,-0.0736731887,0.267022878,0.00601312099,-0.0813865587,0.00863734726,0.077003181,0.298667371,0.294824183,0.143858418,0.731022298,0.237425804,-0.367103934,-0.146865562,0.660694122
0.0393766016,-0.432311028,-0.0210645311,0.48449713,-0.473166436,0.546230793,0.492958277,-0.0316037983,0.00149290066,0.12700142,0.00555809401,0.205260903,-0.00494901743,0.0217241105,0.0709537566,-0.0727405548,-0.0735863298,0.267290443,0.00601471961,-0.0816952661,0.00880509149,0.0769537166,0.299114466,0.295424938,0.144082665,0.731188953,0.237414256,-0.367168248,-0.14673689,0.660858631
0.0394994505,-0.432273626,0.004631605,0.523125768,-0.510875821,0.589852154,0.342665732,-0.0320507884,0.00128663273,0.127065986,0.00569706922,0.205423146,-0.0049609472,0.0215862561,0.0709996298,-0.0726833045,-0.0735231414,0.267554134,0.00603137398,-0.0817055404,0.00873805583,0.0769755542,0.298778147,0.295454115,0.144136176,0.730951309,0.23729755,-0.367223233,-0.146709725,0.660858452
