-0.14325656,-0.121354043,0.754227817,-0.040492475,0.0401691347,0.672802269,0.737620413,-0.0201445222,0.0211050957,0.128632531,-0.022650389,-0.00792159978,0.000914358592,0.0194809213,0.0750287622,-0.0448133945,-0.0872669965,0.0877405405,0.00051367149,-0.0894645974,0.0266564954,0.0692171752,0.127921507,0.134834126,0.083805874,0.678382874,0.119798236,-0.0934776813,-0.141655579,0.655860364
-0.143451989,-0.121067524,0.754283428,-0.0411900431,0.0401123874,0.673048377,0.737360358,-0.0207514074,0.022365883,0.128464505,-0.0233949088,-0.00858184602,0.000935029762,0.0188370924,0.0758372918,-0.0449456125,-0.0872669965,0.0876957327,0.000512366183,-0.0893859491,0.0284339823,0.0673224553,0.128183514,0.1341407,0.0837139189,0.678893685,0.120381594,-0.0939013883,-0.141989946,0.65619421
-0.141910359,-0.121716402,0.753531158,-0.0415908359,0.0403861664,0.673172534,0.737209558,-0.0220130384,0.0235284045,0.128486514,-0.0243980531,-0.00912647881,0.000902471482,0.0165382717,0.0774126798,-0.0454501137,-0.0872669965,0.0875114128,0.000459554314,-0.0888202786,0.0281128064,0.0657090098,0.13525182,0.139222577,0.087642312,0.684192479,0.120152034,-0.0917092338,-0.141382352,0.656907201
-0.14202264,-0.121044278,0.753484368,-0.0424802043,0.0402652472,0.67312324,0.737210453,-0.0222430602,0.024935171,0.128387585,-0.0245456882,-0.00966065191,0.000910147268,0.0162840039,0.0793025866,-0.0456906259,-0.0872669965,0.0876687691,0.000477609661,-0.0889627337,0.0292143207,0.0631922036,0.136547551,0.139050692,0.0895128697,0.687620997,0.121137418,-0.0909607485,-0.141216129,0.658309996
-0.141997442,-0.121098325,0.753611922,-0.0425271429,0.0406399965,0.673071623,0.737234354,-0.0227986835,0.0244429335,0.128752127,-0.0248221308,-0.0101868808,0.000923932064,0.0154272616,0.0783993378,-0.0455998741,-0.0872669965,0.0876485109,0.000459693692,-0.0888953209,0.0292406455,0.0623622201,0.136608034,0.138428599,0.0908502862,0.689908445,0.121457987,-0.0905721411,-0.141124099,0.659332037
-0.142070502,-0.120918244,0.753581882,-0.0424563251,0.0406893156,0.673107505,0.737202942,-0.0226951763,0.0245603956,0.128940687,-0.0248668008,-0.0105842585,0.000953413954,0.0155320521,0.0781752691,-0.0454820581,-0.0872669965,0.0876586139,0.000454990659,-0.0887534469,0.0289928652,0.0622668378,0.136583984,0.137877822,0.0921021029,0.69175142,0.121653691,-0.0908930972,-0.141374081,0.660080194
-0.141888991,-0.121075504,0.753596902,-0.0425149538,0.0410251766,0.673078418,0.737207472,-0.0232528131,0.0241011381,0.129176602,-0.0252005029,-0.0108037489,0.000951400434,0.0147257885,0.0784487948,-0.0455502272,-0.0872669965,0.0876005664,0.000455535221,-0.0881914347,0.0288337376,0.0618289039,0.136388183,0.137855396,0.0933224186,0.69302845,0.12186823,-0.0908238143,-0.141577825,0.660716355
-0.141990781,-0.121110715,0.753626347,-0.0423732549,0.0410666913,0.673058629,0.737231433,-0.0231245719,0.0236071646,0.129436776,-0.025244534,-0.0109912083,0.000961511105,0.0145424353,0.0778505355,-0.0454701595,-0.0872669965,0.0875723436,0.000450030755,-0.087972261,0.0288367346,0.0622393601,0.136099845,0.137200132,0.0943186879,0.694171309,0.121579535,-0.090715006,-0.141737074,0.661099136
-0.14187631,-0.12086191,0.753569186,-0.0423523895,0.0409605913,0.673074543,0.737223923,-0.0227611661,0.0242367815,0.129410684,-0.0251835324,-0.0111826044,0.000986102503,0.0152867315,0.0782381073,-0.0455090627,-0.0872669965,0.0875843018,0.000444858335,-0.0876119584,0.0287729949,0.0621710904,0.136243775,0.137225211,0.0954550058,0.695146322,0.121790752,-0.0902092159,-0.141779602,0.661678016
-0.141895413,-0.12100774,0.753664434,-0.042490989,0.0412713364,0.672968388,0.737295508,-0.0234039221,0.0235596839,0.129643306,-0.0255208034,-0.0113388812,0.000980701298,0.0142823923,0.0776501745,-0.0455208607,-0.0872669965,0.087466456,0.000434190442,-0.0871824399,0.0289080124,0.0617364086,0.136496663,0.137205139,0.0963118598,0.695805967,0.121637106,-0.0897824764,-0.141792402,0.662023485
-0.142007172,-0.120960124,0.75370574,-0.0423888639,0.0412809514,0.672878504,0.737382948,-0.0231950544,0.0235274117,0.129815996,-0.0255666375,-0.0114792138,0.00100616179,0.0143404091,0.077475667,-0.0453927442,-0.0872669965,0.0873412713,0.000434664311,-0.0873365402,0.028814977,0.0620431565,0.136450067,0.136973545,0.0971244797,0.696375072,0.12140435,-0.0895931646,-0.141819626,0.662179172
-0.141893104,-0.120635509,0.753661811,-0.0423105694,0.0411047228,0.672860444,0.737413824,-0.0224819928,0.023558462,0.129792497,-0.0251898132,-0.0116387224,0.00100496865,0.0153546333,0.0776867718,-0.0453583077,-0.0872669965,0.0873361602,0.000434030982,-0.0870896652,0.0289733801,0.0616923273,0.13693364,0.136872575,0.0979068577,0.69687587,0.121493004,-0.0891957656,-0.141826719,0.66258949
-0.141845271,-0.120797299,0.753682613,-0.0423758551,0.0412012227,0.672841966,0.737421453,-0.0226542559,0.0237215888,0.129928395,-0.025514476,-0.0118363062,0.00101762859,0.0147453193,0.0776015148,-0.0453640372,-0.0872669965,0.0872636661,0.000430858112,-0.086957112,0.0288928039,0.0616992861,0.136573449,0.136779025,0.0985251144,0.696954608,0.121393986,-0.0886898115,-0.141760588,0.662719369
-0.142058447,-0.120889671,0.753567815,-0.0425051004,0.041311644,0.672760546,0.737482071,-0.0231255181,0.0236432981,0.130094126,-0.0258072075,-0.0119374814,0.00103497703,0.014301802,0.0776012465,-0.0453636386,-0.0872669965,0.0871798098,0.000429568201,-0.0864962265,0.0287236124,0.0616945364,0.136176214,0.13700363,0.0991823971,0.696957648,0.121304132,-0.0884866565,-0.141701669,0.662879407
-0.141792282,-0.120561123,0.753799081,-0.0424187966,0.0412496105,0.67269206,0.73755306,-0.0225317311,0.0236349888,0.130084366,-0.0255222376,-0.0120354546,0.00102543749,0.0148116006,0.0776077136,-0.045378793,-0.0872669965,0.087157391,0.000431396067,-0.0866259038,0.0289014392,0.0612163283,0.136313513,0.136891276,0.0997332335,0.697142899,0.121356308,-0.0879851282,-0.141605586,0.663063288
-0.142037049,-0.120755494,0.753563404,-0.0425318778,0.0412288457,0.672667563,0.737570167,-0.0226873532,0.0237853304,0.130228445,-0.0256929845,-0.0120042358,0.00104698283,0.0145416921,0.0777886286,-0.0453517213,-0.0872669965,0.0871127024,0.000428369298,-0.086324349,0.0288434196,0.0613418818,0.135661095,0.136902496,0.100268506,0.697143972,0.121256188,-0.0876922384,-0.141536385,0.662933886
-0.142169937,-0.120750815,0.753666043,-0.0425332673,0.0413736068,0.672590494,0.737632155,-0.022934664,0.023431126,0.130312473,-0.0257963538,-0.0120739406,0.00105207786,0.0143290171,0.0774479806,-0.0452941358,-0.0872669965,0.0870626718,0.000430644577,-0.0860090628,0.0286109373,0.0611431748,0.135557026,0.136743039,0.100681789,0.697143972,0.121112511,-0.0877539515,-0.141545787,0.663013875
-0.142097339,-0.120694764,0.753752887,-0.0425168574,0.0413026735,0.672554672,0.737669766,-0.0227352567,0.0235067997,0.130353391,-0.0257392973,-0.0121246492,0.00105080556,0.0143202785,0.0772702843,-0.0452194624,-0.0872669965,0.0870046988,0.000425615755,-0.0860827863,0.0288244449,0.0612159632,0.135249183,0.136338666,0.100995176,0.6971609,0.121082172,-0.0878427997,-0.141671613,0.663120985
-0.142290801,-0.120703429,0.753635883,-0.0426414199,0.0414767116,0.672550559,0.737656593,-0.0230627321,0.0234001987,0.130409405,-0.0260619074,-0.0121598998,0.00106695795,0.0139271785,0.0771422163,-0.0451542363,-0.0872669965,0.0869438201,0.000424925354,-0.0857206881,0.0285967365,0.0605542064,0.135054141,0.136283681,0.101374179,0.697074711,0.121270865,-0.0880975425,-0.141734898,0.663203537
-0.142034918,-0.120826237,0.753693819,-0.0426943898,0.041253794,0.672500074,0.737711966,-0.0228808243,0.0239047464,0.130363539,-0.0260577537,-0.0123030841,0.00105265505,0.0139799966,0.0778247863,-0.0452741459,-0.0872669965,0.0869824663,0.000428525411,-0.0856349468,0.0286982376,0.060864076,0.135026172,0.136358008,0.101756632,0.697094917,0.121024251,-0.0880486369,-0.141807586,0.663303673
-0.142198697,-0.120774686,0.753555417,-0.0426746979,0.041189611,0.672375321,0.7378304,-0.0226786211,0.0239781979,0.13039425,-0.0259454846,-0.0123076392,0.00106988952,0.0142401839,0.077777788,-0.0452540293,-0.0872669965,0.0870438293,0.000427060644,-0.0857174248,0.0286766663,0.0608427301,0.134912699,0.136087015,0.102105066,0.697227001,0.121082574,-0.0881390274,-0.141894475,0.663367212
-0.142347872,-0.121061452,0.753550291,-0.0427660719,0.0412978195,0.672273457,0.73791188,-0.0231524073,0.0239152424,0.130531564,-0.0263247602,-0.0123880953,0.00107892021,0.0132954773,0.0777860209,-0.0452923365,-0.0872669965,0.0870131552,0.000428553467,-0.0858029798,0.028634131,0.0612067953,0.135038972,0.136161476,0.10245578,0.69722116,0.120707721,-0.0883667693,-0.14193669,0.663395345
-0.142138645,-0.121167451,0.753585637,-0.0430248752,0.0412502661,0.672188759,0.73797667,-0.023595022,0.024422925,0.130551249,-0.0264112633,-0.0124695804,0.00106652721,0.0127757676,0.0782767683,-0.0453690439,-0.0872669965,0.0870651454,0.000425202976,-0.0859939754,0.0288130939,0.0613265298,0.135159478,0.135991827,0.102714971,0.697247982,0.120665476,-0.088311933,-0.141924754,0.663485348
-0.142210379,-0.120936647,0.753487408,-0.0428833365,0.0411307216,0.672180235,0.73799932,-0.0230549965,0.0245398898,0.130542561,-0.0259761736,-0.0124640856,0.00108309882,0.0136202509,0.0783866346,-0.0453422703,-0.0872669965,0.087201342,0.000428457133,-0.0858175382,0.0284808781,0.0610866323,0.135396168,0.13597928,0.103037551,0.697458684,0.121093348,-0.0883990005,-0.141982138,0.663732469
-0.142320171,-0.121155724,0.753485024,-0.042996116,0.0409517735,0.67211473,0.738062382,-0.0230821595,0.0248530284,0.13051948,-0.026002273,-0.0126097621,0.00108534063,0.013552621,0.0785160884,-0.0453283414,-0.0872669965,0.0873270184,0.000425493257,-0.085658364,0.0286381152,0.0609716661,0.135489941,0.136172324,0.103327334,0.697411001,0.121619903,-0.088325955,-0.142017975,0.663779795
-0.142065242,-0.120938383,0.753404856,-0.0429596789,0.0406885073,0.672027409,0.738158524,-0.0223187562,0.0255112164,0.130390078,-0.0257368088,-0.0126635181,0.0010872744,0.0141945221,0.0791727677,-0.0453870371,-0.0872669965,0.0874776766,0.000423280901,-0.0862137079,0.0287107136,0.0607267432,0.136058033,0.136286259,0.10377302,0.697726429,0.122398421,-0.08810886,-0.142025456,0.66393137
-0.142333418,-0.121214822,0.753434598,-0.0430069901,0.0407794826,0.672036469,0.73814255,-0.0229101032,0.0251658242,0.130582318,-0.0260296315,-0.012782583,0.00109261286,0.0137533182,0.0789662823,-0.0453106575,-0.0872669965,0.0875075161,0.000422271492,-0.0858992562,0.0286243167,0.0605753176,0.136134043,0.136615261,0.104148127,0.697722077,0.122635618,-0.0882251859,-0.142035753,0.663900137
-0.142210424,-0.121210851,0.753551662,-0.0430194438,0.0404188521,0.672110438,0.73809433,-0.0224519037,0.0257222466,0.13058117,-0.0258375593,-0.0129728224,0.00108531641,0.0141845997,0.0795742571,-0.0453390665,-0.0872669965,0.0875780061,0.00042357418,-0.0859642178,0.0290596168,0.0607246868,0.1363772,0.136370704,0.104339771,0.697789729,0.12290401,-0.0881167352,-0.142036617,0.664070725
-0.142148674,-0.121349476,0.753306746,-0.0429456308,0.0403140523,0.672145247,0.738072634,-0.0222413167,0.0260772817,0.130568683,-0.0257734582,-0.0129243713,0.00109553535,0.0145767024,0.0797571018,-0.0453518331,-0.0872669965,0.0877391249,0.000417738222,-0.085715346,0.0289206859,0.0609386563,0.136152759,0.136616245,0.104660168,0.697709918,0.123482868,-0.0877737552,-0.14196384,0.664185941
-0.142251313,-0.121525347,0.753446102,-0.0428595245,0.0402548276,0.672149241,0.738077164,-0.0223029982,0.0258543659,0.130688846,-0.0258174483,-0.0131203067,0.00109599694,0.0143403616,0.0798051953,-0.0453373343,-0.0872669965,0.0878033191,0.000423695135,-0.0857136995,0.0290556308,0.0610916018,0.136340588,0.137011588,0.104918465,0.697651327,0.123409085,-0.087747559,-0.142037064,0.664048791
-0.142247871,-0.12157423,0.753540933,-0.0427527837,0.0402471423,0.672181189,0.738054752,-0.0223165918,0.0258472022,0.130762607,-0.0256583337,-0.0131598655,0.00110293552,0.0144563392,0.0792688802,-0.0451858453,-0.0872669965,0.0878127515,0.00041233396,-0.0855514929,0.0288569871,0.0611745641,0.136329442,0.136642247,0.104872122,0.697619021,0.123470172,-0.0876546949,-0.142131656,0.664025247
-0.142136261,-0.121376269,0.753400326,-0.0426621549,0.0400646999,0.672248006,0.738009036,-0.0217856001,0.0260191374,0.130613416,-0.0253062043,-0.0131825767,0.00109906122,0.0155210635,0.079858005,-0.0452647544,-0.0872669965,0.0879692212,0.000418125157,-0.0853006616,0.0289210752,0.0610872433,0.136803254,0.136974186,0.105063364,0.697641432,0.123784736,-0.0874266773,-0.142188758,0.664122462
-0.142167911,-0.121703595,0.753600478,-0.0426481403,0.0401589796,0.672300279,0.73795718,-0.0222765002,0.0256142039,0.130709022,-0.0254500601,-0.0131802913,0.00108915044,0.0147928679,0.0794685706,-0.0452672057,-0.0872669965,0.0879531428,0.000414449896,-0.0849398226,0.0289701633,0.0610918961,0.136646986,0.137015387,0.105143271,0.697547197,0.123511255,-0.0873571113,-0.142237335,0.664126575
-0.142070889,-0.121708214,0.753498316,-0.0425597541,0.0401213802,0.672341168,0.73792702,-0.0221486203,0.0259764772,0.130638748,-0.0253536478,-0.0131281689,0.00110191852,0.0149158575,0.0795900896,-0.0453493223,-0.0872669965,0.0880168378,0.000412630237,-0.084685415,0.0288984459,0.0611673594,0.136596665,0.137265623,0.105341882,0.697581172,0.123522758,-0.087201193,-0.14224647,0.664128661
-0.142231137,-0.121994346,0.753500998,-0.0426591896,0.0402669795,0.672277987,0.737970948,-0.0228598993,0.0256957263,0.130731463,-0.0255763307,-0.013192974,0.00110492203,0.0142921479,0.0795402303,-0.0453790762,-0.0872669965,0.0880094469,0.000412750785,-0.0845555961,0.0288238619,0.0611765049,0.136874318,0.137232512,0.105311282,0.697369277,0.122851379,-0.0873060524,-0.142264232,0.66386205
-0.142001703,-0.1220778,0.753621519,-0.0425495692,0.040294081,0.672273278,0.737980008,-0.0228851885,0.0256729741,0.130779013,-0.025436325,-0.0131741147,0.00109823642,0.014276919,0.0793520957,-0.0453385264,-0.0872669965,0.0879487395,0.000407807442,-0.0847526416,0.0287170075,0.0612172075,0.136933476,0.13689132,0.10525842,0.697276115,0.122153394,-0.0872301683,-0.142240658,0.663685858
-0.142138496,-0.122003622,0.753474891,-0.0426940322,0.0401604213,0.672329664,0.737927675,-0.0228751116,0.0261291135,0.130621716,-0.0251631159,-0.0131460074,0.00110645138,0.0145163322,0.0798499137,-0.0453612208,-0.0872669965,0.0880535617,0.000414068112,-0.084345825,0.0289233904,0.0608437657,0.13695091,0.136801288,0.105345085,0.697294533,0.122078307,-0.0875353962,-0.142367661,0.663779795
-0.141985387,-0.122351795,0.753630638,-0.0424955525,0.040335495,0.672308862,0.737948477,-0.0232806876,0.0254544076,0.130799592,-0.0251840986,-0.0131234666,0.00109206245,0.0140265049,0.079364866,-0.0453589484,-0.0872669965,0.0880223885,0.000409752975,-0.0841820836,0.0286162738,0.0611291565,0.136960551,0.136619687,0.105365694,0.697103083,0.121423088,-0.0869469792,-0.142222539,0.663687646
-0.142062098,-0.122438848,0.753506362,-0.0423756912,0.0404552482,0.67233634,0.737923801,-0.0234001372,0.0253431108,0.130832776,-0.0249217059,-0.0130249355,0.00111191429,0.0139979422,0.0788145065,-0.0452462472,-0.0872669965,0.0880097523,0.000402327889,-0.0839059576,0.0280351881,0.0611799136,0.137190238,0.136597812,0.105434224,0.697087228,0.121063411,-0.0870832354,-0.142265648,0.663511872
-0.141951337,-0.122680232,0.753489256,-0.042456042,0.0403617434,0.672395587,0.737870395,-0.0238602348,0.0255206041,0.13080433,-0.024913568,-0.0130034201,0.00109663547,0.0136047499,0.0792796239,-0.045349028,-0.0872669965,0.088063173,0.000405418017,-0.0837209448,0.0283234548,0.0610676669,0.1371378,0.136351824,0.105474509,0.697025657,0.120975085,-0.0868443847,-0.14231351,0.663604021
-0.141858816,-0.12291009,0.753470778,-0.042362731,0.0404316746,0.67236048,0.737903833,-0.0242281277,0.0253258459,0.130868196,-0.0246658735,-0.012983799,0.00109586352,0.0134996455,0.0792997852,-0.0453695543,-0.0872669965,0.0881554186,0.000406696054,-0.0835549235,0.0281001646,0.0611672476,0.137280747,0.136628285,0.105649821,0.696923018,0.120956197,-0.0866171345,-0.142369792,0.663621902
-0.141883224,-0.122647069,0.75364548,-0.0420289226,0.0403294377,0.672389805,0.737901866,-0.0234398097,0.0252036043,0.130735621,-0.0239095055,-0.0128433695,0.00111014151,0.0144628119,0.0786919668,-0.0451750197,-0.0872669965,0.0881922543,0.000406147505,-0.0836893618,0.0277987309,0.0610133782,0.13833639,0.136635587,0.105848365,0.697466671,0.121467642,-0.0864737406,-0.142424121,0.663844824
-0.14186731,-0.123061962,0.75352174,-0.0421476178,0.0402355306,0.672459781,0.737836361,-0.0239306167,0.0253050663,0.130746305,-0.0241483506,-0.0128691634,0.00109900755,0.0141159184,0.0791738406,-0.0452580862,-0.0872669965,0.0882531554,0.0004064971,-0.0835631415,0.0285225306,0.0608880334,0.137727022,0.136620805,0.105845951,0.697274208,0.121785805,-0.0865275636,-0.142532989,0.664025486
-0.141914457,-0.12319281,0.753505766,-0.0419468097,0.040278215,0.672499776,0.737809122,-0.0239671133,0.0250784103,0.130737871,-0.0239061434,-0.0127571421,0.00111198309,0.014035888,0.0787145644,-0.0452248603,-0.0872669965,0.088253051,0.000401215802,-0.0835335478,0.0281357318,0.0612998381,0.137565047,0.136522204,0.105884075,0.697250068,0.122060947,-0.0864859149,-0.142566636,0.664066374
-0.141710147,-0.122866414,0.753688753,-0.0417661592,0.0400454924,0.672520399,0.737813175,-0.0231835358,0.0250174198,0.130528182,-0.0232141372,-0.0127740791,0.00109391264,0.0152106741,0.0789078996,-0.0452134535,-0.0872646198,0.0883291289,0.000405726751,-0.0833654776,0.0282875001,0.0606804937,0.138140783,0.136576995,0.105981395,0.697490931,0.122824453,-0.0866887942,-0.142706886,0.664366663
-0.14165628,-0.123329468,0.753703654,-0.0417410061,0.040208336,0.672482967,0.737839878,-0.0239210427,0.0248539243,0.130566865,-0.0234003235,-0.0127833076,0.00109555351,0.0144309867,0.0786467344,-0.0452812649,-0.0872669965,0.0882104561,0.000400524441,-0.0834912434,0.0282160249,0.0607198402,0.137830436,0.136537462,0.106014371,0.697355032,0.123019278,-0.0864095911,-0.142594308,0.664311588
-0.141884357,-0.123489238,0.753534615,-0.0418502688,0.0401919708,0.672523618,0.737797499,-0.0243700631,0.0251781177,0.130556807,-0.023461597,-0.0127899367,0.00111675449,0.0141345793,0.0787799507,-0.0452628098,-0.0872669965,0.0881856605,0.000402126316,-0.0834646001,0.0282354914,0.0608902462,0.137751162,0.136420593,0.106041208,0.69735533,0.123157986,-0.0866662562,-0.142626658,0.664218128
-0.141745374,-0.123422518,0.753767252,-0.0415799357,0.0401981249,0.672575891,0.737764776,-0.024073869,0.0246306378,0.130554467,-0.0230878852,-0.0128099825,0.00110451598,0.0146470321,0.0783197284,-0.0451407395,-0.0872669965,0.0881193727,0.000401873782,-0.0834764317,0.0281860847,0.0606275424,0.138422415,0.136268541,0.106133312,0.697594047,0.123229422,-0.0864492506,-0.142581522,0.664370716
-0.141796574,-0.123607256,0.753594995,-0.0415918566,0.0401046164,0.672616005,0.737732708,-0.0242248699,0.0248780418,0.130455852,-0.0230129492,-0.0127776861,0.00111194572,0.014516145,0.0783936977,-0.0451770909,-0.0872669965,0.0880861282,0.000398596923,-0.0834204778,0.0281617511,0.0610575564,0.137825117,0.136274517,0.106158227,0.697299242,0.123136744,-0.0863792002,-0.142576382,0.664249718
-0.141756192,-0.123400256,0.753589094,-0.0413606875,0.0399403237,0.672653437,0.73772043,-0.0235820469,0.0247572865,0.130263522,-0.0224333517,-0.0128060216,0.0011131838,0.0157612618,0.078379944,-0.0451659486,-0.0872669965,0.0881509408,0.000400987279,-0.0834014267,0.0281763189,0.0608567484,0.138192549,0.136293024,0.106222413,0.697421253,0.123441592,-0.0865703374,-0.14269124,0.664362371
-0.141622454,-0.123642065,0.753651142,-0.0414930768,0.0399627462,0.672696948,0.737672031,-0.0239874031,0.0248216577,0.130215585,-0.0225043576,-0.0128817754,0.0011042282,0.0151341567,0.0785928071,-0.0453652404,-0.0872669965,0.0880277976,0.000396092073,-0.0834280327,0.0282787327,0.0607904308,0.138001963,0.136322126,0.106282473,0.697265506,0.12338867,-0.0861697644,-0.142640635,0.664402008
-0.14185819,-0.123881817,0.753472328,-0.0416255519,0.0401127785,0.672757566,0.737601221,-0.0248154197,0.024953654,0.130150869,-0.0226276629,-0.012791344,0.00112291053,0.0144100999,0.0785138309,-0.0452992246,-0.0872669965,0.0879991576,0.000398607808,-0.0831830129,0.0280810166,0.0608970448,0.137800768,0.136675283,0.106316745,0.69710958,0.123087965,-0.0861844793,-0.14260754,0.664262593
-0.141589284,-0.123419456,0.753764749,-0.0412960015,0.0398165248,0.672858596,0.737543643,-0.0235449113,0.0248823613,0.129921183,-0.0219496023,-0.0128151979,0.00110560399,0.016150577,0.0784511343,-0.0453001149,-0.0872669965,0.0880601555,0.00040326154,-0.0831226334,0.0280056875,0.0608469062,0.137953699,0.136289492,0.106238566,0.697152674,0.123374708,-0.0861048996,-0.142679662,0.664496839
-0.141740948,-0.12384747,0.753621519,-0.0413445458,0.0399551094,0.672932863,0.73746568,-0.0242605358,0.024606565,0.130025938,-0.0222880524,-0.0128178075,0.00111326959,0.0153121734,0.0783113986,-0.0452910438,-0.0872669965,0.0879642889,0.000398585777,-0.0830009431,0.0280565005,0.060763035,0.137645319,0.136292472,0.106248774,0.697152257,0.123191558,-0.086074248,-0.142666414,0.664351523
-0.141951755,-0.124095857,0.75349766,-0.0416525081,0.0398539379,0.673013747,0.737380028,-0.0249164104,0.0253665037,0.1298576,-0.0224945694,-0.0128674163,0.00112827669,0.0147360796,0.0788145438,-0.0453199409,-0.0872669965,0.0879371464,0.000401375582,-0.0831245482,0.0283386819,0.0608589426,0.137244895,0.13665925,0.106405966,0.697141171,0.122548774,-0.0860381275,-0.142679051,0.664137959
-0.141541466,-0.123984471,0.753731847,-0.0415357351,0.0397157967,0.673087656,0.737326562,-0.0246247686,0.025438223,0.129775599,-0.0222342443,-0.012956935,0.00110416987,0.0151072266,0.0790861398,-0.045439329,-0.0872669965,0.087856628,0.000398781674,-0.0831464455,0.0281801634,0.060798198,0.137984946,0.136771068,0.106536902,0.697447598,0.122504666,-0.0857000798,-0.142638877,0.664271474
-0.141793847,-0.123876937,0.753564477,-0.0415606536,0.0396908186,0.673123062,0.737294137,-0.0245526526,0.0255182944,0.129677325,-0.0220466405,-0.012959905,0.00112422963,0.0154752703,0.0791440383,-0.0454290286,-0.0872669965,0.0878520831,0.000403048442,-0.0831586421,0.0282195602,0.0606686883,0.137368485,0.136909842,0.106582269,0.697304726,0.122499861,-0.0857472271,-0.142659083,0.664249837
-0.141824871,-0.124045499,0.753612578,-0.0415714122,0.0397626422,0.673193097,0.737225771,-0.0249261148,0.0252377093,0.129713446,-0.0220864508,-0.0130889956,0.0011186247,0.0151071735,0.0789199024,-0.0454238355,-0.0872669965,0.0878316537,0.000403270504,-0.0832745954,0.0282614268,0.0606789365,0.137348294,0.136973962,0.106598966,0.697317004,0.12233457,-0.0858330578,-0.142746419,0.664185762
-0.141442105,-0.123624966,0.753665686,-0.0415446348,0.0393636599,0.67329967,0.737151325,-0.0237986688,0.02623735,0.129300311,-0.0214855727,-0.0130635975,0.00111317204,0.0163350571,0.0795865729,-0.0455278046,-0.0872669965,0.0878889486,0.000400012417,-0.0833212286,0.0281509683,0.0602334663,0.137555361,0.1368341,0.106709957,0.697560251,0.122592479,-0.0854869187,-0.142800763,0.664551675
-0.141888604,-0.123994842,0.753440917,-0.0415799282,0.039557524,0.673329473,0.737111807,-0.0245201737,0.0256954879,0.129426837,-0.0219531786,-0.0132035855,0.00113246532,0.0155679835,0.0793685243,-0.0455561541,-0.0872669965,0.0878949612,0.000405243336,-0.0833825916,0.027962286,0.0609036088,0.137518167,0.136961475,0.106685296,0.697478831,0.122549661,-0.0859384686,-0.142874435,0.664368689
-0.141719267,-0.123966858,0.753550649,-0.0416681319,0.0395026691,0.673402548,0.737042964,-0.0246972591,0.02580701,0.129363641,-0.0218995307,-0.0132837985,0.00111365132,0.0154883638,0.0794389844,-0.0456685536,-0.0872669965,0.087956205,0.00040379999,-0.0835942104,0.0282042772,0.0606567338,0.137449682,0.137028843,0.106701232,0.697465718,0.12241742,-0.0857449099,-0.142834067,0.664482951
-0.141688824,-0.123666503,0.753515124,-0.0416050777,0.0394692495,0.673476458,0.736980796,-0.0242514871,0.0260800496,0.129102603,-0.0214556921,-0.0132340128,0.00112744723,0.0161337238,0.079452984,-0.0456677563,-0.0872669965,0.0880322829,0.000402461214,-0.0834655985,0.0281131919,0.0603024475,0.138037443,0.137060672,0.106739581,0.697838604,0.122969911,-0.0858202428,-0.14287138,0.664676666
-0.141987085,-0.123986363,0.753561974,-0.0416650511,0.039716389,0.673484206,0.736957073,-0.0250735246,0.0252702106,0.129218206,-0.0217655171,-0.0132695884,0.00112420134,0.0152694322,0.0790354535,-0.0456832014,-0.0872669965,0.0879546776,0.000404361403,-0.083292,0.0280140769,0.0605529062,0.137544766,0.136737376,0.106543824,0.69755125,0.12316604,-0.0861943215,-0.142922401,0.664564967
-0.141981915,-0.123943724,0.753649592,-0.0415734611,0.0397308134,0.673489511,0.736956596,-0.0249703154,0.0249506291,0.129271582,-0.021779852,-0.0133010391,0.0011175893,0.0151299629,0.0787652731,-0.0456846617,-0.0872669965,0.0879021436,0.000404159975,-0.0834568515,0.0280676652,0.0607905686,0.137297988,0.136272579,0.106388584,0.697491229,0.123177893,-0.0862678736,-0.142973959,0.664507389
-0.142364264,-0.123975284,0.753443658,-0.0416698679,0.0397963822,0.67348516,0.73695153,-0.025098864,0.0248984322,0.129175246,-0.0219683703,-0.0132134091,0.00113915605,0.0150497854,0.0783548132,-0.0455671772,-0.0872669965,0.0879280642,0.00040275426,-0.0836574212,0.0280548576,0.0608668812,0.137243643,0.136195019,0.106386855,0.697499394,0.123115942,-0.0865802839,-0.143120617,0.664299071
-0.142196745,-0.123861022,0.753610611,-0.0417010933,0.0398558155,0.673419356,0.737006724,-0.0253075324,0.0245682672,0.129198536,-0.0219458006,-0.013226347,0.00111529243,0.0148073332,0.0783950612,-0.0456286222,-0.0872669965,0.0879222527,0.000405893137,-0.0836453363,0.0281214286,0.0605187826,0.137549803,0.136245787,0.106396809,0.697512329,0.123278037,-0.0864645317,-0.143165857,0.664358497
-0.14243257,-0.123471871,0.753621042,-0.0414639004,0.0397454873,0.673330963,0.7371068,-0.0244512465,0.0243213605,0.129114315,-0.0213042423,-0.0131109245,0.0011350672,0.0158789568,0.0779982358,-0.0454536416,-0.0872669965,0.0879511014,0.000410836597,-0.0840396583,0.0280186422,0.0606168248,0.137905315,0.135639563,0.106279269,0.697730005,0.123704463,-0.0867075548,-0.143258139,0.664316356
-0.142598391,-0.123816639,0.753612399,-0.0416343771,0.0399458408,0.67330426,0.737110734,-0.0252412558,0.0239609666,0.129202366,-0.0217783507,-0.0131921936,0.00113297801,0.01478088,0.0778121352,-0.0454295166,-0.0872669965,0.0878737494,0.000411644753,-0.0841707438,0.0278806183,0.0604928881,0.137632772,0.135695472,0.106351413,0.697636247,0.123589315,-0.0865898356,-0.143231884,0.664084494
-0.142529234,-0.123666503,0.753696978,-0.0418301448,0.0398597233,0.673264563,0.737140596,-0.025323512,0.0244277641,0.129123837,-0.0217572208,-0.0132227009,0.0011306965,0.0146989878,0.0779890791,-0.045445092,-0.0872669965,0.0878376588,0.000408153865,-0.0843864009,0.0282561537,0.0604394376,0.13853696,0.136074036,0.106539309,0.697927415,0.123382352,-0.086255759,-0.14321804,0.664083719
-0.142785773,-0.123584926,0.753519714,-0.0418287739,0.0399581343,0.673213124,0.737182379,-0.025233103,0.0244238339,0.12915799,-0.0216644574,-0.0131932171,0.00115605118,0.0147817563,0.0779855102,-0.0453423671,-0.0872669965,0.0878559574,0.000415708433,-0.0847963318,0.0281553604,0.060510952,0.138352573,0.136142865,0.106587559,0.697873771,0.123214521,-0.0860478878,-0.143236294,0.66393131
-0.142838627,-0.123571739,0.753683686,-0.0418373384,0.0399587266,0.673196793,0.737196743,-0.0254100692,0.0240113884,0.129248917,-0.0217350014,-0.0132270986,0.00113824569,0.0144159812,0.0778694376,-0.0453405529,-0.0872669965,0.0878538489,0.000419935386,-0.0849021375,0.0282673277,0.0606859066,0.138385788,0.136367083,0.106679723,0.697752059,0.123106964,-0.0861337557,-0.143346667,0.664021492
-0.142753422,-0.123085678,0.753715992,-0.0417398289,0.0399568155,0.673171639,0.737225294,-0.0245758425,0.0241259579,0.129071072,-0.021318486,-0.0131644951,0.00114892097,0.0154200308,0.0775797144,-0.0452282242,-0.0872669965,0.0878391713,0.000413999718,-0.0849755108,0.02833746,0.0603276044,0.139083594,0.136737376,0.106786579,0.697792709,0.123405829,-0.0860941336,-0.143390238,0.664096355
-0.143033251,-0.12347813,0.753544927,-0.041979786,0.0402262323,0.673182011,0.737187624,-0.0255874079,0.0236914437,0.129202083,-0.0219231285,-0.0132393604,0.00114782818,0.0141261723,0.0774445385,-0.0451765545,-0.0872669965,0.0877923071,0.000415834278,-0.085043557,0.0282976367,0.060614083,0.139159814,0.137200415,0.106922634,0.69762224,0.123194233,-0.0855326951,-0.143107951,0.663828671
-0.142863244,-0.123366013,0.753655374,-0.042327974,0.0399794951,0.673211336,0.737154305,-0.02579033,0.0245581679,0.129083484,-0.0220666435,-0.0132882204,0.00112956879,0.0138670485,0.0781747475,-0.0453105308,-0.0872669965,0.0878119916,0.00041435007,-0.0852099359,0.0288095064,0.0606219135,0.138979763,0.137405366,0.106911317,0.697505951,0.123152263,-0.0853034332,-0.143021777,0.663883269
-0.143045589,-0.12302731,0.753546774,-0.042188134,0.0401126295,0.673199892,0.737165511,-0.0253339,0.0243641585,0.128992751,-0.02171891,-0.0132116899,0.00115310168,0.0144301644,0.0778858066,-0.0452038273,-0.0872669965,0.0878820643,0.000420720404,-0.0850912705,0.0283859149,0.0601276532,0.13892512,0.137726367,0.107128829,0.697487891,0.123214886,-0.0854080617,-0.142971113,0.664045036
-0.143108293,-0.123274721,0.753617465,-0.042415984,0.0401969664,0.673194945,0.737152398,-0.026059404,0.0241839644,0.129112855,-0.0220877137,-0.0132894078,0.00113444973,0.0135106761,0.078053236,-0.0452420004,-0.0872669965,0.0879001841,0.000424035388,-0.0852698535,0.028774051,0.0602762923,0.138904065,0.137811735,0.10722857,0.697410703,0.122696787,-0.0853915364,-0.142886713,0.663977087
-0.143260837,-0.123174496,0.753569067,-0.0424715318,0.0402900763,0.673206925,0.737133205,-0.0262923893,0.0241563153,0.129179567,-0.0220902059,-0.0132586779,0.001144971,0.012997549,0.077701658,-0.0451552011,-0.0872669965,0.0879363343,0.000421660807,-0.0852504894,0.0284764376,0.0604452118,0.138680607,0.137821525,0.107311137,0.697283864,0.122568101,-0.0856821314,-0.142894104,0.663935721
-0.143506333,-0.123082429,0.753531873,-0.0428371169,0.0402735546,0.673167706,0.737148821,-0.0265971534,0.0245869048,0.129129529,-0.0222693738,-0.0132869892,0.00115001178,0.012840569,0.0781787336,-0.0451889224,-0.0872669965,0.0880286768,0.000427822815,-0.0854594931,0.0291239712,0.0601134263,0.138856843,0.137769282,0.107386082,0.697403312,0.122301511,-0.0860238597,-0.142849997,0.663735986
-0.143358007,-0.12311063,0.753665566,-0.042640917,0.0404033698,0.673097789,0.73721689,-0.0266426932,0.0240828153,0.129261419,-0.022182662,-0.0133428313,0.00114035804,0.0125650596,0.0777943283,-0.0452247113,-0.0872669965,0.0880685225,0.000428658561,-0.0855398923,0.028824836,0.0603253692,0.138863623,0.137963369,0.107438177,0.697430074,0.122125775,-0.0861523524,-0.14285706,0.663615882
-0.143617213,-0.122728765,0.753657162,-0.0427169092,0.0407383665,0.673040152,0.737246633,-0.0266144257,0.0236168727,0.129237309,-0.0221762434,-0.0132715944,0.00115591916,0.0125167659,0.0771527216,-0.0450752638,-0.0872669965,0.0880980715,0.000430116197,-0.0854994431,0.0287089292,0.0596254095,0.138913825,0.137964949,0.107393935,0.69745636,0.121916197,-0.086754784,-0.142927557,0.663539946
-0.143610775,-0.122974657,0.753705442,-0.0430168919,0.0407371223,0.673052788,0.737217784,-0.0273953173,0.0237423778,0.129345566,-0.0225787926,-0.0133723738,0.00113641296,0.0116897235,0.0775974393,-0.0451989248,-0.0872669965,0.0880862176,0.000430156855,-0.0855268314,0.0290984269,0.0597599596,0.138557181,0.138005286,0.107329547,0.697357595,0.121632852,-0.0870690197,-0.142962709,0.663529456
-0.143763334,-0.122911789,0.753580332,-0.0430949964,0.0409088023,0.673103094,0.737157702,-0.0277249627,0.0234868228,0.129465654,-0.0226695072,-0.0132923741,0.0011418513,0.0113282995,0.0773785338,-0.0451310314,-0.0872669965,0.0881385654,0.000429883716,-0.0853812099,0.028884843,0.0596180856,0.13829425,0.138170257,0.107288122,0.697293043,0.121747203,-0.087304756,-0.143003404,0.663614273
-0.144037038,-0.122852549,0.753484607,-0.0434819497,0.0407282226,0.673093498,0.737153769,-0.0279381182,0.0244121216,0.129309908,-0.0228216276,-0.0133685339,0.00115921895,0.0111168623,0.0778905675,-0.0451409929,-0.0872669965,0.0882256627,0.000431385241,-0.0853505731,0.0292421374,0.0598188788,0.138022497,0.137987912,0.10722959,0.697250724,0.121700332,-0.0876829028,-0.142966494,0.663659096
-0.143741578,-0.122797139,0.753736615,-0.0430788361,0.040999677,0.673050642,0.737201571,-0.0277549401,0.0232918393,0.129540369,-0.0225596819,-0.0133350007,0.00114012207,0.011262252,0.076954633,-0.0450891703,-0.0872669965,0.0882193744,0.000427601859,-0.0852285624,0.0284995995,0.0596663505,0.138060734,0.138252795,0.10726206,0.697162151,0.12199565,-0.0878446475,-0.143009245,0.663845718
-0.14376013,-0.122440748,0.753502309,-0.0429094322,0.040786244,0.673075795,0.73720026,-0.0266460273,0.0235742386,0.129410669,-0.0222539511,-0.0132747693,0.00115685223,0.0123852799,0.0771217421,-0.0450306758,-0.0872646049,0.0883376151,0.00042729915,-0.0851997584,0.0285464954,0.0597099923,0.138326839,0.138474941,0.107394487,0.697361946,0.122513086,-0.0880352333,-0.142993122,0.663943172
-0.143949836,-0.12263564,0.753623903,-0.0430100299,0.040765103,0.672981501,0.73728174,-0.0269103348,0.0233743303,0.129533082,-0.0225657374,-0.0133544635,0.0011512246,0.011856392,0.0771552622,-0.0451303869,-0.0872669965,0.0883594528,0.00043374364,-0.0852638185,0.0289522074,0.0599079356,0.138373524,0.138705313,0.107428961,0.69738698,0.122239426,-0.0882965773,-0.143000841,0.663838863
-0.143664643,-0.122565351,0.753711641,-0.0428302586,0.0408826247,0.672856748,0.737399399,-0.0267382786,0.0231411289,0.129616112,-0.0225952677,-0.0133288009,0.00114340428,0.0118871881,0.0768912509,-0.0452333838,-0.0872669965,0.0883830115,0.00043061297,-0.0855450481,0.0285310186,0.0600221008,0.138344362,0.1389696,0.107438318,0.697398663,0.122251168,-0.0879660919,-0.142847717,0.663942456
-0.143995553,-0.122577704,0.75355202,-0.0428658091,0.0407678373,0.672794104,0.737460911,-0.0264182296,0.0231562648,0.129622683,-0.0226088148,-0.0132435979,0.00116208359,0.0120594641,0.0768197924,-0.0450864695,-0.0872669965,0.0883978531,0.000430120504,-0.0857070386,0.0288445819,0.0602945946,0.138357356,0.139064461,0.107476287,0.697524428,0.121954076,-0.0880892947,-0.142760277,0.663672745
-0.143593401,-0.122587867,0.753783822,-0.0427589864,0.0408517532,0.672719419,0.737530649,-0.0264215935,0.0231009685,0.129665181,-0.0227247886,-0.0132042933,0.0011413492,0.0121459682,0.0766138658,-0.045079235,-0.0872669965,0.0883669257,0.000424773927,-0.0856495723,0.0285451338,0.0602281019,0.138197735,0.139453799,0.107528582,0.697420597,0.121670857,-0.0878458917,-0.142680526,0.663691282
-0.143541977,-0.122218817,0.753638864,-0.0427470766,0.0406210087,0.672592521,0.737659693,-0.025654858,0.0237711221,0.129494965,-0.0224551763,-0.0131892683,0.0011560634,0.0129502816,0.0772248879,-0.0451045372,-0.087263532,0.0884226859,0.000428909843,-0.0860350057,0.0288094096,0.0603153631,0.138637289,0.139919877,0.107650757,0.697504163,0.121940203,-0.0877532586,-0.142587945,0.663707078
-0.143564209,-0.122487202,0.753780603,-0.0427279696,0.0407996364,0.672530353,0.737707734,-0.025828287,0.0232244115,0.129632801,-0.0228644833,-0.0131902369,0.00114405144,0.0124897994,0.0769216642,-0.0450424403,-0.0872669891,0.0883545652,0.000431445311,-0.0862272456,0.0287490655,0.0608500093,0.138263419,0.140078977,0.107595734,0.697338223,0.121577427,-0.0875518024,-0.142460212,0.663440287
-0.143272787,-0.122376032,0.753754675,-0.04309671,0.0404622182,0.672499895,0.737732589,-0.0258131586,0.0245472714,0.129552796,-0.0229525492,-0.0132812886,0.00112812105,0.012611473,0.0783898011,-0.0451702029,-0.0872669965,0.0884356573,0.000436852919,-0.0863382891,0.0290191695,0.0604758672,0.13803032,0.140161708,0.107588127,0.697367609,0.121446468,-0.0875564665,-0.142453313,0.663672268
-0.143298611,-0.122395821,0.753545165,-0.0427534878,0.0408062749,0.672348201,0.737871885,-0.0256863758,0.0239683948,0.129656062,-0.0229212567,-0.0131736118,0.00115528062,0.0124218101,0.0775419325,-0.0449924581,-0.0872669965,0.0884751305,0.000430803892,-0.0863663554,0.0285562091,0.0606819168,0.137802005,0.140691891,0.107658155,0.697318017,0.121301793,-0.0873579308,-0.142314658,0.663505137
-0.143082529,-0.122575641,0.753778338,-0.0427970476,0.040746104,0.672246337,0.737965465,-0.0257924367,0.0239481702,0.12966089,-0.0229750052,-0.0131703904,0.00112905703,0.0123413615,0.0778640285,-0.0450916104,-0.0872669965,0.0884820223,0.000433984591,-0.0864882022,0.0286709722,0.0608925521,0.137606904,0.140621364,0.107513979,0.697182477,0.120979607,-0.0871585906,-0.142295659,0.663446844
-0.142977402,-0.122607946,0.753680229,-0.0427991524,0.0408801623,0.672180176,0.738018215,-0.0259814616,0.0239661485,0.129764229,-0.0230595004,-0.0130054783,0.00113043631,0.0120002413,0.0774804801,-0.0449487455,-0.0872669965,0.0885246098,0.000426117127,-0.0864363834,0.0283720288,0.0610626303,0.137182504,0.140378192,0.10734091,0.6970222,0.121046066,-0.0871097967,-0.142333329,0.663402855
-0.143110231,-0.122553065,0.753560185,-0.0427363962,0.0408084653,0.672139406,0.738062918,-0.0257016756,0.0239678733,0.12975651,-0.0230187401,-0.0130847469,0.00114209403,0.0126005383,0.077602759,-0.0448726974,-0.0872669965,0.0886342302,0.000430218061,-0.0863239989,0.0285032019,0.061123345,0.136928484,0.140578106,0.107328542,0.696923077,0.121090844,-0.0873659551,-0.142433926,0.663376391
-0.142570272,-0.122474603,0.753729224,-0.0428116098,0.0406349264,0.672117949,0.738087714,-0.0254201163,0.024751354,0.129566565,-0.0227502659,-0.0130403601,0.0011220749,0.0127932196,0.0784295127,-0.0449610166,-0.0872669965,0.08863502,0.000426472718,-0.0864479765,0.0284931995,0.0608490482,0.136885405,0.140413418,0.107194282,0.696895063,0.121378928,-0.0871713087,-0.142451361,0.66356647
-0.14261426,-0.12259306,0.753554642,-0.0427063778,0.040775001,0.672122359,0.738082051,-0.0255459584,0.0246182438,0.129598826,-0.0228109155,-0.0129216025,0.0011309972,0.0125057502,0.0783691034,-0.0449055769,-0.0872669965,0.0886986181,0.000431258173,-0.0860091224,0.0283682812,0.060961321,0.136467814,0.140310809,0.107062213,0.696859539,0.1217684,-0.087144658,-0.142442539,0.66365093
-0.142460868,-0.122572228,0.753785968,-0.0427200831,0.0406648666,0.672104359,0.738103688,-0.0254539177,0.0246573314,0.129551068,-0.0227951035,-0.0129804462,0.00111058971,0.0127616739,0.078670688,-0.044932384,-0.0872669965,0.0886927247,0.000432784203,-0.0857948363,0.0285680983,0.0607942119,0.136413336,0.139733851,0.106785044,0.696873486,0.12191271,-0.0871606916,-0.142531931,0.663696647
-0.142425403,-0.122647256,0.753612995,-0.0428688638,0.0405761972,0.672091305,0.738111854,-0.0256613586,0.0253260937,0.12949194,-0.0227141045,-0.0129318386,0.0011188339,0.0126921479,0.0791096762,-0.0449804664,-0.0872669965,0.0887478292,0.000431409368,-0.0857426822,0.0286412481,0.0607956015,0.136149749,0.138959765,0.106569044,0.696978986,0.121801279,-0.0872563794,-0.142543629,0.663775861
-0.14232415,-0.122680165,0.753572106,-0.0427704789,0.0407834351,0.672045112,0.738148272,-0.0258346237,0.0250285938,0.129481629,-0.0227573588,-0.0129491743,0.00111895904,0.0124105113,0.0788893849,-0.0449958742,-0.0872669965,0.0887727514,0.000429501932,-0.0852447823,0.0284004789,0.0608184412,0.13644807,0.138859034,0.106537454,0.697009563,0.121758319,-0.087477833,-0.142605975,0.663789093
-0.142173633,-0.122640505,0.753914177,-0.042563647,0.0409464203,0.671945035,0.738242209,-0.0257702265,0.0243829228,0.12958543,-0.0225759055,-0.0129058594,0.00110408617,0.0126079451,0.078085199,-0.0447753742,-0.0872669965,0.0886739418,0.000424872909,-0.085192956,0.028458802,0.0612852834,0.136511832,0.138157845,0.106297262,0.697051764,0.1215517,-0.0876608118,-0.142683208,0.663680792
-0.142109707,-0.12278109,0.753621101,-0.0424770527,0.0409592241,0.6719625,0.738230586,-0.0257865991,0.0246122126,0.129544258,-0.0223895796,-0.012799602,0.00111705915,0.0125708012,0.0782479718,-0.0447477549,-0.0872669965,0.0886540115,0.000425095437,-0.0849801078,0.0281863511,0.0617656559,0.136609748,0.137863442,0.106259324,0.697232604,0.121107802,-0.0878300369,-0.142742798,0.663469076
-0.14193593,-0.122779705,0.753724754,-0.0424600653,0.041004125,0.672003865,0.738191426,-0.0259179436,0.0242696051,0.129588395,-0.0224083234,-0.012833368,0.00109399739,0.0125022624,0.0783998445,-0.0447894856,-0.0872669965,0.088631846,0.000427889492,-0.0844596401,0.0281450208,0.0615732335,0.136772066,0.137548208,0.106144957,0.697229564,0.120917842,-0.0877736881,-0.142762154,0.663353145
-0.14171432,-0.122748055,0.753715515,-0.0424278378,0.0410519205,0.67201668,0.738178909,-0.0257615652,0.024767356,0.129496098,-0.0223451629,-0.0127973985,0.00110595929,0.0124526275,0.0784374252,-0.0448274873,-0.0872669965,0.0885615721,0.000421644567,-0.0844550729,0.027928818,0.0615123659,0.137091443,0.137388915,0.106169879,0.697291553,0.12095011,-0.087776795,-0.142742828,0.663283646
-0.141747281,-0.122851186,0.75364536,-0.0426167771,0.0410820097,0.672077715,0.73811084,-0.0263775513,0.0250571836,0.129448548,-0.0225182436,-0.0127380127,0.00110276346,0.0120974015,0.0789154544,-0.0448904522,-0.0872669965,0.0885472447,0.000426604063,-0.0841887817,0.0278648436,0.061382331,0.137411579,0.137364924,0.106217511,0.697351694,0.120685935,-0.0877207369,-0.142669439,0.663247049
-0.141275451,-0.122819997,0.753640652,-0.042792134,0.041102875,0.672152162,0.738031745,-0.0266317055,0.025574768,0.129287422,-0.0224584918,-0.0127681028,0.00108242384,0.0117815044,0.0795564651,-0.0450985357,-0.0872669965,0.0885775238,0.000422370678,-0.0840776339,0.0278567523,0.0608147755,0.137575999,0.137023702,0.106183298,0.697414458,0.120621569,-0.0871687308,-0.142511874,0.663353264
-0.141260028,-0.122857608,0.753489852,-0.0428764075,0.0411747545,0.672261536,0.737923265,-0.0270478763,0.0261084829,0.12917608,-0.0223360546,-0.0127621787,0.00109967217,0.0114850206,0.0797655284,-0.0451555625,-0.0872669965,0.0886162221,0.000420441647,-0.0837831795,0.0277921762,0.060850922,0.137966827,0.136960551,0.106314592,0.697577178,0.120787039,-0.0870289728,-0.14241159,0.663432777
-0.141202927,-0.122848973,0.753525853,-0.0433877259,0.0410335064,0.672347248,0.737823069,-0.0277510229,0.0267990977,0.129024476,-0.0224056989,-0.0129205966,0.00107756967,0.011033155,0.0806798935,-0.0453023873,-0.0872669965,0.0886700898,0.000418746815,-0.0838024691,0.0285350736,0.0605227798,0.138181746,0.136929631,0.106380448,0.697662473,0.121092238,-0.086938262,-0.142370328,0.663600564
-0.140829101,-0.12266013,0.753482819,-0.0432266369,0.0411487594,0.672498822,0.737687945,-0.0275086276,0.0269853007,0.12892282,-0.022129342,-0.0129916836,0.00108051091,0.0113722021,0.0806054696,-0.0453152061,-0.0872669965,0.088734284,0.000411299116,-0.0838409439,0.0280653927,0.0605219156,0.138698846,0.137285993,0.106606863,0.697688699,0.121545047,-0.086516574,-0.14217034,0.663820505
-0.140749812,-0.122787766,0.753349125,-0.0435832143,0.0412649289,0.672658622,0.737514853,-0.028366195,0.0276176725,0.128762215,-0.0222641192,-0.0130235525,0.0010806371,0.010744785,0.0813870281,-0.0455777384,-0.0872669965,0.088794753,0.000411987567,-0.0833465457,0.0280248038,0.0604684204,0.138602585,0.137854695,0.106767081,0.697503924,0.122096226,-0.086241968,-0.141952306,0.663933635
-0.140363023,-0.122667886,0.753319025,-0.0437444784,0.0411368795,0.672772646,0.7374084,-0.0284929294,0.0284052212,0.128534287,-0.0222100914,-0.0131534943,0.001067059,0.0108272266,0.0821771026,-0.0457672589,-0.0872669965,0.088884823,0.000406826206,-0.0835536718,0.0282571223,0.0605610274,0.138783798,0.137935221,0.106835701,0.697468042,0.122625783,-0.0856762454,-0.141693339,0.664043903
-0.140344098,-0.122682117,0.753231704,-0.0438194014,0.0413309149,0.672866344,0.737307608,-0.0289147999,0.0286809355,0.128463194,-0.0220829956,-0.0131693864,0.00108147995,0.0104649737,0.0822041407,-0.0458660163,-0.0872669965,0.0889709964,0.000404945662,-0.0835118964,0.0281287841,0.0604190677,0.138875172,0.138151735,0.107030191,0.697560012,0.123004109,-0.0856968611,-0.141654119,0.664002478
-0.140198588,-0.122560322,0.75334084,-0.0439642146,0.0413088128,0.672957361,0.737217128,-0.0291231796,0.0287852343,0.128300607,-0.0219879784,-0.0132709164,0.00106024276,0.0105252583,0.0824841261,-0.0459796935,-0.0872669965,0.0890280604,0.00040335118,-0.0835063979,0.0283241812,0.0601267181,0.139868036,0.138467714,0.107136235,0.697790146,0.123465702,-0.0857700855,-0.141677529,0.663992703
-0.140169725,-0.122543529,0.75329119,-0.044120308,0.0413717553,0.672967434,0.737195015,-0.029535044,0.0291619841,0.128185287,-0.0218601413,-0.0133148199,0.00106531451,0.0101387883,0.0826382264,-0.0460605286,-0.0872669965,0.0890784487,0.000401009806,-0.0837179124,0.0285230074,0.0598855913,0.139546946,0.138234332,0.107162938,0.697618723,0.123816699,-0.0860180557,-0.141804889,0.663853824
-0.140056893,-0.122504793,0.753353953,-0.0440614708,0.0416673347,0.672925532,0.737220287,-0.0301317051,0.0289328471,0.128139451,-0.0216842927,-0.0133612603,0.00106832304,0.00977318548,0.0823757574,-0.0461110361,-0.0872669965,0.0890283808,0.000399755023,-0.0838458985,0.0281083416,0.0597511157,0.140098348,0.138365924,0.107262775,0.69773227,0.123963855,-0.0864717886,-0.141995534,0.663674533
-0.139949948,-0.122523256,0.753411591,-0.0439911969,0.0418197289,0.672904372,0.737235069,-0.0303560812,0.02839626,0.128192484,-0.0214092433,-0.0133610917,0.00105086563,0.00948079303,0.0819919035,-0.0461483113,-0.0872669965,0.0890319198,0.000398790813,-0.0839864984,0.0282367691,0.0595964342,0.140533224,0.13812463,0.107228003,0.697794795,0.123987108,-0.0866696537,-0.142126232,0.663651586
-0.140145436,-0.122442968,0.753366113,-0.0440073721,0.0419063196,0.672879934,0.73725152,-0.0304927658,0.0281326398,0.12813963,-0.0212810971,-0.0133164078,0.00106147758,0.00934133306,0.0816535279,-0.0460806675,-0.0872669965,0.0889866948,0.000394474337,-0.0842812136,0.0280580483,0.0596046299,0.140198201,0.137408778,0.107067391,0.697734058,0.123927891,-0.0872190669,-0.142328888,0.663455188
-0.140168443,-0.122235633,0.75349623,-0.0437714309,0.0421238951,0.672855675,0.737275302,-0.0303480793,0.0273213871,0.128216416,-0.021036325,-0.013321952,0.0010590615,0.0096279094,0.081092447,-0.0460136458,-0.0872669965,0.0889672935,0.000400311197,-0.0843794197,0.0278757904,0.0593244731,0.140575916,0.137265041,0.107074797,0.697744012,0.123844564,-0.0876737162,-0.142555431,0.663389862
-0.139958918,-0.12221802,0.75346905,-0.0439141542,0.0422788784,0.672835588,0.737276316,-0.0306968633,0.0273654647,0.128187656,-0.0210998394,-0.0133413263,0.00105008401,0.00912852399,0.0810597166,-0.0460876971,-0.0872669965,0.0888998657,0.000393979921,-0.0847592205,0.0280590504,0.0589886047,0.140580341,0.137118414,0.107095733,0.69764632,0.123725452,-0.0875538364,-0.142644197,0.663392007
-0.140149832,-0.122178532,0.753414392,-0.0440649912,0.0422369987,0.672776222,0.73732388,-0.0308483262,0.0277912542,0.128053427,-0.0211516488,-0.0133212171,0.00106627599,0.00918395165,0.0813540071,-0.0461142547,-0.0872669965,0.0888522044,0.000397558615,-0.0847860724,0.0281196125,0.0593331009,0.140488729,0.137715906,0.107353024,0.697638452,0.123647943,-0.087722823,-0.142684117,0.663549066
-0.140138373,-0.122097872,0.753652275,-0.043919418,0.0426104441,0.672644377,0.737431347,-0.0309217405,0.0267976318,0.128233552,-0.0211168993,-0.013330576,0.00105981226,0.0086098602,0.0803234354,-0.0460151732,-0.0872669965,0.0886821821,0.000395962968,-0.0853023827,0.0281524956,0.0591862649,0.140550122,0.137747958,0.107385769,0.697485924,0.12346255,-0.0876733065,-0.14267616,0.66342032
-0.140105709,-0.12215317,0.753446758,-0.0439251028,0.0427904315,0.672669768,0.737397432,-0.0312788673,0.0265926365,0.128303081,-0.0211721919,-0.0132003576,0.00105860957,0.00837893784,0.080180034,-0.045969978,-0.0872669965,0.0886253938,0.000394152448,-0.0853257477,0.0279177763,0.0593953878,0.140424088,0.138030767,0.107479259,0.697364092,0.123325936,-0.0872016177,-0.14248164,0.663340271
-0.140246168,-0.121940739,0.753585875,-0.043906074,0.0429087207,0.672713399,0.737351894,-0.0314066708,0.0261838287,0.128334835,-0.0211354382,-0.0131445508,0.00105776603,0.00836583413,0.0798695534,-0.0458602384,-0.0872669965,0.0885736868,0.000399450626,-0.0850374997,0.027811911,0.0591470525,0.140298992,0.13815248,0.107515484,0.69741261,0.123286702,-0.0870344266,-0.142409742,0.663387001
-0.140117884,-0.121901423,0.753673255,-0.0439087413,0.0431497209,0.67273277,0.737320006,-0.0317126811,0.0256484039,0.128352299,-0.0210633166,-0.013036117,0.00104473054,0.00793494005,0.0793663561,-0.0458339266,-0.0872669965,0.0884326696,0.000392281363,-0.0848571435,0.0279504322,0.0593383387,0.140731484,0.138433233,0.107442282,0.697520256,0.12348783,-0.0863750055,-0.142181903,0.663510501
-0.140522614,-0.121855229,0.753536344,-0.0440762043,0.0432100073,0.67282331,0.737223923,-0.0320111327,0.0255889948,0.128403947,-0.0213905293,-0.0130567839,0.0010642804,0.00779714901,0.0792083889,-0.0457944572,-0.0872669965,0.088311255,0.000392221264,-0.084546864,0.0279774573,0.0595121719,0.139649689,0.138301507,0.107297696,0.697286963,0.123772271,-0.0861998647,-0.142049834,0.66366303
-0.140386224,-0.121749461,0.753594756,-0.0443512239,0.0430604778,0.672827184,0.737212598,-0.0320819393,0.0259657074,0.128329635,-0.0213770494,-0.0130779725,0.00104256952,0.00752999214,0.079888165,-0.0458965302,-0.0872669965,0.0882828236,0.000396373653,-0.0846685693,0.0287028775,0.0592433102,0.139232457,0.138312683,0.107229091,0.697190881,0.123771608,-0.0857972205,-0.141930401,0.663965046
-0.14046815,-0.121679835,0.753552675,-0.0441757366,0.043384105,0.672773123,0.737253487,-0.03225502,0.0253104512,0.128404856,-0.0212397147,-0.0129436776,0.00105542783,0.00733988453,0.0792237446,-0.0458207205,-0.0872669965,0.088204816,0.000396926218,-0.0845952705,0.0283022262,0.0594269745,0.139249593,0.138619453,0.107337601,0.697281182,0.123827562,-0.085703291,-0.141863003,0.664015889
-0.140498102,-0.121557809,0.753540039,-0.0442997068,0.0433187522,0.67282778,0.737199962,-0.0322678015,0.02548467,0.128332645,-0.0212867055,-0.0129445074,0.00105307298,0.00744240684,0.0793647021,-0.0458236262,-0.0872669965,0.0881571099,0.000395604584,-0.084661752,0.0283116065,0.0590851307,0.139746085,0.139092058,0.107424326,0.69739604,0.124163926,-0.0854002088,-0.141740531,0.664137781
-0.14068599,-0.121292599,0.753711283,-0.0443145931,0.0433045663,0.672867715,0.737163484,-0.0320209041,0.025222607,0.12840192,-0.0212478712,-0.0129915895,0.00105207076,0.00745311193,0.0791591108,-0.0457305834,-0.0872669965,0.0881418735,0.000404207414,-0.0845854208,0.0287568215,0.0591936186,0.139299676,0.13862434,0.107234433,0.697386622,0.124204352,-0.0856267884,-0.141922101,0.664396465
-0.140790582,-0.121221013,0.753528595,-0.0441859215,0.0436613224,0.672871053,0.737147152,-0.0322245546,0.0244875159,0.128503084,-0.0212977715,-0.0128783416,0.00106660882,0.00748397829,0.0782607347,-0.0455472805,-0.0872669965,0.0880936831,0.000394757895,-0.0843803585,0.028074421,0.058896482,0.13915205,0.138809636,0.10735289,0.697437465,0.124400184,-0.0856362134,-0.141965061,0.664339244
-0.140854403,-0.121025957,0.753796995,-0.0442294739,0.0435659029,0.672926128,0.737099886,-0.0320504755,0.0244736243,0.128454447,-0.0213024709,-0.0129515259,0.00106040016,0.00767112849,0.0783341825,-0.0454997234,-0.0872669965,0.0879283845,0.000398812495,-0.0842348114,0.0283928644,0.0589322969,0.139286026,0.138850108,0.10733147,0.697478116,0.124657884,-0.0858995616,-0.142154038,0.664526165
-0.140968204,-0.120693363,0.753619969,-0.0442309491,0.0436167531,0.672933996,0.737089574,-0.0317061804,0.0243167914,0.128482357,-0.0212117061,-0.0129877329,0.00107199629,0.00780542381,0.0780242085,-0.0454150513,-0.0872669965,0.0878311396,0.000395462092,-0.0842654631,0.0281203799,0.0586854443,0.140142053,0.138930306,0.107387759,0.697916746,0.124718137,-0.0862338841,-0.142457649,0.664672375
-0.141211733,-0.12053024,0.753594697,-0.0443390124,0.043606896,0.672988832,0.737033606,-0.0316224992,0.0242178477,0.128506541,-0.0212688539,-0.0129860453,0.00107719516,0.00807305239,0.0780932978,-0.045385804,-0.0872669965,0.0877715573,0.00040122855,-0.0842811391,0.0280923955,0.0586447604,0.13989386,0.138852045,0.107380681,0.697966039,0.124708235,-0.0864175409,-0.142625093,0.664716363
-0.141223907,-0.120305881,0.753678739,-0.0448577479,0.0433031954,0.673039377,0.736974001,-0.0318980925,0.0252814256,0.128289998,-0.0213028267,-0.0131556736,0.0010654158,0.0077414983,0.0789626613,-0.0455585979,-0.0872669965,0.0876701698,0.000400727469,-0.0843063816,0.0289739296,0.0591483228,0.139946878,0.138043776,0.107118003,0.698188782,0.124625929,-0.0865750685,-0.142711088,0.664854586
-0.141600132,-0.119964704,0.753497243,-0.0447192974,0.043565914,0.673083067,0.736926973,-0.0317136496,0.0246487595,0.128393069,-0.0210675765,-0.0132054472,0.00109923072,0.00822584424,0.0780948624,-0.0452570543,-0.0872669965,0.0875611007,0.000397304131,-0.084154278,0.0281293634,0.0590261482,0.140258849,0.138333753,0.107248373,0.6982885,0.124276228,-0.0868096352,-0.1428397,0.664684892
-0.141806036,-0.119668961,0.753591895,-0.0449263714,0.0436285399,0.673182011,0.736820281,-0.0319977552,0.0243946016,0.128370896,-0.0208342075,-0.0133498227,0.00108967978,0.00799103174,0.0780496895,-0.0450608023,-0.0872669965,0.0874929056,0.000404907682,-0.0842333883,0.0282873679,0.0588781796,0.139475763,0.137749627,0.107091002,0.698090732,0.124208644,-0.087041229,-0.14300853,0.664736688
-0.141809836,-0.119312212,0.753544092,-0.0452881753,0.0434731729,0.673275411,0.736721992,-0.0322564244,0.025208205,0.128118649,-0.0204436667,-0.013511464,0.00108949665,0.00814074278,0.0785364509,-0.0450177044,-0.0872669965,0.0874529928,0.000402611186,-0.0843164027,0.0287099015,0.0592649058,0.139316529,0.137736887,0.107145637,0.697999537,0.123984903,-0.0871122181,-0.143204406,0.664742529
-0.142253503,-0.118708193,0.753449917,-0.0457444564,0.0435434096,0.673257291,0.736706257,-0.0331416912,0.0254814755,0.128032744,-0.0196885373,-0.0137204193,0.00110544462,0.00793405529,0.0786852464,-0.0447379239,-0.0872215778,0.087488912,0.000410314009,-0.0845309272,0.0287586767,0.0588879846,0.139921591,0.137821004,0.107284851,0.698304355,0.12395373,-0.0870762691,-0.143382818,0.664816618
-0.14245154,-0.118244089,0.753599644,-0.0457247086,0.0438763611,0.673300803,0.736647964,-0.0338629261,0.0244889315,0.128028095,-0.0185049791,-0.0138916252,0.00110199885,0.00788717251,0.0778211355,-0.0444343463,-0.0872654468,0.0874378979,0.00041384963,-0.0845389143,0.0281988531,0.0589145906,0.140585214,0.137783736,0.107281782,0.698467135,0.12390615,-0.0871291086,-0.143472016,0.664931655
-0.143023625,-0.117365994,0.75344187,-0.0463660173,0.0439658239,0.673473835,0.736444235,-0.0344968326,0.025029175,0.127844229,-0.0178436786,-0.0142877931,0.00113662134,0.00784319453,0.0780364126,-0.0441933312,-0.0872669965,0.0874009654,0.000417836593,-0.0845377222,0.0281913206,0.0581962094,0.139978975,0.136913419,0.107120611,0.698448241,0.124425709,-0.0872920752,-0.143649936,0.66534847
-0.143666998,-0.116778784,0.753580213,-0.0467705764,0.0442199558,0.673523068,0.736358523,-0.0352012776,0.0243100375,0.127789095,-0.017430976,-0.0146293072,0.00114305085,0.00726320362,0.0773922801,-0.0438717082,-0.0872669965,0.087234132,0.000421829231,-0.0843179598,0.0282823406,0.0588724501,0.140039906,0.136308253,0.106960647,0.698681295,0.124764472,-0.0875443295,-0.143682599,0.665426135
-0.143835574,-0.116060324,0.753571332,-0.0470630787,0.044850558,0.673494756,0.736327648,-0.035866648,0.023503596,0.127648935,-0.017008679,-0.0148736639,0.00114845345,0.00649761828,0.0767030418,-0.0436373353,-0.0872669965,0.0870650858,0.000426188955,-0.0847657323,0.0276757535,0.0587425195,0.139813796,0.136419818,0.107108027,0.698568046,0.124636263,-0.087585859,-0.143719956,0.665223539
-0.144613981,-0.115345955,0.753397107,-0.048091989,0.0448556989,0.673547804,0.736212194,-0.0369925462,0.0241211224,0.127408326,-0.0169211123,-0.0151708974,0.0011605178,0.00568751618,0.0774212405,-0.0435179248,-0.0872669965,0.0869215876,0.000434166024,-0.0851581171,0.0283821076,0.0589969419,0.13996309,0.136349842,0.107097559,0.698684156,0.124241546,-0.0877402797,-0.143710732,0.665057898
-0.145202979,-0.114431888,0.753515482,-0.0487794392,0.0452494249,0.673504174,0.736182809,-0.0378521867,0.0240279846,0.127254173,-0.0167502575,-0.015574079,0.00117289007,0.00474131526,0.0773704872,-0.0433475822,-0.0872669965,0.0868263096,0.00045278258,-0.085562408,0.0283399913,0.0598307326,0.139139548,0.136316076,0.107128039,0.698362768,0.123551726,-0.0875953734,-0.143586189,0.665081322
-0.145685092,-0.113118671,0.753339171,-0.0492457487,0.0457157716,0.673580647,0.73605305,-0.0378134735,0.0234536268,0.127127185,-0.0165032428,-0.0159619432,0.00119735987,0.00471606106,0.0769561604,-0.0431910641,-0.0872669965,0.0866654664,0.000454382709,-0.0859253332,0.0272613782,0.059945479,0.139101788,0.136583522,0.107190982,0.698058426,0.123477347,-0.0874518454,-0.143283546,0.665051877
-0.146486089,-0.112021111,0.753231525,-0.0505693518,0.0456253663,0.673828006,0.73574239,-0.0383067355,0.0243755728,0.126796454,-0.0169715974,-0.016563559,0.00120083918,0.00421823189,0.0780983567,-0.0432523675,-0.0872669965,0.0865246803,0.00045891272,-0.0859830081,0.0281467289,0.0596707724,0.139327928,0.137411892,0.107485205,0.698155522,0.123405464,-0.0876268074,-0.143365383,0.665240347
-0.147350058,-0.110870644,0.753149629,-0.0516646169,0.0464339703,0.674079716,0.73538512,-0.039594207,0.0237707663,0.126912385,-0.017826749,-0.0171507131,0.0012188754,0.00236866274,0.0777083859,-0.043206539,-0.0872669965,0.0863394886,0.00046633184,-0.085757114,0.0278710276,0.0596558452,0.13830094,0.138473019,0.107837394,0.697351635,0.123169549,-0.0869767368,-0.143031031,0.664868295
-0.148252159,-0.109521858,0.752874672,-0.053105779,0.0468338132,0.674422741,0.734942317,-0.0409358218,0.0245591253,0.12676698,-0.0187053811,-0.0177773219,0.00124715792,0.00113802636,0.0783431306,-0.0433321372,-0.0872669965,0.0861724988,0.000465274497,-0.0853558481,0.0278155599,0.0597089045,0.137122825,0.139167234,0.108061202,0.696889639,0.123411432,-0.0870797411,-0.142821744,0.664952695
-0.149004802,-0.108306758,0.752889216,-0.0543492772,0.0471857525,0.674943268,0.73435092,-0.0421646796,0.0247565228,0.126680255,-0.0192232765,-0.0184172206,0.00125139311,-0.000230660939,0.0789722204,-0.0435373597,-0.0872669965,0.0860187039,0.000469172461,-0.0850547701,0.0276965909,0.0603095926,0.136462435,0.139757916,0.108222671,0.696512938,0.12271519,-0.0862984881,-0.142605573,0.664501607
-0.149861634,-0.106771462,0.753190577,-0.0565740317,0.0471570343,0.67546314,0.733706474,-0.0442222767,0.0276501011,0.126150817,-0.0198804699,-0.0191515461,0.00127312029,-0.00200096238,0.0817061514,-0.0440911315,-0.0870826542,0.0860930309,0.00047887137,-0.0849724934,0.0284566414,0.0601928905,0.135157213,0.140062436,0.108532459,0.696168125,0.122154295,-0.0859912336,-0.142695546,0.664077103
-0.150797948,-0.104979299,0.753073931,-0.0579738952,0.0479015335,0.675956547,0.733094215,-0.0460739397,0.027727345,0.126003608,-0.0197773296,-0.020029271,0.00130123575,-0.00422452809,0.0816387683,-0.044204846,-0.0857874006,0.0862173289,0.000474089029,-0.0853039399,0.0276077073,0.0601474307,0.135222629,0.141643852,0.109139234,0.695858896,0.122240305,-0.0856039897,-0.142731622,0.663749874
-0.151381701,-0.102769718,0.753647089,-0.0604711883,0.0474965163,0.676707625,0.732225478,-0.0474110581,0.0316599347,0.125068352,-0.0191060305,-0.0209377725,0.00131133327,-0.00684461137,0.0854568481,-0.0448514447,-0.0829313993,0.0865763277,0.000475905981,-0.0871565193,0.0272772312,0.0603291467,0.136594325,0.143540442,0.109580584,0.695690334,0.122455291,-0.0845633298,-0.142504364,0.663687825
-0.151925787,-0.100329816,0.754207134,-0.0639452934,0.0466377027,0.677545607,0.731209934,-0.0496709868,0.0388602652,0.123418182,-0.0187203977,-0.0221597385,0.00135708984,-0.011831061,0.0917008743,-0.0456319004,-0.0775783509,0.087253727,0.00046674881,-0.090865761,0.0273076538,0.0598314628,0.137696251,0.145513758,0.109896541,0.695482314,0.121828645,-0.0831749961,-0.142062292,0.663531303
-0.151466936,-0.0979784206,0.755014956,-0.0675604269,0.0464591682,0.678621292,0.729897499,-0.0519889183,0.0460370779,0.12170396,-0.0186758619,-0.0237745196,0.00137023558,-0.0210157465,0.0984149128,-0.046468135,-0.0679470003,0.0879603326,0.00043767452,-0.0973306596,0.0257125944,0.0597487092,0.140100569,0.149122223,0.110823117,0.695627153,0.121060669,-0.0801470205,-0.140973732,0.66282326
-0.151272282,-0.0956390724,0.755931318,-0.0723671392,0.0457936488,0.680027068,0.728168309,-0.0552640595,0.0567961223,0.119196177,-0.0196445473,-0.0255327895,0.00142510084,-0.0361040719,0.107087441,-0.0467957668,-0.0525574349,0.088919051,0.000396362942,-0.105716005,0.0247014388,0.0599789284,0.140963152,0.152296662,0.111954361,0.696175456,0.119948417,-0.0776613727,-0.139987454,0.661682606
-0.150196865,-0.093990922,0.757095635,-0.0780271962,0.0459146164,0.681179166,0.726497412,-0.0618531182,0.0683489591,0.116446912,-0.0220346618,-0.0276856683,0.00142222655,-0.0613097064,0.116757974,-0.0464342348,-0.0288769919,0.0898455456,0.000330746727,-0.116901129,0.0241788961,0.0608805083,0.141403243,0.155786619,0.112925366,0.696581423,0.11764849,-0.0752316043,-0.138719454,0.659867764
-0.147641629,-0.0922833979,0.757981837,-0.0846360624,0.0465597324,0.681466341,0.725446522,-0.0701813549,0.0823954567,0.113119282,-0.0245029144,-0.0300171971,0.00138368795,-0.0976411924,0.128633097,-0.0448609889,0.00358629087,0.090974167,0.000253922597,-0.132098675,0.023940349,0.0613092333,0.142800376,0.161206424,0.114635982,0.697425067,0.11344903,-0.0719937384,-0.13699156,0.656954408
-0.145395339,-0.0909203738,0.76057905,-0.0917222798,0.0483464114,0.6801458,0.725707412,-0.0820350274,0.0953965709,0.110293142,-0.0267801862,-0.0322417282,0.00133146753,-0.145013198,0.138459101,-0.0405954495,0.0474550761,0.091688782,0.000182847798,-0.14937596,0.0239745826,0.0627201125,0.1439531,0.166192308,0.116564751,0.698845625,0.107165702,-0.0692335516,-0.135155126,0.652804434
-0.14267233,-0.0895242095,0.766227722,-0.0989511758,0.0512664281,0.677033007,0.727465987,-0.0955984816,0.107202493,0.1081791,-0.0271913912,-0.0339366682,0.00122354983,-0.201649845,0.144775599,-0.0332030468,0.102399334,0.0909881592,3.53542637e-05,-0.166861922,0.0252143294,0.0637222305,0.144868001,0.171072051,0.118455783,0.701183021,0.0997610837,-0.0672322288,-0.133107126,0.648478031
-0.139916286,-0.0865500867,0.773580611,-0.105195209,0.0536358729,0.672364831,0.730741203,-0.105555937,0.119426697,0.106162772,-0.0256347694,-0.0353557579,0.00119920541,-0.263076812,0.150125951,-0.0240808986,0.16800718,0.0881544873,-0.000148423496,-0.181098714,0.0258251596,0.0654244125,0.146516204,0.176524267,0.120847248,0.704016924,0.093413949,-0.0656292364,-0.130855486,0.643980861
-0.136553943,-0.0827825963,0.774488807,-0.11103633,0.0567295887,0.665452003,0.735952795,-0.113731869,0.130547106,0.104540475,-0.0240735114,-0.0366864093,0.00117680267,-0.330036044,0.155495211,-0.0153929982,0.237947226,0.0827759132,-0.00032175766,-0.188497394,0.0258475896,0.0644852221,0.147264689,0.182341754,0.123501457,0.706733882,0.0902491435,-0.0652981177,-0.128953025,0.639792323
-0.133397952,-0.0776667595,0.775268972,-0.115774229,0.0599674173,0.656631172,0.742856503,-0.116662741,0.138263956,0.104274824,-0.0210345872,-0.038053412,0.00112724979,-0.400414467,0.154902637,-0.00693584979,0.304089457,0.0742083341,-0.000886023859,-0.186341584,0.0273166448,0.0628077686,0.147268847,0.188034847,0.12614195,0.709489524,0.0896884203,-0.0672956854,-0.127986059,0.636669755
-0.129415959,-0.0716592893,0.774998665,-0.119651601,0.0633515045,0.646300852,0.750976205,-0.1171211,0.145358711,0.104794063,-0.0180753134,-0.0396602675,0.00109599589,-0.471550763,0.151304588,-7.96454187e-05,0.358594835,0.0659988895,-0.00165062363,-0.173982352,0.0262386557,0.05807212,0.144048423,0.193177804,0.128002003,0.709811211,0.092563048,-0.0711684749,-0.128113613,0.635140359
-0.125325307,-0.0649342015,0.775106609,-0.122130044,0.0679779723,0.635472536,0.759366751,-0.114621155,0.147485152,0.107110396,-0.0146982679,-0.0416615531,0.00106188853,-0.537935436,0.140354574,0.00740028732,0.39414829,0.0616955608,-0.00237180525,-0.154545084,0.0237607155,0.0513607934,0.141334668,0.198529065,0.130565986,0.710239112,0.0972227827,-0.075716868,-0.129100174,0.636023879
-0.120248199,-0.05663139,0.774327874,-0.125227034,0.073229216,0.625386655,0.76671195,-0.112827338,0.149725705,0.109910756,-0.012861398,-0.0441773161,0.000967840897,-0.595095575,0.125733644,0.0152392769,0.402877927,0.0626608431,-0.00272184331,-0.129344508,0.0221214704,0.0442420207,0.137016118,0.203499034,0.132582396,0.70883888,0.104787879,-0.0811083168,-0.131096557,0.638968647
-0.113345906,-0.0467827469,0.773130059,-0.12783365,0.0787950903,0.615997553,0.773302615,-0.106637128,0.152166858,0.11279469,-0.011027514,-0.0471582115,0.000893462449,-0.638390899,0.112584539,0.0220625345,0.384846032,0.0682863742,-0.00239857403,-0.104748353,0.0204037614,0.0369512737,0.13189292,0.208370164,0.134261444,0.705769718,0.113889098,-0.0869391784,-0.133876756,0.643259883
-0.106543556,-0.0364656337,0.771367967,-0.129837692,0.0859099478,0.60666424,0.779564083,-0.101919085,0.14971666,0.117286459,-0.0108038876,-0.0510275774,0.000769872859,-0.672350228,0.0963388532,0.0295163877,0.345005006,0.0770479068,-0.00164018781,-0.0800741166,0.0191980544,0.02961611,0.12610428,0.213531181,0.13545005,0.701580226,0.123202272,-0.0926040933,-0.136845395,0.648304343
-0.0985145867,-0.0250986628,0.768120766,-0.131471083,0.0939748287,0.597781599,0.78520143,-0.0973434672,0.14632301,0.122195713,-0.011375051,-0.0552376136,0.000657005527,-0.699316919,0.0819106475,0.0355463177,0.294431657,0.0874421299,-0.000781871669,-0.0574268103,0.0180196632,0.0218915734,0.122003309,0.21981138,0.13650234,0.696573436,0.132055208,-0.0984484702,-0.140123576,0.65307194
-0.0891388953,-0.0121730398,0.765256286,-0.132193804,0.102552898,0.589222014,0.790458739,-0.0907596722,0.140429884,0.127827093,-0.0108634019,-0.0597848557,0.000502901035,-0.717365801,0.0698314831,0.039346721,0.242942289,0.0976346657,-7.98248366e-05,-0.0348025374,0.0174623597,0.015159091,0.117996253,0.22383967,0.136370614,0.690974236,0.140319332,-0.10249906,-0.142518431,0.657349288
-0.0780544356,0.00015575561,0.761402965,-0.132979259,0.113033608,0.580718458,0.795176685,-0.088545002,0.134711221,0.133546188,-0.011282091,-0.0642544925,0.000354036718,-0.732625723,0.0632416159,0.0395232439,0.196555763,0.106909372,0.000397392607,-0.0137977749,0.0162394382,0.0104054734,0.113826521,0.229046181,0.136782512,0.685229659,0.145608336,-0.106129445,-0.144719422,0.660150766
-0.0661725327,0.0139276087,0.75600028,-0.133371964,0.1243506,0.572720051,0.799212456,-0.0885952115,0.128436983,0.139128029,-0.00761486171,-0.0674457848,0.000206551558,-0.738594234,0.0627171919,0.0379158258,0.166502237,0.118309058,0.000644345826,0.00391527545,0.0175025593,0.00417039916,0.113273323,0.233176813,0.135827795,0.683782399,0.149972171,-0.107807003,-0.14694269,0.663071334
-0.0527545661,0.029090561,0.73674494,-0.131153747,0.136070788,0.564503074,0.803504586,-0.0869759247,0.116863161,0.144985706,0.000350351125,-0.0694106072,-1.20171062e-05,-0.738356888,0.0609497987,0.0372170769,0.155206844,0.13379164,0.000878757914,0.0183708761,0.0182817671,0.00315083517,0.114084959,0.234374151,0.134996861,0.683655143,0.151359722,-0.110044956,-0.149415091,0.664254308
-0.0381076671,0.0447483025,0.731687546,-0.128878534,0.148256078,0.554836214,0.808435023,-0.0886767209,0.105862036,0.150185198,0.012278812,-0.0687263757,-0.000287479081,-0.746155918,0.0602240525,0.0369140878,0.149209008,0.14640893,0.00116510841,0.0338609181,0.0186434258,0.00293078576,0.113826305,0.23272416,0.133616969,0.684264779,0.147681043,-0.113115907,-0.151900113,0.664162874
-0.0225830562,0.0611123368,0.728501499,-0.126130715,0.159894228,0.544109046,0.813922763,-0.0926637352,0.0971440375,0.153755754,0.0303801615,-0.0649618655,-0.000572455989,-0.752735138,0.0624459013,0.0369627327,0.154839396,0.156722412,0.00136062864,0.0484570116,0.0190951098,0.00248986133,0.116008729,0.226395071,0.131163731,0.685836792,0.140625209,-0.115916707,-0.154013634,0.663851738
-0.00465083355,0.0784810334,0.725635648,-0.12300396,0.169586375,0.533086956,0.819712639,-0.0982865617,0.0947921649,0.153712526,0.0576838441,-0.0581258796,-0.000903533539,-0.752172768,0.0686904043,0.0365445651,0.165163219,0.164954334,0.00147270935,0.0626016855,0.0180271175,0.00072242436,0.121845298,0.219209671,0.128325745,0.686704576,0.132507727,-0.117264472,-0.155707568,0.662092566
0.0139365243,0.0970026329,0.722477138,-0.119993724,0.176763386,0.521834373,0.825860262,-0.107211843,0.0976303145,0.150211096,0.0960765108,-0.0496686734,-0.00123526098,-0.744259477,0.0762810856,0.036417041,0.175872609,0.171247199,0.00153415103,0.0775972083,0.0165558793,-0.00241718232,0.130999357,0.213755101,0.126119807,0.687663019,0.126411557,-0.117099933,-0.15669696,0.659744442
0.0325931385,0.117288582,0.725664675,-0.116106547,0.181580871,0.510688305,0.83231312,-0.116837196,0.101189345,0.144040123,0.146986485,-0.0412243456,-0.00153909787,-0.725692451,0.0831641704,0.0372857489,0.185918063,0.17536895,0.00154555228,0.0944001526,0.0152126709,-0.00519603305,0.141266003,0.206258655,0.123010285,0.688435614,0.122935027,-0.117464505,-0.157288551,0.658083797
0.0517091416,0.135751233,0.730827212,-0.111936003,0.184820861,0.500044525,0.838610172,-0.137132823,0.1067928,0.135741413,0.205878168,-0.0354668237,-0.00191571831,-0.704672933,0.0921209157,0.0377015583,0.194062948,0.177386999,0.00148247951,0.114441611,0.0124981543,-0.00775741925,0.147946984,0.19755289,0.119006224,0.687836707,0.119434506,-0.118926361,-0.157468081,0.655387819
0.0688844994,0.156114027,0.736528933,-0.106888711,0.18673642,0.48949188,0.845045567,-0.165051311,0.105820931,0.128889397,0.270363986,-0.0352858379,-0.00240161363,-0.676806748,0.0964392722,0.0402849577,0.201931238,0.177504569,0.00140313071,0.135206074,0.0117550977,-0.00738019915,0.154250205,0.183048129,0.113323361,0.688532352,0.115860596,-0.124284193,-0.159051701,0.652460933
0.0865842104,0.176202163,0.741778135,-0.101947226,0.187834978,0.479937285,0.850873053,-0.203517854,0.103807978,0.12230441,0.338518143,-0.0411994793,-0.00329178222,-0.64572221,0.101295285,0.0430835448,0.207662404,0.175914794,0.00129955111,0.153284654,0.0107181054,-0.0068177972,0.159461558,0.169634342,0.108686499,0.690222979,0.111146107,-0.131490886,-0.161148667,0.649704516
0.103273436,0.196188033,0.746094584,-0.0976147801,0.188440293,0.471385658,0.856012404,-0.255959481,0.0993674845,0.116857521,0.407825798,-0.0524008237,-0.004681536,-0.612564385,0.105254762,0.0464341231,0.210442647,0.172793835,0.00117787812,0.167172998,0.0102532059,-0.00774281798,0.165789321,0.158326522,0.104648843,0.692314684,0.104551882,-0.139208883,-0.163268909,0.646254838
0.119982868,0.216620669,0.750203788,-0.0935213342,0.1876688,0.464758903,0.860251904,-0.317457348,0.0936260968,0.111304827,0.475503802,-0.0662451908,-0.00650420971,-0.575477123,0.108215913,0.0502970628,0.211744249,0.168333322,0.00105464656,0.175357431,0.010738072,-0.00805999152,0.172698706,0.150383011,0.101922676,0.695080996,0.0975555256,-0.145433366,-0.165287122,0.642383754
0.135514304,0.23665683,0.75281018,-0.0901104361,0.187009975,0.460545391,0.863021076,-0.391626567,0.0868756697,0.105481051,0.536168694,-0.0813713744,-0.0084635932,-0.537585318,0.108705193,0.0548789985,0.208998471,0.162387699,0.000909985916,0.179230258,0.0104682716,-0.00716075301,0.180332452,0.145604864,0.0997627899,0.697113633,0.0909233913,-0.1514716,-0.166988954,0.637569845
0.1512582,0.256941259,0.754780948,-0.0871660113,0.185441464,0.460062981,0.863918722,-0.47189483,0.0794386864,0.0987302437,0.586242855,-0.0955830887,-0.0105074411,-0.497254848,0.108813919,0.0592733547,0.204927966,0.155077636,0.000750449602,0.179424822,0.0100048631,-0.00695498707,0.186076075,0.143663272,0.0983101875,0.698078454,0.0858953446,-0.155611232,-0.167794883,0.63280189
0.166619748,0.277922064,0.756164193,-0.0844156817,0.184122503,0.462001383,0.863439441,-0.552510083,0.0697189346,0.0923594981,0.619219899,-0.105486266,-0.0120691704,-0.455607146,0.106886387,0.0636343658,0.199498743,0.146541551,0.000595017744,0.17568855,0.0086533213,-0.00742650731,0.190244809,0.141211867,0.096382007,0.698133469,0.0816703141,-0.159676462,-0.168354049,0.627593815
0.181670159,0.298396617,0.755581141,-0.0921653509,0.204247996,0.519532025,0.824545205,-0.631351292,0.0586810559,0.0866505504,0.628237545,-0.110006638,-0.0131944884,-0.414327294,0.105651289,0.0670458302,0.191644505,0.136378139,0.000430835236,0.167430282,0.00700753555,-0.00872174557,0.193594277,0.13931866,0.0946307927,0.697663665,0.0771316513,-0.161352977,-0.167598277,0.621935248
