0.0196317509,0.0540976785,0.753692508,-0.034094952,0.0389857031,0.704454839,0.707856596,-0.0412044786,0.0497078113,0.112927236,-0.0217917189,0.00159631099,0.000129054009,0.0448291972,0.0282393452,-0.0743003935,-0.0872669965,0.0678137466,0.000855603546,-0.0958974212,0.0296982471,0.126409128,0.0419226624,0.137824997,-0.0706468299,0.438105583,0.0469987057,-0.122674435,-0.0158894155,0.352800131
0.020126164,0.0540745631,0.753538966,-0.0341158658,0.0389016084,0.704565465,0.707750142,-0.0411187448,0.0501447506,0.112734236,-0.0215096939,0.00162441016,0.000108559041,0.0447848924,0.0289167427,-0.0743192956,-0.0872669965,0.0680091903,0.000856718339,-0.0961016938,0.0297014024,0.12602888,0.0435994193,0.139304146,-0.0702995881,0.439785659,0.0472573116,-0.121876113,-0.0153007023,0.3532359
0.0189342126,0.0549034365,0.753540456,-0.0353952907,0.0387353487,0.704742789,0.707519829,-0.0426003933,0.0506028086,0.112861052,-0.0223334674,0.00122226437,0.00012214412,0.0433978513,0.0290698949,-0.0738576427,-0.0872669965,0.0679205954,0.000842594949,-0.0966134593,0.0320942439,0.121217415,0.0448282622,0.13849622,-0.0708108321,0.442215621,0.0489083156,-0.121621579,-0.0142973298,0.355175585
0.0192682594,0.0543829948,0.7545259,-0.0340449773,0.0389262885,0.704929948,0.707389235,-0.042422235,0.0485301316,0.113280796,-0.0230080876,0.00174359686,9.9966026e-05,0.0432524122,0.0265998412,-0.0734435096,-0.0872669965,0.0673409626,0.000819929119,-0.096317783,0.032248728,0.120237544,0.0466137677,0.13929683,-0.0714396462,0.445742935,0.0490975156,-0.112382419,-0.005272632,0.367053807
0.0190286897,0.0545369014,0.754502535,-0.0335175879,0.0388795212,0.70495677,0.707390249,-0.0412068702,0.0474909097,0.113370955,-0.0233687274,0.00225176592,0.000108926106,0.044373095,0.0251630135,-0.073002249,-0.0872669965,0.0669350922,0.000800949812,-0.0971082598,0.0316449329,0.119959816,0.0466946214,0.13947846,-0.0719257966,0.447616249,0.0476545393,-0.110916533,-0.0008455434,0.37490204
0.0190761164,0.0544649772,0.754718006,-0.0332887322,0.0391107611,0.704925239,0.707419693,-0.0408661515,0.0465466417,0.113478906,-0.0241521653,0.00258951425,0.000102705089,0.0444371663,0.0244122893,-0.0728028491,-0.0872669965,0.0664315745,0.000793550105,-0.0978793353,0.0315624215,0.119959727,0.0463641584,0.139533848,-0.0724551305,0.448777169,0.0454131924,-0.111399353,0.00193505432,0.379990816
0.0191724077,0.0545298383,0.754674852,-0.0330840126,0.0390831456,0.705013216,0.707343102,-0.0403030179,0.0462923646,0.113621317,-0.0245718211,0.00310656871,0.000100999081,0.0450336337,0.0242860839,-0.0726689249,-0.0872669965,0.0660322011,0.000786848657,-0.0987275764,0.0314216167,0.120008662,0.0457006767,0.139701441,-0.0725987703,0.449225664,0.043314252,-0.112130977,0.00423747767,0.383857012
0.0190512892,0.0544017889,0.754497886,-0.0328599252,0.0390833914,0.705102146,0.7072649,-0.0398480073,0.0459117927,0.113761216,-0.0250334889,0.00357806683,0.000114827053,0.0453917347,0.0239413679,-0.0724393576,-0.0872669965,0.0656937212,0.000782624353,-0.098821044,0.0309492517,0.120502651,0.0444650464,0.139495865,-0.0727730095,0.449425489,0.0413281731,-0.113350533,0.00585595611,0.386487335
0.0193367936,0.0544767231,0.754602373,-0.0326250456,0.0390242524,0.705219209,0.707162321,-0.0391543247,0.0458596535,0.11381416,-0.0252952874,0.00399699807,0.000107852829,0.0459601246,0.0238146558,-0.072362572,-0.0872669965,0.0653961748,0.000773136446,-0.0995653123,0.0309839379,0.120836087,0.0424792655,0.139588535,-0.0725772753,0.449095368,0.0391738676,-0.114329875,0.00719826063,0.387930304
0.0190660898,0.0544403531,0.754577935,-0.0322268419,0.0389209166,0.705494106,0.7069121,-0.038283065,0.0451233722,0.113916613,-0.0256792232,0.00433117757,0.000122601341,0.0468616001,0.0230027381,-0.0721457526,-0.0872669965,0.0650721937,0.000764331839,-0.0991565883,0.0306918528,0.1211228,0.0389602184,0.139536813,-0.0720181167,0.448270261,0.0363339782,-0.11540363,0.00847171806,0.389051378
0.0192703474,0.054578986,0.754793882,-0.0316846669,0.0387206003,0.705690384,0.706751645,-0.0369473584,0.0447209738,0.113967761,-0.0257801916,0.0048936056,0.000111433139,0.0482694097,0.0226348825,-0.0720865503,-0.0872669965,0.06492652,0.000764266122,-0.0988238528,0.0304020327,0.121073335,0.0340115279,0.139250666,-0.0710278153,0.448039591,0.0330443084,-0.116739064,0.0093381945,0.389807612
0.0193047561,0.0547171868,0.754789293,-0.0312737115,0.0382484533,0.705858529,0.706627786,-0.035318017,0.0448901616,0.113946281,-0.0260121208,0.00545713305,0.00011561143,0.0500926189,0.0228007082,-0.0721307546,-0.0872669965,0.0648496598,0.000757961476,-0.0990544483,0.0301784873,0.121788949,0.0264982581,0.138090402,-0.0699141398,0.446368903,0.0290068127,-0.118072025,0.0105689745,0.389286876
0.0192977544,0.054669302,0.754532039,-0.0306565743,0.0374814421,0.706015885,0.706538677,-0.0329314619,0.0452380031,0.113756567,-0.0262152907,0.00603169715,0.000129053442,0.0522284135,0.0231878143,-0.072129041,-0.0872669965,0.0649327934,0.000753542117,-0.0990308449,0.0298249051,0.122005381,0.016280828,0.137161389,-0.0683177859,0.444335341,0.0220907778,-0.119775683,0.0123231765,0.387917638
0.0198145416,0.0549349524,0.754662633,-0.0298090782,0.0361842811,0.706213295,0.706445336,-0.0289811734,0.0463095047,0.11341124,-0.0261495281,0.00656820694,0.000113946691,0.0563544631,0.0243686121,-0.0724097639,-0.0872669965,0.0652123019,0.000742074335,-0.0997645259,0.0296956021,0.122507691,0.00412039086,0.137564987,-0.0659996346,0.441420496,0.0132185454,-0.12070854,0.0152060669,0.385692298
0.0193013679,0.0538290702,0.754449606,-0.0298164729,0.0355974957,0.70641607,0.706272006,-0.0286923051,0.0471075252,0.113325335,-0.0276056509,0.00715581002,0.000137509705,0.0563383214,0.0248302333,-0.0725688934,-0.0872669965,0.065462023,0.00073846773,-0.0998366848,0.029411586,0.123519681,-0.0120273018,0.139867127,-0.0632803738,0.436179876,0.00113581493,-0.122526519,0.0185401645,0.38179642
0.0195367616,0.0535303578,0.754538953,-0.0293640569,0.0347988978,0.706653953,0.706092775,-0.0268429853,0.0477251895,0.113160722,-0.0281384885,0.00780236907,0.000121508594,0.0580385998,0.0257756077,-0.0728420317,-0.0872669965,0.0659757331,0.000736341754,-0.100171529,0.0289282929,0.123403065,-0.0303450283,0.143647581,-0.0606534481,0.428429753,-0.013095215,-0.125309616,0.0217399243,0.376437217
0.0196819175,0.0536606126,0.754588664,-0.028339481,0.0330949351,0.706905723,0.705964565,-0.0223815925,0.0490437709,0.112785175,-0.0280306321,0.00869412161,0.000116143347,0.0629930124,0.0269542392,-0.072991915,-0.0872669965,0.0668729693,0.000731049513,-0.100594029,0.0290903654,0.122099951,-0.0510023534,0.148967579,-0.0580613092,0.419256479,-0.0307343919,-0.129023448,0.0255140048,0.369599402
0.019287454,0.0531162918,0.754359066,-0.0272515733,0.031621106,0.707025588,0.705954909,-0.0180931184,0.049227275,0.112705618,-0.0286962073,0.00969559047,0.000125815262,0.0668255389,0.0269853938,-0.0729638785,-0.0872669965,0.0679054409,0.000716708601,-0.101441108,0.0286522172,0.12142837,-0.0766964927,0.156477168,-0.0552867986,0.406385899,-0.0535881966,-0.135257334,0.0292852931,0.359048963
0.0198705271,0.0520647392,0.754526317,-0.0265877955,0.0299938228,0.706999362,0.706077456,-0.0148684634,0.0511573888,0.112370402,-0.0301063769,0.0107276933,8.98197686e-05,0.0693206936,0.0291381814,-0.0735050887,-0.0872669965,0.0692948923,0.000718431722,-0.102501184,0.0283735674,0.121517271,-0.107262045,0.168335333,-0.0508236811,0.390713274,-0.0821907371,-0.14301078,0.0331589878,0.345422
0.019880509,0.0519593731,0.754526973,-0.0251786076,0.0279122759,0.706889689,0.70632422,-0.00864752382,0.0525450036,0.111992143,-0.0306229815,0.012215931,9.50747053e-05,0.075159654,0.0304205697,-0.073552236,-0.0872669965,0.0711058602,0.000718274328,-0.104124039,0.0270467363,0.119426601,-0.144424766,0.184229225,-0.0453453027,0.370545805,-0.116596036,-0.153910443,0.0370273404,0.327591479
0.0202486217,0.0513843969,0.75456202,-0.0238023065,0.0255666077,0.70673269,0.706617773,-0.00168072153,0.0546990447,0.111574724,-0.0321794637,0.0139250429,8.65515831e-05,0.0809068754,0.0326057263,-0.0739929155,-0.0872669965,0.073358275,0.000720961543,-0.105903655,0.0255182236,0.116805203,-0.188430235,0.2046009,-0.0382162817,0.346277624,-0.162761554,-0.168493181,0.0416130275,0.303217649
0.0204219911,0.0511148423,0.754659235,-0.021700941,0.022674324,0.706394136,0.707122505,0.00721243769,0.0563901141,0.111168936,-0.0336571857,0.0161685348,7.75917797e-05,0.0888159648,0.0341956913,-0.0741901323,-0.0872669965,0.076027438,0.000715994101,-0.107400984,0.0244128183,0.115216255,-0.23914957,0.228663608,-0.0295885969,0.319455832,-0.216564238,-0.186327338,0.0456611067,0.276401371
0.0198103432,0.0504952632,0.754927158,-0.019307591,0.0202315934,0.705818295,0.707840681,0.0164641701,0.0556831844,0.111420892,-0.035420429,0.0187945608,7.64038778e-05,0.0960777327,0.0333853588,-0.0738130063,-0.0872669965,0.0790256187,0.000717796967,-0.110263914,0.0235335305,0.113012843,-0.296884,0.254226327,-0.0204698481,0.291125268,-0.278249025,-0.205739707,0.0489688069,0.246207848
0.0198323969,0.0504826084,0.755101621,-0.0169983562,0.0168778393,0.705288589,0.708515525,0.0272823106,0.0572178699,0.111261241,-0.0373328514,0.0216574669,6.62355524e-05,0.105260171,0.0348128788,-0.0736585632,-0.0872669965,0.082645379,0.000723751786,-0.113134488,0.0226211455,0.109596573,-0.360618114,0.282664984,-0.0098176226,0.260450691,-0.346152097,-0.228333309,0.0500323623,0.214038685
0.0199857447,0.0505516753,0.755222261,-0.0144261597,0.0134721287,0.704800427,0.709130943,0.0385435894,0.0589220859,0.111041866,-0.0392115265,0.0249760933,6.3600899e-05,0.115052931,0.0361372009,-0.0732713342,-0.0872669965,0.0865941942,0.000716211973,-0.115013443,0.0212154705,0.105720766,-0.427305222,0.314509273,0.00272322446,0.233508393,-0.420421988,-0.254034489,0.0495329835,0.181424066
0.0202125981,0.0508404709,0.755565345,-0.0115837744,0.010187272,0.704159856,0.709873915,0.0504564047,0.059625566,0.111066438,-0.0409981608,0.0286960173,5.04300369e-05,0.125485167,0.0372892208,-0.072852537,-0.0872669965,0.0909189805,0.000712892564,-0.116045736,0.0196686517,0.101859748,-0.499265224,0.3456949,0.0138081787,0.206576154,-0.498155475,-0.280425787,0.0483077019,0.151891544
0.0204229709,0.0515583083,0.755752265,-0.00942311529,0.00706268055,0.70354718,0.710550964,0.0618604496,0.0613588504,0.110949405,-0.0431474969,0.0326084048,5.05095595e-05,0.134855792,0.0387818627,-0.0724416152,-0.0872669965,0.0954965726,0.00070693274,-0.117451407,0.0186895728,0.0974453092,-0.571709275,0.382174015,0.0256219264,0.184309274,-0.578265965,-0.306167185,0.0463038199,0.126234934
0.0205038227,0.0525971465,0.756025314,-0.00686277915,0.00394363515,0.702986181,0.711159527,0.0734300688,0.0623061657,0.111085691,-0.0452566072,0.0368901156,4.33004898e-05,0.14530538,0.0397848673,-0.0717459172,-0.0872669965,0.100294217,0.000692204689,-0.117088243,0.0171662383,0.0920752659,-0.649285913,0.418084115,0.0329180881,0.164215744,-0.658043683,-0.335693985,0.0430602133,0.108059704
0.0208659805,0.05377483,0.756292939,-0.00534760812,0.00047038708,0.702266812,0.711893559,0.0849779919,0.0653789788,0.110897645,-0.0476601645,0.0412610397,3.03856923e-05,0.15481855,0.0428910106,-0.0714319274,-0.0872669965,0.105320573,0.000700161909,-0.117111668,0.0174037348,0.0876519084,-0.727543235,0.458522409,0.0395841599,0.151103169,-0.738903403,-0.364968508,0.0405313,0.096889548
0.0212183259,0.0549475513,0.756523848,-0.00333541702,-0.00211111363,0.701611876,0.712548375,0.0958354771,0.06696482,0.111128144,-0.0503873415,0.0459271222,1.74140423e-05,0.16351594,0.0441664569,-0.0707660913,-0.0872669965,0.110418655,0.00068313966,-0.116790466,0.0168384779,0.0833819509,-0.810007513,0.498282045,0.0428653546,0.143633604,-0.819332182,-0.392761111,0.0385887288,0.0923162624
0.0212541223,0.0562610552,0.756678879,-0.00259312289,-0.00466315961,0.700954139,0.713186324,0.104868293,0.069974333,0.111271337,-0.0539067127,0.0504692644,1.78193886e-06,0.170267954,0.0469656102,-0.0703040063,-0.0872669965,0.115637816,0.000673552451,-0.115980059,0.0177213363,0.0796851739,-0.894908726,0.536808193,0.0436369181,0.142133966,-0.900425315,-0.421526998,0.0367205739,0.0939561203
0.0216930658,0.0576562323,0.757263243,-0.00126118725,-0.00590282539,0.700372398,0.713752091,0.112911619,0.0699984059,0.112045348,-0.0574578755,0.0549834296,-1.49002262e-05,0.176019862,0.0468720943,-0.0695008561,-0.0872669965,0.120578125,0.000660270336,-0.115022078,0.0181190912,0.0745513588,-0.979114473,0.575570047,0.0435025208,0.148269802,-0.979240119,-0.447663188,0.036293339,0.100722454
0.0218275506,0.0592468306,0.757189035,-0.000916483987,-0.00754736224,0.699791551,0.714306653,0.119521387,0.0722708628,0.112552278,-0.0605453178,0.0595347583,-2.66141451e-05,0.180956215,0.0488725752,-0.0689124763,-0.0872669965,0.125559449,0.000645977794,-0.112451784,0.0197975487,0.069225423,-1.06154978,0.609647512,0.0386260934,0.160246074,-1.05613232,-0.473520488,0.0351713113,0.113579132
0.0222737398,0.0609243102,0.757743299,-0.000386946107,-0.00874754135,0.699095726,0.714974523,0.126041904,0.0736523867,0.113165796,-0.0632707104,0.0640377775,-4.55555601e-05,0.185423553,0.0501938909,-0.0683794096,-0.0872669965,0.130391523,0.000644946937,-0.110157371,0.0213028062,0.0642101318,-1.14265835,0.638076186,0.0315729603,0.175572962,-1.13075781,-0.494870603,0.0357978307,0.130355179
0.0225540306,0.0626165569,0.758077919,0.000578909065,-0.00972138997,0.698582768,0.715462923,0.132351592,0.0742792338,0.113827564,-0.0653878376,0.0685514659,-5.8663838e-05,0.190652668,0.0504463054,-0.067786254,-0.0872669965,0.134815231,0.000614093151,-0.106990881,0.020916637,0.0603277646,-1.22209764,0.660325468,0.0238848832,0.19306235,-1.20458841,-0.514946222,0.0354915746,0.150392264
0.0223988779,0.0643290952,0.758249044,0.00024881991,-0.0109719895,0.698103368,0.715912819,0.137083247,0.0766557381,0.114398532,-0.0679140314,0.0727157742,-7.00826786e-05,0.194257408,0.052815415,-0.0674897581,-0.0872669965,0.138978183,0.000593576871,-0.102663457,0.0228018481,0.0543207265,-1.29779613,0.676230252,0.0146207511,0.211747512,-1.27500427,-0.533324122,0.0332631283,0.173481569
0.0225656312,0.0658923239,0.758605838,0.000192960899,-0.0111991866,0.697703004,0.716299593,0.140184224,0.0770780444,0.115245633,-0.0700520575,0.0766678825,-8.59417778e-05,0.196048841,0.0533748902,-0.0671520308,-0.0872669965,0.142920345,0.000579620828,-0.0987783745,0.0230734032,0.0471585318,-1.37125981,0.685113668,0.00647754967,0.232070252,-1.34320629,-0.547374427,0.0310700703,0.199204132
0.0225738361,0.0675611645,0.758974791,9.04551853e-05,-0.0108875064,0.697612464,0.716392577,0.142432407,0.0767585412,0.116325527,-0.0724754483,0.08061786,-0.000110657798,0.197081774,0.0530883968,-0.0667195767,-0.0872669965,0.146550059,0.000555677689,-0.0939525664,0.0218010936,0.0401791558,-1.44342208,0.687134027,-0.00246811123,0.25194034,-1.40840137,-0.56050241,0.0269446634,0.22624366
0.0226245727,0.0691445917,0.759350002,-0.000669921632,-0.0106488764,0.697601199,0.716406763,0.143881798,0.077711992,0.117132381,-0.0748377889,0.0842679888,-0.00013126088,0.197513983,0.0536011904,-0.066449672,-0.0872669965,0.149922684,0.000557769497,-0.0884978399,0.0223372858,0.0331003554,-1.5135113,0.682331562,-0.0112168789,0.272149503,-1.47155094,-0.572527885,0.0230450723,0.254724741
0.0230130292,0.0707807615,0.759875774,-0.00098933652,-0.00977284368,0.697577119,0.716442466,0.14453432,0.0772937536,0.118163265,-0.0768653005,0.088023223,-0.000158196155,0.197245106,0.0536440983,-0.0661963448,-0.0872669965,0.153010353,0.000526999589,-0.083213456,0.0208357852,0.0247564055,-1.58106041,0.673549592,-0.0170339607,0.292873412,-1.53057969,-0.581703126,0.0187179223,0.28292048
0.0230910499,0.0719740689,0.760125518,-0.0020682707,-0.00876356382,0.697400212,0.716625392,0.143181264,0.0777849331,0.118896291,-0.0789169669,0.0916138962,-0.00018773484,0.194800377,0.053719122,-0.0660217181,-0.0872669965,0.155902416,0.000521860318,-0.0781071931,0.0205224138,0.0167304575,-1.64532936,0.660860896,-0.0203393307,0.312075227,-1.58883512,-0.58787626,0.0133109037,0.307810336
0.0235724524,0.0731560588,0.760741889,-0.00304323295,-0.00684926473,0.696941555,0.717088759,0.140650526,0.0768106356,0.119813465,-0.0807769671,0.094990246,-0.000216513508,0.190851793,0.0528931282,-0.0658861324,-0.0872669965,0.158506557,0.000511701335,-0.0741244182,0.019698102,0.00797667447,-1.7048192,0.648775816,-0.0199752674,0.330531448,-1.64424729,-0.589357674,0.00850971136,0.329966158
0.0237338766,0.0744470581,0.760952711,-0.00393078523,-0.00561256381,0.696670055,0.717359066,0.138864398,0.0766231343,0.120605677,-0.08150094,0.0983144045,-0.000235002997,0.188370466,0.0522107035,-0.0656909496,-0.0872669965,0.16093643,0.000508578145,-0.071450159,0.0187501982,0.00025939534,-1.75890839,0.636307299,-0.0172033962,0.347580075,-1.69478142,-0.588112473,0.00272573088,0.350592107
0.0236661509,0.0754353404,0.761482239,-0.00493115326,-0.00369004742,0.696610689,0.717422962,0.135383457,0.0750435144,0.121548072,-0.0822371617,0.101293914,-0.000257771346,0.184692308,0.0509102196,-0.0654118732,-0.0872669965,0.162947237,0.000482991687,-0.0667220429,0.018976124,-0.00814197492,-1.80445135,0.625364721,-0.0128780864,0.363505214,-1.74314713,-0.587351739,-0.00332187,0.368249595
0.0238461215,0.0764823407,0.761967361,-0.00574581185,-0.00137201941,0.696077347,0.717942476,0.131089836,0.0728006512,0.122661933,-0.0822697356,0.104214646,-0.000273893645,0.180724695,0.0487856977,-0.0651480183,-0.0872669965,0.164512396,0.000460545241,-0.0630501285,0.017968731,-0.0158877913,-1.84600115,0.61688292,-0.00701247202,0.376790732,-1.7869904,-0.588393331,-0.00922264345,0.384193838
0.0239521209,0.077193208,0.762536645,-0.00634211767,0.000907485664,0.695481062,0.718515813,0.127210289,0.0704286247,0.123734124,-0.0818360373,0.106992289,-0.000298488216,0.176068634,0.0460055061,-0.0648658946,-0.0872669965,0.165774718,0.000454810273,-0.0617956743,0.0166778602,-0.0242169481,-1.881073,0.616007984,0.000137231604,0.389137238,-1.82549369,-0.588402569,-0.0140015623,0.397701591
0.0240369085,0.0777155161,0.763094008,-0.00692871632,0.00255848723,0.695294082,0.718687415,0.123696476,0.0684458241,0.124694012,-0.0813487843,0.109423935,-0.000311082782,0.172510609,0.0442205854,-0.0646543354,-0.0872669965,0.166787431,0.000456114125,-0.0591432713,0.0162864476,-0.0300010033,-1.91142571,0.615916967,0.00653996691,0.398855239,-1.86039448,-0.590260506,-0.0186301153,0.408657789
0.0240391679,0.0782862455,0.763456881,-0.00727530662,0.0043673669,0.695114911,0.718848586,0.12014655,0.0664120689,0.125603974,-0.0806398541,0.111730546,-0.000336145662,0.169384018,0.0420272425,-0.0643300265,-0.0872669965,0.167467311,0.000435599592,-0.055839885,0.0149718514,-0.0362686813,-1.93918288,0.613659501,0.012313786,0.405541331,-1.89020824,-0.59413296,-0.0223023687,0.418434292
0.0240485482,0.0785786584,0.763933063,-0.00789754279,0.00616584625,0.694663465,0.719265103,0.115890972,0.0643187016,0.126522407,-0.079921864,0.113755517,-0.00035139508,0.165392682,0.0400161929,-0.0641086027,-0.0872669965,0.167966068,0.000441387354,-0.0536847897,0.0130745219,-0.0426110066,-1.96213579,0.613929093,0.0170657616,0.41082263,-1.91496706,-0.597999871,-0.0250837691,0.426108867
0.0243258849,0.0790237635,0.764493644,-0.00792881195,0.00789296813,0.694318175,0.719581246,0.112750165,0.0617440119,0.127391011,-0.0784572214,0.115652308,-0.000360045407,0.162477955,0.0374195576,-0.0638239011,-0.0872669965,0.168123722,0.000439223892,-0.0526303686,0.0118735749,-0.0484116785,-1.98199296,0.615770578,0.0219244342,0.414907753,-1.93582368,-0.598788977,-0.0253245048,0.432195544
0.0242681932,0.0794631615,0.764523745,-0.00780282635,0.00890945364,0.694140732,0.719741881,0.110665508,0.0600488074,0.128131747,-0.0769714862,0.117324904,-0.000372616138,0.161043376,0.0353641473,-0.0633642748,-0.0872669965,0.168218553,0.000433786685,-0.0507871248,0.0113861365,-0.0532117933,-1.99740815,0.616610885,0.0254703555,0.418261737,-1.95227051,-0.598807395,-0.024968572,0.437726021
0.0246964917,0.0798464268,0.76483798,-0.00743073318,0.00923191011,0.694010854,0.719866991,0.110465981,0.0591161437,0.128460109,-0.0755757093,0.11863374,-0.000373712741,0.161265939,0.034438245,-0.0632596314,-0.0872669965,0.16818662,0.000446494028,-0.0495933816,0.0115328319,-0.0572197549,-2.0084033,0.618533194,0.0292243455,0.421543866,-1.96433687,-0.598009586,-0.0242316462,0.443028986
0.0249230787,0.0801892206,0.764692605,-0.00703140814,0.00901114475,0.694116652,0.719771862,0.111020789,0.0594421029,0.128569186,-0.0742639229,0.119644433,-0.000384941202,0.162629217,0.0346257128,-0.063231878,-0.0872669965,0.16812104,0.000435198512,-0.0477976725,0.0117932456,-0.0602719858,-2.01612115,0.618876457,0.0315140598,0.424575537,-1.97404861,-0.597193658,-0.0239017326,0.448116183
0.0250758566,0.0805137977,0.764741659,-0.00623533921,0.0087664267,0.694384694,0.719523609,0.112176232,0.058716394,0.12877062,-0.0725814626,0.12043421,-0.000391354493,0.164663717,0.0339442901,-0.0631082207,-0.0872669965,0.168037236,0.000432563334,-0.0456906632,0.0114867687,-0.0624095462,-2.02111244,0.61951977,0.0333505236,0.427393734,-1.98042774,-0.596531212,-0.0236202534,0.452269316
0.0255862121,0.0806097537,0.764919817,-0.00548654981,0.0083051715,0.694679558,0.7192505,0.113441356,0.0586575381,0.128688797,-0.0714264289,0.12099167,-0.000399718876,0.166940764,0.0338283516,-0.0632458106,-0.0872669965,0.16785422,0.000446351478,-0.0431374498,0.0107324542,-0.0636205152,-2.02397442,0.620240152,0.0344553739,0.430370927,-1.98460972,-0.597152174,-0.024107758,0.456490248
0.0256201588,0.0806539655,0.76488024,-0.00482951896,0.00780442497,0.695021808,0.718930066,0.114732273,0.0588131547,0.128573418,-0.0705989748,0.121575125,-0.000420603086,0.168946967,0.0337073505,-0.0632753968,-0.0872669965,0.167658225,0.000440310367,-0.0415385999,0.0106158424,-0.0642630458,-2.02597332,0.620636106,0.034535598,0.43233031,-1.98870897,-0.597951174,-0.0246475451,0.460176498
0.0256593246,0.0805830956,0.765028596,-0.00378785352,0.00687285932,0.695399106,0.718580902,0.11734768,0.0585467555,0.128436491,-0.0700121224,0.121897414,-0.000435748982,0.172164559,0.0333846509,-0.0632886514,-0.0872669965,0.1675172,0.000449983723,-0.0399853513,0.0106506757,-0.0642962754,-2.02680492,0.620797396,0.0347310565,0.434381932,-1.99164355,-0.597660184,-0.0246157311,0.46338585
0.025875289,0.0804590285,0.764892578,-0.00324488361,0.00643171696,0.695858896,0.71814239,0.119114615,0.0585387796,0.128374547,-0.0706294253,0.122088343,-0.000447790633,0.173941001,0.0334688798,-0.0634528026,-0.0872669965,0.167301163,0.000445543934,-0.0393062644,0.0100349914,-0.0651544929,-2.02819848,0.621045768,0.0346514247,0.435815185,-1.99354815,-0.598378658,-0.02511492,0.466022342
0.0256974474,0.0802220255,0.764736891,-0.00215495029,0.00608869456,0.696335435,0.717687488,0.121436484,0.0574634932,0.128483579,-0.0714265332,0.122192092,-0.000469871913,0.176248476,0.0322380699,-0.0634046644,-0.0872669965,0.16708234,0.000423638325,-0.0379390083,0.00942091271,-0.0655226707,-2.02752686,0.621607006,0.0347445346,0.437517405,-1.99560201,-0.598317921,-0.0252420343,0.467729956
0.0260004327,0.0801078454,0.765025795,-0.00144427828,0.00584079744,0.696677685,0.717359066,0.123326644,0.0568139441,0.128433406,-0.0725227967,0.122358225,-0.00048511615,0.177969247,0.0315663852,-0.0634841099,-0.0872669965,0.166654348,0.000432515022,-0.0376340747,0.00955138076,-0.0665518194,-2.02675366,0.622538865,0.0354094729,0.438760191,-1.99789703,-0.596529305,-0.0245450381,0.469098002
0.0261602215,0.0799742416,0.7647506,-0.00113127695,0.00524472352,0.697049558,0.717002928,0.124734394,0.0573373884,0.1282067,-0.0732465237,0.122567065,-0.000491060375,0.179661319,0.0321696326,-0.0636949614,-0.0872669965,0.166338816,0.000433502166,-0.0366691016,0.0098919915,-0.0672222525,-2.02711105,0.623332381,0.0358562358,0.439297736,-2.00034714,-0.59585315,-0.024537921,0.470109195
0.0263144094,0.0797682181,0.764781475,-0.000706587278,0.00476856623,0.697422862,0.716643691,0.125473246,0.0576432422,0.12801069,-0.0732669756,0.122791827,-0.00050804636,0.181103721,0.0324679017,-0.0639590845,-0.0872669965,0.166145608,0.00043984747,-0.0354961567,0.00966055784,-0.0680418387,-2.02692199,0.623095691,0.0356086418,0.43935734,-2.00175428,-0.596046388,-0.0245999768,0.470953733
0.0263930298,0.0796445906,0.764682055,-0.000355212833,0.00447513117,0.697776675,0.716301322,0.125422627,0.0575257763,0.12786001,-0.0726555735,0.123092748,-0.000511110935,0.182169497,0.0323007889,-0.064093031,-0.0872669965,0.165996388,0.000443966506,-0.0338946618,0.0086694872,-0.0694757178,-2.02699184,0.622291565,0.0347216465,0.43937251,-2.00241637,-0.597722411,-0.0250080917,0.471995652
0.0263794158,0.0793968067,0.764647901,0.000345131732,0.00415680418,0.698220909,0.715870202,0.125843883,0.0572987013,0.127684027,-0.0716115534,0.123325408,-0.000520828646,0.183828771,0.0318437926,-0.0641457438,-0.0872669965,0.165877983,0.00043319742,-0.0327135734,0.00673402753,-0.0699920505,-2.02734089,0.621260166,0.0335701257,0.439487189,-2.00334454,-0.600788474,-0.025532322,0.473150343
0.0268092062,0.0789525509,0.764783025,7.37922092e-05,0.00418846356,0.698695779,0.715406656,0.124357693,0.0579899102,0.127363756,-0.0712214485,0.123328634,-0.000524572039,0.183270067,0.0325011909,-0.0645648018,-0.0872669965,0.165794715,0.00045357598,-0.0305974558,0.004598903,-0.0732750893,-2.0261004,0.621282339,0.0313505419,0.440767497,-2.00354052,-0.605525017,-0.0268440247,0.474449277
0.0269198194,0.0784709901,0.764903188,7.23047779e-05,0.00476793339,0.698873818,0.715229034,0.122315697,0.0575213209,0.127213269,-0.0706862658,0.123553611,-0.000540348236,0.18186529,0.0316126123,-0.0646578819,-0.0872669965,0.165702179,0.000455216155,-0.0295875985,0.00239913166,-0.074776046,-2.02700567,0.624277771,0.0292468742,0.441447824,-2.00618386,-0.609652579,-0.0273272656,0.474776924
0.0269731358,0.0777306631,0.764986575,0.00020571881,0.00505223917,0.698933959,0.715168357,0.120697536,0.056830056,0.12709932,-0.0699585751,0.123646483,-0.000539994566,0.180636019,0.0309733842,-0.0647521466,-0.0872669965,0.165737018,0.000459907955,-0.0299314484,0.000412567751,-0.0759924129,-2.02759171,0.628051043,0.0269304235,0.442084521,-2.00766611,-0.611957252,-0.0271071922,0.475082546
0.0272613,0.0767463148,0.765083015,-0.000318653416,0.00542315282,0.699062824,0.71503967,0.117896825,0.0572457537,0.126855344,-0.0696258321,0.12380901,-0.00054041465,0.178003848,0.0313557386,-0.0650421903,-0.0872669965,0.165758729,0.000474851637,-0.0298630781,-0.00039358504,-0.0774037018,-2.02823496,0.631250143,0.0254916996,0.442600876,-2.00826216,-0.613790512,-0.0261678267,0.475079715
0.0269966945,0.075752385,0.765032589,-0.00112342054,0.00577905541,0.699134946,0.714965641,0.114582971,0.0580175258,0.126631245,-0.0692762136,0.123944722,-0.000549199875,0.175089121,0.0319278501,-0.065257214,-0.0872669965,0.165819749,0.000470828207,-0.0298916493,-1.9262643e-05,-0.0784101933,-2.02919626,0.632934988,0.0242154226,0.442676455,-2.00856376,-0.614797115,-0.0246174838,0.474660456
0.0271267109,0.0746096298,0.765124917,-0.00168534985,0.00629981933,0.699203432,0.714892983,0.111254945,0.058273755,0.126351118,-0.0687947944,0.12399219,-0.00055601768,0.172028437,0.0321720727,-0.0655813292,-0.0872669965,0.165938184,0.000479025359,-0.0300179347,-5.52314777e-05,-0.0786109716,-2.02900791,0.634458482,0.0238583609,0.442432791,-2.00770497,-0.614004314,-0.0221561491,0.474087089
0.0268902313,0.0731689408,0.765059352,-0.00270797126,0.00715727312,0.699456215,0.714634478,0.106149726,0.0585308522,0.126221955,-0.0684583858,0.12423224,-0.000571078155,0.16745539,0.0322525948,-0.0656752437,-0.0872669965,0.166106418,0.000482382573,-0.0298375618,0.000952497649,-0.0783928558,-2.02736521,0.636224091,0.0235365778,0.441756576,-2.00726748,-0.613442361,-0.020220764,0.473290712
0.0267360844,0.0718373135,0.765097141,-0.00375815621,0.00734981475,0.699781716,0.714309037,0.102135502,0.0598314069,0.125862762,-0.067805931,0.124378175,-0.000577183266,0.163974985,0.033513885,-0.0660032779,-0.0872669965,0.166456282,0.000495349988,-0.0290979967,0.00166084431,-0.0775734633,-2.02546,0.636178493,0.0225609094,0.440974653,-2.00509477,-0.613947332,-0.0192287602,0.472785652
0.0265444238,0.0704474971,0.765171349,-0.00492667453,0.00801072177,0.700109601,0.713973463,0.0972032025,0.0604856983,0.125646159,-0.0676610917,0.124465272,-0.000585799455,0.159535959,0.0341741629,-0.066285409,-0.0872669965,0.166719496,0.000499503862,-0.0288709234,0.00213872781,-0.0774996802,-2.02292609,0.635458708,0.0213988516,0.440789968,-2.00151086,-0.614859045,-0.0184541531,0.473060131
0.0262641646,0.06915728,0.765062392,-0.00552608538,0.00847515929,0.700345218,0.713732541,0.0934206247,0.0609378256,0.12539807,-0.0668989122,0.12483149,-0.000605782494,0.156390026,0.0342082232,-0.0663065016,-0.0872669965,0.167189389,0.000498801353,-0.0286781359,0.00195792364,-0.076050885,-2.01950598,0.634224415,0.0195062477,0.441096187,-1.99933994,-0.616010427,-0.0185101666,0.47413224
0.0263048746,0.0679344088,0.765240729,-0.00661553023,0.00902456511,0.700305641,0.713755429,0.0892970338,0.0615919828,0.125055432,-0.0666595995,0.125001103,-0.000608514762,0.15219757,0.0348242857,-0.0665595904,-0.0872669965,0.167689234,0.000525959651,-0.029924849,0.00218928023,-0.0756456032,-2.01405811,0.634256482,0.0178918559,0.442493647,-1.99297762,-0.617096543,-0.0176661573,0.47571674
0.0261292234,0.0666092858,0.765029132,-0.00763387792,0.00939789787,0.700210989,0.713833332,0.085581556,0.0626832694,0.124766134,-0.066282697,0.125170395,-0.000610472285,0.148024231,0.0359087028,-0.0667130351,-0.0872669965,0.168279111,0.000523738388,-0.0320769772,0.00296988664,-0.0743941516,-2.00760531,0.633530498,0.0164829791,0.443705559,-1.98303938,-0.617342114,-0.0158175714,0.477116972
0.0256712716,0.0653504431,0.765037894,-0.008198414,0.00970847532,0.70026958,0.713765442,0.0823338032,0.0628590062,0.124633797,-0.0656263605,0.12540935,-0.000616715872,0.145156369,0.0359525941,-0.0666198805,-0.0872669965,0.168886349,0.000519608147,-0.0340121798,0.00350076007,-0.0722930282,-1.99897528,0.632349789,0.0159656052,0.445754379,-1.97321451,-0.616132259,-0.0136431055,0.477716804
0.0252223127,0.0638863742,0.765066743,-0.00868008006,0.00993523467,0.700392783,0.713635743,0.0787705183,0.0626179725,0.124556512,-0.0648785681,0.125562549,-0.000618784747,0.142289907,0.0359122232,-0.0665919334,-0.0872669965,0.16961354,0.000524938398,-0.0352520533,0.00371594937,-0.069614023,-1.98796499,0.62893033,0.0151208285,0.448082209,-1.96146631,-0.615108311,-0.0119810663,0.478218943
0.0247427858,0.0625485033,0.764926255,-0.00900249276,0.00998940505,0.700381756,0.713641882,0.0756113306,0.0625603944,0.124442533,-0.0632385537,0.125937268,-0.000615410216,0.14003253,0.0360158943,-0.0665948167,-0.0872669965,0.170432165,0.000519918569,-0.0366245881,0.00368745346,-0.0665895566,-1.97298217,0.62509197,0.0146536427,0.45120734,-1.9474231,-0.612537503,-0.0106659643,0.478480488
0.0241741221,0.0611411445,0.765019357,-0.00916376244,0.00957221352,0.700333714,0.713692605,0.0733667165,0.0628653243,0.124408223,-0.0615316816,0.126093537,-0.000608626637,0.138403431,0.0361816287,-0.0665664002,-0.0872669965,0.171409294,0.000538119813,-0.0390025005,0.00429860828,-0.0628111437,-1.95454311,0.6195274,0.0139498813,0.45474562,-1.92830372,-0.609330475,-0.00964703411,0.478712887
0.0237350184,0.0598643683,0.764863133,-0.00928385742,0.00905164331,0.700277269,0.713753164,0.0721731335,0.0635985807,0.124104962,-0.059858907,0.126216069,-0.000592855853,0.137518525,0.0366226435,-0.0665338337,-0.0872669965,0.172295496,0.000537647924,-0.0411539301,0.00530379545,-0.058853358,-1.93162394,0.615074933,0.0133326286,0.459315002,-1.90529931,-0.604402959,-0.00762342662,0.479997277
0.0233371258,0.058685977,0.764591813,-0.0087345941,0.00770769175,0.700092494,0.713957191,0.0731984526,0.0645281971,0.123646207,-0.0581020676,0.126115173,-0.000570510456,0.139015079,0.0375417769,-0.0664833635,-0.0872669965,0.173347235,0.000533580955,-0.0440271348,0.00599669013,-0.053215351,-1.90314019,0.612306714,0.0134507241,0.464875996,-1.87687039,-0.598738074,-0.00522519043,0.481527865
0.0234628003,0.0574238263,0.764609933,-0.00854756683,0.00672087166,0.700147808,0.71391511,0.07347022,0.0657982677,0.123133175,-0.0569613799,0.125903547,-0.000549409073,0.139315099,0.0388336033,-0.066655077,-0.0872669965,0.174184561,0.000546088966,-0.0469464026,0.00689375959,-0.0475597866,-1.8699944,0.612478435,0.0137258573,0.47069177,-1.84407139,-0.593760014,-0.00244143279,0.482405663
0.0228948928,0.0558589809,0.764455795,-0.00836837385,0.00631464599,0.700253189,0.713817596,0.0721089393,0.0657158792,0.122923829,-0.0560509339,0.125600576,-0.000544483832,0.138967171,0.0386459939,-0.0663649067,-0.0872669965,0.174871504,0.000527378113,-0.0475063697,0.0081122173,-0.041074764,-1.83203363,0.612526953,0.0133514311,0.476170421,-1.8083663,-0.591400266,0.000393632421,0.482227802
0.022719793,0.0542530268,0.764553607,-0.00831122976,0.00620203465,0.700068295,0.714000642,0.0700018257,0.0654777735,0.122599989,-0.0550497137,0.125177547,-0.000532332982,0.137261897,0.0386076532,-0.0662859157,-0.0872669965,0.175483212,0.000527348777,-0.0491426885,0.00925098732,-0.0349246264,-1.78852677,0.61443603,0.0120746931,0.480523884,-1.76741397,-0.587950587,0.0053070453,0.479766339
0.0222036261,0.0524050109,0.764601052,-0.00720377779,0.00573294284,0.69968158,0.714395523,0.0695657134,0.0637099147,0.122602992,-0.0532609746,0.124970943,-0.000516299973,0.137101635,0.0370664969,-0.0659788549,-0.0872669965,0.175922632,0.000506528246,-0.0502708256,0.00941075385,-0.0267069563,-1.73965871,0.615340233,0.00894764718,0.483530313,-1.72186244,-0.583631098,0.0114043364,0.47484374
0.0216920972,0.0508697107,0.764513373,-0.0070351027,0.00584257208,0.699005604,0.715057731,0.0683382452,0.0626745,0.122541934,-0.0527584553,0.12449456,-0.000494484382,0.135181025,0.0362354442,-0.0656647384,-0.0872669965,0.175976053,0.000482799776,-0.0529819913,0.0110286819,-0.0203858484,-1.68420565,0.62005955,0.00436384929,0.483751178,-1.67363548,-0.577796996,0.0204167608,0.465606421
0.0212882403,0.0493105501,0.764749527,-0.00651398394,0.00591094187,0.698563397,0.715494037,0.0680587441,0.0607221611,0.12274763,-0.0526589304,0.123777494,-0.00046810144,0.134090304,0.0345556326,-0.0652547255,-0.0872669965,0.175602585,0.000477319263,-0.0556703769,0.0105655715,-0.0131841199,-1.62452102,0.624479175,-0.00216573454,0.479574621,-1.61896884,-0.571276248,0.029372504,0.453661203
0.0205378607,0.0476658382,0.764444888,-0.00607423112,0.00549052376,0.698499501,0.715563715,0.0680888519,0.0596768744,0.12297558,-0.0531268567,0.122619167,-0.000438027695,0.133151218,0.0337730199,-0.0647921488,-0.0872669965,0.174945161,0.000445668906,-0.0570868552,0.0107517727,-0.00636967551,-1.55919325,0.625437498,-0.0103675062,0.471309632,-1.56027591,-0.568586349,0.0371996909,0.439368874
0.0199717209,0.0461708307,0.764234245,-0.00636538444,0.00578590017,0.698180795,0.715869784,0.0662261546,0.0587724335,0.123232767,-0.054490421,0.121086128,-0.000413577305,0.130488023,0.0333765969,-0.0644407496,-0.0872669965,0.173970044,0.000418307813,-0.0575505346,0.00959918369,0.000699626282,-1.49024367,0.626235306,-0.0203326941,0.457376331,-1.49779546,-0.568473876,0.0431052409,0.421499819
0.0197554305,0.0450137332,0.7643646,-0.00633173622,0.00731625594,0.697667539,0.716356397,0.0638885275,0.0558886416,0.123752691,-0.0556948371,0.119844541,-0.000396772171,0.126222745,0.0306680407,-0.0637129694,-0.0872669965,0.17250748,0.000394810428,-0.0602461211,0.00842668209,0.0069633103,-1.41391563,0.63102138,-0.0297606848,0.438438147,-1.43257272,-0.565078855,0.0509620495,0.398573637
0.0190820713,0.0437888056,0.764283299,-0.00658052228,0.00771466969,0.697215319,0.716789961,0.0616551451,0.0546666086,0.124455832,-0.0566685311,0.118162118,-0.000368557987,0.123170562,0.0298507363,-0.0632424802,-0.0872669965,0.170809716,0.000374684751,-0.0620687641,0.00705787493,0.0164784119,-1.33231747,0.634607553,-0.0403226539,0.41402033,-1.36352563,-0.564444125,0.0581353828,0.372300774
0.0190429091,0.0430335812,0.764151633,-0.00722742174,0.00843886659,0.69667244,0.717303395,0.0596225895,0.0541536547,0.124858998,-0.0577903241,0.115960129,-0.000330412469,0.119495444,0.0295481142,-0.0630130619,-0.0872669965,0.168802038,0.000366815715,-0.0648218766,0.0061165411,0.0242520291,-1.2458632,0.635802031,-0.0499401949,0.385052413,-1.28983867,-0.560638607,0.065815784,0.341822118
0.018678898,0.0423005708,0.763878345,-0.00797032844,0.00914665405,0.696301043,0.717647254,0.0571048781,0.0539986342,0.125325546,-0.0587121136,0.113846138,-0.000304643065,0.115411848,0.0299149025,-0.0627470762,-0.0872669965,0.166635692,0.000344307016,-0.0673337877,0.00546365418,0.0325273648,-1.15527117,0.633129001,-0.0597702228,0.35366413,-1.21016538,-0.551934123,0.0731908306,0.308659375
0.0184707306,0.0418006591,0.763628185,-0.00936790928,0.0106914891,0.695893526,0.718004346,0.052596271,0.0536914505,0.125935718,-0.0602440275,0.111181863,-0.000279741333,0.109439537,0.0296620466,-0.0623925105,-0.0872669965,0.164260596,0.000331121002,-0.0694386214,0.00571080577,0.0377026908,-1.06246674,0.627086043,-0.0667182282,0.32252869,-1.12517273,-0.538778424,0.0799542889,0.273546457
0.018596001,0.0417169929,0.763306022,-0.0115862442,0.0114590619,0.695664525,0.718181968,0.0483409353,0.0560326427,0.126021117,-0.060971573,0.108622812,-0.000256739615,0.103347838,0.032317888,-0.0625254512,-0.0872669965,0.162046686,0.000346110901,-0.0725818798,0.00649115443,0.0469242372,-0.96608907,0.617188811,-0.071543701,0.292050809,-1.03703523,-0.520959795,0.0854368135,0.237066254
0.0185220595,0.0416364931,0.76283884,-0.0133988876,0.0126836309,0.695987165,0.717817128,0.0432995148,0.0569895729,0.126412034,-0.0616201274,0.105725102,-0.000234274543,0.0980784222,0.0337366574,-0.0625326782,-0.0872669965,0.159687862,0.000325798144,-0.0733586401,0.00688415673,0.0543290339,-0.872413576,0.598071754,-0.0775455236,0.261799544,-0.943933308,-0.499563038,0.0884879827,0.202803195
0.0188242253,0.0419649482,0.762439013,-0.01578,0.0133280065,0.696605027,0.717157423,0.0381704569,0.0601211935,0.126297146,-0.0619784221,0.10228537,-0.000214882937,0.093254067,0.0372257158,-0.0630689636,-0.0872669965,0.157251492,0.00031632639,-0.0730734468,0.00804844312,0.0625612214,-0.781111956,0.573878825,-0.0815342963,0.235870287,-0.847013295,-0.475232005,0.0898599625,0.171031773
0.0188647937,0.0423917547,0.761957943,-0.018832311,0.0154394712,0.697352111,0.716314912,0.0298902858,0.0619613342,0.126425788,-0.062577635,0.0987838432,-0.000198392547,0.0855843201,0.0392361805,-0.0634559765,-0.0872669965,0.154612929,0.000297890976,-0.0722924843,0.00972864684,0.0707092881,-0.693572342,0.542682588,-0.0851775259,0.214467704,-0.750246882,-0.449195385,0.0902756006,0.142195761
0.0187876504,0.043181479,0.761578202,-0.0208444856,0.0169047806,0.69833827,0.715264618,0.0239500627,0.0628069118,0.126539066,-0.0619545318,0.0949007198,-0.000169651554,0.0807719231,0.0403862558,-0.0637228042,-0.0872669965,0.151779801,0.000270790479,-0.0710159838,0.011506388,0.078539297,-0.608838558,0.507252038,-0.0900651738,0.199349329,-0.652572095,-0.421981305,0.0903972685,0.120855659
0.0190718845,0.0441619046,0.761245608,-0.0235249195,0.0190960094,0.699191868,0.714291692,0.016350409,0.064064309,0.1263659,-0.0617543235,0.0909697637,-0.000154622816,0.074359864,0.0418698005,-0.0642231181,-0.0872669965,0.148681253,0.000249035802,-0.0693780184,0.0121394088,0.0909105912,-0.528819561,0.471152812,-0.0950741023,0.188340724,-0.557251096,-0.393618703,0.0892201215,0.103038497
0.0192806851,0.0449836105,0.760929167,-0.0257244743,0.021910511,0.699606359,0.713729024,0.00826798845,0.0636528432,0.126365945,-0.0612952635,0.0869916901,-0.000133719033,0.06752038,0.0416957997,-0.0645592511,-0.0872669965,0.145227179,0.000219933048,-0.0688515082,0.0124659929,0.103563219,-0.452103466,0.435173154,-0.0995574072,0.182168439,-0.465486556,-0.364159077,0.0893377289,0.0908544809
0.0193693433,0.0455060154,0.760720789,-0.0284132268,0.025480099,0.699650705,0.713465035,-0.00155553455,0.0624912493,0.126524076,-0.0610436238,0.0828108341,-0.000116186064,0.0575569756,0.0406527705,-0.0649817362,-0.0872669965,0.141382694,0.000201876115,-0.0702722669,0.0147361206,0.114710093,-0.375302076,0.400985718,-0.103438742,0.183374554,-0.380393475,-0.335751712,0.0895389318,0.0851494744
0.0194626227,0.0458132476,0.760431945,-0.0308119263,0.0290832426,0.699560881,0.713315725,-0.0115756672,0.0610363223,0.126717106,-0.0603765771,0.0785530582,-9.6956268e-05,0.0476482436,0.0389676839,-0.0652202517,-0.0872669965,0.13712576,0.000181175623,-0.0720731691,0.0170572884,0.127498507,-0.303248942,0.368642479,-0.106524386,0.191273391,-0.303081423,-0.31040737,0.090061985,0.0868473426
0.0191264357,0.0458434634,0.76007098,-0.0331622586,0.0321294963,0.699653447,0.712988853,-0.021206148,0.0596861765,0.126979202,-0.059344314,0.0741067231,-7.93842337e-05,0.0385479033,0.0375109613,-0.0654725805,-0.0872669965,0.132494286,0.000171160325,-0.0741716176,0.0192575715,0.143125832,-0.239716798,0.336903721,-0.108854592,0.206783339,-0.234566316,-0.287010163,0.0890157744,0.0964799225
0.0195275173,0.0456507914,0.759562254,-0.0355787203,0.0347085707,0.699740767,0.712665677,-0.0307055097,0.0598630458,0.126858309,-0.0584321283,0.0693894327,-8.5183412e-05,0.0302021075,0.0379745401,-0.0662276074,-0.0872669965,0.127657861,0.000166842408,-0.0748533234,0.0210980587,0.157159746,-0.186126381,0.305487961,-0.111372039,0.231317654,-0.175217286,-0.262804031,0.0895014927,0.114876494
0.0188401416,0.0458760336,0.759216726,-0.0370468795,0.0371016413,0.699692488,0.712517738,-0.0379645713,0.0579943173,0.12706244,-0.0562082455,0.0650195852,-5.81726708e-05,0.024122024,0.0359254144,-0.0664279014,-0.0872669965,0.122864656,0.000190073959,-0.0761170909,0.0215793457,0.170039952,-0.143762529,0.273026615,-0.114553042,0.261291742,-0.125003591,-0.240042582,0.0879629254,0.138064563
0.0194056537,0.0459427908,0.758905709,-0.0386377163,0.0391906351,0.699673295,0.712340176,-0.0453099683,0.0576609336,0.126937389,-0.0538018048,0.0606994517,-8.28710035e-05,0.0186473168,0.0358908065,-0.0672527179,-0.0872669965,0.118348576,0.000215999797,-0.0771755576,0.0217596684,0.179484725,-0.109297872,0.243655011,-0.116034031,0.293787628,-0.0851152912,-0.217897415,0.0865092874,0.16455847
0.0190741569,0.0452125259,0.758496463,-0.0403882936,0.0418451764,0.699547529,0.712215602,-0.0551899634,0.0559893586,0.127111524,-0.0511675999,0.0567258112,-8.50746001e-05,0.00998860598,0.0339465253,-0.0677322522,-0.0872669965,0.113987826,0.000245747011,-0.0775467679,0.0225414485,0.183955774,-0.0799777061,0.21774669,-0.115677692,0.328085452,-0.0523815118,-0.200817063,0.0830275416,0.192554325
0.0188172236,0.0460524783,0.758283496,-0.0416899174,0.0437836275,0.699564576,0.712007284,-0.0616875216,0.0546998121,0.126931235,-0.047110036,0.053109169,-8.04595256e-05,0.00577352382,0.0326729082,-0.0679579973,-0.0872669965,0.110120669,0.00028563579,-0.0784079209,0.0226200949,0.183370724,-0.0541253835,0.195739836,-0.112196967,0.362068623,-0.0246254522,-0.186402246,0.0778911486,0.219181359
0.0193415284,0.0460503437,0.757962406,-0.0434064604,0.0457252413,0.699457645,0.711887717,-0.0691575408,0.0547685623,0.126471758,-0.0439722128,0.0497677661,-9.82422353e-05,-0.000108563749,0.032966461,-0.0686392859,-0.0872669965,0.106508039,0.000317594589,-0.0789589882,0.0226688161,0.178838924,-0.0312103201,0.176513344,-0.107864283,0.393255562,-0.00154497707,-0.173901796,0.0712684989,0.242754757
0.0191423111,0.0462319478,0.757678151,-0.0446434096,0.0475693941,0.699097872,0.712043822,-0.075578101,0.0539572015,0.12621063,-0.0405941978,0.0466927551,-7.67688325e-05,-0.0050630304,0.0318272375,-0.0689133033,-0.0872669965,0.103176884,0.000354334421,-0.080255501,0.0227284301,0.172990799,-0.00986968912,0.160964802,-0.102698609,0.420149386,0.0181345064,-0.163037181,0.0640110224,0.263775289
0.0195374507,0.0459392034,0.757270694,-0.0465127416,0.0496475212,0.69868809,0.712184429,-0.0829592049,0.0540142246,0.125876233,-0.0380650386,0.0436878242,-8.39980494e-05,-0.011971077,0.0318285115,-0.0693177879,-0.0872669965,0.100270107,0.000388459623,-0.0832106993,0.0229161512,0.165884107,0.00953780394,0.149215192,-0.0959966257,0.442700386,0.0330805033,-0.154887676,0.0544126183,0.279697418
0.0195395891,0.0464762896,0.757263958,-0.0474716909,0.0511899181,0.698355854,0.712337792,-0.0879547298,0.0532054305,0.125668183,-0.0346860401,0.041081138,-7.65701116e-05,-0.0156163573,0.0307410341,-0.0692189112,-0.0872669965,0.0977688581,0.000420812867,-0.0855363905,0.0233404171,0.158732742,0.0265330486,0.13930428,-0.0897640213,0.462973654,0.0433902144,-0.145615667,0.0459486805,0.29386428
0.0191511661,0.0461621806,0.756892264,-0.0484203063,0.0529409163,0.697781146,0.712709129,-0.0934564397,0.051874727,0.125668809,-0.0318499021,0.038489338,-4.01293073e-05,-0.0204023812,0.0287975799,-0.0690005273,-0.0872669965,0.095425792,0.000439131691,-0.0887463987,0.0240337569,0.155420303,0.0390022919,0.130005479,-0.0845939592,0.481232345,0.049576316,-0.137412995,0.038640663,0.305832356
0.0191234052,0.0454241857,0.75684762,-0.0493946113,0.0546337441,0.697350919,0.712935507,-0.0994179696,0.0509135872,0.125636309,-0.0293068439,0.036127951,-3.67593311e-05,-0.0258787703,0.0274202693,-0.0689211935,-0.0872669965,0.0932733417,0.000468396785,-0.0927507281,0.0248681642,0.154296532,0.0468338616,0.121931098,-0.0803575441,0.496396184,0.0514061972,-0.128868937,0.0340443291,0.315424114
0.019125402,0.0451523513,0.756582439,-0.0502321534,0.0557621829,0.697396994,0.712744534,-0.104270235,0.0507090613,0.125445798,-0.0264449026,0.0341358669,-2.74793983e-05,-0.0293427072,0.026851045,-0.0688287094,-0.0872669965,0.0914314911,0.000489487371,-0.0954288691,0.0253141485,0.151612908,0.0511468947,0.117615685,-0.0757385194,0.508410394,0.0527322516,-0.124670729,0.02882085,0.324622422
0.0189898927,0.0445790738,0.756477475,-0.0513960868,0.0574464276,0.69768697,0.712243855,-0.110272974,0.0498253927,0.125252098,-0.0243831277,0.0324115604,-3.08645685e-05,-0.0339630954,0.0260181297,-0.0687787756,-0.0872669965,0.0899226964,0.000527557568,-0.0966384336,0.0254547112,0.148500487,0.0528298467,0.115720972,-0.0711624399,0.515670955,0.052677948,-0.122286759,0.0248319581,0.332332611
0.0189956874,0.0438068844,0.756462336,-0.0523951612,0.0590245128,0.698228717,0.711510718,-0.116473369,0.0486184619,0.125174865,-0.0223887097,0.0310359057,-4.97031906e-05,-0.038547013,0.0247682296,-0.0687987655,-0.0872669965,0.0886342749,0.000546120864,-0.0966227278,0.0263774525,0.14509882,0.0535599925,0.116821826,-0.0668887794,0.520134389,0.0535286926,-0.121712729,0.0215257816,0.337821037
0.0187178142,0.0431494266,0.756218851,-0.0533413328,0.0604471266,0.698782146,0.710777342,-0.122602619,0.0474313237,0.124951795,-0.020210918,0.0301213134,-5.18732995e-05,-0.0426234342,0.0236660931,-0.0689027384,-0.0872669965,0.0876121521,0.000568092335,-0.095586367,0.0266348626,0.141847953,0.0538252182,0.11987137,-0.0632751361,0.521745801,0.0544018447,-0.123141699,0.0179231074,0.342432946
0.0188311022,0.0424025059,0.756406784,-0.054027807,0.0616053827,0.699209869,0.710205197,-0.12799494,0.0464633182,0.124594606,-0.0177839193,0.0294434726,-7.08673542e-05,-0.0463611968,0.022883093,-0.069206588,-0.0872669965,0.0868329108,0.000595932186,-0.0953572765,0.0269759633,0.139195219,0.0535971597,0.124004118,-0.0603733622,0.521963239,0.0542493649,-0.123428687,0.0155100608,0.344842166
0.0187025927,0.0422892086,0.756278932,-0.0542669185,0.0624483302,0.699693978,0.709636211,-0.131412044,0.0455748215,0.124104001,-0.0153316641,0.0290135313,-5.01819195e-05,-0.0482541211,0.0215678923,-0.0692267641,-0.0872669965,0.0862115473,0.000608208124,-0.0954216868,0.0272500198,0.135923892,0.0522843972,0.127895325,-0.0589843802,0.520227075,0.054645773,-0.123640992,0.0137403952,0.346273005
0.0187196247,0.0418511406,0.756254196,-0.0546937548,0.0628885925,0.700156569,0.709108114,-0.134593368,0.0451266542,0.123478293,-0.0134159615,0.0285842363,-5.36683729e-05,-0.0499609783,0.0215335153,-0.0695260465,-0.0872669965,0.0857323557,0.000626452675,-0.095730029,0.0276126657,0.133491844,0.051090911,0.131981,-0.058585383,0.518249512,0.0548610725,-0.123161778,0.0125090126,0.346833199
0.0187492091,0.0417692363,0.756312788,-0.0546334498,0.0629038587,0.700688004,0.708586276,-0.135777935,0.0451205224,0.122702278,-0.0113888746,0.028269859,-3.87431355e-05,-0.0500461832,0.0212468393,-0.0697525963,-0.0872669965,0.0853567272,0.000638240657,-0.0970645174,0.0278267749,0.131794736,0.0509346984,0.135237217,-0.0586892851,0.516953468,0.0547893792,-0.121730119,0.0117899971,0.346646994
0.0185161866,0.0417048708,0.756105304,-0.0544925518,0.0627652183,0.701398909,0.707905889,-0.136599198,0.0446827821,0.122035116,-0.00955240522,0.0279815625,-2.29608213e-05,-0.0493808202,0.0209692027,-0.0698995963,-0.0872669965,0.0850836933,0.000647644047,-0.0978116393,0.027742926,0.129547343,0.0498551242,0.137495577,-0.0587865189,0.516197383,0.0553648174,-0.120632678,0.0110650808,0.346585512
0.0185855627,0.0417689458,0.756331682,-0.0540401302,0.0624146461,0.702250123,0.707127213,-0.136313066,0.0441827253,0.121263191,-0.00787597522,0.0276335981,-2.51981746e-05,-0.0476954654,0.0205307789,-0.0701090544,-0.0872669965,0.0848156288,0.000652998686,-0.0981777832,0.0276099928,0.127841413,0.0475905724,0.137138352,-0.0591169819,0.515353918,0.0562436916,-0.119206741,0.0102906087,0.347022355
0.0185876898,0.0417541973,0.756215394,-0.0538945384,0.0619025528,0.703096688,0.706341684,-0.136490345,0.0446199328,0.120318294,-0.00670282543,0.0272514299,-1.86053348e-05,-0.0461816229,0.0212252289,-0.0705626309,-0.0872669965,0.0846122429,0.000666439417,-0.0987940505,0.0273019448,0.126642212,0.0451965146,0.135646388,-0.0590379685,0.514752388,0.0563340224,-0.117007039,0.00993373431,0.347389936
0.018871842,0.0414185785,0.756013691,-0.0537102632,0.0615152903,0.703861833,0.705627084,-0.137170479,0.0448954478,0.119352177,-0.00542082172,0.0269797295,-2.33681058e-05,-0.0454621762,0.0216087271,-0.0710228831,-0.0872669965,0.0843585432,0.000657773111,-0.0992357507,0.0267494638,0.12607792,0.0431346968,0.134151474,-0.0582521185,0.514175653,0.0577099137,-0.115684845,0.00912827626,0.349995613
0.0190295521,0.0414607599,0.756293476,-0.053301204,0.0612851828,0.70453006,0.70501101,-0.137259722,0.0447002724,0.118393771,-0.00394293573,0.0266172625,-1.72072996e-05,-0.0441227369,0.0211270638,-0.0714006349,-0.0872669965,0.0839687735,0.000652781047,-0.0995149314,0.0267668273,0.12532258,0.041714903,0.132969946,-0.0569941513,0.513619661,0.0573502779,-0.11460343,0.00822861213,0.351849467
0.0186836589,0.0415171981,0.7561149,-0.0528906994,0.0611665919,0.705191135,0.704391003,-0.137333751,0.0437684022,0.117686316,-0.00268948614,0.0263219681,2.85360056e-06,-0.042699445,0.020459421,-0.0717175603,-0.0872669965,0.0836341754,0.000665974512,-0.0996364728,0.0265924539,0.124187618,0.0408483297,0.132494465,-0.0556524098,0.51289475,0.056465432,-0.114034608,0.00745917624,0.352606595
0.0189637467,0.0416431241,0.756258428,-0.0524706841,0.0606306903,0.705873728,0.703784764,-0.136745259,0.0437352806,0.116749793,-0.00156625989,0.0259801634,-8.67426115e-06,-0.0404968448,0.0206939112,-0.0722265616,-0.0872669965,0.0833242387,0.00066865416,-0.100022644,0.0267235506,0.123961568,0.0401485004,0.132482931,-0.0544995852,0.511771798,0.0554038137,-0.113443658,0.00694991369,0.352803737
0.0191023666,0.0421314836,0.756427407,-0.0520082749,0.0602006763,0.706443489,0.703284144,-0.135247469,0.043663729,0.115753196,-0.000607258175,0.0256763957,-5.08989933e-06,-0.038277749,0.0206081681,-0.0725889355,-0.0872669965,0.0830343887,0.000678452314,-0.100909241,0.0268804673,0.123868063,0.0407049097,0.133150309,-0.0535535403,0.51099956,0.0537653193,-0.112996407,0.0066725295,0.352378041
0.0190035161,0.0424142331,0.756344438,-0.0516025238,0.059706524,0.707056284,0.702740192,-0.133947372,0.043586079,0.114880741,4.44648103e-05,0.0254154839,1.20459454e-05,-0.0359939188,0.0208526328,-0.0729506239,-0.0872669965,0.0826986134,0.00068772852,-0.10193722,0.0267553125,0.122267574,0.0417601243,0.134393483,-0.0527311936,0.510636568,0.0528898314,-0.11287722,0.00642236136,0.351828009
0.0192312691,0.0428601429,0.756658673,-0.0511918738,0.0593129583,0.70766741,0.702188134,-0.132627919,0.04332624,0.114066176,0.00049757259,0.025074156,3.74153132e-07,-0.0336367264,0.0203035232,-0.0732912272,-0.0872669965,0.0823163539,0.000679886783,-0.102357022,0.0268845968,0.121355437,0.0423519537,0.135824189,-0.052087944,0.510020733,0.05303156,-0.112870999,0.00594201684,0.351740003
0.0185329914,0.0413840488,0.756336451,-0.0517100133,0.0598898195,0.708099902,0.701665044,-0.136031285,0.0423837751,0.113853544,-0.000329787057,0.0247821845,1.54430018e-05,-0.0366622433,0.0193044823,-0.0736268237,-0.0872669965,0.0818896219,0.000696840521,-0.103045955,0.0267085731,0.122755051,0.0410008579,0.136585891,-0.0519189797,0.508965254,0.0509918444,-0.112315476,0.00611459697,0.350708365
0.0186213255,0.0415855162,0.756402373,-0.051539965,0.0597319417,0.708764553,0.701019645,-0.136253923,0.0420349129,0.113222204,0.000476257759,0.0245563686,1.06650514e-05,-0.0358944125,0.0193636753,-0.0739487335,-0.0872669965,0.0816546082,0.000712935871,-0.103930332,0.0271026008,0.122669168,0.0404102765,0.137403637,-0.0514365137,0.508246243,0.0500970706,-0.111871071,0.006151143,0.349983305
0.0188391488,0.0418374315,0.756355107,-0.0514359921,0.059263438,0.709370613,0.700453818,-0.136169448,0.0426586382,0.112260297,0.00139901438,0.0244615078,1.23704949e-05,-0.0346112773,0.0199790448,-0.0743892342,-0.0872669965,0.0813960359,0.000712519861,-0.104358368,0.0280106086,0.122632533,0.0394925587,0.138182253,-0.0505799241,0.507627368,0.0495906696,-0.111592874,0.00566929812,0.349307239
0.0186886471,0.0421081074,0.756346047,-0.0510223098,0.0588313602,0.709844649,0.700040221,-0.135354221,0.0425443053,0.111579038,0.0024768305,0.0243180078,2.86685008e-05,-0.0326006971,0.0200298429,-0.0747478828,-0.0872669965,0.081152454,0.00072851294,-0.105311781,0.0284173712,0.124001324,0.0389112979,0.138040647,-0.0499099605,0.507217526,0.0488009378,-0.111087687,0.00562234083,0.348336726
0.0185504165,0.0423716977,0.756477714,-0.0508575886,0.0586340576,0.710294843,0.699611962,-0.134740964,0.0422529243,0.110949382,0.00292531401,0.0240956694,3.85176027e-05,-0.0315490328,0.0198938977,-0.0751879215,-0.0872669965,0.0807989165,0.000738384842,-0.106435351,0.0292281341,0.125618562,0.0385052301,0.13805294,-0.0486775339,0.507160187,0.0487484783,-0.111006834,0.00543742068,0.347839177
0.0189420786,0.0430259071,0.756232023,-0.0505957268,0.0576689132,0.710833073,0.699164331,-0.132757261,0.0435602441,0.109906226,0.00369983283,0.0239418615,3.45054978e-05,-0.0288140289,0.0213372111,-0.0757317767,-0.0872669965,0.080623202,0.000738190312,-0.108079694,0.0295286756,0.127325982,0.0382882692,0.136575565,-0.0485175513,0.507148385,0.0486614741,-0.110159859,0.0061663487,0.348066747
0.0187842194,0.0431446657,0.756305039,-0.0503946915,0.0571498796,0.711317182,0.698728919,-0.131816894,0.0437605008,0.10917259,0.00366912363,0.0235613864,4.59901603e-05,-0.0271176174,0.0217574257,-0.076194264,-0.0872669965,0.0803070143,0.000744590652,-0.109020032,0.0294448361,0.127865016,0.0380061567,0.136017904,-0.0479609333,0.507966757,0.0480282977,-0.109718792,0.0066060978,0.348530024
0.0191168915,0.0437106304,0.756262839,-0.0501902439,0.0565391257,0.711749315,0.698353112,-0.130103871,0.0446496271,0.108234189,0.00392279401,0.0231732894,4.66361234e-05,-0.0250044148,0.0225842576,-0.0766619891,-0.0872669965,0.0800706968,0.000742915436,-0.110524498,0.0295684468,0.127621979,0.0372142754,0.136036158,-0.0472198799,0.508302152,0.0480340458,-0.109423578,0.00687191496,0.349576145
0.0189301167,0.0441704504,0.755984664,-0.0500902943,0.0560433865,0.712105095,0.698037624,-0.128991231,0.0449603945,0.107591435,0.0041039614,0.0228815749,5.68854884e-05,-0.0233996697,0.0232292004,-0.0770228952,-0.0872669965,0.0799205378,0.000750599196,-0.112050705,0.0292402599,0.127031729,0.0367675014,0.136046767,-0.0466735736,0.50889051,0.0473008789,-0.109814756,0.0065555973,0.350545108
0.0191864818,0.044723317,0.756189704,-0.0498715676,0.0557414219,0.712370813,0.697806239,-0.127742037,0.0454412475,0.106860727,0.00431325566,0.0224955659,6.23400992e-05,-0.0217049457,0.0234514996,-0.0774924979,-0.0872669965,0.0796891078,0.000748509075,-0.113456026,0.0291813314,0.126136214,0.0366677754,0.136662602,-0.0461274385,0.509026289,0.0469862409,-0.109839208,0.00606048107,0.351591796
0.0194687843,0.0455553271,0.756222904,-0.0495903939,0.0552723892,0.712600648,0.697629035,-0.125788763,0.0458574407,0.106209427,0.00484783947,0.0221757591,5.41794689e-05,-0.0192282759,0.0240052696,-0.0778303742,-0.0872669965,0.0795225874,0.000750709907,-0.115362659,0.0291661322,0.124960974,0.0375203677,0.137592003,-0.0454793088,0.509669185,0.0471091941,-0.109407119,0.00569912838,0.352389812
0.019452408,0.04572431,0.756118655,-0.0495048203,0.0550706163,0.712735593,0.697513044,-0.125065044,0.0459873527,0.105686374,0.00467689335,0.0217280518,6.07651527e-05,-0.0182981808,0.0243191607,-0.078239508,-0.0872669965,0.0792727172,0.000755575253,-0.116691083,0.029010782,0.124206245,0.0367764495,0.137606174,-0.0450774021,0.509168267,0.0474163294,-0.109074973,0.00544459466,0.353127599
0.0195936933,0.0461953953,0.756331027,-0.0494016595,0.0548800118,0.712850869,0.697417557,-0.124230161,0.0459699258,0.105216272,0.00498487707,0.0213766657,4.5368306e-05,-0.0171419363,0.0246518422,-0.078617245,-0.0872669965,0.0789692402,0.000762519601,-0.118295133,0.0292574465,0.123054028,0.0368581526,0.137415051,-0.04480014,0.50927788,0.0478107817,-0.108396702,0.00530896941,0.353941202
0.0194322802,0.0462287143,0.755879581,-0.0491169095,0.0542840362,0.707723498,0.702686429,-0.124078229,0.046262525,0.104830034,0.00507372245,0.0209705215,5.6484696e-05,-0.0168167241,0.0250007845,-0.0789872706,-0.0872669965,0.0787408203,0.00076635764,-0.119445942,0.02939431,0.123062164,0.0362147242,0.136823222,-0.0445053726,0.509609818,0.0482146889,-0.108098678,0.00504576322,0.354632914
