0.102417633,0.278563827,0.75327307,-0.0377592295,0.038221363,0.683216095,0.728237033,-0.0122090355,0.0442892574,0.124409214,-0.014367085,-0.0173015688,0.000798780471,0.00412216503,0.0404050425,-0.0562661551,-0.0872669965,0.0803081542,0.000935537915,-0.0367110856,0.0262945816,0.0946261138,0.0909775347,0.130154938,0.0840475634,0.682971418,0.0870454237,-0.0835805535,-0.153661206,0.677770793
0.101708904,0.279525667,0.753238261,-0.0369964801,0.0382741652,0.68350786,0.727999508,-0.00811037328,0.0432095379,0.124212027,-0.0159007926,-0.0173131339,0.000869604643,0.00415888708,0.0374324061,-0.0551119074,-0.0858619809,0.0803722963,0.000916721649,-0.0386574417,0.0246882271,0.0934509188,0.0915368274,0.130086407,0.0846095011,0.683482885,0.08846201,-0.088982448,-0.156828895,0.677680016
0.101594798,0.279714257,0.753301084,-0.0386087224,0.0385972224,0.68363589,0.727778494,-0.00943249278,0.0448288098,0.123498008,-0.0191510804,-0.0172844548,0.00081707153,0.00100071984,0.0399229676,-0.0551141948,-0.085950844,0.0806995928,0.000949424633,-0.0390775576,0.0270467587,0.090548031,0.0951283127,0.12875919,0.0868293792,0.689958513,0.089207761,-0.089571014,-0.157974184,0.678852618
0.101676613,0.279755712,0.753403902,-0.0388247035,0.0387584642,0.683605611,0.727786958,-0.00937260594,0.0447011665,0.123196006,-0.0208565053,-0.0170607306,0.000780934643,0.000159615563,0.0403016247,-0.0548714697,-0.0852472559,0.0810082257,0.000947256223,-0.03930448,0.0275704749,0.0900668427,0.095554702,0.12826544,0.0888756216,0.693855524,0.0891957358,-0.089224115,-0.158561006,0.679671288
0.101502039,0.279662371,0.75335902,-0.038926933,0.0391581133,0.683581471,0.727782726,-0.00993520021,0.0441868976,0.123106077,-0.0223642308,-0.0168883055,0.000772411528,-0.00101696129,0.0398434438,-0.0545056686,-0.0848972052,0.0812233984,0.0009478961,-0.0392951891,0.02730936,0.0899444669,0.0947219655,0.127482995,0.0905427635,0.696561456,0.0886566713,-0.088907212,-0.159018829,0.680143178
0.101584889,0.279693276,0.753455579,-0.0393382199,0.0394108929,0.683547318,0.727779031,-0.0101117678,0.0442681685,0.122896627,-0.0235848296,-0.0167126972,0.000745812897,-0.00222612312,0.0402440205,-0.054460153,-0.0845072791,0.0813990831,0.00094545359,-0.03904384,0.027336346,0.0898202285,0.0941597149,0.126376197,0.0918594673,0.698670745,0.0889305249,-0.0885742381,-0.159445778,0.680820465
0.101480566,0.2796323,0.753440857,-0.0397521332,0.0396493524,0.683480144,0.727806747,-0.0107356273,0.0445861444,0.122841746,-0.0247119721,-0.0165824573,0.000740757852,-0.00351647823,0.0405565277,-0.0543062389,-0.0841715857,0.0815287679,0.000944897591,-0.0392054431,0.0277506188,0.0898092166,0.0935114697,0.125622556,0.0931601673,0.700247526,0.0886934698,-0.0884381086,-0.159766808,0.681166947
0.101323172,0.27956444,0.753309667,-0.0402194746,0.0402630642,0.683459282,0.727766991,-0.0122618405,0.0443675593,0.122777469,-0.0257433373,-0.0161713157,0.000729388499,-0.00562005443,0.0404817164,-0.0541583449,-0.0842593312,0.0816545412,0.000952557253,-0.0384827666,0.0274558738,0.0893905163,0.0930104777,0.124648809,0.0942337364,0.701543272,0.0887514278,-0.088479355,-0.160157606,0.68133378
0.101359077,0.279320568,0.75342536,-0.0409201197,0.0408407114,0.683383524,0.727766812,-0.0140185142,0.0443009362,0.122796386,-0.0266657136,-0.0159562826,0.000698373828,-0.00782599952,0.0403721221,-0.0541210435,-0.0841930062,0.0817927569,0.000940683938,-0.0379008278,0.0279735699,0.0895914137,0.0924451947,0.123842552,0.0950844288,0.702414811,0.0885550007,-0.0881709158,-0.160361812,0.681415439
0.101281449,0.279184461,0.753349006,-0.041385036,0.0415772274,0.683284521,0.727791846,-0.0159664638,0.0438208021,0.122863874,-0.0274690129,-0.0156857315,0.000686528976,-0.0102294208,0.0401912481,-0.0540089719,-0.0840246379,0.0819028467,0.000945304928,-0.0375021882,0.0274925828,0.090056695,0.0920279548,0.123163581,0.0958818644,0.702955842,0.0882149264,-0.0882558674,-0.160644859,0.681072474
0.101030298,0.279087186,0.753415525,-0.0419440307,0.0426704697,0.683198631,0.727777183,-0.0183827747,0.0426616669,0.12313173,-0.0281829759,-0.015488673,0.000678204815,-0.0133328289,0.0391013473,-0.0537786409,-0.0840077698,0.0819680244,0.000948721485,-0.0366615318,0.0270575583,0.0892295167,0.0918536186,0.123214103,0.0968399569,0.70345211,0.0884711444,-0.0885577276,-0.160931602,0.681216598
0.101181395,0.279087514,0.753412902,-0.0427298099,0.0433454439,0.683168471,0.727719843,-0.0206319466,0.04337487,0.123152234,-0.0285939667,-0.0152737694,0.000676455151,-0.0154822692,0.0392580032,-0.0537130162,-0.0837326422,0.082099773,0.00093781692,-0.0362180769,0.0271162484,0.0890892521,0.0917965323,0.123076506,0.0976090133,0.703949451,0.0887628943,-0.0884796754,-0.161126658,0.681514263
0.100857362,0.278969735,0.753251731,-0.0435662121,0.0439491645,0.683129311,0.727670789,-0.0231703632,0.0432127789,0.123275869,-0.0290679894,-0.0149653517,0.000664685736,-0.0185109954,0.0395598598,-0.0536367707,-0.0836569741,0.0822280198,0.00094881776,-0.035570845,0.0273751579,0.0887626857,0.0916754231,0.123159185,0.0984558836,0.704156816,0.0889354572,-0.0887998044,-0.16136983,0.681417227
0.100928158,0.278849572,0.753452837,-0.0444666781,0.0449346192,0.682937384,0.727736354,-0.0260873288,0.0431980751,0.123455346,-0.0293661114,-0.0147365984,0.000653745898,-0.021742139,0.0395050831,-0.0536795408,-0.0834176838,0.0823020414,0.000947640568,-0.0351780057,0.0277070012,0.0878251046,0.0919104964,0.123197019,0.0991881117,0.704304516,0.08922562,-0.0889597759,-0.161741406,0.681644857
0.100965098,0.278650314,0.753136098,-0.0454218239,0.045915097,0.682763636,0.72777915,-0.0295622516,0.0436223038,0.123481013,-0.0296299495,-0.0145566668,0.000661945902,-0.0252662804,0.0393025912,-0.0534671731,-0.0832715482,0.0824252293,0.00093497528,-0.0351165943,0.0281051174,0.0855130553,0.0921811759,0.123532973,0.0998807549,0.704457819,0.0887106359,-0.0888838768,-0.161954984,0.681813478
0.100852646,0.27824977,0.752970219,-0.0471174382,0.0471109413,0.682531118,0.727813005,-0.0347922705,0.0441448465,0.123630174,-0.0297808703,-0.0144445533,0.000644218584,-0.030658707,0.0402835645,-0.0534791872,-0.0832249299,0.0825752765,0.000944729487,-0.0350064598,0.028669579,0.0815450698,0.0926504508,0.12468686,0.100601226,0.70424068,0.0882026628,-0.088877596,-0.162279144,0.682143867
0.100960486,0.277745128,0.752910733,-0.0492534637,0.0488354936,0.682365358,0.727713287,-0.0415529385,0.0453838222,0.123771012,-0.0300078075,-0.0143489735,0.000639932114,-0.037749663,0.0410779528,-0.0533548221,-0.082946673,0.0827992409,0.000945412205,-0.035938222,0.0299656261,0.0763250068,0.0931162015,0.12712121,0.101157941,0.702759683,0.0869088173,-0.0885305256,-0.162462115,0.682292044
0.100809209,0.276889831,0.752522826,-0.0521503873,0.0507459939,0.682587683,0.727172136,-0.0503345542,0.0472727418,0.123983502,-0.0307031255,-0.0143392095,0.000639460632,-0.0470611453,0.0428078063,-0.0534202196,-0.0826604813,0.0831410289,0.000951774651,-0.0360822156,0.0306699313,0.0709201768,0.0927357599,0.129586667,0.101401091,0.700356364,0.085313715,-0.0883353278,-0.162480935,0.681844771
0.101227649,0.27511549,0.752392828,-0.0566722676,0.0537696443,0.682998002,0.726230502,-0.0639854446,0.0502320975,0.124219358,-0.0325694084,-0.0146373007,0.000603757508,-0.0570132323,0.0401596501,-0.0518391915,-0.0821648762,0.0835272074,0.000763676595,-0.0360731408,0.0314437151,0.0644000173,0.0912539512,0.132031009,0.101652868,0.697816014,0.0834583119,-0.0867512375,-0.161953032,0.681025326
0.101521038,0.273074359,0.75161469,-0.0619837865,0.0575524233,0.683627665,0.724913061,-0.0804462656,0.0538846366,0.124063432,-0.0346345268,-0.0148348408,0.000593634264,-0.0728825256,0.043416243,-0.0513527058,-0.0833491534,0.0839664862,0.000766190235,-0.0368497968,0.0321154408,0.0578284077,0.0896935239,0.134048074,0.101785183,0.695209146,0.0820824653,-0.0862105265,-0.161364332,0.679462075
0.10176637,0.271215796,0.750628471,-0.0684598088,0.0619333535,0.684116006,0.723507285,-0.100194521,0.0582446977,0.123794548,-0.0365058221,-0.0151371742,0.00057396089,-0.0910505354,0.0478342511,-0.0513959564,-0.0851339325,0.0846545696,0.000778230838,-0.0370806381,0.0327898338,0.0501166135,0.0889284983,0.136066362,0.101983376,0.692772627,0.0811833367,-0.0863082558,-0.160632044,0.67722851
0.10221716,0.268380523,0.749843061,-0.0759383217,0.0679915994,0.684322119,0.722020626,-0.125663459,0.061854694,0.12382672,-0.0382153317,-0.0151663655,0.000520349771,-0.115219928,0.051463306,-0.0517841764,-0.0865815878,0.0857629031,0.000812852581,-0.0378396809,0.034392707,0.0435746126,0.0873416439,0.138342276,0.102329314,0.690036237,0.0786236003,-0.0866776034,-0.159592003,0.673784018
0.102098934,0.264626056,0.748763621,-0.0852040201,0.0753162205,0.684408605,0.720175445,-0.157454565,0.0660798103,0.123843081,-0.0398891419,-0.0148149617,0.000489167694,-0.146716446,0.0553445257,-0.0524459705,-0.0864308104,0.0872422904,0.000850060955,-0.0384063944,0.0357285999,0.0398127772,0.0835896879,0.140176654,0.102357447,0.686110556,0.0744441152,-0.0886759758,-0.158469081,0.669100463
0.102181241,0.260101676,0.747600257,-0.0958668292,0.0845373124,0.684345305,0.71786797,-0.196177393,0.0695171729,0.12404564,-0.0405368842,-0.0140137598,0.000425945269,-0.184627011,0.0585258864,-0.0534630157,-0.0860543326,0.0893064886,0.000892860699,-0.0381965376,0.0375038795,0.0373708718,0.0790880024,0.143666446,0.102133237,0.681043386,0.0688963681,-0.0916986614,-0.156964689,0.663377821
0.102890678,0.254458755,0.746035755,-0.108480819,0.0954200476,0.683979094,0.715052128,-0.243607223,0.0744242296,0.124165684,-0.0400517322,-0.0126476344,0.000343172083,-0.230310321,0.0629282445,-0.0550481454,-0.085104242,0.0922160521,0.000936092052,-0.0382990055,0.0389729887,0.0382483155,0.072130248,0.148860902,0.101567253,0.674840212,0.0606386997,-0.0949514806,-0.154803947,0.655764043
0.102699056,0.248483136,0.744415104,-0.122013599,0.107824817,0.683020413,0.712017953,-0.296421319,0.0773610026,0.12448512,-0.0373290405,-0.0103593962,0.000289622985,-0.281318337,0.0652487129,-0.0565410554,-0.0837211683,0.0961154401,0.000988118001,-0.0377402976,0.0397654548,0.0399583727,0.0625738353,0.154633343,0.101028606,0.667754471,0.0510311127,-0.0992140472,-0.152247667,0.646707356
0.102262743,0.240840971,0.742641032,-0.136415184,0.12204247,0.681731403,0.708335221,-0.356308579,0.0784140304,0.125308409,-0.0329627432,-0.00672569592,0.000213766063,-0.339341521,0.0659367293,-0.0582102239,-0.0821054727,0.10111542,0.00106934004,-0.0368761905,0.0408699475,0.0454048477,0.0480475649,0.158877656,0.0996925458,0.659219146,0.0379713289,-0.10553658,-0.149237603,0.635756195
0.10215266,0.233107686,0.740112782,-0.152492806,0.137802571,0.679983616,0.703831434,-0.422986805,0.0796854869,0.125871778,-0.0261625703,-0.00109491695,0.000100099416,-0.404040128,0.0666321889,-0.0597882085,-0.0787588209,0.107723467,0.00115463894,-0.0347135328,0.0422620922,0.0498578921,0.031261947,0.165054858,0.0973565951,0.653008938,0.0248313285,-0.10991139,-0.145658821,0.625450075
0.101905219,0.224651024,0.737525702,-0.168851301,0.154145464,0.677531302,0.699056327,-0.493579745,0.0805566609,0.126076892,-0.0167991705,0.00601386279,8.69735231e-06,-0.47252202,0.0660724789,-0.0610930175,-0.0722278804,0.115600497,0.00123100542,-0.0329964384,0.0419590734,0.0565492101,0.0119711077,0.175271094,0.0965961963,0.645252824,0.008438766,-0.117093094,-0.142578453,0.614152372
0.101719841,0.215936318,0.734216034,-0.185912162,0.17168799,0.674355805,0.693688869,-0.568259478,0.0806904957,0.126023933,-0.00545768114,0.0147833843,-7.35789872e-05,-0.544975519,0.065006271,-0.0620856844,-0.063799046,0.1245813,0.00130184181,-0.0323481262,0.0420255922,0.0652356595,-0.0101966308,0.183992237,0.0942321196,0.635643065,-0.0137062371,-0.12553215,-0.139093548,0.601637483
0.100934491,0.206192508,0.729935467,-0.204264075,0.190626368,0.670443118,0.687345445,-0.649210095,0.0798028558,0.126027331,0.00701770931,0.0249396469,-0.000140059929,-0.623326063,0.0628622025,-0.0627943575,-0.0544843189,0.134720787,0.00137527741,-0.0302495118,0.0422219858,0.0745871961,-0.0363539234,0.193812519,0.0916251913,0.623474956,-0.0402000993,-0.135173112,-0.134855375,0.587889969
0.100622363,0.196072906,0.725561917,-0.223190501,0.210356936,0.665578663,0.680397749,-0.734369218,0.0787630826,0.125611886,0.0217043404,0.0369182304,-0.000211116596,-0.706014633,0.0599591546,-0.0628552288,-0.0431417637,0.146290109,0.00147516408,-0.0278658401,0.0423143841,0.0877237543,-0.0686144903,0.205619201,0.0893848985,0.609149754,-0.0713289157,-0.146179885,-0.130046219,0.572399497
0.0997742265,0.18472679,0.720376074,-0.242958933,0.231867537,0.659224212,0.672779202,-0.826244652,0.0768938139,0.124895796,0.0381442197,0.0508931167,-0.000267165015,-0.796303511,0.0557581745,-0.0620600507,-0.0303165615,0.159162179,0.00159378315,-0.0240393896,0.0410112366,0.100826733,-0.106126316,0.218563676,0.0868064612,0.592223048,-0.109708488,-0.158781767,-0.124566317,0.554272711
0.099026829,0.174745589,0.714723766,-0.262433946,0.252865463,0.652579308,0.664325058,-0.917855501,0.0749124661,0.123135909,0.0579155274,0.0666678101,-0.000278302003,-0.885782182,0.051500421,-0.0600415021,-0.0137706129,0.173524514,0.00167956308,-0.0195422117,0.0396212675,0.11668016,-0.149048239,0.23107706,0.0838122666,0.573250771,-0.151168495,-0.172049314,-0.118725263,0.534907877
0.0988812372,0.164847225,0.708838582,-0.282411098,0.273919672,0.645076871,0.655047953,-1.01043153,0.0743731707,0.120299309,0.0792776719,0.0840748549,-0.000274534803,-0.977411687,0.0487344451,-0.0571710207,0.00505638821,0.189008832,0.00177472353,-0.0179882962,0.0388823226,0.130278811,-0.196177185,0.244519606,0.0804601759,0.55382961,-0.200622812,-0.186117291,-0.112143129,0.514231086
0.0994002372,0.154056877,0.702803731,-0.302598357,0.294791102,0.636372745,0.64541626,-1.10534883,0.0750090554,0.116262361,0.098746784,0.103307821,-0.000264020666,-1.07335424,0.0477479547,-0.0540451929,0.0259308275,0.204261705,0.00180588069,-0.0157607477,0.0355906971,0.143638879,-0.24466373,0.268095344,0.0780969337,0.532131076,-0.252649814,-0.198906183,-0.103860572,0.49263382
0.0999135897,0.144888237,0.69541806,-0.322774291,0.315310061,0.626846611,0.635184705,-1.19747841,0.0766205713,0.110788174,0.120070346,0.123295896,-0.000187002399,-1.16916025,0.0477075465,-0.0492575355,0.0505700931,0.220474899,0.00186527485,-0.0170644224,0.034358751,0.158094421,-0.300053,0.289409369,0.0751317143,0.510004759,-0.315030843,-0.212383047,-0.0954893231,0.469913781
0.100746535,0.135571331,0.687037408,-0.343868524,0.335589796,0.616040409,0.624201953,-1.29278052,0.0799917579,0.103966258,0.141088694,0.143372297,-0.000130753557,-1.26781511,0.0497176088,-0.0435619913,0.0762568042,0.236948192,0.00192560465,-0.0236277822,0.0322460979,0.164850831,-0.357212424,0.31786716,0.074738346,0.488611698,-0.387707263,-0.223303586,-0.0861153603,0.447286397
0.101312608,0.126923114,0.678040862,-0.364284694,0.355224013,0.604653478,0.612786055,-1.38726985,0.0822713599,0.0960827991,0.163353786,0.163272738,-2.764296e-05,-1.36566317,0.0509771369,-0.0360393375,0.103050716,0.253369302,0.00203287764,-0.0303647239,0.0281362943,0.172022045,-0.41836682,0.348693639,0.0740387291,0.466413528,-0.4680053,-0.233988196,-0.076688908,0.42588377
0.101638883,0.118484251,0.668687344,-0.383713931,0.374192417,0.593326807,0.600589037,-1.47948039,0.0842268392,0.0869487077,0.186141551,0.182124943,4.91910623e-06,-1.46138716,0.0521912947,-0.0274451822,0.131068155,0.268796086,0.00206555263,-0.037656866,0.0224812087,0.175989956,-0.483421654,0.382317334,0.0745861754,0.443272531,-0.55308795,-0.244788513,-0.0683689192,0.406181067
0.102061771,0.111068428,0.658697784,-0.402330071,0.392387331,0.581532538,0.588202894,-1.56934309,0.0852942914,0.0767955184,0.208237365,0.199945748,-3.53937503e-05,-1.55499446,0.0528379567,-0.017802801,0.15907298,0.282893986,0.0021049215,-0.0427092724,0.0170227177,0.177808002,-0.556858242,0.415145963,0.0748852789,0.418583125,-0.641356528,-0.258771539,-0.0610490628,0.389518559
0.10228911,0.104413033,0.64918834,-0.419409454,0.408983767,0.569923878,0.576207221,-1.65574563,0.0855624005,0.0658651665,0.232627243,0.215609029,-4.50522421e-05,-1.64582789,0.0527618676,-0.00742325792,0.189541191,0.295250535,0.00222065905,-0.0476426445,0.0119958399,0.179875061,-0.633617222,0.447072417,0.0747455731,0.39436838,-0.73136127,-0.274816394,-0.0544120297,0.376077205
0.10155873,0.0982989296,0.638614476,-0.434963703,0.42457208,0.558749318,0.56422019,-1.73999453,0.0841540471,0.0548586994,0.25924626,0.228335142,-5.56116356e-05,-1.73436904,0.0513178967,0.00272711227,0.221803248,0.304805934,0.00231890101,-0.0506332479,0.00873268675,0.179965824,-0.711800873,0.474552661,0.0729143769,0.371492028,-0.822298884,-0.292595267,-0.0488193892,0.366192222
0.101620086,0.093984969,0.62796241,-0.448758572,0.437251031,0.548564315,0.553628504,-1.82071948,0.0826329365,0.0434843376,0.291052222,0.237690866,-5.9296337e-05,-1.81767428,0.0496440902,0.0121614216,0.258754253,0.310529202,0.00240593846,-0.0505937114,0.00582397636,0.180306807,-0.79529655,0.498718292,0.0710834563,0.349400133,-0.912827253,-0.31361568,-0.0463295802,0.360122353
0.101528011,0.0923666134,0.618135214,-0.460545003,0.449391454,0.539138377,0.543392479,-1.89525485,0.0809073746,0.0324571431,0.3313649,0.240257055,8.22505463e-05,-1.89745724,0.0479662642,0.0196604338,0.301837921,0.311696231,0.00250247237,-0.0552427359,0.00226151664,0.179541022,-0.878602087,0.518184721,0.0731047839,0.331389904,-1.0016675,-0.327181488,-0.0416655429,0.355559945
0.100922659,0.0898084864,0.606389701,-0.471354693,0.459233105,0.530184209,0.534634888,-1.97048783,0.0776937455,0.0225066133,0.37435165,0.238496035,0.000155230256,-1.9732815,0.044599615,0.0244601592,0.346171916,0.30802542,0.0025311741,-0.0554547012,0.00118257594,0.176102743,-0.957778871,0.527823329,0.0715635642,0.31844604,-1.08539975,-0.339222282,-0.0391901471,0.356366396
0.101445213,0.0888310075,0.595093727,-0.479253292,0.466669768,0.522250116,0.528952241,-2.03799009,0.0767302141,0.01274963,0.421953857,0.232405916,0.00022328028,-2.04124928,0.0428274423,0.0252265427,0.395283908,0.299772143,0.00252181245,-0.0568293668,-0.000838766224,0.17453751,-1.02859437,0.530325055,0.0684084967,0.311076701,-1.16085351,-0.344875216,-0.0369072892,0.361031026
0.101561703,0.0881719589,0.58439219,-0.485840589,0.473875582,0.516753137,0.521888077,-2.09791207,0.0753749833,0.00345321768,0.473917156,0.221596643,0.000324194378,-2.10236025,0.0413149819,0.0226269085,0.448515683,0.287446082,0.00250313268,-0.0612392686,-0.00344432541,0.174750224,-1.09008777,0.532742202,0.0676142052,0.312064856,-1.22873795,-0.33880344,-0.0329208001,0.366689086
0.102571741,0.0871392116,0.572264373,-0.49381572,0.477180362,0.511620998,0.516419232,-2.15943027,0.0734968781,-0.00518113095,0.523290098,0.207754612,0.000322874519,-2.16225648,0.0374733135,0.016612269,0.499957532,0.271360457,0.00242762221,-0.0607262477,-0.00104677165,0.168310374,-1.14961743,0.526734293,0.0622580014,0.314434916,-1.28566813,-0.335310876,-0.0335639194,0.375284225
0.103247896,0.0872361511,0.562416732,-0.499086946,0.482384294,0.506373227,0.51166749,-2.21177959,0.0721280128,-0.0132499067,0.574668169,0.191610307,0.000341521372,-2.2153008,0.0339643881,0.00750505086,0.551837385,0.253262162,0.00233311369,-0.0654031783,-0.00319931516,0.166870758,-1.20396686,0.526132703,0.0622483566,0.321562469,-1.33615351,-0.322987437,-0.0318866968,0.382290214
0.10401696,0.0868954435,0.55117476,-0.50406599,0.485427916,0.502438664,0.507772386,-2.26170564,0.0701841936,-0.0208548773,0.624163568,0.173308596,0.000345549459,-2.26598144,0.0291381255,-0.00356765348,0.603504419,0.233077615,0.00236073555,-0.0687557012,-0.00204116036,0.160441548,-1.24754572,0.522323728,0.0600728542,0.330544919,-1.37701857,-0.310627222,-0.0306574982,0.391159415
0.103937306,0.0878009498,0.541344941,0.508251369,-0.487854511,-0.499405175,-0.504254878,-2.30476284,0.068114467,-0.0267328639,0.672961831,0.153599992,0.000338465994,-2.30942321,0.0213187058,-0.0154663445,0.656667888,0.211255118,0.00221412233,-0.068887867,-0.00217487686,0.159426242,-1.28586781,0.515294194,0.0571446978,0.339149058,-1.41198885,-0.298930317,-0.0321479626,0.399542898
0.104141571,0.0883229151,0.531414866,0.512048125,-0.49072206,-0.496652603,-0.50033462,-2.34570456,0.0655730143,-0.0317123346,0.719579279,0.133176386,0.000309468596,-2.35161018,0.0129809454,-0.0280573498,0.706070364,0.188624069,0.00214985595,-0.0686172545,-0.0031750307,0.155854329,-1.31800866,0.507469833,0.0554550923,0.347464323,-1.43897593,-0.291171402,-0.0354481786,0.407613546
0.103533283,0.0890919343,0.521387815,0.515731394,-0.492884755,-0.492704391,-0.498325229,-2.38463926,0.0616374835,-0.0359608345,0.760669827,0.112955056,0.000260766945,-2.39148116,0.0024313794,-0.0407453254,0.751978099,0.166249916,0.00206422247,-0.064070031,-0.0016671567,0.15185675,-1.34571457,0.494645774,0.0522419699,0.354947925,-1.46476448,-0.287330806,-0.0412456803,0.416067421
0.103244469,0.0899290964,0.514134943,0.516985774,-0.496741772,-0.489650995,-0.49620077,-2.41448975,0.0589528754,-0.0400403365,0.799113035,0.0932895169,0.000258147717,-2.4238584,-0.00580517203,-0.053006772,0.793974102,0.144806862,0.00203199661,-0.0610540733,-0.00382242096,0.152527362,-1.36865711,0.48349902,0.0521750376,0.362640321,-1.48652041,-0.281752527,-0.0467704237,0.422832698
0.103767715,0.0913582817,0.506253779,0.519368052,-0.498532444,-0.487342238,-0.494185776,-2.44238138,0.0560601205,-0.044554431,0.833218873,0.0748281553,0.000165356381,-2.45222616,-0.0125401951,-0.0643934608,0.831537247,0.124661446,0.00206555612,-0.0604407676,-0.00315317931,0.15148364,-1.38711464,0.474741042,0.0536058433,0.369796485,-1.50461733,-0.274131656,-0.0521139316,0.429376841
0.103101879,0.092943646,0.499417275,0.521628559,-0.499931276,-0.484274238,-0.493407398,-2.46609664,0.052797731,-0.0484383292,0.862867057,0.0581953824,5.81659515e-05,-2.47663832,-0.0203349311,-0.0734451488,0.864710808,0.10546536,0.00188334915,-0.0572230779,-0.00307339337,0.149040714,-1.40021276,0.462190211,0.0531993061,0.37662372,-1.51791918,-0.264142156,-0.057613004,0.435874015
0.103857718,0.0950553864,0.494173706,0.522247612,-0.500751197,-0.483179301,-0.492994398,-2.48291779,0.0518085659,-0.0534158796,0.891028821,0.0426207446,5.86116112e-05,-2.49482942,-0.0254307445,-0.0832570493,0.895041525,0.08797203,0.00192075153,-0.0571018457,-0.00295444601,0.148539707,-1.40764463,0.445251763,0.0528196506,0.38387838,-1.5251503,-0.246470273,-0.0601411574,0.441452056
0.102999248,0.0970725864,0.489211321,0.522731006,-0.499791801,-0.480938196,-0.49564001,-2.49644566,0.0491604395,-0.0577969402,0.913754821,0.0288181994,2.54465049e-05,-2.50900483,-0.0316250138,-0.0916260108,0.920363843,0.0726044402,0.00195079704,-0.0565396473,-0.0010557177,0.145346269,-1.41112244,0.417682052,0.0504507832,0.390699536,-1.52831447,-0.224711016,-0.0606761575,0.446850389
0.1040546,0.0992588401,0.487522125,0.519865811,-0.499337941,-0.482650965,-0.497442812,-2.49736381,0.0507215373,-0.062495634,0.937996089,0.0163734034,7.31572509e-05,-2.51098204,-0.0325713418,-0.0995665342,0.944078028,0.0595758781,0.00202004169,-0.0605436079,-0.00262363325,0.148620337,-1.40619314,0.395539552,0.0544182733,0.397793204,-1.52456474,-0.196421713,-0.059715312,0.450211287
0.104295164,0.10117723,0.487880141,0.518571734,-0.49648726,-0.484095186,-0.500235558,-2.49743891,0.0480969548,-0.066393882,0.954997182,0.00436342228,0.00013948977,-2.50835752,-0.0359274633,-0.104747772,0.960206985,0.0484413058,0.00188936514,-0.0603795983,-0.000311551586,0.147303835,-1.39885604,0.37503624,0.0633817837,0.403691828,-1.51663339,-0.181200325,-0.0665154532,0.452549636
0.104052193,0.102652133,0.487664193,0.515410662,-0.492865175,-0.486311525,-0.504912674,-2.48697495,0.0465417989,-0.0692277104,0.96524334,-0.00333567336,0.000111020643,-2.49707294,-0.0377523415,-0.108726189,0.96922791,0.0398695953,0.00173818355,-0.0566498674,-0.000286703347,0.149781778,-1.38867247,0.365436286,0.0724418312,0.409131914,-1.50605953,-0.176907197,-0.0756903812,0.455594063
0.103684321,0.103773646,0.492293209,-0.510591567,0.48874706,0.488945842,0.511228442,-2.46798086,0.0461390316,-0.0720940381,0.968777597,-0.00909534842,0.000180995397,-2.47707629,-0.0372257531,-0.111698151,0.969307482,0.0343976319,0.00149865553,-0.0553224087,-0.00171469583,0.153123617,-1.37178504,0.364581883,0.0826262981,0.414564341,-1.48926473,-0.176542073,-0.0839601308,0.458135813
0.103578746,0.105057687,0.49872905,-0.505161822,0.482065916,0.495499372,0.516627967,-2.43626976,0.0462477989,-0.0751461014,0.965879738,-0.0117897885,0.000307753362,-2.44292116,-0.0350884497,-0.113096394,0.964579344,0.0322842486,0.00124815886,-0.052555427,-0.00270692073,0.165022135,-1.3518039,0.360495895,0.0891025066,0.419082522,-1.47183478,-0.181764662,-0.0918898508,0.460115165
0.103879534,0.106161281,0.506643832,-0.499829441,0.474857628,0.500214636,0.523895264,-2.40192986,0.0463766158,-0.0781095773,0.952763259,-0.0111765256,0.00040907861,-2.40513849,-0.0314601287,-0.114193566,0.946476817,0.033509586,0.00106168806,-0.0510328673,-0.00154576229,0.168680117,-1.32505822,0.352620363,0.0924104601,0.42361477,-1.44963789,-0.187771067,-0.0980459154,0.462434083
0.103588499,0.107256278,0.516382039,-0.492282093,0.467440486,0.505145371,0.532903194,-2.35790324,0.0488783196,-0.0819297507,0.934863806,-0.00723626884,0.000494868553,-2.35902834,-0.0244650394,-0.11465551,0.923988342,0.0382796451,0.000914937118,-0.0542560369,-0.002266614,0.173068583,-1.28840899,0.35088712,0.0975963697,0.428527534,-1.42448854,-0.182886139,-0.0978919566,0.462743759
0.10191983,0.109108388,0.527417362,-0.483526111,0.457328737,0.512118161,0.542943835,-2.30412269,0.0510699265,-0.082860209,0.914726794,-0.00076257094,0.000568419287,-2.30234122,-0.019027466,-0.112761967,0.897200525,0.0457054898,0.000757617585,-0.0565048642,-0.00248418446,0.178611025,-1.24541855,0.343660355,0.100090854,0.432542413,-1.39161551,-0.176559731,-0.0971729606,0.463194072
0.102024302,0.111402176,0.539223194,-0.4723019,0.446159601,0.520303667,0.55421716,-2.24395132,0.0546407439,-0.0839553028,0.89533633,0.00724859489,0.00060662569,-2.23887539,-0.0111851189,-0.109856158,0.869851589,0.0551890321,0.000596924452,-0.0601486973,-0.00380120799,0.184402153,-1.19597185,0.337597221,0.102269411,0.436653674,-1.35204864,-0.169694752,-0.0929888412,0.462179601
0.101645678,0.114307337,0.552829802,-0.460140437,0.43388015,0.530191362,0.564726532,-2.17593789,0.0593074039,-0.0837196484,0.874396026,0.0167570338,0.000637058925,-2.16812491,-0.00329846865,-0.105760388,0.843177557,0.0661622286,0.000468294602,-0.063765116,-0.00496359635,0.191066518,-1.13999307,0.33111912,0.102636233,0.439731032,-1.30771565,-0.163349107,-0.0869004726,0.460455537
0.0996169299,0.118728027,0.566812932,-0.448084086,0.422786385,0.537510276,0.575808227,-2.10806274,0.0612937734,-0.0800600722,0.849833786,0.0263307448,0.000695583818,-2.09773898,0.00314338738,-0.0977201164,0.811221778,0.0779414773,0.000377564545,-0.0642976463,-0.00518623507,0.187735811,-1.07748806,0.323278576,0.10168463,0.442684919,-1.25595939,-0.162395984,-0.08160723,0.457199395
0.0983377919,0.122581251,0.581172526,-0.432974458,0.408697098,0.548029006,0.587506652,-2.02992916,0.0629066378,-0.075547874,0.82539916,0.0365436599,0.000739053998,-2.01842284,0.0104296207,-0.0885259435,0.780577779,0.0906958878,0.000301515742,-0.0649447814,-0.00690750405,0.192206264,-1.01544714,0.316704869,0.100103118,0.444266647,-1.19943988,-0.163166791,-0.0748494864,0.451937735
0.0980276167,0.127806947,0.595238805,-0.41648677,0.392336965,0.560237408,0.59895283,-1.94688737,0.0650003478,-0.0712218657,0.803751707,0.0462775305,0.000776921399,-1.93425715,0.0187478121,-0.0781388655,0.754601181,0.10259448,0.000233065351,-0.0646346137,-0.00575579051,0.197696373,-0.949987054,0.310382247,0.0972113237,0.445032239,-1.13725805,-0.163450181,-0.065553546,0.443513453
0.0983689576,0.13330926,0.609641016,-0.398679018,0.376125783,0.571912587,0.610328197,-1.86054838,0.0694801137,-0.0645738766,0.780501544,0.0551883951,0.000786299002,-1.84897566,0.0277035702,-0.066279076,0.729895771,0.113218054,0.000121324498,-0.0648273677,-0.00583926868,0.202429295,-0.883730292,0.306516945,0.0935436785,0.444205642,-1.07183194,-0.164632067,-0.0553986393,0.431854993
0.0977818072,0.139029562,0.623627901,-0.381057054,0.359684318,0.583191395,0.620733798,-1.77315736,0.0691158101,-0.0597271472,0.757094741,0.0629098564,0.00085405237,-1.76308227,0.0368817076,-0.0536348261,0.704812765,0.122971058,1.1141512e-05,-0.0641606078,-0.00557044335,0.205944508,-0.817648113,0.30576843,0.0898938999,0.442115754,-1.00591815,-0.167739227,-0.0448493697,0.416907907
0.0967517346,0.145310819,0.637663245,-0.363228232,0.342725575,0.594202459,0.630498171,-1.68503618,0.0682123154,-0.0550206713,0.732320487,0.0696730688,0.000891347823,-1.67591369,0.0440130197,-0.0395704284,0.68062216,0.13176018,-0.00012288033,-0.0605967902,-0.00395777356,0.208621696,-0.755160511,0.300439745,0.0815959573,0.437604427,-0.936429024,-0.176761791,-0.0364366286,0.401490927
0.0962079689,0.151841581,0.651119888,-0.344763845,0.326032341,0.604724824,0.639647305,-1.5949862,0.0657791272,-0.0519547313,0.705596268,0.0759974793,0.000946488231,-1.58694315,0.0513076484,-0.0256635249,0.655046821,0.140328929,-0.000262873364,-0.0578927547,-0.00268611126,0.211540267,-0.692038178,0.2961649,0.0720829591,0.433082312,-0.867623091,-0.185475543,-0.0287795477,0.383680373
0.0955267474,0.158986062,0.663753748,-0.326753855,0.309014052,0.614442885,0.648230076,-1.50619364,0.0627470687,-0.0495293476,0.678864539,0.0821084678,0.000997439958,-1.4979732,0.0577951893,-0.0118482476,0.628596663,0.148485184,-0.000388086104,-0.0553845018,-0.000171242544,0.210599944,-0.630497396,0.292777061,0.06328585,0.428170353,-0.799968302,-0.192953989,-0.0211196858,0.366382241
0.0949219763,0.166422606,0.676346064,-0.307944268,0.290735066,0.624765337,0.655981481,-1.41568244,0.05840813,-0.0476766899,0.654002547,0.0872919634,0.00108721072,-1.40636408,0.0630803704,0.0018636774,0.603945434,0.155414343,-0.000483855431,-0.051386416,0.00415971596,0.210755348,-0.572867453,0.286926806,0.0525210761,0.421749204,-0.733586848,-0.199993268,-0.0155370049,0.350374043
0.0949638188,0.174026579,0.687760651,-0.289372414,0.271755904,0.634479284,0.66321063,-1.32677341,0.0550647601,-0.0466507226,0.629967272,0.0915303826,0.0011686713,-1.31637025,0.0681986362,0.0144000147,0.579996645,0.160936818,-0.000549549877,-0.0491750352,0.00827879738,0.207384527,-0.51746738,0.282411635,0.0413255766,0.414940894,-0.668590546,-0.203420088,-0.0102921184,0.335758746
0.0943414941,0.181943178,0.698767126,-0.270746857,0.253534734,0.642553985,0.670477927,-1.23817766,0.0514253825,-0.0457791872,0.606059909,0.0950075611,0.00122851226,-1.2257601,0.0725907981,0.0263010599,0.555092156,0.16539675,-0.000627382891,-0.0488735922,0.0113211358,0.202875838,-0.464116931,0.279603899,0.0304683428,0.408634782,-0.60789299,-0.204421371,-0.00672210567,0.323047668
0.0927463919,0.190179661,0.709632337,-0.252108306,0.236295119,0.649582088,0.677236438,-1.14932191,0.0461653098,-0.0452129655,0.582281411,0.0972020701,0.00128333503,-1.13518322,0.0749423578,0.0379637815,0.529477656,0.16899313,-0.000692876463,-0.0472735353,0.0129029313,0.20056206,-0.414864242,0.277555257,0.0193076506,0.400844812,-0.551689029,-0.202379107,-0.000976367155,0.31003046
0.0917840451,0.198552266,0.718976676,-0.233929902,0.218472451,0.656823337,0.682736933,-1.06135738,0.041898638,-0.0450907834,0.558532298,0.0983721912,0.00134710781,-1.04477537,0.0774117187,0.0480507202,0.502823412,0.171545133,-0.000738078146,-0.0476665422,0.0149985123,0.19797951,-0.367843956,0.277420044,0.00958089065,0.393145889,-0.499589622,-0.201167598,0.00328994333,0.2966052
0.0922439992,0.206774011,0.726955354,-0.215781644,0.199981377,0.663738012,0.687675536,-0.97699064,0.0394822508,-0.0457566194,0.536763251,0.098290056,0.00138895866,-0.956750095,0.0802928358,0.0564739518,0.477267861,0.172685951,-0.000765772478,-0.0492333956,0.0161070172,0.192311034,-0.323853433,0.278954953,0.00163486088,0.385942221,-0.450184256,-0.200591639,0.00663712993,0.285010248
0.0918805301,0.213577524,0.733730972,-0.198042735,0.182629943,0.669111133,0.692615151,-0.89663142,0.0373708978,-0.0455858782,0.515096068,0.097025834,0.00140577892,-0.87418884,0.0823031664,0.0638123229,0.45239836,0.172301367,-0.000801178277,-0.05192817,0.0179145001,0.185415417,-0.28296873,0.279635847,-0.00571303861,0.379009575,-0.405978113,-0.199917033,0.0100349588,0.274326235
0.0909546465,0.220531732,0.739836395,-0.181013659,0.166559041,0.673565745,0.696994483,-0.81982702,0.0338001028,-0.0445221029,0.495176584,0.0947419107,0.00141938275,-0.794214129,0.0823682472,0.0706196353,0.428249329,0.170870215,-0.000810153666,-0.0520945415,0.0192564614,0.177232102,-0.24529849,0.279640734,-0.0131052043,0.37208119,-0.366251737,-0.201283991,0.0135904578,0.265289724
0.090715006,0.226893023,0.745767713,-0.165408149,0.150966078,0.677648664,0.700458229,-0.748176336,0.0318117477,-0.0440589897,0.475272983,0.0913692415,0.00142322283,-0.718978941,0.0825055018,0.0755449757,0.404089659,0.168230891,-0.000765860896,-0.0521110743,0.0209784377,0.168763697,-0.212414742,0.279114127,-0.0195804201,0.364146829,-0.32975173,-0.203388795,0.0180166941,0.256686836
0.0912767574,0.232675761,0.750011444,-0.149990246,0.135780945,0.681237221,0.703549862,-0.679431736,0.0301604662,-0.0433580652,0.456220388,0.0872853845,0.00142198894,-0.646132469,0.0834513605,0.0786593631,0.379688948,0.164792821,-0.00074967352,-0.0512913875,0.0224889666,0.160587758,-0.182873547,0.278720528,-0.0253272802,0.355505913,-0.293678522,-0.207386017,0.021985244,0.247881576
0.0914091542,0.239914089,0.754765391,-0.134238183,0.121096052,0.68442148,0.70631659,-0.607919276,0.0277449805,-0.0417718217,0.437745214,0.0824218765,0.00143231219,-0.570932686,0.0817885026,0.0815331414,0.355555952,0.160439998,-0.00071760983,-0.0493726917,0.0238230284,0.152589843,-0.154929161,0.275416106,-0.031489566,0.347590238,-0.261054337,-0.21106936,0.0261009876,0.239960045
0.0918960944,0.244950518,0.75817734,-0.119918294,0.108119607,0.686953843,0.708536685,-0.541431308,0.0258089174,-0.039281819,0.414126724,0.0768208802,0.00140734192,-0.502907634,0.0794151574,0.0832456574,0.327979237,0.155160069,-0.000660054677,-0.0483063459,0.0249160733,0.145552322,-0.130067244,0.269267857,-0.0369793177,0.341074139,-0.231058151,-0.21371083,0.0305299889,0.231778041
0.0921889171,0.250680298,0.761103034,-0.106269881,0.096374467,0.689332843,0.710097849,-0.475622982,0.0231595356,-0.035831511,0.388324052,0.0707260743,0.00137628522,-0.434707671,0.076173611,0.0838828608,0.298405737,0.149114177,-0.000611777941,-0.0466642678,0.0252489038,0.138488993,-0.104970142,0.262801051,-0.0412831381,0.336083949,-0.200169608,-0.21473743,0.0344384275,0.223434657
0.0931438357,0.255332261,0.763171434,-0.0948068872,0.0859443247,0.691423297,0.711026788,-0.414424807,0.0226634536,-0.0321671031,0.359106839,0.0636290982,0.00133496255,-0.37084204,0.073079668,0.0824396163,0.264743567,0.142030209,-0.000563904643,-0.0453807339,0.0266622324,0.133874014,-0.0825466663,0.255683154,-0.0451732241,0.331249654,-0.16875571,-0.212980717,0.0380457565,0.214045569
0.0937522948,0.259675354,0.763801694,-0.0842824578,0.0771208704,0.693164706,0.711668134,-0.357533991,0.0220543388,-0.0274603479,0.327449709,0.0555983894,0.001314327,-0.311045676,0.0680502951,0.0799073875,0.228768006,0.134122923,-0.000523851777,-0.0431798436,0.0260548294,0.132924363,-0.0611662902,0.245619923,-0.0494565368,0.325183064,-0.137252748,-0.210764706,0.0403549671,0.204338804
0.0943566337,0.262740582,0.764381289,-0.0757732466,0.0700289011,0.694502771,0.712053537,-0.307527512,0.0224002618,-0.0219540708,0.293574274,0.0468544066,0.00126519811,-0.258108199,0.0624698289,0.0755980313,0.190170839,0.12526764,-0.000456229318,-0.0409366637,0.0259936322,0.132582188,-0.0420767292,0.231891662,-0.0540168472,0.317982912,-0.106956251,-0.205752656,0.0422729515,0.19428733
0.0954711735,0.265169591,0.763632715,-0.0685692355,0.0637057349,0.695152879,0.712742746,-0.263374895,0.0247513317,-0.0163262431,0.260162145,0.0379633792,0.00120352104,-0.2106767,0.0586097054,0.0692485049,0.151439697,0.116311386,-0.000358221674,-0.0402052067,0.0247359183,0.132706851,-0.0228829682,0.219262257,-0.0563609414,0.312911689,-0.0821178332,-0.197236225,0.0448527373,0.185230449
0.0953740329,0.266238034,0.762557983,-0.0629406571,0.0595283173,0.695172787,0.713603377,-0.227597222,0.0245498531,-0.00897200406,0.226159722,0.0296679642,0.00107744872,-0.172915608,0.0531442277,0.0624360591,0.113390632,0.10823717,-0.000162284079,-0.0419274271,0.0236133821,0.129695162,-0.00348485401,0.207188681,-0.0561647862,0.310508698,-0.0607979447,-0.189909875,0.0446120091,0.175031066
0.0964528918,0.266322881,0.761811495,-0.05878013,0.0562717468,0.695216656,0.714179516,-0.200110167,0.0261174645,-0.00189476088,0.195342064,0.0225050729,0.000887183647,-0.145058677,0.0494303219,0.0543991029,0.0793495327,0.101704217,4.53731591e-05,-0.0444493629,0.0232784934,0.127190247,0.0149033051,0.196000949,-0.0560209267,0.308532476,-0.0440068282,-0.180450454,0.0455679856,0.166552469
0.097191371,0.265867144,0.760941684,-0.0561497584,0.0543028526,0.695343196,0.714420199,-0.180456504,0.0268752612,0.00563549343,0.168360487,0.016706042,0.000681899663,-0.125965774,0.0472704843,0.0458070226,0.0508874953,0.096949622,0.000282001216,-0.0472898148,0.0233208425,0.12492691,0.0311882962,0.185524151,-0.0547427684,0.306971967,-0.0291934647,-0.173298925,0.0439683087,0.158289373
0.0971692652,0.265506387,0.76044023,-0.0538427792,0.0532344207,0.695912063,0.714124262,-0.163434163,0.0259588808,0.0137046985,0.144465894,0.0121007944,0.000541687419,-0.110265099,0.0429578461,0.0379565954,0.0282564461,0.0935655832,0.000455586589,-0.0487635173,0.0229124427,0.124330238,0.0445643924,0.175294831,-0.0534022488,0.304269016,-0.0155814867,-0.168599963,0.0407940969,0.150210172
0.0985031724,0.265298128,0.759341538,-0.0523632318,0.0517908782,0.696754932,0.713518262,-0.148217171,0.0286027808,0.0204877518,0.123134427,0.00845005456,0.000420476455,-0.0956738889,0.0420109928,0.029536223,0.00906180963,0.091153942,0.000547079486,-0.0507667661,0.0225079358,0.122332357,0.057002686,0.167999402,-0.0508793332,0.301219314,-0.00272440282,-0.165315121,0.0371558443,0.143596232
0.0988932401,0.265497983,0.758367062,-0.0506684631,0.0503298417,0.69783628,0.712687969,-0.133153483,0.0303071141,0.0272710696,0.103978693,0.00524061732,0.000363643601,-0.0809684694,0.0400880463,0.0219232421,-0.00794574153,0.0892500207,0.000626303838,-0.0522423461,0.0235899631,0.117854387,0.0671221465,0.161759585,-0.0491475351,0.29821223,0.00941857696,-0.164769009,0.0331510082,0.140343517
0.10008458,0.264645457,0.757706761,-0.0499514826,0.0493895039,0.698946476,0.711715817,-0.123186775,0.0325600281,0.0336583555,0.0866739303,0.00260174926,0.000228601813,-0.0706769004,0.0400721803,0.0139417397,-0.0235106237,0.0880225748,0.000718046329,-0.0528207868,0.0247566868,0.1129122,0.0752239898,0.159752637,-0.0472584255,0.294722021,0.0197497159,-0.165261403,0.0287742857,0.139288515
0.100319818,0.264719874,0.756953359,-0.0491424389,0.048614718,0.699953377,0.710835457,-0.114956498,0.0338287093,0.0398005173,0.0722419173,0.000608666684,0.000166977508,-0.0618700497,0.0393578745,0.00668860925,-0.0364831835,0.0872713923,0.000809366291,-0.0528275855,0.0255516991,0.108597502,0.0812097043,0.156949356,-0.0470361784,0.290315956,0.0285979025,-0.166084915,0.0253686272,0.140404031
0.100627109,0.263617039,0.756684184,-0.0487446859,0.0488931909,0.700818717,0.709990561,-0.11059697,0.033598166,0.0459634177,0.0598424189,-0.000690287969,8.25473398e-05,-0.0576216616,0.0376273952,-0.000114149356,-0.0475039035,0.0870762467,0.000902902626,-0.0525137186,0.0266131945,0.106248327,0.0852851123,0.155537024,-0.0471119732,0.286377281,0.0347491279,-0.167016178,0.0217799228,0.141517878
0.10168127,0.262685418,0.756237686,-0.0488253459,0.0486933962,0.701462865,0.709362328,-0.107056148,0.0357904844,0.0511312187,0.0497910865,-0.00115600775,-5.4607716e-07,-0.0545880385,0.0380684026,-0.00693056826,-0.0558411479,0.087551333,0.000964186911,-0.0532037131,0.0273636393,0.103743285,0.0872683898,0.154694512,-0.0477315597,0.28277722,0.0383653864,-0.166513175,0.0189780928,0.140138
0.101550169,0.2621198,0.755523384,-0.0482774787,0.0480783023,0.702052712,0.708858132,-0.101913124,0.0363907926,0.0561872646,0.041058667,-0.0015658841,-1.05849904e-05,-0.0499671176,0.0371465571,-0.0127372844,-0.062907666,0.0881264061,0.000997334253,-0.0547849275,0.0279282052,0.10073553,0.0895297527,0.155915126,-0.0473449975,0.280275136,0.0421259999,-0.166909829,0.0160461254,0.139908656
0.0998867601,0.264964551,0.755463779,-0.046927765,0.0462685786,0.702871323,0.708257675,-0.0911559686,0.0350338779,0.0611473657,0.0341522768,-0.00226954627,2.15734199e-05,-0.0383960605,0.0334440358,-0.0166471731,-0.0684238449,0.0885563195,0.00099256041,-0.0567795224,0.0291732363,0.0927133933,0.095338732,0.157187119,-0.0472767651,0.280021399,0.0489009768,-0.165682703,0.0148245459,0.140510455
0.100396417,0.265615433,0.755070686,-0.0459957831,0.045189593,0.703564584,0.707699835,-0.0838507861,0.0357562564,0.0652526319,0.0265647843,-0.00280184415,3.60058539e-06,-0.0298925042,0.0328718573,-0.020875955,-0.0757171065,0.0888547152,0.00100190577,-0.059192352,0.0293315463,0.0886085033,0.0996920913,0.158152446,-0.0477981009,0.280562431,0.0537056923,-0.163994595,0.0138131604,0.139984176
0.104637377,0.26116395,0.754534364,-0.0476776063,0.0468222164,0.703799963,0.707248211,-0.0896743238,0.0415130444,0.06825082,0.01838094,-0.00262284954,-0.0001269036,-0.0355982296,0.0395140238,-0.0277881864,-0.084301427,0.0897196159,0.00109107874,-0.060371954,0.0288932137,0.0913267657,0.0952434391,0.159799889,-0.047610458,0.278790474,0.0520706512,-0.160906464,0.0129933078,0.13825345
0.105776399,0.260722309,0.754299581,-0.0481114425,0.0462527052,0.704144776,0.706913173,-0.0893952474,0.0459416434,0.0708864331,0.0149254147,-0.00219086977,-0.000126380168,-0.0348234475,0.0429809578,-0.0330495387,-0.0872087032,0.0910166651,0.00113335205,-0.0617021136,0.0293249283,0.0916331112,0.0922229365,0.160193175,-0.047206223,0.277450114,0.0504137911,-0.158703417,0.0121516082,0.137572631
0.106310382,0.260413319,0.75411129,-0.0483496487,0.0462046377,0.70462358,0.706422746,-0.0896547884,0.0476160459,0.0735903308,0.012533078,-0.00156503438,-0.000139269803,-0.035628818,0.0438906029,-0.0373480469,-0.0872668549,0.0921963379,0.00114011229,-0.0621748008,0.0291573945,0.090515621,0.0909285843,0.160817593,-0.0459470823,0.276953459,0.0493733659,-0.158954293,0.0111316117,0.137363017
0.10301923,0.263758153,0.75427562,-0.0471294113,0.0445089936,0.705521166,0.705717742,-0.0817586705,0.0442795046,0.0769027025,0.0115447361,-0.0014554048,-5.05871612e-05,-0.0270205643,0.0379946753,-0.0385336056,-0.0872669965,0.0930083618,0.0010924238,-0.0629065931,0.0298988372,0.0855717286,0.0927285254,0.159829915,-0.0457862541,0.276590675,0.0559848286,-0.155966312,0.010305631,0.138076127
0.103328988,0.263857245,0.754385948,-0.0467346273,0.044265002,0.7063272,0.704952776,-0.0789332762,0.0441554822,0.0793590695,0.00802304503,-0.00146188622,-4.97375768e-05,-0.0247350615,0.0370753631,-0.0408344455,-0.0872669965,0.0932960212,0.0010659484,-0.0643987879,0.029453557,0.0858347714,0.0927408785,0.158770368,-0.0461741835,0.276449949,0.0591441914,-0.153353617,0.0095273694,0.137256891
0.103743076,0.263951749,0.754386902,-0.0465841778,0.0440124907,0.707053363,0.704250216,-0.0772397071,0.0448623709,0.0814315751,0.00471179001,-0.0013973841,-4.85532146e-05,-0.0236358531,0.0372485816,-0.0428824797,-0.0872669965,0.0934603587,0.00106146093,-0.0655155256,0.0295910891,0.0858992934,0.0926840305,0.15830487,-0.0464722551,0.276766181,0.0610314757,-0.151731282,0.00959008466,0.135718971
0.103829719,0.264047146,0.754471362,-0.0462145209,0.0441447273,0.707625926,0.703691065,-0.0754633248,0.0442395248,0.0834893957,0.00193330529,-0.00129843852,-3.21535917e-05,-0.022830233,0.0361868069,-0.0446098633,-0.0872669965,0.0935020745,0.00106178154,-0.0662640631,0.0297861286,0.0858283117,0.0919377729,0.158130795,-0.0462776199,0.276447296,0.0616265759,-0.151049793,0.00918561406,0.135012031
0.105516694,0.26437071,0.754372478,-0.0462091006,0.0439184643,0.708026767,0.703302264,-0.0741912499,0.047042001,0.0844688267,-0.000220972448,-0.000996654504,-4.22950689e-05,-0.0215453487,0.0391290225,-0.0472184718,-0.0872669965,0.0935856327,0.00106749893,-0.0671040863,0.029064443,0.0858032554,0.0913146362,0.158783421,-0.045893088,0.276243001,0.0615252852,-0.150296614,0.00925757736,0.135133699
0.105585709,0.264157057,0.75452739,-0.0461807363,0.0443567857,0.708032608,0.703270614,-0.0741584748,0.0463443659,0.0861275792,-0.00194120721,-0.000569739961,-4.30842738e-05,-0.022360079,0.0382923037,-0.0490620062,-0.0872669965,0.0935937017,0.00107745524,-0.0669108331,0.029179845,0.0860048383,0.0906920284,0.159388915,-0.0454551205,0.276174277,0.06152476,-0.149880067,0.00907390937,0.135532156
0.107648224,0.261929154,0.754332781,-0.0469397567,0.0456248857,0.707738042,0.703435779,-0.0788968727,0.0483278409,0.0871438086,-0.00365097751,0.000142949735,-8.58116255e-05,-0.0285409316,0.0407558791,-0.0519842915,-0.0872669965,0.0937215909,0.00109794247,-0.0669330731,0.0287074726,0.0896799043,0.0880210996,0.159756154,-0.0452448614,0.275443465,0.0588324964,-0.148912877,0.00925978553,0.134007484
0.101207644,0.265107274,0.754564166,-0.0452214405,0.0456134938,0.707931995,0.703354001,-0.073499687,0.0382753424,0.0903891325,-0.00343757053,0.000373621879,8.39219938e-05,-0.023078965,0.0281423442,-0.0495277233,-0.0872669965,0.0933728889,0.00106672035,-0.0663993657,0.0293525364,0.0852195024,0.0901069492,0.157385081,-0.0455456153,0.2764543,0.0613104142,-0.15166913,0.00757446885,0.134334624
0.107312456,0.26222682,0.754626334,-0.0463624075,0.0467286706,0.707695246,0.703444779,-0.0787562281,0.0444464535,0.0902461186,-0.00506467698,0.00110615813,-0.000102954677,-0.0292710792,0.0364001915,-0.0532423183,-0.0872669965,0.0935484096,0.00107478118,-0.0667975396,0.0286443047,0.0897640958,0.0871042311,0.158848539,-0.0453332923,0.275673151,0.0577329881,-0.150973126,0.00754999928,0.133295238
0.106983542,0.261659294,0.754632473,-0.0468409024,0.0475205369,0.707278848,0.703778625,-0.0816992074,0.0448806062,0.0910497755,-0.00451008463,0.0021810811,-6.18066115e-05,-0.0329198763,0.0371138826,-0.0549417324,-0.0872669965,0.0939390734,0.00113541516,-0.0662226528,0.0287552383,0.0912871808,0.0841003582,0.159271777,-0.0443711877,0.275527805,0.0531259142,-0.151529908,0.00740458397,0.133984104
0.104488358,0.264374375,0.754662037,-0.0460193232,0.0466228761,0.707230091,0.703941822,-0.0770258382,0.041926071,0.0922544897,-0.00307365763,0.00266048755,1.28099546e-05,-0.0273326393,0.0326724201,-0.0544826165,-0.0872669965,0.0941153392,0.00109491544,-0.0662940592,0.0290438049,0.0885699317,0.0854370743,0.160092041,-0.043618191,0.275820315,0.0548607744,-0.150972858,0.00727137225,0.135305107
0.103783682,0.264837533,0.754926145,-0.0453918204,0.0465823263,0.706992507,0.704223871,-0.0745543391,0.0402045101,0.0933252126,-0.00390441227,0.00291238981,4.48614119e-05,-0.0252449047,0.0305654947,-0.0546890199,-0.0872669965,0.0939912274,0.00109345221,-0.0666154027,0.028908439,0.0893144459,0.0859574154,0.160044238,-0.0439303406,0.275923431,0.0549084172,-0.15135923,0.00672239484,0.135374323
0.105390988,0.261746526,0.75486958,-0.046375066,0.0485161133,0.706415713,0.704607964,-0.080991745,0.0409515463,0.0941953585,-0.00577700185,0.00365944207,3.26094801e-06,-0.0335661583,0.0324017815,-0.0566175096,-0.0872669965,0.0939950123,0.00114294211,-0.0661423802,0.0284009911,0.0933121368,0.0812818408,0.159934387,-0.0442995168,0.274890006,0.0496746339,-0.151883632,0.00678384164,0.134282961
0.105516173,0.261527032,0.754976153,-0.0468855426,0.048848182,0.706065178,0.70490253,-0.0832767338,0.0415017307,0.0946646854,-0.00491422322,0.00456295116,-8.24239487e-06,-0.0362270661,0.0329651907,-0.057724189,-0.0872669965,0.0943711475,0.00116537034,-0.0653267801,0.0285973307,0.0938302651,0.0777324289,0.160472572,-0.0438324325,0.274154007,0.0466668233,-0.15208891,0.00654577836,0.13499926
0.105020002,0.261330098,0.754806876,-0.0472844131,0.0490115508,0.705806673,0.705123365,-0.0848779082,0.0417091474,0.0951716453,-0.00428593997,0.00529482914,1.6357546e-05,-0.0377602689,0.0329362676,-0.0584560074,-0.0872669965,0.0948259383,0.00117029727,-0.0645859614,0.0286182724,0.0947685465,0.0749109387,0.161421239,-0.0435066484,0.273602188,0.0451044366,-0.151701421,0.00671150023,0.134971276
0.104650758,0.261316478,0.754923284,-0.0475573316,0.0489122383,0.704956114,0.70596236,-0.0854725912,0.0419680811,0.0955124348,-0.003297552,0.00591148948,2.43428058e-05,-0.0383380763,0.0329588316,-0.0590126999,-0.0872669965,0.0952736288,0.0011729619,-0.0639377907,0.0285208896,0.0951206759,0.0726352483,0.162415355,-0.0429914482,0.272701085,0.0440197513,-0.15164201,0.00691503426,0.134848401
0.12667577,0.234957665,0.754427731,-0.0561065935,0.0572295003,0.701699197,0.707951307,-0.138788328,0.0695396513,0.093024604,-0.00526458584,0.0071404092,-0.000602635904,-0.0993926898,0.0730285347,-0.0747726113,-0.0872669965,0.0955599025,0.00143646344,-0.0610448495,0.0258262344,0.122557089,0.0504477322,0.168975353,-0.040146064,0.270709038,0.0161067173,-0.15038906,0.0100431638,0.131191283
0.127416193,0.232744887,0.753455162,-0.060413003,0.0578674152,0.698802114,0.710406423,-0.161642343,0.0821001679,0.0903161168,0.0137697384,0.00942227896,-0.000578348408,-0.12250793,0.0842635259,-0.0818142369,-0.074575752,0.0984588638,0.00155624247,-0.0554551072,0.0272380821,0.126782775,0.0374403149,0.176507324,-0.0334523618,0.268491924,-0.000853403355,-0.150138572,0.0111733796,0.131700143
0.127728224,0.231926352,0.753825784,-0.0621337295,0.0578954965,0.696318924,0.712690353,-0.173518941,0.0876228362,0.0879269317,0.0339007676,0.0114310347,-0.000639179081,-0.135131106,0.0880620927,-0.0858544335,-0.0595425367,0.101358071,0.0015247839,-0.0502212644,0.0277319923,0.128145665,0.0306557547,0.180764437,-0.0289693046,0.267638087,-0.0101843914,-0.149600953,0.0123800673,0.133119613
0.12757805,0.23153916,0.754500091,-0.0629427806,0.0578772761,0.694291174,0.71459651,-0.181836963,0.0904303491,0.0856352672,0.0511554554,0.0126155606,-0.000710397901,-0.144454598,0.0896972418,-0.0878547579,-0.04581514,0.103685655,0.00146106444,-0.0456522368,0.0278253667,0.128889889,0.0272508208,0.182749584,-0.0256315861,0.267516673,-0.0155139165,-0.149738356,0.0131732244,0.134728923
0.127269104,0.23127915,0.755215406,-0.0636544079,0.0576912835,0.692636013,0.716153085,-0.188225836,0.0926772952,0.0833003148,0.0653991997,0.0130878827,-0.000788559148,-0.151876152,0.0909326598,-0.0886079818,-0.0340878032,0.105533473,0.00139182527,-0.0415564105,0.0278429389,0.129414111,0.0244314577,0.183546558,-0.0231641494,0.267023891,-0.0188512523,-0.150152922,0.013175942,0.136153579
0.127341613,0.231183603,0.755792439,-0.0639659986,0.0573539361,0.691637039,0.71711725,-0.192580953,0.0946686566,0.0809345469,0.0773699507,0.0130984178,-0.000879832252,-0.157303572,0.0924191624,-0.0885249227,-0.0239180923,0.106945634,0.00131975929,-0.0386549532,0.0283186603,0.129928827,0.0229174457,0.183838278,-0.0213770755,0.26693964,-0.0213149693,-0.149666369,0.0136095053,0.137333423
0.10575708,0.25753957,0.756465137,-0.0553451926,0.0485980995,0.693195164,0.716976702,-0.141787946,0.0676989928,0.0849998817,0.0881359875,0.0116678039,-0.000443818746,-0.103234321,0.0530874766,-0.0721525103,-0.0105321258,0.106983118,0.00082079682,-0.0372513905,0.0308366362,0.103705205,0.0417907424,0.178443164,-0.0224944577,0.269105345,0.00381624349,-0.15133445,0.0118207857,0.143427566
0.104541995,0.259710461,0.757418692,-0.0514151938,0.0474761575,0.694508553,0.716072857,-0.12164738,0.0568639226,0.0865224823,0.0770372972,0.00884137955,-0.000517348002,-0.0835462436,0.0431302898,-0.0651002601,-0.0186709836,0.104926787,0.000670109526,-0.0402028151,0.0294178687,0.10037183,0.0531570576,0.172410518,-0.0273746867,0.271062851,0.0181250181,-0.153161317,0.0103524532,0.144060165
0.104183055,0.260637164,0.757003903,-0.0501116812,0.0469079316,0.695641279,0.715102553,-0.11117617,0.0535083003,0.0870525241,0.0634769872,0.00616273051,-0.000530560268,-0.072762534,0.0411750749,-0.0609514415,-0.029478183,0.102877617,0.00065322913,-0.0431763865,0.0289544035,0.0992052555,0.0581108481,0.169487923,-0.0307282787,0.271022618,0.0245548915,-0.15350166,0.010174321,0.142772451
0.103689604,0.261143953,0.756613195,-0.0494425185,0.0464767255,0.696551561,0.714290679,-0.103596337,0.0515523106,0.0876904055,0.051422298,0.00416438049,-0.000524282921,-0.0650155395,0.040408466,-0.0580956861,-0.0395548008,0.101239331,0.000675886869,-0.0457570106,0.0286813583,0.0986939296,0.0604190119,0.168363601,-0.0329372287,0.270513415,0.0280629881,-0.153988957,0.0100980559,0.14133577
0.103648879,0.261617929,0.75633496,-0.0489685014,0.0461171754,0.697337806,0.713579237,-0.0974325463,0.0505810976,0.0883827358,0.0413641743,0.00268725795,-0.00051841751,-0.058697775,0.0402622484,-0.0562007353,-0.047990106,0.100090377,0.000701410696,-0.0483115353,0.028347794,0.0982017815,0.0617492795,0.168104231,-0.0345340967,0.270091414,0.0305784829,-0.154710233,0.00995250326,0.140224233
0.103770941,0.261873931,0.755797386,-0.0487785004,0.0458158627,0.69792825,0.713034213,-0.0930354521,0.05038964,0.0890315771,0.0330134071,0.00166988408,-0.000506065437,-0.0536946543,0.0409406535,-0.0551839545,-0.0553443618,0.0993298143,0.00072471326,-0.0502243116,0.0280648675,0.0982346684,0.0624588206,0.168673471,-0.0355258174,0.269842774,0.0322787575,-0.155012444,0.01011822,0.13902624
0.10381417,0.262166619,0.755746007,-0.0484416001,0.0455434322,0.698437274,0.712575972,-0.0888458267,0.049967967,0.0898130387,0.0268211272,0.00110619154,-0.000493401487,-0.0493130498,0.0408691913,-0.0545085222,-0.0611294284,0.0989410877,0.000756712281,-0.0523029156,0.0282358658,0.0985153988,0.0632175803,0.169059649,-0.0366833806,0.269818813,0.0333889276,-0.154799566,0.0103788041,0.138193771
0.104020521,0.262434036,0.755390525,-0.0484142974,0.045335412,0.698860943,0.712175667,-0.0861242339,0.0504089072,0.0904018283,0.0213810131,0.000813460792,-0.000468219077,-0.0460106172,0.0415819958,-0.0543231443,-0.0662323236,0.0987223536,0.000774280867,-0.0536114089,0.0283110626,0.0984919146,0.0635931417,0.16961965,-0.0373067223,0.269828588,0.0344475433,-0.154943436,0.0103901112,0.137360826
0.103637569,0.262457848,0.755009055,-0.0477633178,0.044935029,0.690961242,0.719911218,-0.0843264759,0.0495794415,0.0914139673,0.0167219304,0.000540924724,-0.000432169909,-0.0436768867,0.0409697555,-0.0541311614,-0.0708109066,0.098642759,0.000802754948,-0.0549058802,0.0284720417,0.0982018486,0.063438639,0.16919136,-0.0381367691,0.269856542,0.0346711688,-0.154953122,0.0105055133,0.136823922
