1.60918391,0.448345482,0.755342364,-0.0277949627,0.04106557,0.693658352,0.718595326,-0.0811852813,0.0172277726,0.090506807,0.0939753056,0.00552656595,0.00150050514,-0.0263532829,0.0786278024,-0.0107421847,0.00595879741,0.0992026329,0.00106056745,-0.0528408587,0.0386683978,0.0644274801,0.139222428,0.139383525,0.109565087,0.6961689,0.1451772,-0.0893014371,-0.18356514,0.640575707
1.60942471,0.448786318,0.75543797,-0.0276163779,0.0410949923,0.693640828,0.718617439,-0.0797732547,0.0178963952,0.0901311263,0.0931838602,0.00565809011,0.00151728932,-0.0252710097,0.0785062015,-0.010659337,0.00590950251,0.099130936,0.00104963663,-0.0523701198,0.0377863161,0.0642331541,0.139592081,0.139454439,0.109517194,0.696166813,0.145573691,-0.088778317,-0.183378056,0.640728116
1.61023068,0.449655741,0.75663662,-0.0268136207,0.0415686406,0.693440676,0.718813717,-0.0786341503,0.016853679,0.0900821164,0.0941540599,0.00596921286,0.0014874778,-0.0218582582,0.0741524324,-0.00893581193,0.00794632174,0.0987487808,0.000974662951,-0.0533154234,0.0372714363,0.063460961,0.140862018,0.140354276,0.109974749,0.697070956,0.14580135,-0.0872438177,-0.183025166,0.641014576
1.61024845,0.449913561,0.756548941,-0.0267528053,0.0419004411,0.693507969,0.718731761,-0.0787085667,0.0163722541,0.0900575817,0.0943792462,0.00626306701,0.00148296705,-0.0218576528,0.0742439851,-0.00814209506,0.00850988738,0.0982901007,0.00101529981,-0.0539188124,0.0369744115,0.063268967,0.14123863,0.139127344,0.109542176,0.697766662,0.145577088,-0.0867514461,-0.182991102,0.64117372
1.61049664,0.450167596,0.75658977,-0.0268537961,0.0421429873,0.693578839,0.718645453,-0.078958638,0.0165078342,0.0898377001,0.0945171863,0.00650197919,0.00147407758,-0.0220564511,0.0740726441,-0.0074565839,0.00864168257,0.0977832004,0.00102750491,-0.0537102968,0.0371374525,0.0635963678,0.141354591,0.139653951,0.109646983,0.697658002,0.145708308,-0.0862839818,-0.183008969,0.640887976
1.61056519,0.450296491,0.756531894,-0.0268931892,0.0430647843,0.693596065,0.718572676,-0.0802168548,0.0151501447,0.0900283679,0.0942803174,0.00679175276,0.00146097469,-0.023314165,0.0728905275,-0.00660209078,0.00854094606,0.097309269,0.00105038402,-0.0538208745,0.036464449,0.0632851347,0.141439602,0.139246315,0.109048814,0.697615921,0.145533323,-0.085903883,-0.182973638,0.640521348
1.61074805,0.450471371,0.756453514,-0.0270066857,0.0433701016,0.693639457,0.718508184,-0.0809627399,0.015094229,0.0899187475,0.0944668129,0.00707137957,0.0014507731,-0.0239858814,0.0729964003,-0.00610407675,0.00875723921,0.0969339088,0.0010747991,-0.0535757169,0.0360575654,0.0631231666,0.14084056,0.139008462,0.108853951,0.697578132,0.145490378,-0.085600391,-0.182996571,0.640490532
1.61088336,0.450717211,0.756593645,-0.0271568671,0.0436345786,0.693644524,0.7184816,-0.0813342705,0.0148234572,0.0898380131,0.0946109965,0.00726480735,0.00143573049,-0.0243356898,0.0722407624,-0.00541932695,0.00873431563,0.0964926183,0.00107795896,-0.0540247299,0.0363461524,0.0636532828,0.140659064,0.139004976,0.108457237,0.697713196,0.14521654,-0.0853827521,-0.182962805,0.64039427
1.61079967,0.450861275,0.756562054,-0.027417019,0.043615222,0.693648756,0.718468904,-0.0820213109,0.0151110701,0.0896907523,0.0949050933,0.00748373242,0.00142897351,-0.0245709866,0.0730625018,-0.00508553768,0.00904182252,0.0961521864,0.00111316366,-0.053986311,0.037043348,0.0645155832,0.139919013,0.138327792,0.107984707,0.698033392,0.144801348,-0.0854668692,-0.183147654,0.640444279
1.61094999,0.451226175,0.756486475,-0.0275114402,0.0439916141,0.693544865,0.718542576,-0.0823419988,0.0148256067,0.0896113813,0.0952471644,0.00764995115,0.00142744381,-0.0248437077,0.0726250261,-0.00456875935,0.00894987769,0.0957882553,0.00112383242,-0.0544347838,0.0371366926,0.0644148737,0.140090793,0.138185561,0.107800916,0.698441029,0.14430736,-0.0858189911,-0.183397159,0.640253901
1.6109792,0.451503485,0.756492257,-0.0276711192,0.0443418398,0.693521917,0.718537092,-0.0830484852,0.0145257181,0.0895694047,0.0954536572,0.007733454,0.00142165308,-0.0253804047,0.0724571645,-0.00413610367,0.00895164069,0.0954448357,0.00114609685,-0.0545501783,0.0373419747,0.0649012178,0.139998063,0.137367815,0.107396089,0.698863864,0.143964246,-0.0860367268,-0.183465764,0.64020139
1.61095178,0.45183745,0.756499529,-0.0278407484,0.0449144468,0.69344157,0.718572438,-0.0842710435,0.0138248065,0.0896707028,0.0957844257,0.00783150643,0.00141793152,-0.0263232123,0.071795918,-0.0036492357,0.00869531836,0.0950690135,0.00116440677,-0.0541308746,0.0373764336,0.0646182001,0.139660865,0.137542933,0.107387155,0.69909209,0.144030035,-0.0860917941,-0.183367372,0.640170991
1.61104429,0.451978773,0.756737411,-0.0277288333,0.046164453,0.693259299,0.718673408,-0.0862847343,0.0117082577,0.0900487602,0.0963859931,0.00798680633,0.00141248584,-0.0279574487,0.0691835657,-0.00277882,0.00843571313,0.0945105329,0.0011606178,-0.0536997691,0.0364313051,0.0644074157,0.139311507,0.137649462,0.107212529,0.698815465,0.143786713,-0.0861678123,-0.183239013,0.639828086
1.6108427,0.451993883,0.756566525,-0.0280638952,0.0468589887,0.69310683,0.718762577,-0.088905178,0.0107794255,0.0902236626,0.0973605588,0.00806195941,0.00140963029,-0.0296886861,0.0685315728,-0.00220316206,0.00853111595,0.09412615,0.00118742837,-0.0534005836,0.0360736698,0.0646655038,0.138460457,0.137396663,0.106965825,0.698544919,0.143103287,-0.0861474872,-0.183069006,0.639408886
1.6106714,0.452286601,0.75688237,-0.0284342282,0.0474388264,0.692730188,0.719073057,-0.0913494304,0.0104667172,0.0901261568,0.0992082506,0.00823959708,0.00141937996,-0.0310093071,0.0668920875,-0.00122407905,0.00890210085,0.0936038643,0.00117746554,-0.0532580204,0.0359962732,0.0647959933,0.137999028,0.137124166,0.106749117,0.698395193,0.142434046,-0.0862050056,-0.182821661,0.638981462
1.6100148,0.451879919,0.757182062,-0.0294636954,0.0486571863,0.691998661,0.719654262,-0.0983920619,0.00893841311,0.0904116482,0.102582477,0.00837229472,0.0013956473,-0.0355723575,0.0655168444,-0.000213077568,0.00917545799,0.0931285545,0.00121495419,-0.0532920845,0.0363744348,0.0657777861,0.13645713,0.135969698,0.106121458,0.698199451,0.140330836,-0.0866560638,-0.18243973,0.638127148
1.60896814,0.451023787,0.757619977,-0.030943403,0.0502457954,0.691042006,0.720401883,-0.109260328,0.00696402928,0.0909116641,0.108252175,0.00864679739,0.00136323588,-0.0434177369,0.0630305186,0.00133405672,0.010359765,0.0928426459,0.00124980556,-0.0531769432,0.036279615,0.0679284707,0.134189367,0.134890705,0.105534263,0.697733819,0.13681978,-0.0873015299,-0.181802601,0.636782587
1.60814953,0.449225426,0.758511186,-0.0339109339,0.0528498776,0.689594805,0.721467853,-0.128359452,0.00629059505,0.0911101326,0.117540427,0.00920131803,0.00130081759,-0.0576794706,0.0622700974,0.00262491754,0.0127806328,0.0927860141,0.00132744433,-0.0527343415,0.0353169367,0.0695740581,0.130952537,0.136204854,0.105421148,0.69630897,0.131605729,-0.0873394385,-0.180310726,0.634954572
1.60675883,0.446705014,0.75929594,-0.0392429195,0.0558512397,0.687498391,0.722970665,-0.156751469,0.00842964649,0.0904560164,0.131522655,0.00995810982,0.00122402562,-0.0793047994,0.063062802,0.00396285765,0.017020449,0.0932987481,0.00140816462,-0.0536843129,0.0346182846,0.0729520544,0.125962839,0.137481526,0.104817107,0.693715692,0.12476027,-0.0868730545,-0.178062618,0.631980896
1.60468853,0.442420572,0.760435522,-0.046410054,0.0616037548,0.684355617,0.725057542,-0.197528809,0.0097963186,0.0895788819,0.1503506,0.011273534,0.00115475315,-0.112205364,0.0646413714,0.00522619439,0.0227198433,0.0943678766,0.00159192062,-0.0543788858,0.0326553024,0.076882571,0.117926389,0.141009405,0.104465865,0.688314974,0.115299277,-0.0871776417,-0.175114483,0.626116931
1.60096979,0.436706036,0.761544466,-0.055970028,0.0705913827,0.679700613,0.727936327,-0.251390696,0.00876224507,0.0887731686,0.174379736,0.0127761792,0.00113302178,-0.155025691,0.0623233542,0.00774463406,0.0285055116,0.0956082121,0.00175666378,-0.0542051271,0.031122826,0.0814750269,0.106257111,0.144741237,0.103379481,0.680275202,0.103701286,-0.088622272,-0.17143786,0.616777182
1.59632039,0.429434627,0.762473881,-0.0675921813,0.0821879134,0.673245311,0.731721997,-0.318899691,0.00717151118,0.0870856568,0.203468144,0.0143236611,0.001129866,-0.208921894,0.0586367659,0.011238927,0.0348496847,0.0967441723,0.00192594936,-0.053668309,0.0300842077,0.0879875571,0.0914679766,0.147411525,0.100653321,0.669195652,0.0895292163,-0.0924410895,-0.166845262,0.604286134
1.58996594,0.419936538,0.762446582,-0.0806017891,0.0990464464,0.663307726,0.737371027,-0.403030932,-0.00222332985,0.0861641243,0.238290906,0.016260853,0.00107620913,-0.283845961,0.0510948673,0.0163063984,0.0449867286,0.0979090333,0.00224334304,-0.0504125021,0.0295809116,0.0949472263,0.0723636523,0.149380192,0.0959415063,0.657820463,0.0733176395,-0.0971716344,-0.161052272,0.588086367
1.58022988,0.407456487,0.761948526,-0.0934720337,0.118009016,0.649037063,0.745712936,-0.499003738,-0.0170782376,0.0852174461,0.278540969,0.0180581752,0.00109943061,-0.380010366,0.0379945636,0.0246944577,0.0676020086,0.0982016549,0.00254923035,-0.0498428941,0.0303360578,0.112136252,0.046631176,0.148522496,0.0889465287,0.640595198,0.0479353257,-0.107407942,-0.154596984,0.564557672
1.56677306,0.39364323,0.758945584,-0.107281566,0.14416787,0.629900515,0.755600214,-0.611869812,-0.0396319181,0.085515894,0.321077704,0.0179416761,0.00144854269,-0.506531775,0.0135296071,0.0401007384,0.100754008,0.0951787606,0.00252968865,-0.0463551059,0.0304913316,0.124700822,0.0193485599,0.150953487,0.0830189139,0.620051682,0.0170142036,-0.124038093,-0.148040161,0.53472209
1.55077124,0.380078584,0.749491751,-0.119230181,0.172822401,0.60905385,0.764833272,-0.734464765,-0.0656267181,0.0851099044,0.374138534,0.0143490648,0.00212484179,-0.642873764,-0.0149746044,0.0633731037,0.148166597,0.0897018388,0.00228123879,-0.0391722955,0.029401904,0.145481691,-0.0110049276,0.15619804,0.0785893351,0.594120979,-0.0168124884,-0.146722957,-0.141879082,0.498176247
1.53215885,0.368352622,0.733186185,-0.131883308,0.203763902,0.588707507,0.771045148,-0.866354644,-0.0908434168,0.0838852972,0.435753584,0.00636074599,0.00328650768,-0.777486205,-0.0336611234,0.089638032,0.202600583,0.0818073377,0.00288061728,-0.0384997949,0.0258392394,0.16127032,-0.0441673882,0.163176119,0.0745829046,0.561845303,-0.0512829013,-0.174707502,-0.13608408,0.45632872
1.51234603,0.356087118,0.712084293,-0.142874852,0.236043096,0.569789767,0.774086654,-1.00691891,-0.117553569,0.0843452439,0.50665915,-0.00516929897,0.00491545536,-0.929970264,-0.0378828198,0.113203444,0.265864581,0.0700775459,0.00513326051,-0.037242908,0.0231405832,0.175344273,-0.0839640796,0.170565203,0.0695601925,0.522811234,-0.0825791806,-0.208050117,-0.134595886,0.416705966
1.49045908,0.344570339,0.690433621,-0.152616233,0.268507987,0.550896585,0.775322318,-1.15078735,-0.142945364,0.0880818814,0.586420238,-0.0177459829,0.00684156083,-1.0904721,-0.0375315212,0.141516462,0.345405489,0.0577272065,0.00816148799,-0.0310450848,0.0232024062,0.194405809,-0.136205986,0.171518877,0.0610013679,0.47658968,-0.113190964,-0.243774161,-0.139491126,0.385214955
1.46609831,0.338414758,0.667846799,-0.160756662,0.295309484,0.535778463,0.774526358,-1.27786088,-0.167992592,0.101420358,0.678197086,-0.0295134187,0.00914320443,-1.23701441,-0.0367909111,0.177875668,0.443087906,0.0476546176,0.0110586863,-0.0157780461,0.0283545423,0.210439637,-0.199022949,0.169607848,0.0505355969,0.42677927,-0.137128785,-0.281017333,-0.156019703,0.372504354
1.43934202,0.338017941,0.647687078,-0.164404735,0.317321837,0.52600652,0.771748066,-1.38304639,-0.188411653,0.130786359,0.776858687,-0.0390056521,0.0123908417,-1.36277521,-0.0411533788,0.225757554,0.553594291,0.0407392047,0.0138226673,0.0113993865,0.0342093892,0.222809762,-0.266590327,0.162210718,0.0371275656,0.37793234,-0.150654852,-0.316144377,-0.1827503,0.382840872
1.41407025,0.341324955,0.628997028,-0.163050413,0.331149817,0.525787234,0.766356409,-1.45830333,-0.183757499,0.16872783,0.879000902,-0.0478505827,0.0185342487,-1.46138859,-0.0507800989,0.28466481,0.669082165,0.0360512137,0.0157550368,0.0363158621,0.0411801077,0.230994165,-0.320806324,0.16305837,0.0276966393,0.335530937,-0.156681597,-0.343366385,-0.214167029,0.408848822
1.38666761,0.347174942,0.615168452,-0.157287613,0.338616371,0.533466935,0.758954942,-1.50466537,-0.138725877,0.195493087,0.986200809,-0.0576185025,0.0304828789,-1.53084671,-0.0736275762,0.353988856,0.782290697,0.0330177359,0.0171533264,0.0480778925,0.0464215316,0.23861675,-0.351424366,0.191251248,0.0324182659,0.305666536,-0.174986854,-0.363969564,-0.2414525,0.429033846
1.35803318,0.35623765,0.603076637,-0.147735432,0.337856203,0.548517525,0.7504372,-1.52192485,-0.053392373,0.187113643,1.08943355,-0.069256179,0.0462710448,-1.568277,-0.112423852,0.428381681,0.885213435,0.0316895172,0.0176196396,0.042841386,0.0461420864,0.238210469,-0.352174163,0.258181006,0.0642878786,0.301390141,-0.211995021,-0.37726596,-0.259416789,0.427307546
1.32626736,0.369078994,0.593455076,-0.137162268,0.32858032,0.567636132,0.742300928,-1.52122664,0.0588491037,0.135404944,1.16752446,-0.0790716782,0.0596106648,-1.56857765,-0.1668116,0.499300301,0.968711078,0.0326767936,0.017468553,0.0267672166,0.0431818403,0.226369008,-0.329474688,0.355890423,0.120814383,0.327926934,-0.273308337,-0.380535364,-0.263075531,0.391389757
1.28976738,0.386473775,0.585518956,-0.12705557,0.310958743,0.58841449,0.735479414,-1.51437092,0.18437323,0.049414359,1.21083951,-0.0853792056,0.0680500567,-1.53233814,-0.239276975,0.559479773,1.0247519,0.0360187553,0.0168416724,0.00676136138,0.0368319787,0.207663789,-0.289372116,0.474875599,0.190568149,0.374185354,-0.346327782,-0.383929998,-0.249551088,0.318953514
1.24621642,0.407761127,0.577575684,-0.118812427,0.286204845,0.609619439,0.729612529,-1.5115329,0.31370604,-0.0588419661,1.21603572,-0.0862139836,0.0720066428,-1.4602071,-0.324880183,0.601843417,1.04796064,0.0414243229,0.0161829088,-0.0125127714,0.0272270199,0.179279774,-0.241139129,0.610724807,0.268424064,0.425927371,-0.414622933,-0.402958244,-0.219377607,0.222485155
1.1931138,0.432090908,0.570089638,-0.114370607,0.258817703,0.627769828,0.72514677,-1.51595807,0.435276419,-0.174070522,1.18778253,-0.0804005787,0.0724951178,-1.35742164,-0.416322142,0.6257568,1.02894366,0.0483690351,0.0158118587,-0.0270925499,0.0166766346,0.151122421,-0.191642702,0.755007863,0.347749591,0.470793277,-0.462537169,-0.457697868,-0.191681713,0.122386657
1.13225317,0.461536229,0.565404773,-0.113456368,0.23222068,0.640343845,0.723298728,-1.51583302,0.543845057,-0.284224987,1.13467205,-0.0680671483,0.0701201111,-1.22731233,-0.502325356,0.632335484,0.971050441,0.056719508,0.0158444643,-0.0354549214,0.0104026375,0.116755053,-0.141333282,0.899259627,0.426833242,0.507973373,-0.48278749,-0.552027702,-0.183123827,0.0408810191
1.06283927,0.489842087,0.571228683,-0.11478772,0.211053625,0.64485997,0.725558996,-1.49706674,0.629788518,-0.376817316,1.05804908,-0.0480011329,0.0647174194,-1.10377347,-0.56659323,0.627678573,0.89357692,0.0684358329,0.0157705601,-0.0395046659,0.00962342229,0.0814619511,-0.0905460715,1.03266525,0.503834844,0.541948795,-0.479080051,-0.677144289,-0.201109096,-0.00778081222
0.985746443,0.516731381,0.593486488,-0.11605794,0.195968926,0.642590165,0.731576741,-1.44433534,0.694686234,-0.442673445,0.97015959,-0.0205461159,0.0572125651,-1.00877583,-0.610218227,0.614675581,0.821147859,0.0827057585,0.015166563,-0.0432456881,0.0116759837,0.0463826731,-0.0313605741,1.13770282,0.580217481,0.581130385,-0.453558624,-0.818459272,-0.246191859,-0.0147074368
0.905657709,0.53934443,0.621715307,-0.121090323,0.18992044,0.635453463,0.738556862,-1.37145925,0.735029042,-0.479677141,0.874233782,0.0094267698,0.0497972853,-0.938737452,-0.624625087,0.585941851,0.778983235,0.094469659,0.0136061367,-0.049910333,0.0198612064,0.0111046731,0.0475129746,1.19338059,0.653951347,0.634311259,-0.410879016,-0.964407265,-0.320570171,0.0172684565
0.820539713,0.561290145,0.649625301,-0.129693031,0.191044167,0.627407074,0.743668079,-1.2936306,0.75039345,-0.487812161,0.792168319,0.0349880978,0.044481013,-0.902218342,-0.60109818,0.528112352,0.802462459,0.100936078,0.0141218919,-0.0634064674,0.0339189619,-0.0201153811,0.149334654,1.18638527,0.71376282,0.699729443,-0.356937379,-1.09216833,-0.414018303,0.0761217251
0.736647308,0.580512226,0.691109419,-0.13971585,0.194429606,0.620929718,0.746406674,-1.22048044,0.747674704,-0.474032044,0.736976027,0.0548750907,0.0407248102,-0.920133471,-0.546949923,0.448045045,0.907658875,0.0988296196,0.0249838866,-0.0801594853,0.0516613834,-0.0436642841,0.269880772,1.1252017,0.751029968,0.769243181,-0.292351991,-1.17816758,-0.506524384,0.147946358
0.655891716,0.594975889,0.709897697,-0.150960132,0.201457113,0.613575637,0.748432398,-1.14853442,0.717451751,-0.436692923,0.708230436,0.0710084662,0.0374805629,-1.00236678,-0.447353125,0.340608597,1.07002962,0.0875823498,0.053670682,-0.109148182,0.0661126375,-0.0584238581,0.395553738,1.0213275,0.763647497,0.83426398,-0.217048347,-1.20720255,-0.581170917,0.220791906
0.574988902,0.60277158,0.673182428,-0.165288031,0.215204775,0.603722274,0.749590695,-1.09026897,0.65801388,-0.383247793,0.696818888,0.0838323981,0.0340231471,-1.15837717,-0.292412072,0.188978016,1.25038588,0.0658442602,0.0995617583,-0.15052174,0.0696515664,-0.0470995083,0.505099952,0.887569964,0.753540218,0.887992561,-0.119922929,-1.1764009,-0.621303797,0.293038458
0.496806979,0.605204046,0.642423093,-0.179366261,0.234728098,0.599766314,0.743646979,-1.08849657,0.60625881,-0.341533363,0.682517946,0.0877555534,0.0304083358,-1.38101232,-0.113481045,-0.013822156,1.40782821,0.0336059891,0.146921471,-0.19531028,0.0532108583,-0.00676541356,0.561025798,0.739842653,0.720422029,0.91515398,0.00322228554,-1.07600296,-0.621801496,0.372931182
0.435481161,0.595589638,0.591908753,-0.201339558,0.256430238,0.607522845,0.724307835,-1.20948744,0.561813056,-0.323707491,0.660928607,0.0781301036,0.0265101045,-1.62340069,0.0319793075,-0.244775623,1.47025347,0.0066336384,0.174843505,-0.21491015,0.0324590951,0.0434333868,0.498261809,0.62652272,0.666518331,0.882440984,0.128988326,-0.882897496,-0.569097161,0.460783243
0.374907076,0.592261195,0.580258489,-0.211149827,0.277613819,0.623245299,0.699936867,-1.31954944,0.488350749,-0.280880243,0.68093276,0.0656204894,0.0226389877,-1.7556144,0.0737158209,-0.374142021,1.40474272,0.00114663318,0.176920727,-0.191091031,0.0383049659,0.0937779173,0.31924206,0.568635941,0.594024837,0.795840144,0.175747856,-0.66902703,-0.480564296,0.527628481
0.312509388,0.59774667,0.559911132,-0.204045579,0.303572178,0.638612986,0.677039742,-1.39053953,0.374187917,-0.199084967,0.748221874,0.0521033481,0.0183376279,-1.75305665,0.076228939,-0.370920032,1.30667317,0.0116077196,0.166530624,-0.130807966,0.0467001125,0.155114949,0.0982168168,0.515494168,0.504951417,0.694738388,0.126371175,-0.517196119,-0.402699858,0.55660522
0.261997849,0.600070417,0.557795823,-0.191382229,0.32067585,0.650754154,0.661104202,-1.45339143,0.268801302,-0.108473182,0.842066169,0.0390241109,0.0154555123,-1.74794936,0.0557749979,-0.277724147,1.25701952,0.0154545838,0.153747961,-0.0390743092,0.0530871339,0.201694041,-0.117825687,0.459833175,0.406274885,0.585436404,0.0285228509,-0.428737372,-0.349120677,0.560180902
0.215906307,0.601865828,0.566580951,-0.17479156,0.33138144,0.656533301,0.654674113,-1.49308276,0.180538177,-0.0208317954,0.939556956,0.0281635839,0.0129157593,-1.78524852,0.0374839306,-0.152441233,1.26245737,0.0143187111,0.141319364,0.0499715321,0.0569232553,0.213057175,-0.269798458,0.390464664,0.307256728,0.487416089,-0.0882944912,-0.405379504,-0.324599385,0.543990672
0.177961022,0.605688453,0.575796783,-0.158382252,0.338184148,0.658945322,0.65294534,-1.50163043,0.111862279,0.0553100556,1.01813459,0.0201953221,0.0118773608,-1.80576396,0.0438814908,-0.024649594,1.29754877,0.0163623765,0.128650501,0.113372654,0.0559753589,0.216804519,-0.343937635,0.322424948,0.21978572,0.407069743,-0.202509999,-0.409845024,-0.312199771,0.519282758
0.149209082,0.611612916,0.582820058,-0.146437734,0.336056828,0.662374914,0.653361499,-1.4755739,0.0619060434,0.111858979,1.05090213,0.0157478154,0.0111796968,-1.76278186,0.0537527055,0.0838415474,1.31084526,0.0225944985,0.114817843,0.148703799,0.0479179174,0.215690479,-0.349414796,0.277385533,0.155201852,0.351133347,-0.292151123,-0.396371663,-0.292271912,0.49455893
0.127784446,0.617076397,0.593074441,-0.139911413,0.326226413,0.665935755,0.656148434,-1.44095373,0.03104854,0.140444532,1.04894221,0.0144841056,0.0105205812,-1.69566715,0.0585133769,0.156534985,1.29429507,0.0290340446,0.10216067,0.160694808,0.0408750549,0.211697683,-0.314684629,0.25664863,0.113161214,0.318990201,-0.3482669,-0.363762319,-0.266711116,0.469584733
0.110691331,0.620938063,0.612914205,-0.13668175,0.314167112,0.667162776,0.661446095,-1.38645792,0.00918899663,0.151127413,1.01450801,0.017074611,0.00970224664,-1.63854611,0.0654444844,0.198705554,1.26154017,0.0381894782,0.0914494842,0.16043365,0.0360331163,0.211997554,-0.266782433,0.249336541,0.087975584,0.307308406,-0.377296001,-0.323533893,-0.238504946,0.448376864
0.0955404118,0.626127303,0.633433163,-0.135451853,0.301207364,0.6677984,0.667062342,-1.31833243,-0.00530374609,0.149326518,0.961511016,0.0227478128,0.00880243815,-1.56213319,0.0664285496,0.221343368,1.20941198,0.0507558733,0.0819598883,0.150204882,0.0329174884,0.216974169,-0.215147436,0.24459146,0.0744492412,0.315544426,-0.384977281,-0.284052908,-0.213630587,0.432835042
0.0835352242,0.632706404,0.652757704,-0.134975255,0.285216659,0.670071542,0.671890795,-1.24254549,-0.0138429282,0.138377607,0.900282741,0.0304350797,0.00780404313,-1.47166419,0.0640638992,0.230913356,1.14360666,0.0645465925,0.0734015852,0.13788788,0.0316447318,0.218164727,-0.167377591,0.23873271,0.0669491589,0.336309552,-0.36512354,-0.251098216,-0.195155725,0.426953375
0.0741139725,0.640448332,0.671686113,-0.134374246,0.267522752,0.673185587,0.676162899,-1.16374636,-0.0204201676,0.122470245,0.837130427,0.038772732,0.00691666175,-1.38009667,0.0630310476,0.232785553,1.07419169,0.0785345137,0.065868035,0.125665203,0.0323857404,0.211968154,-0.122764491,0.23522231,0.0641353503,0.36424616,-0.322648287,-0.23011525,-0.186894178,0.432934225
0.0667570308,0.647144616,0.688805044,-0.134160176,0.249589086,0.676534593,0.679711163,-1.087026,-0.0232771318,0.103907213,0.771300077,0.0477149487,0.00613175239,-1.29088545,0.0637335107,0.228493497,1.00116909,0.0920395553,0.0592339635,0.11068818,0.032949537,0.202545702,-0.0773664042,0.237013265,0.064052999,0.396687627,-0.271185994,-0.212526381,-0.182582185,0.447186589
0.0595565103,0.654476702,0.70428884,-0.134030789,0.232061312,0.679855704,0.682626903,-1.01038814,-0.025718607,0.0852341503,0.705657363,0.0557796545,0.00551679498,-1.20315516,0.0649764091,0.221239045,0.929522455,0.104788661,0.053394489,0.0985084325,0.0338445529,0.185439646,-0.0380287059,0.238981158,0.0630377531,0.430492252,-0.216027394,-0.198996291,-0.182704583,0.467218429
0.0536227003,0.661534429,0.717727661,-0.132072836,0.214647502,0.683485746,0.685076952,-0.934075475,-0.0272129048,0.0657960549,0.642524004,0.0637389794,0.0049675093,-1.11534286,0.0653201342,0.213287875,0.858502567,0.116727471,0.0482265726,0.0927598402,0.0341338217,0.174668908,-0.00408296101,0.241606683,0.0625279769,0.463660419,-0.15812625,-0.190089032,-0.187612757,0.492324859
0.0485253185,0.668915868,0.729150593,-0.128918245,0.197994217,0.687090158,0.687084734,-0.8580845,-0.0277544186,0.0471227244,0.58229512,0.070967339,0.00447879592,-1.02765989,0.0660226196,0.205375239,0.788464367,0.127629876,0.0435793139,0.0906134397,0.0334882922,0.16346626,0.0241631847,0.245705292,0.0638231263,0.493421078,-0.101815566,-0.184449181,-0.194906563,0.520244002
0.0449566096,0.675754428,0.738888621,-0.1252947,0.181399956,0.690795243,0.688619733,-0.784733951,-0.025531102,0.0293857548,0.525378287,0.077098541,0.00410929834,-0.941344023,0.0685784519,0.196933478,0.718763411,0.137015268,0.0394563675,0.0890672728,0.0322540477,0.150069758,0.0507673584,0.251624078,0.0658684596,0.520394921,-0.049569726,-0.180301666,-0.202110797,0.550346375
0.0421497524,0.683543444,0.747195125,-0.12060903,0.164558634,0.694359124,0.690100968,-0.711065292,-0.0216642264,0.0138861174,0.472605765,0.0818587467,0.00389087037,-0.853640258,0.0715715438,0.188077331,0.651618838,0.144199461,0.0357588753,0.0935872123,0.0308284238,0.139237523,0.0732420087,0.258065253,0.0686064139,0.543976843,0.000617697951,-0.178293347,-0.209262714,0.58055836
0.039154496,0.69174695,0.754386246,-0.115236968,0.148486838,0.697630882,0.691363335,-0.63896811,-0.015870709,0.00162829901,0.423761994,0.0846849531,0.00373066613,-0.764685214,0.0728750303,0.180241197,0.585889637,0.148605391,0.0324922428,0.102386959,0.0298337713,0.129196346,0.0919537544,0.260439903,0.069307141,0.565029919,0.0465016216,-0.177819669,-0.215252221,0.608525693
0.0363800116,0.697900295,0.759884477,-0.10991139,0.133573592,0.70093298,0.691932499,-0.573155582,-0.00778441504,-0.00688500982,0.378498763,0.0851108581,0.00359648606,-0.680634081,0.0728388503,0.173142746,0.519713819,0.149865106,0.0295777954,0.11334192,0.0290604178,0.117542036,0.100275226,0.264041036,0.0699334517,0.582591712,0.0871635899,-0.178789958,-0.220786959,0.632709324
0.0339764953,0.703886628,0.762717128,-0.10526301,0.120885819,0.702928245,0.692963421,-0.51461339,0.0022279718,-0.0118756378,0.336247385,0.0832383409,0.00352091575,-0.604430497,0.0735687092,0.165846705,0.454437077,0.148355901,0.0269213058,0.122232705,0.0290289205,0.111683682,0.105009772,0.264645964,0.0702767149,0.597756445,0.120481841,-0.177825212,-0.224232823,0.650886536
0.0313073806,0.709186316,0.764647245,-0.0995012224,0.108361125,0.703840077,0.694957912,-0.459752619,0.0121769933,-0.0131720677,0.300905675,0.0794659182,0.00345636089,-0.532769442,0.0722559541,0.158381075,0.396052599,0.145076051,0.0245958306,0.124814928,0.0306022912,0.109269314,0.110086076,0.262976855,0.0725499466,0.612358987,0.146309108,-0.174444988,-0.226338118,0.66381681
0.0284405891,0.713739097,0.76556772,-0.0934617072,0.0974388346,0.70396632,0.697281957,-0.412063032,0.019248819,-0.0111260172,0.271604538,0.0745139942,0.00333102676,-0.476007223,0.070674926,0.1507359,0.346272171,0.141379699,0.0226224102,0.121744961,0.0328500308,0.103359617,0.117093146,0.255573839,0.0750351474,0.627193093,0.162839398,-0.169952869,-0.227336869,0.673504174
0.0261747055,0.71634835,0.766814232,-0.0872991011,0.0888872072,0.703211308,0.699979842,-0.374466747,0.0229859669,-0.00660938071,0.247784168,0.0696297139,0.00309392158,-0.437503219,0.0699663311,0.142874748,0.309073687,0.138462663,0.0209660009,0.114792496,0.0350046754,0.0983523652,0.125393033,0.244865,0.0768243149,0.641073465,0.17005986,-0.163435459,-0.227203503,0.679596543
0.0238018651,0.719876289,0.768485129,-0.0807859674,0.0814298838,0.701805353,0.703073323,-0.338430673,0.0225868113,-0.000489442609,0.229591787,0.0651751757,0.00284921192,-0.403877139,0.0676535964,0.135829911,0.28427434,0.136329934,0.0194473602,0.10661196,0.0359782651,0.0951195434,0.134094775,0.232435226,0.0784530044,0.653169334,0.173307925,-0.155822664,-0.226421237,0.682961345
0.0215019174,0.723361313,0.769185305,-0.0745098367,0.0745255128,0.699778676,0.706543744,-0.303551316,0.0228816848,0.00581674324,0.214431003,0.0607308336,0.00269505335,-0.372589737,0.064715907,0.129285112,0.266652614,0.134639412,0.0180031601,0.096151039,0.0365669206,0.0900490656,0.143635511,0.223645553,0.081091173,0.663405299,0.172725588,-0.149147749,-0.225942284,0.683028042
0.0192025583,0.726966977,0.771163225,-0.0673980415,0.0676551387,0.698028505,0.709673584,-0.267385662,0.0220611636,0.0127419392,0.200364575,0.0561238825,0.00259718671,-0.339025229,0.0588927045,0.123174675,0.252693176,0.131980181,0.0165849272,0.0864472315,0.0367636792,0.0883606151,0.146841243,0.213225454,0.0840942562,0.670568824,0.173325807,-0.144222513,-0.226532534,0.683491409
0.0178134181,0.729685843,0.771187603,-0.061717391,0.0616071075,0.696712673,0.712030172,-0.236537427,0.022335764,0.0194486082,0.186496496,0.0511240363,0.00251182215,-0.308563024,0.0545361452,0.116768785,0.237698346,0.128660709,0.0152542135,0.0807439312,0.0373660587,0.0847179964,0.148538992,0.208783805,0.0873627514,0.673559725,0.171386927,-0.139611706,-0.226800367,0.682650685
0.0158729907,0.732091546,0.771392584,-0.0563903637,0.0563091785,0.695514083,0.714079559,-0.208782196,0.0210942179,0.026614286,0.17395623,0.0462514907,0.00242495094,-0.279639214,0.0493190624,0.111018501,0.222237006,0.124893792,0.0140722049,0.0784222931,0.0380484387,0.0811690688,0.148503929,0.204179749,0.0892183557,0.674650729,0.170670733,-0.133914158,-0.225963995,0.682046235
0.0147690354,0.733458102,0.771663547,-0.0520572551,0.0516318269,0.694353342,0.715889394,-0.185699791,0.0210609157,0.0334389247,0.161970496,0.0414941721,0.00229670689,-0.253831983,0.0450439714,0.105061531,0.205687404,0.121080063,0.0130072795,0.0767144114,0.0388470106,0.0797791034,0.146814317,0.200276226,0.0905274227,0.673592746,0.169588357,-0.128837973,-0.225194484,0.680713534
0.0136111015,0.734496474,0.771759331,-0.0476118252,0.0481237918,0.693246961,0.71751368,-0.166037366,0.019144224,0.040613085,0.151489034,0.0372876972,0.00218482688,-0.232190862,0.039926175,0.0996958315,0.189490944,0.11746569,0.0120865433,0.0768116266,0.0385974012,0.0794414058,0.142770886,0.19475311,0.0911333933,0.671955466,0.166475758,-0.122839287,-0.223591879,0.677534819
0.012404874,0.734635949,0.771998346,-0.0445230193,0.0456182174,0.692050517,0.719029069,-0.151565894,0.0179967228,0.0474403873,0.142205521,0.0337002873,0.00208465569,-0.216754541,0.0353292972,0.0944068208,0.174735293,0.114176042,0.011260286,0.0767997801,0.0385351926,0.0797356367,0.138853803,0.188899428,0.0914575011,0.670259535,0.163324192,-0.117935583,-0.222063094,0.673813403
0.0114153633,0.734788895,0.772144675,-0.0421164632,0.0437616445,0.690895021,0.72039932,-0.140665799,0.0167035218,0.0539567135,0.134611711,0.0306635555,0.0019808854,-0.205572739,0.0310530923,0.0894798413,0.16308555,0.111380838,0.0104970606,0.0763674676,0.0388730951,0.0806449503,0.135201141,0.18417111,0.0919173136,0.668594897,0.15962404,-0.11356622,-0.220506877,0.669529498
0.0104234526,0.734360754,0.771930516,-0.0407310501,0.0422455296,0.689639509,0.721771181,-0.133821607,0.0168623757,0.0597569458,0.129015192,0.0281578265,0.00190353615,-0.199097916,0.0288404133,0.0845390484,0.154107735,0.109159425,0.00982313976,0.0754161626,0.0391722694,0.081445761,0.132150814,0.180482209,0.0927555934,0.666918993,0.155532837,-0.110029168,-0.219012752,0.664708912
0.00960948598,0.734037578,0.772002816,-0.0393498428,0.0413453318,0.688163936,0.723306596,-0.127480447,0.0156893432,0.0654914752,0.124137126,0.0259371828,0.00182506652,-0.194758967,0.0258568563,0.0803283155,0.147422031,0.107420512,0.00919649005,0.073402591,0.0395680591,0.0816745609,0.130064979,0.177036226,0.0934195071,0.665388167,0.151146874,-0.107534282,-0.217542484,0.659650207
0.00857854355,0.733821988,0.77191031,-0.0379336886,0.0406119823,0.686660945,0.724850595,-0.120344266,0.0144954231,0.0709052756,0.118914768,0.0241287183,0.00179698388,-0.189491555,0.0224446319,0.0766809806,0.141921014,0.105972856,0.00860377308,0.0716037601,0.0386083648,0.081662856,0.129327625,0.175424859,0.0942276344,0.664730728,0.146814674,-0.10547933,-0.215990692,0.654589593
0.0073689511,0.733926475,0.771644652,-0.0363334827,0.0395285971,0.685216129,0.726358116,-0.111468486,0.0131115923,0.0760209784,0.113300584,0.0226125661,0.00177889166,-0.182444215,0.0196358208,0.0733713582,0.13667348,0.104767874,0.00807910413,0.069884032,0.0382926315,0.0804788768,0.129941106,0.174979165,0.0950539038,0.664885938,0.143429309,-0.10380508,-0.214449048,0.65010339
0.00648951996,0.734415054,0.771829903,-0.0348455422,0.0386593863,0.683972597,0.727648795,-0.102899104,0.0114752939,0.0809085146,0.107379317,0.0212666225,0.00174558978,-0.174480647,0.0163614806,0.070325911,0.130391032,0.103412472,0.00757250935,0.0691957548,0.0373607501,0.0792066753,0.131768063,0.174731299,0.0958567932,0.665919185,0.141388476,-0.101726353,-0.212998927,0.646293342
0.00537467375,0.734314263,0.771465659,-0.0341801196,0.0381419025,0.682958305,0.728659689,-0.0975277275,0.0108913733,0.0855729058,0.101059541,0.0200471301,0.00172679522,-0.169795781,0.013817355,0.067505464,0.12365108,0.102231227,0.00713219866,0.0689961165,0.0366712213,0.0786263794,0.132647052,0.174425349,0.0970026553,0.66784364,0.139927134,-0.0996608883,-0.211842209,0.642617643
0.00480996352,0.734205008,0.77160567,-0.033827275,0.0378492437,0.682180583,0.729419589,-0.0934064016,0.0106029268,0.0899215862,0.0953519791,0.0190134719,0.00168479432,-0.166672319,0.0120938569,0.0646466315,0.117761098,0.101165339,0.00672525028,0.0686301813,0.0363361314,0.0794923306,0.133632004,0.174642935,0.0981874466,0.670437336,0.138666406,-0.0973256454,-0.210774735,0.639211595
0.00415262673,0.734016716,0.771420181,-0.0338354893,0.0379869901,0.681620955,0.72993499,-0.0908672065,0.0102343624,0.0941282883,0.0899493024,0.0182823054,0.00164854701,-0.165913999,0.0108109759,0.0619459897,0.11303319,0.100448467,0.00637206528,0.0687459409,0.0360272154,0.080587022,0.133566216,0.174827814,0.0992072597,0.673187375,0.137836888,-0.0946866795,-0.209695026,0.636448503
0.00336156879,0.733894885,0.771305561,-0.0341709703,0.0385599621,0.687058806,0.724772811,-0.0888642818,0.00982010644,0.0981810093,0.084917672,0.0178486835,0.00163131836,-0.166145429,0.00972564798,0.059542641,0.11009571,0.100088872,0.00605341326,0.0685586035,0.0358871184,0.08209645,0.13335377,0.174836695,0.100403003,0.676527977,0.137659445,-0.0933125615,-0.209051937,0.634204805
