1.58504331,-0.0114910742,0.762870789,-0.0241304524,0.0381511599,0.698446155,0.714237511,-0.0858339667,-0.000780087023,0.045823168,0.105524883,0.020279143,0.000644516957,-0.0254078265,0.0621192791,0.00650693756,0.0710984841,0.0726564676,0.00100614317,-0.0628868267,0.0383443274,0.0569304377,0.126838371,0.111388303,0.10634993,0.703843534,0.112140901,-0.0622555241,-0.169227436,0.680298865
1.58534873,-0.0113195907,0.762725234,-0.0242714286,0.0380296968,0.698460102,0.714225531,-0.0856700018,-0.000364870735,0.0456950627,0.105532415,0.0202417541,0.000632775656,-0.0253614802,0.0626785159,0.00638358202,0.0713248476,0.0727142766,0.000994070782,-0.0631976724,0.0382336043,0.0565717556,0.127192453,0.111293279,0.106312774,0.703933716,0.112448826,-0.0630434006,-0.169729441,0.680178225
1.58535802,-0.0113107227,0.762723565,-0.024279533,0.0380063206,0.698480606,0.714206517,-0.0856112987,-0.00025275338,0.0456941202,0.105484806,0.0202018917,0.000634754892,-0.025356276,0.0627979413,0.00637005549,0.071444504,0.0727583393,0.00099503831,-0.0632556826,0.0382714383,0.0565262996,0.127305016,0.111282296,0.106299117,0.703943431,0.112550654,-0.0631645024,-0.169925302,0.680069029
1.58535969,-0.0113083618,0.762727499,-0.0242818575,0.0380049534,0.698556423,0.714132309,-0.0855838433,-0.000232337945,0.045712553,0.105438113,0.0201669354,0.000635218748,-0.0253708065,0.0628195703,0.00637685927,0.0715203062,0.0727916881,0.000994858914,-0.0632919222,0.0382807218,0.0565162562,0.127348125,0.111279346,0.106286213,0.70393312,0.112598836,-0.063151814,-0.170053154,0.679978669
1.58545363,-0.0103450557,0.763434649,-0.0207174178,0.0397530384,0.698635161,0.714072347,-0.0816759244,-0.0076114377,0.0471550487,0.106056958,0.0203752909,0.000675290765,-0.0220068377,0.0553981252,0.00809555687,0.0730710775,0.0721454397,0.000970746158,-0.0610535368,0.0365111344,0.0567832217,0.12963298,0.1107741,0.105706595,0.705369353,0.115603581,-0.0637994707,-0.170991153,0.679356873
1.58519185,-0.0104972646,0.763518333,-0.0207017362,0.0398077704,0.698558271,0.714145005,-0.0811716244,-0.00888378173,0.0473669022,0.104922287,0.0204235967,0.00065229967,-0.0220237598,0.0541780218,0.00828354433,0.07272809,0.0713826939,0.000952063885,-0.0606633797,0.03689849,0.056806393,0.129499435,0.10988301,0.104859687,0.705599546,0.116789073,-0.0645842254,-0.171880737,0.678437293
1.58531296,-0.010898117,0.763547301,-0.0206469204,0.0400781743,0.698449194,0.714238226,-0.0815476924,-0.00921111088,0.0474113151,0.103928059,0.0204997603,0.000651263457,-0.0227313433,0.0539782904,0.00819335412,0.0724038035,0.0706634298,0.000960614998,-0.0605990812,0.0363333523,0.0569255389,0.128541559,0.110224731,0.104441799,0.705404818,0.116770089,-0.0642714426,-0.172370434,0.677536011
1.58534729,-0.0102277603,0.763215542,-0.0204937253,0.0397687256,0.698349595,0.714357257,-0.0795138553,-0.00847836677,0.0470529348,0.104052387,0.0205845125,0.000681489473,-0.0206129253,0.0543449074,0.00802599452,0.0729407892,0.0701432452,0.00095201371,-0.0604202598,0.0362943262,0.0565818809,0.128242448,0.109895676,0.104016908,0.705730379,0.117776893,-0.0637907311,-0.172710434,0.677127004
1.58542311,-0.0102492571,0.763376355,-0.020327989,0.0397393629,0.698183298,0.714526176,-0.0786706805,-0.0085520139,0.0469483994,0.103548437,0.0205197874,0.000679802033,-0.0201001894,0.054302793,0.00786854886,0.0725890994,0.0694965646,0.000961588579,-0.0604254082,0.0363958627,0.0564038195,0.128014892,0.110294983,0.103863232,0.705968976,0.118337587,-0.0632512718,-0.172910079,0.676735699
1.58541572,-0.0101990486,0.763160348,-0.0202578995,0.0397730879,0.698044837,0.714661539,-0.0783531144,-0.00889731199,0.0470011793,0.102754198,0.0205843113,0.000671188929,-0.0197873823,0.0542106293,0.00779443933,0.0722514242,0.0690609366,0.000968741311,-0.0604384132,0.0363241173,0.0561948754,0.127755746,0.11053329,0.103597417,0.706085503,0.118026599,-0.0621267669,-0.172978759,0.676261127
1.5853498,-0.0104567586,0.763196945,-0.0201115478,0.0397693515,0.697924316,0.714783549,-0.0779040232,-0.00891701225,0.047037296,0.1022949,0.0206425115,0.000683247461,-0.0199104976,0.0538540184,0.00764893368,0.0720226318,0.0685691684,0.000967813015,-0.0602710173,0.0366563536,0.0567383431,0.127196774,0.110797375,0.103259712,0.706030846,0.117810555,-0.0615855828,-0.17301555,0.67575109
1.58548319,-0.0106267789,0.763254941,-0.0201175176,0.0395427197,0.697762311,0.714954138,-0.0775995925,-0.00868009869,0.0469894372,0.102019832,0.0205129739,0.000671385147,-0.0199276805,0.0544786379,0.00736366631,0.0720862672,0.0681294724,0.000974902709,-0.0602521747,0.0370613709,0.0574308932,0.126655728,0.111059912,0.102969848,0.705882311,0.117411025,-0.0605872087,-0.172833562,0.675369561
1.58521163,-0.0105206147,0.763132691,-0.0199199915,0.0395509191,0.697581291,0.715135872,-0.0772823021,-0.00912405644,0.0471374467,0.101833761,0.0206066463,0.000678700628,-0.0194587521,0.0537575632,0.00746635674,0.0720677674,0.0677978247,0.000975745381,-0.0600650869,0.0371830687,0.057402838,0.126457885,0.111030281,0.102562711,0.705903053,0.11719387,-0.0601327792,-0.172725484,0.674992144
1.5849967,-0.0111081852,0.763343215,-0.0197458565,0.0397585295,0.697399318,0.715306699,-0.0777829587,-0.0101210233,0.0474922918,0.101543836,0.0206893589,0.000667301239,-0.0206734296,0.0527603775,0.00755212829,0.0719695911,0.06746649,0.000983178499,-0.0597221255,0.0373242944,0.0580879115,0.125059858,0.111077987,0.102146499,0.705110013,0.116403475,-0.0599131733,-0.172607899,0.674477577
1.58526361,-0.0112797217,0.763214886,-0.0194448493,0.0398827977,0.697180808,0.715520978,-0.0779912397,-0.010905643,0.0476470366,0.101392075,0.0208660029,0.000649737485,-0.0208696667,0.052464094,0.00752348732,0.0724329799,0.0673045516,0.000981448917,-0.0594663583,0.0366974175,0.0579250939,0.125114128,0.111230277,0.101765469,0.705098629,0.115984172,-0.0590403788,-0.172336578,0.674273252
1.58488142,-0.0113358824,0.763519228,-0.0191790946,0.0396392196,0.697049737,0.715669334,-0.0771988705,-0.0113518937,0.0477045365,0.101598419,0.0210524835,0.000653287512,-0.0204625074,0.0518058315,0.0077559799,0.0729673505,0.0670608208,0.00098698237,-0.059388753,0.0371769331,0.0582563989,0.124987528,0.110864602,0.10137061,0.705077887,0.115466751,-0.0593664162,-0.172585294,0.673908174
1.58507109,-0.0116320457,0.763498902,-0.019254813,0.0393531434,0.696977675,0.715753198,-0.077076003,-0.0104515422,0.0475267842,0.101683035,0.0211491399,0.000656830438,-0.0207268652,0.0526784919,0.0075661391,0.0732819736,0.0668117031,0.000987790874,-0.0591467656,0.0375230014,0.0582469329,0.125078768,0.110833861,0.101047471,0.705203712,0.11543081,-0.0592478216,-0.172566876,0.67378974
1.58477581,-0.0120966053,0.76343137,-0.0190128013,0.0394793637,0.696977913,0.715752542,-0.0774568543,-0.0113215372,0.0478656366,0.101510182,0.0213202629,0.000660095073,-0.0213868301,0.0518210791,0.00783134717,0.0736180842,0.0666477904,0.000991994981,-0.0587136783,0.0372489691,0.0585717633,0.124397755,0.111231901,0.100917034,0.704731047,0.115107954,-0.0595318004,-0.17277126,0.67346704
1.5846771,-0.0124477651,0.763463557,-0.0190718304,0.038967099,0.697080016,0.715679646,-0.0772371292,-0.0107447868,0.0478407107,0.101518713,0.0214302,0.000653793977,-0.0213263407,0.0523705594,0.00772010069,0.0741485804,0.066555053,0.000986096566,-0.0580369681,0.0377014168,0.059094049,0.124128312,0.111045711,0.100637585,0.7044245,0.114776,-0.059532553,-0.172942102,0.673314035
1.58478868,-0.0125960186,0.763547122,-0.0189985167,0.0391466357,0.697100163,0.715652049,-0.0775997564,-0.0109241204,0.0479509421,0.101621158,0.0215345975,0.000652144139,-0.0218825862,0.0521349311,0.00784262922,0.074609302,0.0665072873,0.000988181215,-0.0575379506,0.0375603139,0.0580920428,0.124266818,0.11177475,0.100704126,0.704536736,0.115043759,-0.059109468,-0.173055381,0.673656583
1.58459377,-0.0128661897,0.763557971,-0.0187656917,0.0388340913,0.697146297,0.715630352,-0.0773312747,-0.0107954592,0.0479988866,0.101928569,0.0217055194,0.000661571161,-0.0217041634,0.0519460961,0.00800977834,0.0751690939,0.0664906651,0.000987181207,-0.0570218563,0.0374275036,0.0578995235,0.124205194,0.112349361,0.100819215,0.704619527,0.115336366,-0.059757486,-0.173567072,0.673890233
1.58471537,-0.0132770194,0.763682842,-0.0183909088,0.0381900035,0.697233319,0.71559,-0.0763575807,-0.0105304448,0.0479703918,0.102243029,0.0218731966,0.000648539921,-0.0209897589,0.0524802692,0.00799727812,0.0757308304,0.0664783046,0.000988246291,-0.0567675047,0.037347801,0.0582775138,0.123986371,0.112773359,0.100942761,0.704752862,0.115447357,-0.0603262223,-0.174054191,0.674130917
1.58455813,-0.0134356031,0.763420999,-0.0182164442,0.0373532288,0.697475851,0.715402186,-0.0750522465,-0.00959282275,0.0477940105,0.102545798,0.0220460612,0.000658800709,-0.0196046941,0.0534668043,0.00807731692,0.0764193237,0.066617161,0.000986104831,-0.0567361824,0.0375723131,0.0586680211,0.124093801,0.112738021,0.100958347,0.704878271,0.115537874,-0.0611247569,-0.174682036,0.674262822
1.5848186,-0.0135534434,0.763257802,-0.0185813569,0.0360914804,0.697640121,0.715297401,-0.0737302676,-0.00651260139,0.0470423549,0.102653526,0.0219333731,0.000665716012,-0.018223105,0.0561939664,0.00761472341,0.0768761709,0.0668214783,0.000975110452,-0.0566302873,0.0379831158,0.0583314002,0.125143453,0.113626122,0.101254053,0.705191731,0.1161891,-0.0613394342,-0.175275564,0.674911559
1.58515871,-0.0133347856,0.762843132,-0.0193722285,0.0352338031,0.697582066,0.7153759,-0.0727934912,-0.00348485168,0.0462713055,0.102568641,0.0216088593,0.000671794347,-0.0173970237,0.0595411845,0.00703653274,0.0768273845,0.0671212897,0.000976482523,-0.0578620881,0.0382886045,0.0560484156,0.126924008,0.114155903,0.101660565,0.705881953,0.1175116,-0.0616170093,-0.175450489,0.675838351
1.58514452,-0.0135997673,0.762700558,-0.0196239837,0.0351881012,0.697568357,0.715384483,-0.0728249773,-0.00250064163,0.0460887924,0.102049619,0.0212475974,0.000684970873,-0.017592527,0.0604826137,0.00695190206,0.0763821602,0.0673825964,0.000983639853,-0.0584190711,0.0383783206,0.0552191921,0.12776202,0.114394084,0.101905711,0.706275225,0.117977306,-0.0615824983,-0.175284058,0.676366866
1.58517027,-0.0135958521,0.762696803,-0.0196550973,0.0351534411,0.697595954,0.715358555,-0.0726951063,-0.00228739483,0.0460562371,0.101752408,0.0209362153,0.000678373792,-0.0174898226,0.0607222691,0.00702381926,0.0761492029,0.0676269159,0.000980935176,-0.0585773438,0.0384105444,0.0550841242,0.1280628,0.114481419,0.102065332,0.706437826,0.118077047,-0.0615217835,-0.175090343,0.676707506
1.58517754,-0.0135886101,0.762703717,-0.0196576547,0.0351405665,0.697642565,0.715313613,-0.0725683793,-0.00223649922,0.0460678823,0.101529472,0.0206720661,0.000670809357,-0.0173670035,0.0607956089,0.00710903481,0.0759561807,0.0678464994,0.000976558542,-0.058674112,0.038413126,0.0550507121,0.128152058,0.114492908,0.102174766,0.706508875,0.118072644,-0.0615294911,-0.174924836,0.676944315
1.58546364,-0.0147937676,0.762762845,-0.0191576798,0.0342706405,0.697752655,0.715261996,-0.0720665753,-0.00115704152,0.0459922552,0.101774164,0.0205672458,0.000656121701,-0.0168437548,0.06170623,0.00682091108,0.0761162564,0.0681214035,0.000970827881,-0.0587627664,0.0379819646,0.0556518659,0.127951786,0.115028314,0.102436014,0.706900835,0.117401205,-0.0619692542,-0.174747944,0.677102029
1.58550549,-0.0148095777,0.76276648,-0.0191656332,0.0341996253,0.69779104,0.715227783,-0.0720053911,-0.000886210764,0.0459701642,0.101947598,0.0204560626,0.000653467432,-0.0167176239,0.0619795434,0.00685204985,0.0761897117,0.0683570653,0.000964422012,-0.058924742,0.0380095653,0.0556399412,0.128101036,0.115209974,0.102624014,0.707248509,0.117313668,-0.0620996989,-0.17451334,0.677415609
1.58551323,-0.0148055507,0.762777865,-0.0191729888,0.0341923647,0.697959781,0.715063214,-0.0720377117,-0.000819352397,0.0459838323,0.102056831,0.0203503445,0.000648888876,-0.0166813247,0.0620575771,0.00691833114,0.0761954412,0.0685564503,0.00095754629,-0.0590428747,0.0380158201,0.0556278266,0.128096297,0.115258373,0.102741793,0.707479537,0.117246099,-0.0621861853,-0.174283057,0.677674115
1.58626175,-0.0158380326,0.763409674,-0.0162964389,0.0348104537,0.698033452,0.715032876,-0.0701451451,-0.00506306812,0.0468836389,0.102867797,0.0205631312,0.000633341551,-0.0147246849,0.0574673414,0.00787985232,0.0772519782,0.0685455874,0.00093660265,-0.0568680912,0.0372402817,0.0585506558,0.126975745,0.114917114,0.10213913,0.707301378,0.115909062,-0.0624920577,-0.174363673,0.676682711
1.58610141,-0.0159649421,0.763697028,-0.0154750627,0.0352489688,0.697972059,0.71508956,-0.0698377639,-0.00801303517,0.04740417,0.102936395,0.0208449252,0.000612075848,-0.0142413536,0.0547516644,0.00859602541,0.0776465312,0.0682814419,0.000915460463,-0.0566274822,0.0362598523,0.0590848252,0.126762167,0.114160322,0.101551287,0.707331717,0.115437292,-0.0624460243,-0.174375907,0.676098168
1.58614719,-0.0162139758,0.763632774,-0.0157353096,0.0350046083,0.698022008,0.715047181,-0.0700783283,-0.00763317011,0.0473079868,0.102828749,0.0210315008,0.000600479543,-0.0146540711,0.0553095341,0.00856367219,0.0778652579,0.0680992007,0.000907882815,-0.0562965684,0.0368603319,0.0592942312,0.125784144,0.113738321,0.101102717,0.706869721,0.115272999,-0.0625700802,-0.174480289,0.67568177
1.58617616,-0.0166213326,0.763652802,-0.0158359613,0.0349539928,0.69805181,0.715018332,-0.0709373057,-0.0073607238,0.047216326,0.102766849,0.0211702809,0.000598337268,-0.0158179738,0.0555973239,0.00861471426,0.0781174377,0.067983456,0.000916235207,-0.0565935336,0.0372693948,0.0598657951,0.125170484,0.114044473,0.101013675,0.706293464,0.11483749,-0.0623859987,-0.17457369,0.675051332
1.58631659,-0.0166464988,0.763515949,-0.0157788787,0.034929987,0.6981861,0.714889526,-0.0708461627,-0.00696449075,0.0470310114,0.102895364,0.02138629,0.00061072188,-0.0162827335,0.0557114482,0.00881003123,0.0788923874,0.0679826066,0.000909832772,-0.0565526858,0.0373899676,0.0601582266,0.124914311,0.114310049,0.100922503,0.705801666,0.114806123,-0.0619446337,-0.174502343,0.674610078
1.58649528,-0.0167263262,0.763660908,-0.0159019027,0.0347447731,0.698268592,0.714815319,-0.0709848106,-0.00661133556,0.0468855724,0.103089057,0.0215369239,0.000598189305,-0.0167790651,0.0562652461,0.00883737765,0.0798620433,0.0679851249,0.000906247587,-0.0565783493,0.0377830714,0.0607987754,0.124641754,0.113980673,0.100618087,0.705361784,0.114772454,-0.0615339279,-0.174495921,0.674261868
1.58679938,-0.0165674277,0.763716936,-0.0155023262,0.0351210348,0.69836545,0.71471107,-0.0709863901,-0.00749651762,0.0469819754,0.103334814,0.021661602,0.00060299749,-0.0170694273,0.0557259247,0.00922271423,0.0808910057,0.0678766593,0.000904702465,-0.0564497113,0.0367382206,0.0606473945,0.124682859,0.113706678,0.10036999,0.704981744,0.115171023,-0.0610353239,-0.174441442,0.674229383
1.58694887,-0.0164018385,0.763937235,-0.0151785687,0.0353888273,0.698543608,0.714530706,-0.0706700236,-0.00806019641,0.0469956994,0.103363469,0.0218492895,0.000612258911,-0.0173337255,0.0549839363,0.00962986425,0.0819696337,0.0676045492,0.00089760602,-0.0559671596,0.0362925977,0.0610219203,0.12455257,0.11367286,0.100240991,0.704721928,0.115677133,-0.0607793257,-0.174500152,0.674165845
1.58735478,-0.016203098,0.763959825,-0.0152145382,0.0353724435,0.698771536,0.714307785,-0.0707088113,-0.00808818545,0.0469167829,0.103582263,0.0218486767,0.000594169658,-0.0176415443,0.0554173291,0.00973976124,0.08303684,0.0673832297,0.000891378731,-0.0556839556,0.0362196639,0.0613715202,0.124303058,0.113557421,0.100050807,0.704327822,0.116163753,-0.0607261099,-0.174654692,0.674158335
1.58765364,-0.0160512775,0.763680279,-0.0157403983,0.0351061858,0.698963881,0.714121342,-0.0712865964,-0.00627816003,0.0464115478,0.103622504,0.0218558256,0.000608516741,-0.018107662,0.057107117,0.0096002128,0.0839096382,0.0672083572,0.000881013751,-0.0554299057,0.0368877538,0.0611876585,0.124026135,0.113695212,0.099947907,0.704085767,0.116421491,-0.0605227351,-0.174563989,0.67428112
1.58831692,-0.0157265458,0.76354003,-0.0161195882,0.0347812399,0.699094832,0.714000642,-0.0709311515,-0.00429613283,0.0458017662,0.10382551,0.0216959324,0.000611595053,-0.0184657034,0.0589915328,0.00941953436,0.0849526897,0.067120485,0.000872528355,-0.0560634136,0.0373782925,0.0614560284,0.124515638,0.114332914,0.100047842,0.70403868,0.116138421,-0.0603030547,-0.174500644,0.674360812
1.58886969,-0.0153412679,0.763507247,-0.016457146,0.0352182612,0.699214041,0.71385479,-0.0721027255,-0.00384103647,0.0455954298,0.103571065,0.0214828905,0.000603256049,-0.019659467,0.0595985949,0.00955527462,0.0856225342,0.066986151,0.000865314854,-0.0560686402,0.0377797075,0.0614506938,0.124686167,0.11461705,0.0999903306,0.703885198,0.116582274,-0.0599645451,-0.174414366,0.674385846
1.58936906,-0.0153219914,0.763493061,-0.0169009753,0.0358244665,0.699261606,0.713767529,-0.0737656057,-0.00344562531,0.0454671159,0.103424713,0.0213844161,0.000596681435,-0.0218399893,0.0600107573,0.00973322801,0.0863099173,0.066895403,0.000862349872,-0.0561133027,0.0377617627,0.0614358932,0.124572679,0.115112595,0.099965252,0.703831911,0.116250396,-0.0596467517,-0.174153745,0.674186528
1.59003341,-0.0150314411,0.76379323,-0.0172682274,0.0361820236,0.699326098,0.713677585,-0.0750570148,-0.00282875029,0.0452314503,0.103945494,0.0212953091,0.000581948436,-0.0237812679,0.0606632307,0.0098857889,0.0875877962,0.0667203441,0.000855127641,-0.0563495271,0.0376862586,0.0620444231,0.124783799,0.115773201,0.0999942943,0.703868628,0.115533851,-0.0598503314,-0.174034253,0.674152553
1.5905056,-0.0148204071,0.763676465,-0.0177405793,0.0365920775,0.699430764,0.713542581,-0.0769517198,-0.00208568363,0.044982519,0.104372337,0.0213305037,0.00057826878,-0.0265256558,0.061546199,0.0100994781,0.0896208882,0.0666718557,0.000854448415,-0.0565181077,0.0378207006,0.0620419607,0.125616044,0.114760824,0.09946087,0.704868615,0.115166038,-0.0597651452,-0.173787042,0.674243629
1.59119177,-0.015025286,0.763845563,-0.0181895737,0.0376715139,0.699488521,0.713418424,-0.0801829994,-0.00218013418,0.0449423492,0.105157971,0.0213418193,0.00057032553,-0.0308212638,0.0614222288,0.0105456617,0.0918440521,0.0665469021,0.000846950046,-0.0563465618,0.0374103636,0.0630172938,0.125489026,0.114779726,0.0991284102,0.705026507,0.114512675,-0.0596337281,-0.17345269,0.673930585
1.5922569,-0.0145990513,0.763731956,-0.01893574,0.0386311486,0.699437201,0.713398039,-0.083344236,-0.00118686259,0.0444508307,0.106534585,0.0213333275,0.000568446994,-0.0348689072,0.0629168227,0.0106028216,0.0947708935,0.0664153174,0.000843546528,-0.0561452731,0.0370974168,0.0619678535,0.126188919,0.115430035,0.0990751535,0.705239713,0.114054486,-0.0601578131,-0.173495561,0.673743188
1.59229815,-0.0152489943,0.764152944,-0.0197991263,0.0402236842,0.699270785,0.713449657,-0.089038454,-0.00220922055,0.0447187386,0.107575543,0.0214651506,0.00055947958,-0.0423793122,0.0618102737,0.0114537254,0.0978129208,0.0661307722,0.000851751131,-0.0562102124,0.0372542515,0.0623034686,0.125757888,0.114698127,0.0985082984,0.705175936,0.112150729,-0.0608229265,-0.173358753,0.673153222
1.59286892,-0.0155187631,0.764481664,-0.0203984529,0.0424890891,0.698891103,0.713673413,-0.095593296,-0.00439445116,0.0450152457,0.109728083,0.0218074229,0.000541921065,-0.0502263755,0.0598247796,0.0125763463,0.102393031,0.0658326447,0.000837194035,-0.0551562794,0.036766164,0.0614819415,0.124680698,0.114164092,0.0979612395,0.704786062,0.111079685,-0.061636664,-0.173311293,0.672830701
1.59306633,-0.0167057328,0.765406251,-0.0207716823,0.0463414416,0.698193252,0.714105785,-0.106589921,-0.0101455636,0.0462531783,0.11231783,0.022495158,0.000508645608,-0.0633877814,0.0546538979,0.0144482572,0.107507177,0.0650878325,0.000851949735,-0.053750772,0.0359684005,0.0613223575,0.123129033,0.113025039,0.0973151922,0.703851759,0.108668163,-0.0626280457,-0.173461437,0.671642363
1.59295464,-0.0185246076,0.765955687,-0.0220791176,0.0495906174,0.697251797,0.714767992,-0.120587617,-0.0141491275,0.0470862649,0.117381223,0.0234237816,0.000476630725,-0.0795192719,0.0511795618,0.0163575429,0.11462111,0.0643954352,0.000865432725,-0.0516363233,0.0367332362,0.0629998893,0.119487539,0.110643938,0.0962787792,0.702160954,0.105768099,-0.0642703623,-0.173733443,0.67025423
1.59237349,-0.0214097966,0.766916096,-0.0240278337,0.0547971949,0.695934594,0.71560812,-0.142157272,-0.02028469,0.0485355929,0.125327736,0.0247596838,0.000453444809,-0.10172864,0.0459503047,0.0188700333,0.123112805,0.0635003746,0.000923011277,-0.0484603755,0.0372776911,0.0657343492,0.116357781,0.108140089,0.0949751958,0.700225472,0.100820474,-0.0660788044,-0.173819289,0.668061018
1.5911057,-0.0256157182,0.76815474,-0.0269615799,0.0614434145,0.694010437,0.716831386,-0.172700793,-0.0285849515,0.0505943373,0.136999533,0.0266124997,0.000415832852,-0.130300045,0.0378302857,0.022518022,0.133308724,0.0622514188,0.000927628833,-0.0415480286,0.0380525813,0.0676658675,0.110465027,0.105610684,0.0936143622,0.697616339,0.0949831009,-0.0695141926,-0.173871771,0.665225863
1.58942437,-0.0305302683,0.769186854,-0.0301419143,0.0697436258,0.691116154,0.718738973,-0.210904911,-0.0384546146,0.0524772443,0.153967321,0.0289001334,0.000408171356,-0.163937941,0.0276503488,0.0270849373,0.144636825,0.0607736483,0.000975638512,-0.0338508748,0.0385809392,0.0711113513,0.104248822,0.102863215,0.0921187997,0.694473028,0.0870963633,-0.0732302517,-0.173480645,0.661351264
1.58670437,-0.0357189626,0.769972742,-0.0333576463,0.0802174881,0.687660754,0.720815539,-0.25628525,-0.0524582453,0.054794699,0.176880583,0.0319886655,0.000423469173,-0.201890826,0.013298966,0.0334480852,0.15668726,0.0593018271,0.00105780072,-0.0228269156,0.0397494286,0.0741646439,0.0974970385,0.099625051,0.0906883031,0.690803289,0.078802973,-0.0787441954,-0.173546061,0.656515658
1.58289373,-0.0412706472,0.77146399,-0.0358501598,0.0918419436,0.683926642,0.72285831,-0.306875765,-0.0693693906,0.0570735522,0.206162378,0.0361188538,0.000464774901,-0.241495043,-0.00483521866,0.041090291,0.16953446,0.0578457341,0.00120368006,-0.0069685881,0.0402479842,0.0769469291,0.0896412432,0.0961682424,0.0894365609,0.68648684,0.0712691545,-0.0874455795,-0.174632356,0.651560366
1.57844722,-0.0469268449,0.773302615,-0.0381318405,0.104201004,0.680151761,0.72462517,-0.361786336,-0.0859163627,0.0582765378,0.242630512,0.0413594171,0.000563752139,-0.283427417,-0.0255614184,0.0497863628,0.183502644,0.0563451983,0.00134433596,0.0115064867,0.042033568,0.0799106136,0.0806658864,0.0912303925,0.0876620635,0.681394696,0.0652644113,-0.098710008,-0.176098779,0.646167636
1.57274342,-0.0515227132,0.774386644,-0.0389703773,0.115937568,0.676806033,0.725929439,-0.416475475,-0.0994254947,0.0574545935,0.28476432,0.0462530069,0.000849333417,-0.322898597,-0.0484684594,0.0598103777,0.200345561,0.0552570857,0.00152106502,0.0316879265,0.0422876701,0.0813363716,0.0736945048,0.0868923739,0.086382553,0.676642895,0.0627833009,-0.114149898,-0.178749815,0.641830504
1.56614077,-0.0558169261,0.775693953,-0.0391839631,0.127524942,0.673804164,0.726766825,-0.469067693,-0.108352877,0.0534746796,0.328675866,0.0489075147,0.00142605242,-0.361543864,-0.0727620348,0.0707793236,0.218655422,0.054353103,0.00173172913,0.0488698296,0.0427998342,0.0822387412,0.0685728714,0.0815230384,0.0851870477,0.672418535,0.0593004376,-0.131090045,-0.181415707,0.637761772
1.5593431,-0.0578426532,0.776908278,-0.0380460657,0.137460396,0.671555102,0.727097631,-0.510477543,-0.106095411,0.0452415086,0.37003541,0.0505569503,0.00242281612,-0.392460525,-0.0972440988,0.082147032,0.238787144,0.0536690056,0.00191808084,0.0630369633,0.0421731062,0.0813626722,0.066661559,0.0777783319,0.0846307799,0.669157267,0.0581499934,-0.148306757,-0.185161978,0.636007607
1.55251455,-0.0596942753,0.777581513,-0.0365498178,0.14625755,0.669706643,0.727162838,-0.542194486,-0.0905186832,0.0334392861,0.403021365,0.0523894913,0.00359039032,-0.419428289,-0.120764576,0.0931650251,0.256964445,0.0530152842,0.00208792114,0.0715995058,0.0404936001,0.0798468143,0.068866536,0.0790719241,0.0857674032,0.667668104,0.0566634797,-0.16455248,-0.189027265,0.635546923
1.54529285,-0.0594435148,0.778416812,-0.0349780023,0.150506869,0.668521225,0.727463782,-0.55689466,-0.0617600046,0.0180430505,0.425623596,0.0558512248,0.00438651768,-0.434339166,-0.139390483,0.102781855,0.274852246,0.052802112,0.00221786089,0.0743386596,0.043154195,0.0787974447,0.0713646263,0.0800182298,0.0873816758,0.667442322,0.0573527254,-0.180129379,-0.192892745,0.636669457
1.5369364,-0.0584289394,0.778900087,-0.0321954489,0.154684305,0.666725397,0.728363633,-0.560517848,-0.0292350277,0.00236362102,0.432470679,0.0612432584,0.00458305003,-0.445889115,-0.159632996,0.11280442,0.288984001,0.0523091219,0.00242811092,0.0749938712,0.042945005,0.0770211071,0.0780914277,0.0833162442,0.0904001445,0.669361413,0.0582567044,-0.193817228,-0.196758151,0.638181686
1.52825058,-0.0562804975,0.779497921,-0.028631309,0.158410519,0.664851367,0.729423761,-0.55391407,0.00506759621,-0.0125338864,0.425412327,0.0678110868,0.00422636978,-0.454339743,-0.181085542,0.122916721,0.301040053,0.0514149666,0.00262675155,0.0733953714,0.0424367338,0.0745950267,0.0877596661,0.0868766308,0.0937886015,0.673130572,0.0601162501,-0.205779776,-0.200356424,0.64024806
1.51845849,-0.0535575002,0.779739201,-0.0245831311,0.160601109,0.663617611,0.73021543,-0.539165497,0.0418243185,-0.0262978319,0.407201767,0.0745404363,0.00359376264,-0.45874241,-0.203111649,0.132857621,0.312348366,0.0501801372,0.00281522097,0.0703490824,0.0417627543,0.0745483786,0.101395354,0.0930153057,0.0989257321,0.679582119,0.063318722,-0.216899574,-0.203615025,0.641930997
1.50720751,-0.0499111749,0.779784918,-0.0205902141,0.16266036,0.663010716,0.730434477,-0.518793106,0.0784998834,-0.0379262343,0.381491184,0.0810229704,0.00291367061,-0.461005479,-0.226228535,0.142830044,0.321950167,0.0486685224,0.00307116006,0.066013895,0.0407559983,0.0738485754,0.112561256,0.0963572338,0.102948576,0.685870886,0.0669083297,-0.227758378,-0.206585005,0.64341104
1.49442089,-0.0461163037,0.779453933,-0.0177011918,0.163616225,0.663171887,0.730150282,-0.49694398,0.116885908,-0.0487580709,0.351451397,0.0871967077,0.00234532775,-0.460685462,-0.248623595,0.152075276,0.329639614,0.0470469482,0.00333042536,0.0615343451,0.0408710912,0.0726888999,0.121374995,0.101073094,0.107152373,0.69160682,0.0711355507,-0.239291608,-0.209797621,0.644974709
1.48003018,-0.0425210446,0.778871,-0.0147403171,0.164977342,0.663334906,0.7297616,-0.474195391,0.153235987,-0.0576889776,0.322494388,0.0933541954,0.00196019467,-0.461576998,-0.273431301,0.16168952,0.335132986,0.0453147665,0.00364234205,0.0578651763,0.0393728428,0.0731732473,0.126897484,0.10520798,0.110776536,0.696175277,0.0751898512,-0.250682473,-0.21297276,0.646165192
1.46432042,-0.0382147953,0.77776444,-0.0115035288,0.165717125,0.664102554,0.72895354,-0.449333757,0.187778547,-0.0648880079,0.299442858,0.0993200839,0.00185373297,-0.461593777,-0.30010435,0.171527833,0.341272444,0.04324577,0.0039372826,0.0572732277,0.0379847847,0.0727015585,0.132827833,0.109304793,0.114202134,0.700550735,0.0815314502,-0.262298852,-0.216492876,0.648271918
1.44711483,-0.0343148448,0.775848806,-0.0105089983,0.163500622,0.665902019,0.727826655,-0.427546293,0.226907313,-0.0724899173,0.283621192,0.104946285,0.00203990564,-0.460501939,-0.321188509,0.179052323,0.349041909,0.0411706194,0.00424228981,0.0562030599,0.0402325243,0.0731754005,0.134812787,0.112332299,0.117079817,0.703365564,0.0874600559,-0.273304135,-0.220093772,0.651331127
1.42835522,-0.0311121438,0.773002505,-0.00970989745,0.164290875,0.666142225,0.72743988,-0.411795914,0.260717481,-0.0784800574,0.273004234,0.112066858,0.00211576442,-0.470018089,-0.348037094,0.18945846,0.358246237,0.0387517884,0.00466022827,0.05892241,0.0386648662,0.0762687474,0.13528806,0.11636389,0.120633684,0.706681132,0.0904013589,-0.285988927,-0.223355547,0.654980302
1.40829587,-0.0264884122,0.769334853,-0.00904439203,0.164072439,0.665702462,0.727900267,-0.395033509,0.292042494,-0.0835009962,0.267134011,0.119206339,0.00222761161,-0.479312956,-0.374804765,0.199608028,0.37117964,0.0362892076,0.00510299718,0.0609467179,0.0372124203,0.0760815814,0.137041405,0.119240656,0.123746336,0.709847748,0.0928906053,-0.296963096,-0.225754604,0.6586501
1.38615382,-0.0233379155,0.76350373,-0.0109335063,0.16313988,0.665010512,0.728715897,-0.384120852,0.326272756,-0.0900304392,0.261336327,0.125486895,0.00250666193,-0.495947599,-0.398753613,0.208685935,0.385485679,0.0332376659,0.00559203606,0.061681319,0.0360128842,0.0755850151,0.138089046,0.123160601,0.126783565,0.711732328,0.0928264707,-0.307288617,-0.227070838,0.66124475
1.36263192,-0.0193589125,0.756025016,-0.0149713876,0.15975222,0.664417684,0.729934454,-0.374947369,0.366171002,-0.0980985984,0.256478101,0.130897209,0.00292192469,-0.512537658,-0.41781953,0.215755135,0.404500425,0.0300922971,0.00608883286,0.0594298802,0.0371431932,0.0756230876,0.140538663,0.128490567,0.130094975,0.713491559,0.0907513797,-0.31628558,-0.227548748,0.662788451
1.33754003,-0.0153804813,0.746216834,-0.0189279225,0.154516205,0.664033949,0.73131758,-0.364462584,0.408652872,-0.106425285,0.254012078,0.135782465,0.00345162558,-0.530997396,-0.43715328,0.222608313,0.428584874,0.0263366457,0.00662688166,0.0576883033,0.0366535671,0.0753009245,0.145087212,0.138302088,0.134983316,0.714860201,0.0878177807,-0.321108431,-0.226798117,0.664488971
1.31057513,-0.0106651783,0.734549582,-0.0251929164,0.14786762,0.663717389,0.73278904,-0.35536322,0.451745421,-0.114528961,0.253325284,0.140993521,0.00387094333,-0.550133169,-0.452539712,0.228062525,0.456934065,0.022423435,0.00729759689,0.057115566,0.0368811004,0.0725585297,0.148637116,0.150238901,0.140408337,0.715289414,0.087387085,-0.323969811,-0.224915415,0.665388167
1.28137183,-0.00745753059,0.720311284,-0.032784678,0.141229048,0.662999749,0.734445989,-0.351183206,0.491665065,-0.121700615,0.254456252,0.145472616,0.00428464357,-0.573656499,-0.467039019,0.234159499,0.486337245,0.0187252294,0.00809220877,0.0595004931,0.0339609608,0.070465751,0.150417462,0.166562602,0.146663219,0.71366787,0.0887602642,-0.323214233,-0.221491531,0.665583551
1.24932885,-0.00413656002,0.703713596,-0.0432630628,0.129660875,0.662339926,0.73662895,-0.349256366,0.533018172,-0.130075052,0.259348214,0.148190334,0.00471836375,-0.590246975,-0.473344356,0.237108544,0.516853034,0.0159437787,0.00880729686,0.0634387285,0.0354983397,0.0696677193,0.150211215,0.185511917,0.15324527,0.710270166,0.0917869061,-0.319070101,-0.217418581,0.666358769
1.21397221,-0.00183789781,0.68507272,-0.0554108955,0.115928225,0.660585642,0.739673495,-0.348883659,0.566579401,-0.13756755,0.270736217,0.149140939,0.00491068186,-0.602549732,-0.475594759,0.240362138,0.543014586,0.0149363279,0.00944244675,0.067829445,0.0351165682,0.067338489,0.149440706,0.205933109,0.159638777,0.705706716,0.0960274488,-0.311043948,-0.212171569,0.668420911
1.17483032,0.00148594601,0.666368127,-0.0672456399,0.102023445,0.657619298,0.743374765,-0.346590936,0.586401284,-0.139755547,0.292434752,0.145905808,0.00474825548,-0.607724428,-0.478123218,0.247380406,0.558829367,0.0167606175,0.00997916888,0.0711805746,0.0317429453,0.0625868887,0.15022853,0.225403324,0.165432319,0.700550258,0.103128992,-0.299662173,-0.207479119,0.670868933
1.12987471,0.00354566658,0.651526749,-0.0789192915,0.0895912051,0.653976619,0.747034013,-0.349546403,0.590742826,-0.13395533,0.32019788,0.136482239,0.00404299051,-0.612338483,-0.483896971,0.258000195,0.558838725,0.022040775,0.0104929041,0.0733197927,0.0283354893,0.058025524,0.149029255,0.238255262,0.168503717,0.695667803,0.112201788,-0.2871674,-0.204290301,0.673809052
1.08346188,0.00257137837,0.676433384,-0.0913989916,0.0797917768,0.650896013,0.74940908,-0.365370184,0.588911891,-0.124197386,0.348589808,0.121859685,0.00327372784,-0.618984342,-0.488425165,0.268846929,0.542353511,0.0315887854,0.0110146776,0.0763869435,0.0264557265,0.0574810468,0.142989293,0.246160507,0.167935148,0.690079451,0.119752117,-0.272413611,-0.202090487,0.676806629
1.03965569,0.000856554776,0.701244652,-0.103726171,0.0719666928,0.650736094,0.74873507,-0.394045144,0.586231053,-0.114496708,0.377780467,0.10444805,0.00284275366,-0.621092677,-0.483661413,0.27474308,0.514588714,0.0454045758,0.01144234,0.0857284069,0.0255166348,0.0581745803,0.129593208,0.251630425,0.165475875,0.683446109,0.128567964,-0.255627483,-0.200627163,0.681270421
1.00286973,-0.00180965126,0.715795875,-0.117134184,0.0646597669,0.653976738,0.74458921,-0.435972244,0.579572678,-0.103873111,0.406021446,0.0865282938,0.0018619271,-0.610955954,-0.447329342,0.26597181,0.489992201,0.0593150482,0.0111989183,0.0988986641,0.0269869417,0.0605560169,0.11006695,0.259985089,0.162840918,0.67444557,0.14064917,-0.235297486,-0.198607251,0.687223852
0.97080797,-0.00423067203,0.729709864,-0.130049258,0.0584451333,0.65824759,0.739176214,-0.479416251,0.567392945,-0.0929847062,0.432943434,0.0706007779,0.000778518734,-0.589509666,-0.384185284,0.244561955,0.476395518,0.06963332,0.0108094309,0.109908409,0.0294150058,0.0598654263,0.0901391879,0.269004643,0.160481468,0.664789438,0.150908694,-0.216977447,-0.197008669,0.694087207
0.94113344,-0.00780803617,0.742744386,-0.140467241,0.0539952256,0.663007736,0.733330905,-0.517518818,0.547127485,-0.0813419297,0.455828249,0.0577900745,-2.45446845e-05,-0.566544712,-0.306492329,0.217756972,0.469462812,0.0767884701,0.0108198086,0.111958608,0.0313462541,0.0620303415,0.0745719522,0.275485963,0.158515573,0.656813323,0.15329355,-0.203253195,-0.196162358,0.699210227
0.913880944,-0.0115992539,0.754203975,-0.14867717,0.0509347469,0.668693841,0.726738811,-0.544567227,0.521805346,-0.0689614043,0.471628338,0.0480963029,-0.000538992521,-0.546431243,-0.222398937,0.189653754,0.471964151,0.0823232681,0.0113723855,0.102131635,0.0331672467,0.063563481,0.0687513202,0.279341668,0.156271353,0.651420295,0.149861276,-0.192802042,-0.195783913,0.702005029
0.889127135,-0.0149006704,0.762179792,-0.153075963,0.0493971258,0.674514234,0.720526338,-0.557554841,0.489974529,-0.0553900227,0.477630913,0.0408511907,-0.000862390851,-0.533561409,-0.138451859,0.161503047,0.488263667,0.0863925368,0.0129320947,0.0845215172,0.034000583,0.0642539635,0.0692160726,0.282877356,0.154292643,0.647196233,0.144670799,-0.186171561,-0.196152776,0.701918185
0.864500701,-0.0181020182,0.767630517,-0.154501855,0.0504412577,0.67988658,0.715079725,-0.557940185,0.452127486,-0.0410685539,0.471914887,0.0346812792,-0.000940199126,-0.533588648,-0.058313325,0.133385643,0.516811073,0.0887855217,0.0158102233,0.0616211109,0.0343457013,0.0604636818,0.0748767257,0.284220994,0.152111739,0.644992948,0.138257101,-0.184230596,-0.197479054,0.697762847
0.84223032,-0.02150199,0.772127986,-0.154895723,0.0522461981,0.685602605,0.709384859,-0.557026863,0.416715354,-0.0293987896,0.459330559,0.0291324705,-0.000846639625,-0.545921087,0.0214895774,0.103731856,0.556134224,0.0889978856,0.019777596,0.0367984623,0.0358891897,0.0602388568,0.0807743669,0.286629856,0.150962323,0.644106567,0.129736915,-0.182158038,-0.198035941,0.690318227
0.82291925,-0.0251198541,0.775309801,-0.154268593,0.0531129465,0.691108584,0.704094529,-0.553674996,0.383591533,-0.0198566224,0.442255765,0.0249976665,-0.000785442593,-0.566423774,0.104245387,0.0710533783,0.598674834,0.0881875083,0.023907939,0.0108825602,0.0385245942,0.0668520406,0.0840356275,0.289879352,0.150573432,0.645466983,0.119023502,-0.176624134,-0.196791336,0.680208266
0.804386258,-0.0276584625,0.77810514,-0.151069269,0.0550203025,0.696069121,0.699741781,-0.543349326,0.346014738,-0.00996039808,0.424623102,0.0224113986,-0.000697781914,-0.5892694,0.180116132,0.0406562053,0.635906875,0.0869030803,0.0273424964,-0.0127518456,0.0397169143,0.0728929043,0.0842962712,0.28909564,0.149822995,0.650529325,0.107467003,-0.169527337,-0.194065779,0.668154478
0.786739945,-0.0288101994,0.78024447,-0.146246865,0.0581259653,0.701443613,0.69513315,-0.526014984,0.306070864,-0.000410698965,0.404251456,0.0211513378,-0.000549238932,-0.608389735,0.245225638,0.0170461666,0.66005528,0.0857426599,0.0290513132,-0.0346167646,0.0390300937,0.0758771375,0.0854741633,0.285930872,0.149815202,0.657665193,0.097253345,-0.16133754,-0.190367565,0.655570745
0.771492481,-0.0305562224,0.781294882,-0.140214607,0.0597287305,0.707553566,0.690029263,-0.506928444,0.267596275,0.00733140018,0.379891902,0.0206843466,-0.000507317192,-0.620933592,0.300710499,0.00159717724,0.664990067,0.085152626,0.0287624039,-0.0555374883,0.0387656279,0.0798796937,0.0878704786,0.28054437,0.149184346,0.666138411,0.0875398666,-0.15151377,-0.185900062,0.642775118
0.757023096,-0.03103384,0.781773269,-0.133987367,0.0624954179,0.713787556,0.684579432,-0.486116558,0.228574678,0.0143060451,0.354043484,0.0209117904,-0.000439594791,-0.619490325,0.336397737,-0.000917702797,0.649020016,0.0861048475,0.0266662054,-0.0713793039,0.0389868915,0.0796878561,0.0892838314,0.271901369,0.147932783,0.674692333,0.0829920694,-0.141588077,-0.181428328,0.631159186
0.741988599,-0.029508166,0.781920135,-0.124733433,0.0613394827,0.720362306,0.679527164,-0.455223531,0.192074925,0.0198121779,0.331522197,0.0214889646,-0.000330547889,-0.590018094,0.350295812,0.00934351608,0.617551386,0.0887941197,0.0235481206,-0.0843259767,0.0403705463,0.0824465007,0.0915056244,0.260017365,0.145724162,0.683043599,0.0834348053,-0.13075377,-0.176836148,0.621456683
0.72742933,-0.027983373,0.781020761,-0.115587264,0.0625699311,0.725753307,0.675282717,-0.425491571,0.152123243,0.0268261172,0.307983547,0.0214172415,-0.000257534237,-0.553015471,0.340676486,0.0312454887,0.574635446,0.0923047438,0.0205269195,-0.089724645,0.0410668366,0.0786997676,0.0955976173,0.247483552,0.143450439,0.690577388,0.0870944113,-0.121867239,-0.172787145,0.61336118
0.713291168,-0.0253964327,0.777917862,-0.103557758,0.06376791,0.73068732,0.671792746,-0.389571458,0.10929814,0.0345414653,0.284611046,0.0215159673,-0.000160342155,-0.502119303,0.313857406,0.0588282011,0.528384149,0.0994800702,0.0177757591,-0.0877222344,0.0406657383,0.0759705156,0.0988297239,0.231727943,0.139380485,0.696032226,0.0938689932,-0.115153946,-0.169784084,0.607811868
0.700629592,-0.022456767,0.767566383,-0.0908382982,0.0627593473,0.733607709,0.670544088,-0.347620785,0.0730337948,0.0402738936,0.26184845,0.0217465535,-1.90099472e-05,-0.445663393,0.286137551,0.0813407972,0.480647475,0.106018089,0.0153935598,-0.0835933909,0.0401772261,0.0740898177,0.103423275,0.213475823,0.134882942,0.698030412,0.100423366,-0.111385621,-0.167081088,0.605356097
0.688973427,-0.0204587225,0.766644299,-0.0788030922,0.0618096329,0.733128607,0.672675252,-0.309491605,0.0398502201,0.0447490253,0.239872143,0.0219081789,9.76269948e-05,-0.388192475,0.256834775,0.0988137126,0.438780397,0.107889533,0.0134608895,-0.0735554844,0.0407934859,0.0741282851,0.108882762,0.192565337,0.129338384,0.699014127,0.103455059,-0.107545123,-0.164162666,0.605819285
0.678864539,-0.019610798,0.76678431,-0.069385007,0.0621427856,0.730149388,0.676909149,-0.281359076,0.010988472,0.0480770953,0.220531866,0.0230655149,0.000165423247,-0.340249598,0.224543795,0.112446189,0.397119343,0.106517233,0.0120533817,-0.0582460053,0.040152695,0.0727003366,0.116786264,0.171757877,0.123656526,0.69987005,0.101604149,-0.10357821,-0.161559716,0.608260214
0.669810176,-0.018630024,0.766093731,-0.058987014,0.0624191687,0.726480901,0.681798995,-0.254130632,-0.0165939201,0.0511576645,0.204433188,0.0251531135,0.00024134315,-0.300263464,0.193503454,0.122616157,0.362176597,0.104051329,0.0109082107,-0.0405534804,0.038900312,0.0725529492,0.125725329,0.152923793,0.117745899,0.69968313,0.100637175,-0.0991321281,-0.159879655,0.611797035
0.663325429,-0.0174033288,0.769312322,-0.0526721664,0.0616474263,0.722457349,0.686644435,-0.228931889,-0.0344595723,0.0514051877,0.189260155,0.026348507,0.000279290107,-0.273219883,0.173934296,0.126413226,0.332308173,0.100825347,0.0100004943,-0.0311085358,0.0378871858,0.0700068548,0.136571288,0.140214413,0.113380551,0.699365675,0.098818846,-0.0914728791,-0.15780744,0.616016567
0.658258975,-0.0165297817,0.769732177,-0.0474772938,0.0592868179,0.718642235,0.691219449,-0.203649521,-0.0439757183,0.0504059084,0.173912525,0.0266015325,0.00037734647,-0.250952065,0.162969917,0.126064181,0.309776008,0.0978218243,0.00919391029,-0.027570894,0.03620461,0.0701744333,0.147333726,0.133879244,0.110116363,0.698591888,0.0954516232,-0.0826503113,-0.155433938,0.618980944
0.653119028,-0.0167385172,0.771152794,-0.0437199771,0.0562003404,0.714903295,0.695588529,-0.180599526,-0.0503749661,0.0498566329,0.157699585,0.0263330266,0.000434335641,-0.236271635,0.155745864,0.124012493,0.294703543,0.0948466212,0.0085338708,-0.0290329121,0.0352446735,0.0731188655,0.15394862,0.129784003,0.106926695,0.697750688,0.0910625979,-0.072739251,-0.152377859,0.620778084
0.648923874,-0.0162766147,0.770322502,-0.0438101441,0.0542411767,0.711471558,0.699247301,-0.164037883,-0.0514105111,0.0492057689,0.139968842,0.0249714516,0.000502457726,-0.228117928,0.152942389,0.120669372,0.282442123,0.0924546942,0.00787843112,-0.0352833569,0.0348906778,0.0722193047,0.16089265,0.132205606,0.106254272,0.697812557,0.0870032087,-0.0655379966,-0.150131449,0.62168324
0.645378828,-0.0166739803,0.770563245,-0.0424527638,0.0516581386,0.709410608,0.701616526,-0.14839296,-0.0528235771,0.0498064719,0.123310678,0.0238592252,0.00050340296,-0.220973656,0.149170756,0.117938422,0.275937766,0.0909235999,0.00728951162,-0.0399972089,0.0342635736,0.0757354498,0.161352918,0.134402692,0.105303213,0.697632432,0.0836839452,-0.0584549829,-0.148161799,0.623134613
0.642698169,-0.0167087372,0.771132529,-0.0406928919,0.0502098687,0.7085554,0.70268935,-0.134491608,-0.0562832095,0.0515494049,0.108104281,0.0233116578,0.000464394223,-0.214237496,0.144437835,0.115918271,0.272164047,0.0899531841,0.00674466928,-0.0403245315,0.0335454866,0.080119729,0.157142147,0.137693271,0.104473114,0.697562575,0.0835419372,-0.0527439117,-0.146731317,0.624579489
0.640716732,-0.0164501481,0.77074486,-0.041900117,0.0490135811,0.708329499,0.70293057,-0.126660734,-0.0551374964,0.052540753,0.0943625495,0.0230113287,0.000429202453,-0.211056635,0.144798845,0.112744957,0.267065078,0.089252755,0.00622571865,-0.0391400121,0.0331666358,0.0781145915,0.148921698,0.141581893,0.104857892,0.697206616,0.0875447467,-0.0506379679,-0.147313088,0.62874341
0.639157355,-0.0162591226,0.770325959,-0.0416992567,0.0460700393,0.708568454,0.702900708,-0.117042623,-0.0528618991,0.0534600988,0.0841187462,0.0229272805,0.000394189992,-0.203298017,0.146334469,0.109270923,0.262660831,0.0889542773,0.00574188773,-0.0362480395,0.0343987197,0.0794627294,0.140906319,0.144146875,0.105091937,0.696543038,0.0926783457,-0.050898239,-0.149137795,0.63370198
0.638541639,-0.0160417948,0.770136714,-0.0415413044,0.044107426,0.708676696,0.702926815,-0.109324507,-0.05176007,0.0549076349,0.0756430179,0.0231576134,0.000337181846,-0.195245326,0.147572517,0.105990581,0.256546825,0.0886156186,0.00529039791,-0.0321509093,0.0342171118,0.0793210268,0.134062126,0.146996513,0.105503872,0.695454717,0.0986971855,-0.0523505509,-0.151902214,0.639744639
0.637904167,-0.0155495368,0.769402981,-0.0418095477,0.0419211984,0.708606124,0.703116,-0.103512377,-0.0488811135,0.0559611022,0.0675908029,0.0232056156,0.000330672192,-0.186478853,0.149222046,0.102689736,0.247472271,0.0879409611,0.0048509012,-0.0277204104,0.0345989168,0.0780305788,0.129304647,0.151427358,0.106233016,0.692764878,0.105467565,-0.0548185855,-0.15529865,0.646405399
0.63773042,-0.0148752052,0.769405901,-0.0417651795,0.0399655402,0.708303034,0.703537643,-0.0986036956,-0.047405418,0.0576472171,0.0613793246,0.0232231207,0.000290296652,-0.175652534,0.151941463,0.0990331024,0.236748442,0.0867872462,0.00448401039,-0.0235205218,0.0342993774,0.0767606497,0.127147287,0.152327925,0.105255961,0.690078676,0.112109564,-0.0571955703,-0.158856362,0.653496742
0.637307227,-0.0140363229,0.76897347,-0.0416907221,0.0383409858,0.708029151,0.703908145,-0.0967878327,-0.0486306623,0.0601467602,0.0582942218,0.0235369243,0.000237184155,-0.165154681,0.15267925,0.095892787,0.22543636,0.0854959935,0.00412502233,-0.0187883079,0.0346670486,0.0742365196,0.125538692,0.152426988,0.104503036,0.686523676,0.118523441,-0.0604258515,-0.162899598,0.660778642
0.637243629,-0.0132691991,0.767338455,-0.0418101028,0.0368823335,0.707858562,0.704150498,-0.0959399939,-0.0472596586,0.0626428053,0.0581399836,0.0246480349,0.000260983972,-0.154884741,0.154412612,0.0928474888,0.213559702,0.0851037651,0.00381036359,-0.0146584949,0.0349611491,0.0725596845,0.124319315,0.151622728,0.103630468,0.682319224,0.12388096,-0.0638665706,-0.16691345,0.667292356
0.636883914,-0.0124500068,0.767419934,-0.0417275205,0.0361084938,0.70766896,0.704386055,-0.095449388,-0.0467756242,0.0651993081,0.0586813539,0.025928013,0.000313253462,-0.146895483,0.153338641,0.0904932544,0.202919722,0.0845571682,0.00350816827,-0.0119155478,0.0353611335,0.0701169968,0.122801952,0.148883343,0.102405496,0.678509712,0.127800182,-0.0674966797,-0.17056483,0.672614932
0.636285305,-0.0117156869,0.767383456,-0.0414213091,0.0353229158,0.707370937,0.704743266,-0.0938214436,-0.0467148237,0.0675760433,0.0596982352,0.0270301495,0.000371210306,-0.140058905,0.151428446,0.0883929655,0.194472417,0.0842109248,0.00323164952,-0.0103773735,0.0359329879,0.0683356524,0.122949079,0.145451024,0.101119302,0.676099479,0.130674019,-0.0704406872,-0.173396379,0.676787913
0.635379672,-0.0109736091,0.767247677,-0.0406968556,0.0347139835,0.70679462,0.705393612,-0.0907945409,-0.047960598,0.0699455366,0.0602201894,0.0279553384,0.000434257352,-0.133974195,0.1497785,0.0863296986,0.186720386,0.0839597657,0.003014307,-0.0108394492,0.0364201702,0.0676075816,0.124557778,0.141906351,0.0998051688,0.674807072,0.13232246,-0.0729645267,-0.175606862,0.679399312
0.634780645,-0.0103067774,0.767133117,-0.0401426367,0.0346108451,0.706032872,0.706192791,-0.0878550112,-0.0487045236,0.0719515905,0.0597681589,0.0287433881,0.000507614459,-0.129966035,0.148151115,0.084374778,0.180643871,0.0838439465,0.00281495415,-0.0130954813,0.0364251845,0.0661343634,0.126971737,0.138131037,0.0987327918,0.67516315,0.131972551,-0.0742485523,-0.176946953,0.680861175
0.634158671,-0.00978104956,0.767033517,-0.0394686572,0.0344205797,0.705345452,0.706926644,-0.0845352635,-0.049434945,0.073814556,0.0595734492,0.0297394805,0.00056318898,-0.125771061,0.146140769,0.0827220827,0.176500723,0.0842313096,0.00264157238,-0.0158144049,0.0361801349,0.0656112283,0.130776078,0.135538965,0.0982775539,0.676695049,0.130343199,-0.0744683146,-0.177613005,0.681600749
0.633988857,-0.00934556685,0.767425597,-0.039392896,0.0340806358,0.704649389,0.707641125,-0.0829958692,-0.048852805,0.0751494691,0.0581687354,0.0301171429,0.000615073426,-0.124259673,0.145858631,0.0804368854,0.17290315,0.0839758813,0.00245941547,-0.0184205361,0.0356411487,0.0650205165,0.134968698,0.133346617,0.098155871,0.678775966,0.12874271,-0.0731555894,-0.1776703,0.681784391
0.633445263,-0.00889955554,0.767537951,-0.0395289138,0.0341798775,0.70393455,0.70833981,-0.0815779269,-0.0486501083,0.0764410719,0.0566450246,0.030857075,0.000659447687,-0.123623028,0.145170271,0.0785551444,0.170579627,0.0838530436,0.00231926981,-0.0214027874,0.0354017615,0.0647180229,0.139393821,0.13080658,0.0980025157,0.681594789,0.125982136,-0.0710896328,-0.177220553,0.681280613
0.633260608,-0.00883325748,0.76770401,-0.0395748131,0.0341582336,0.703606367,0.708664417,-0.080378525,-0.0482920744,0.0775669292,0.0547561944,0.0315526873,0.00067829818,-0.123237059,0.144417241,0.0768320039,0.169069231,0.0838592499,0.00217673671,-0.0236427449,0.0351414979,0.0653534159,0.142131865,0.128671825,0.0977939516,0.684281647,0.123033382,-0.0687009841,-0.176562816,0.680352807
0.633252144,-0.00881608017,0.767702281,-0.0395362787,0.0341312476,0.703362405,0.708909929,-0.079502739,-0.0481662564,0.0786680132,0.0530870445,0.0321962535,0.000689995592,-0.122680441,0.143929422,0.0752318501,0.167908743,0.0839054659,0.00203483528,-0.0241751187,0.0351398475,0.0653978512,0.142735094,0.128129005,0.0980420783,0.685733795,0.122249149,-0.0679734647,-0.176646635,0.680038393
0.633027077,-0.00877331849,0.767245948,-0.0420028605,0.0352895744,0.70287776,0.709191918,-0.0824321732,-0.0461851731,0.0795016512,0.0506201014,0.0329287797,0.000699888566,-0.127141789,0.144981414,0.0736344084,0.166020304,0.084542416,0.00193148735,-0.0267845187,0.0352797508,0.0645077005,0.144088283,0.127974615,0.0986989215,0.690052152,0.117240816,-0.0627453998,-0.174302146,0.677009642
0.633220434,-0.0097305486,0.767517745,-0.0419548638,0.0336409397,0.702932179,0.709221065,-0.0810163096,-0.0430536605,0.0799727291,0.0498613119,0.0334258042,0.000725255988,-0.126921073,0.148012355,0.0713333189,0.165828764,0.0848637894,0.00182457059,-0.0285780076,0.0351647027,0.0680934712,0.142997637,0.127863646,0.0992890894,0.693021417,0.113322087,-0.0582847893,-0.172531828,0.67414993
0.633172274,-0.00974103902,0.767410636,-0.0420063511,0.0335203446,0.702974141,0.709182084,-0.0804476738,-0.0422432832,0.0807560012,0.0491190292,0.033833351,0.00075004989,-0.126896411,0.148446247,0.0700540841,0.165689573,0.0852238685,0.00171803695,-0.028908547,0.0352078043,0.0685803294,0.142313778,0.12820664,0.100054875,0.695425868,0.112524264,-0.0563983545,-0.171990052,0.672524393
0.633192956,-0.0097443359,0.767425954,-0.042067267,0.0335237384,0.703638613,0.708519101,-0.0801486447,-0.0419526584,0.0815384313,0.0484464653,0.0341980308,0.000759896298,-0.126870558,0.14836593,0.0690384731,0.165563673,0.0855496749,0.00161183719,-0.0291253645,0.0352329314,0.0686611831,0.141622394,0.12834242,0.100649357,0.697275043,0.1126175,-0.0557247959,-0.1719919,0.671412885
0.633337975,-0.00903637893,0.766745865,-0.0428198874,0.0324454941,0.704840958,0.707328022,-0.0781472549,-0.0388746597,0.0816511437,0.0474542007,0.0343494937,0.000758846407,-0.124034695,0.150237694,0.0677498281,0.165171176,0.0864587948,0.00149656588,-0.0273792632,0.0349375159,0.0668944567,0.14266248,0.128254995,0.101041771,0.699031293,0.111788079,-0.0522648133,-0.17070283,0.670619011
0.633777559,-0.00851124525,0.766716957,-0.0429441556,0.0315800048,0.705879211,0.706323624,-0.0759592131,-0.0366962366,0.0817515701,0.0467932709,0.0344507024,0.000765337085,-0.12108697,0.152130872,0.0665190965,0.164501742,0.0874037668,0.00139934965,-0.0263476819,0.03526989,0.0658680722,0.142985731,0.129198983,0.101560704,0.699343324,0.113195665,-0.0504914671,-0.170209423,0.670764923
0.634220004,-0.00851707719,0.76705724,-0.0432292707,0.0313909836,0.706855655,0.705337465,-0.0761229917,-0.0355213061,0.0819903538,0.0458543673,0.0343412869,0.00077447592,-0.120411642,0.153914079,0.0649759695,0.161822647,0.0875932872,0.00131267717,-0.0243550055,0.0348060466,0.063766785,0.14312999,0.129736543,0.101532787,0.698724687,0.115422942,-0.0501249731,-0.170240939,0.670639753
0.634643972,-0.00846392009,0.766970634,-0.0430629179,0.0308479182,0.707706392,0.70451802,-0.0758926123,-0.0340597108,0.0820254683,0.0451254547,0.0339812264,0.000769266684,-0.11848446,0.154836193,0.0636141449,0.160079733,0.0878683403,0.00122820423,-0.0221063942,0.0347457789,0.0633529276,0.142129883,0.129812896,0.10103374,0.697317958,0.117568918,-0.050151296,-0.170422137,0.671014547
0.634952426,-0.00815465115,0.766735554,-0.0422691107,0.0303295497,0.708223939,0.704068422,-0.0736372694,-0.0343178622,0.0823054835,0.0461654849,0.0340432189,0.000747465587,-0.114945225,0.153923333,0.0629699677,0.160095438,0.0887273923,0.00115531834,-0.0213512741,0.034299098,0.0632691979,0.141849503,0.129493803,0.100489527,0.696165562,0.118812598,-0.0500672422,-0.170632586,0.671619654
0.634941876,-0.00811993424,0.7666049,-0.0414952412,0.0299954358,0.708624423,0.703725755,-0.0722981244,-0.0354970582,0.0827975646,0.0467517078,0.0341310576,0.000736663351,-0.112894177,0.152894899,0.0625592247,0.159433976,0.0894118547,0.00109008024,-0.0214445312,0.0343501009,0.0631524026,0.14112848,0.12778829,0.0995947123,0.695010543,0.119392395,-0.0506860055,-0.171025559,0.672035754
0.635071695,-0.00802907255,0.766800046,-0.040461801,0.0292588938,0.708911777,0.703527451,-0.069738403,-0.0358146764,0.0830131099,0.0470162928,0.0340829492,0.000755605812,-0.109967709,0.152464852,0.0618258864,0.158572435,0.0895194486,0.0010161231,-0.0213544983,0.0346646905,0.0617987104,0.139906809,0.127335116,0.0992792472,0.694323421,0.120215692,-0.0515259504,-0.171561792,0.672767699
0.635385931,-0.00799720455,0.76706171,-0.0388791971,0.0286613945,0.708924174,0.703628838,-0.0666757151,-0.037052013,0.083333008,0.047113914,0.0337585956,0.000751322135,-0.106415503,0.150783256,0.0613820963,0.158337891,0.0893958211,0.000952480012,-0.021992201,0.0347358063,0.0626060814,0.138716057,0.126623631,0.0989321172,0.694386065,0.120376825,-0.0515445843,-0.17184177,0.673275173
0.635892987,-0.0083408691,0.766802073,-0.0376408212,0.0280169938,0.708807945,0.703839123,-0.06385535,-0.0374089926,0.0835249871,0.0469485857,0.0337030999,0.000755978748,-0.103800796,0.150696993,0.0605857074,0.157680199,0.089376688,0.000910982548,-0.0235658791,0.034287218,0.0641463771,0.137942463,0.125155732,0.0982846841,0.695026338,0.119622059,-0.0514487438,-0.1718207,0.673294008
0.63645649,-0.0084668668,0.767019928,-0.0364140309,0.0272591654,0.703656912,0.709082484,-0.0617647767,-0.0375054888,0.0837630779,0.0467868298,0.0336206257,0.000756441383,-0.101670854,0.150536269,0.0598102137,0.156983271,0.0891100243,0.000863996916,-0.0248690713,0.0344469324,0.0647103488,0.136286601,0.125096709,0.0983007327,0.695224702,0.119056143,-0.0517764017,-0.171997517,0.673128247
