3.36283994,3.44753647,0.766680419,-0.0366785005,-0.00372324837,0.936198056,-0.349534124,-0.108042523,-0.0372595526,0.0915595666,0.0593416989,0.0477820337,0.000988142099,-0.0878869146,0.0445590355,0.00230038958,0.0991609842,0.0676593706,0.000905193621,-0.0326766707,0.036200501,0.0791140497,0.111071974,0.098009795,0.0886091143,0.678104699,0.142256379,-0.0586475991,-0.192617983,0.646287918
3.36326647,3.44823027,0.766541004,-0.0370468087,-0.00398536446,0.935918748,-0.350239605,-0.109934323,-0.0369275548,0.0915761292,0.0593044162,0.0479807258,0.000972065027,-0.089866817,0.0450193621,0.00212044828,0.0987801552,0.0677718371,0.000909282826,-0.0328563675,0.0363367349,0.0794569254,0.110131681,0.0983822867,0.088682875,0.677775621,0.140956238,-0.0587821491,-0.192459404,0.645934165
3.36205196,3.44876385,0.765476465,-0.0408321284,-0.00688368874,0.935888648,-0.349853903,-0.118533932,-0.0325878374,0.0905836597,0.0571754538,0.0477868132,0.000972909387,-0.0972242504,0.0488118976,0.000970277644,0.0958095044,0.0679090098,0.000861727982,-0.0310035497,0.0369041823,0.0686918721,0.115373217,0.0987861007,0.0864353552,0.677568734,0.117508247,-0.0468264818,-0.184319317,0.643085957
3.36258888,3.44827962,0.766033351,-0.039846316,-0.0047729332,0.936329782,-0.348820895,-0.116716377,-0.0367555469,0.0913703367,0.0597331524,0.0481105968,0.000979875331,-0.0955051705,0.0451429039,0.00167434732,0.097001344,0.067874305,0.000897950609,-0.0285391491,0.0365870222,0.0704157576,0.11518538,0.0976120755,0.0837936774,0.676247239,0.111089543,-0.043185886,-0.18051517,0.646139681
3.36256742,3.44888902,0.765728831,-0.0393673852,-0.00558102177,0.936197877,-0.349217206,-0.116879068,-0.0340862758,0.0908135921,0.0609545335,0.0483495556,0.000963453262,-0.0963359028,0.0477305502,0.00106588402,0.0979287997,0.0683782026,0.000919160957,-0.0312643088,0.0345712528,0.0722304434,0.116012715,0.100274585,0.0838883296,0.675336838,0.119751334,-0.0530567095,-0.186746269,0.652638912
3.36282134,3.44862247,0.766220868,-0.0400143042,-0.00530749513,0.936302006,-0.348868519,-0.118363738,-0.0352495536,0.0909963474,0.0615701452,0.048529774,0.000958075165,-0.0971092433,0.0463012643,0.00139873789,0.0981952995,0.0686020702,0.000926666777,-0.0279153474,0.0357408412,0.0711891353,0.115260325,0.100321293,0.0821096376,0.67414546,0.108059712,-0.0468812287,-0.181743473,0.650154471
3.36324334,3.44867682,0.766171873,-0.0399336107,-0.00532977749,0.936421812,-0.348555893,-0.118907109,-0.0357656255,0.091063939,0.0625991449,0.0489252135,0.000945679902,-0.0980436131,0.0458373688,0.00149027165,0.098715052,0.0689081252,0.000927757181,-0.0278626028,0.0358978622,0.0723071322,0.114819378,0.101036429,0.0808440298,0.673321247,0.103713378,-0.0465278886,-0.179820523,0.649524629
3.36314058,3.44879985,0.766260624,-0.0399066173,-0.00525822025,0.936564505,-0.34817633,-0.119350187,-0.035381712,0.0908024982,0.0633543506,0.0490876511,0.000948319968,-0.0983370543,0.0460713543,0.0014417934,0.0993772894,0.0691447631,0.000929914124,-0.0274062995,0.0354963578,0.0733080134,0.114735752,0.102229208,0.0798621997,0.672459543,0.101797961,-0.0459453762,-0.178061888,0.649374604
3.36314416,3.44867253,0.766287088,-0.0397156104,-0.00520213274,0.936632514,-0.348016083,-0.119094223,-0.0354723558,0.0906815976,0.0643446818,0.049387414,0.000945572916,-0.0983495265,0.0459071957,0.00155938137,0.100270949,0.0694421828,0.000929893693,-0.0272557288,0.0354504585,0.073706165,0.114266358,0.103248112,0.0790058747,0.671790659,0.10064052,-0.0464611053,-0.176962987,0.649229109
3.36339593,3.44882989,0.766384244,-0.040035408,-0.00514482614,0.936686516,-0.347834647,-0.120212041,-0.0359354317,0.0906855986,0.0646329448,0.0495659336,0.000940892613,-0.100343242,0.045943182,0.001664193,0.100833938,0.0695743486,0.000945612905,-0.026700899,0.035268236,0.0741061792,0.113686234,0.10410317,0.0781320632,0.671193779,0.0994113609,-0.0463268273,-0.175700724,0.649152637
3.36341405,3.44889927,0.766521573,-0.0400449224,-0.0053603882,0.936770141,-0.347605228,-0.120750308,-0.0354880244,0.0905124992,0.065295063,0.0497615412,0.000933853793,-0.100649953,0.0459611714,0.00180425041,0.10185238,0.0697641447,0.000926634471,-0.0262036864,0.0353454947,0.0739333779,0.112870097,0.104815632,0.077392742,0.670699358,0.0978529155,-0.0459203497,-0.174686164,0.649502575
3.36345315,3.44919229,0.766446412,-0.0401185267,-0.00535058137,0.9367944,-0.347531557,-0.121326149,-0.0351611935,0.0903271139,0.0656836703,0.0499029309,0.0009326812,-0.102265567,0.0464196242,0.00187066582,0.102643125,0.0699112639,0.000935197284,-0.026161829,0.0350584127,0.0745282844,0.112070054,0.105295852,0.0767614841,0.670327902,0.0974243358,-0.0461284146,-0.174163446,0.649912298
3.36351418,3.44932914,0.766547263,-0.0403090417,-0.00559906475,0.936746716,-0.347634047,-0.122165829,-0.034683913,0.0901110992,0.0659811646,0.0499697402,0.000930157141,-0.104144394,0.0468568653,0.00201071426,0.104337379,0.0700836331,0.000930849987,-0.0259618089,0.0354414135,0.0740728676,0.111629814,0.105604686,0.0760766566,0.670158386,0.0970257223,-0.0457314998,-0.173301324,0.650283098
3.3633225,3.44930696,0.766750515,-0.0404332727,-0.00560757006,0.936690509,-0.347770751,-0.122677937,-0.0343759917,0.0898705125,0.0661471114,0.0500359647,0.000926770212,-0.106656484,0.0475039035,0.00227177702,0.107223026,0.070214808,0.000946094864,-0.0259780064,0.0353769325,0.0740688369,0.111365475,0.10568469,0.0753464624,0.6699301,0.0964974239,-0.045028232,-0.1724139,0.650393724
3.36326385,3.44966197,0.766807199,-0.0402367264,-0.0060291253,0.93668294,-0.34780708,-0.123226658,-0.0330882259,0.0894622356,0.066511862,0.050015863,0.00092327327,-0.108743869,0.0486716293,0.00253506494,0.11001493,0.0702759102,0.000925185799,-0.0260179434,0.0357948281,0.0749089867,0.110679381,0.105780892,0.0747022852,0.669749379,0.0962818116,-0.0445876904,-0.171744391,0.650833845
3.36316657,3.44994187,0.766878128,-0.0408451743,-0.00616240222,0.936646998,-0.347830355,-0.124635309,-0.0327081308,0.0892086849,0.0665769354,0.0499246232,0.000924641441,-0.112110347,0.0491204299,0.00295032049,0.113005862,0.0702797696,0.000922043633,-0.0258919075,0.0356596895,0.0755994767,0.110256597,0.10612458,0.0742002353,0.669571877,0.097229287,-0.0440645255,-0.171187475,0.651294589
3.36314511,3.4503355,0.766912758,-0.0412028693,-0.00667357817,0.936652601,-0.347763926,-0.125994429,-0.0315334015,0.0889268443,0.066204302,0.0497993119,0.000918742677,-0.115026154,0.0504080392,0.00314349099,0.115785636,0.0702489093,0.000909819733,-0.0261674467,0.0362338945,0.0764781535,0.110147119,0.106537469,0.0736438483,0.669344068,0.0966730118,-0.0435183533,-0.170380697,0.651148975
3.36296678,3.45034981,0.766885817,-0.0419718027,-0.0068604541,0.936623931,-0.347745478,-0.127320632,-0.0315552913,0.0888874829,0.0659623966,0.049741976,0.000915437413,-0.117079556,0.0503824316,0.00375150726,0.117866501,0.0702258497,0.000891597185,-0.0256728549,0.0362618379,0.0759390965,0.109679602,0.106882796,0.0730271637,0.669338882,0.0970457047,-0.0445091687,-0.170129687,0.651463687
3.36272764,3.45085073,0.767095387,-0.0425923914,-0.00700284261,0.936617613,-0.347684413,-0.129083246,-0.03119158,0.088773936,0.0658448115,0.0497556292,0.000898169645,-0.119517021,0.0510809198,0.0040239729,0.119609363,0.0700849667,0.000883853063,-0.0248968564,0.0362510122,0.0777234584,0.109080948,0.106635347,0.0722225904,0.669194758,0.097074233,-0.0442024656,-0.169497639,0.651568353
3.36214852,3.45107102,0.767012239,-0.0436669141,-0.00687894458,0.936142385,-0.348831326,-0.130766839,-0.0319539644,0.0888465568,0.0660439432,0.0500367992,0.000883038738,-0.122277774,0.0509184226,0.00461685751,0.121124789,0.069996506,0.000874536927,-0.0236517191,0.0357089229,0.077472195,0.108789064,0.106253482,0.071419701,0.669320822,0.0963289887,-0.0434007272,-0.168823376,0.651943505
3.36161923,3.45118642,0.767315507,-0.0454279855,-0.007790267,0.935945451,-0.34911564,-0.134998009,-0.0313494392,0.0886520147,0.065492928,0.0502788238,0.000863067864,-0.126121685,0.0519243032,0.00470665609,0.121962465,0.0696162507,0.000847667281,-0.0190916657,0.0356851742,0.0806936771,0.106503345,0.105187483,0.0702703074,0.668288589,0.0986587405,-0.0438228548,-0.168583468,0.651745617
3.36097741,3.4513793,0.767492175,-0.0474274792,-0.0079201702,0.935936928,-0.348869532,-0.139056578,-0.0313430578,0.088498123,0.0651885048,0.0504828729,0.000861671171,-0.13094306,0.0515535511,0.00509548234,0.122983702,0.0691341385,0.000842632551,-0.016764747,0.035258539,0.0814881325,0.104865305,0.104689486,0.069490172,0.667607427,0.101008706,-0.0441720597,-0.168335959,0.650793493
3.3605175,3.45163131,0.767560422,-0.0494043157,-0.00864788238,0.935977697,-0.348468423,-0.143770292,-0.0309437886,0.0883078799,0.0649431124,0.050669387,0.000847874151,-0.136868194,0.0519107841,0.00534236059,0.124084994,0.0686458498,0.000830069301,-0.0157542322,0.0345956422,0.0807733163,0.104779169,0.104922302,0.0690077245,0.667383969,0.10185343,-0.0445025787,-0.16814661,0.649700582
3.36060786,3.45173931,0.767532229,-0.0496701226,-0.00878294744,0.936388075,-0.347322762,-0.145288408,-0.0306880642,0.0881662592,0.0660580024,0.0509471223,0.000850287848,-0.139290094,0.0522149242,0.00568932667,0.126554206,0.0683668777,0.000830039789,-0.0148349628,0.0346272588,0.080830954,0.104167953,0.105148189,0.068590194,0.667167664,0.101754881,-0.0445897281,-0.167866349,0.648693025
3.35910726,3.45409632,0.769221842,-0.0509702824,-0.00898169819,0.936731339,-0.346201926,-0.148775801,-0.0286026429,0.0877599716,0.0663124919,0.0512328781,0.000801593531,-0.147774756,0.0560648739,0.00522089005,0.131855175,0.0672387853,0.000836532388,-0.019540688,0.0365319476,0.0907342955,0.106025793,0.103007883,0.0671281889,0.667600572,0.0978236645,-0.0426353924,-0.166683346,0.646230996
3.35792732,3.45472145,0.770053923,-0.0538321063,-0.0101618459,0.937042534,-0.344891518,-0.15476492,-0.0265906192,0.0876201615,0.0660861582,0.0513081253,0.000804796407,-0.157183319,0.0586286895,0.00556955859,0.137432158,0.065631412,0.000818287313,-0.022787055,0.0368243307,0.0906842947,0.107037909,0.103108406,0.066824168,0.668057144,0.0944354907,-0.0411864184,-0.16554603,0.644233525
3.3565352,3.45570421,0.770995557,-0.0577771775,-0.0103049828,0.937132418,-0.344003499,-0.16183503,-0.0276381746,0.0883388445,0.0666106492,0.0513656922,0.000794594409,-0.169509217,0.0584111735,0.00666322699,0.144325867,0.0634667799,0.000779717986,-0.024888007,0.0353160426,0.09168493,0.108363226,0.103704661,0.0669128969,0.668602467,0.0932925195,-0.0410746671,-0.164939076,0.643072248
3.35506749,3.45757389,0.770401418,-0.0614687353,-0.012150351,0.937490404,-0.342323929,-0.17076543,-0.0234349277,0.0880877897,0.0662987754,0.0511566959,0.000807485427,-0.184518933,0.0631353408,0.00660519954,0.151345238,0.0613222867,0.000740704942,-0.0282995664,0.0355112478,0.092677854,0.10656821,0.106650814,0.0674895868,0.66863054,0.0906326622,-0.039854642,-0.164045542,0.641606867
3.35334992,3.45804262,0.770182312,-0.0651303604,-0.0128080873,0.937838614,-0.340665132,-0.17788291,-0.0219116546,0.088329725,0.0673468336,0.0510510579,0.00082080526,-0.196103677,0.0637264848,0.00825252198,0.15904063,0.0595653467,0.000688982778,-0.0316612571,0.0356480107,0.0928440467,0.106556088,0.106768072,0.0674290508,0.669351816,0.0888826326,-0.0400141068,-0.163525209,0.640124321
3.35026693,3.45850682,0.769970894,-0.068246223,-0.0129511571,0.938534915,-0.338122308,-0.182240874,-0.0209656507,0.088477686,0.06833864,0.0509140007,0.00081281655,-0.204060003,0.0648344979,0.00980108697,0.16694659,0.0580473356,0.000615588855,-0.0343604684,0.03562399,0.0936181098,0.106149845,0.107607089,0.0675999597,0.669978023,0.0865621492,-0.0391999967,-0.162671581,0.639005065
3.3460567,3.45901704,0.769967258,-0.0706469417,-0.0112652257,0.939176977,-0.335899919,-0.182980716,-0.0227033179,0.0890971944,0.0710076392,0.050970953,0.000799001311,-0.207548752,0.063418828,0.0119866375,0.174228564,0.0566028766,0.000517039793,-0.0362091511,0.0334568396,0.0939324722,0.106133811,0.108290181,0.067758061,0.671064734,0.0865168944,-0.0388961136,-0.162443578,0.639591217
3.34145308,3.45886493,0.769696772,-0.0740467012,-0.0110495659,0.939489245,-0.334297717,-0.185814217,-0.0216706879,0.0890677497,0.072413601,0.0506898277,0.000814441359,-0.213095978,0.0636864007,0.014024335,0.179227114,0.0549976863,0.000422079524,-0.0375479124,0.0342808031,0.0918683782,0.107614942,0.10712105,0.0671806335,0.671777129,0.0885166749,-0.0390072502,-0.162186608,0.639683604
3.33590412,3.45806575,0.76909852,-0.0773642138,-0.0116828559,0.940301299,-0.33122763,-0.188705936,-0.0195279811,0.0886698291,0.0744783357,0.0502225719,0.000816537591,-0.215542793,0.0657060295,0.0158012547,0.182557449,0.0535108596,0.000319480052,-0.0371576287,0.0358090997,0.0871399045,0.1055163,0.105319366,0.0665159598,0.670851946,0.0920372531,-0.0397743993,-0.162598982,0.640598834
3.32875729,3.45730686,0.768675029,-0.0795250386,-0.00959160924,0.941287756,-0.32796523,-0.188506648,-0.0212293584,0.0886408985,0.081236884,0.049909465,0.000801540911,-0.211458683,0.0642020553,0.01862959,0.18530798,0.0522092767,0.000213900683,-0.035616748,0.0343478769,0.0849502459,0.10563758,0.104531631,0.0661537871,0.669937849,0.0968536735,-0.0399451889,-0.162443519,0.641890466
3.32225084,3.45605731,0.768312991,-0.0822653919,-0.00816461351,0.942243218,-0.324566603,-0.192919374,-0.0223417301,0.0884235576,0.0901855305,0.0492809452,0.000803488889,-0.208393425,0.0621160306,0.0215133503,0.185307056,0.0506611802,0.000113230388,-0.0320997648,0.0348290503,0.0815009922,0.10464827,0.104425102,0.0658471659,0.667692125,0.102583066,-0.0422736406,-0.163001671,0.642852426
3.31566334,3.45502281,0.768056154,-0.0852568522,-0.00701805344,0.943288803,-0.320761979,-0.207510516,-0.0242030397,0.0880506709,0.108720735,0.048106432,0.000756089517,-0.205946043,0.0610934272,0.0239277054,0.184279174,0.04875255,3.30891708e-05,-0.024302613,0.0357135609,0.0783370733,0.10157682,0.104444295,0.0654647499,0.663978636,0.108676225,-0.0446883664,-0.16340746,0.643785715
3.30951929,3.45431209,0.767852485,-0.0901685134,-0.00634106947,0.943690121,-0.318242729,-0.237366408,-0.0249071326,0.0864180699,0.140578508,0.046613697,0.000711965258,-0.20625113,0.0596668981,0.0260978956,0.180043966,0.0462048799,-2.9455603e-05,-0.0114274351,0.0357251354,0.076949507,0.0983761102,0.106194288,0.0652730614,0.658495426,0.114033677,-0.0479280911,-0.163828507,0.644167185
3.30334234,3.45225286,0.76627785,-0.095322527,-0.00801422726,0.9436028,-0.316959292,-0.281283975,-0.0235219505,0.0826124847,0.189062119,0.0437884592,0.000562902773,-0.206464976,0.0617094822,0.0271823108,0.174283326,0.0438101217,-7.1775321e-05,0.00508343009,0.0343095995,0.0737054422,0.0917923227,0.107781351,0.0647193342,0.650575578,0.121311687,-0.0522594638,-0.164444029,0.646166921
3.29681492,3.45158482,0.765926421,-0.103348628,-0.00804979261,0.942124724,-0.318834156,-0.341694266,-0.0252999142,0.0784556866,0.253435224,0.0386707298,0.000310586591,-0.211684972,0.0606258698,0.0280657541,0.167372808,0.0411720425,-7.81215713e-05,0.0230371542,0.0347281508,0.0728513077,0.0864487812,0.111420386,0.0639133602,0.642594039,0.126941517,-0.056232892,-0.164729998,0.647877395
3.29093003,3.4489491,0.764867902,-0.106496774,-0.00934370328,0.940619707,-0.322189152,-0.407595664,-0.0279646218,0.0726978257,0.333040982,0.0290959775,-0.000264237664,-0.208627626,0.062246684,0.0280076582,0.162564293,0.0393018611,-9.37160221e-05,0.0383741111,0.0353581756,0.0786486641,0.0819977596,0.107173741,0.0604190417,0.632646143,0.131134585,-0.0607269891,-0.165584087,0.650146425
3.28330851,3.44480848,0.764192641,-0.11222925,-0.0110223573,0.938516617,-0.326296985,-0.489687443,-0.0375898778,0.0671812966,0.412718505,0.0165163446,-0.00145157054,-0.207167462,0.0625336543,0.0281295795,0.156700104,0.0373739265,-0.000129294509,0.0490566231,0.0358027555,0.0777616873,0.0825393349,0.105999768,0.0577134714,0.623907983,0.136127517,-0.0670797676,-0.167060941,0.653727531
3.27613401,3.44072676,0.764297545,-0.117758714,-0.0118851131,0.936894417,-0.328968763,-0.577709794,-0.0538304262,0.06243705,0.478146553,0.00744759245,-0.00291115372,-0.206566572,0.0609867871,0.0283516701,0.151189044,0.0352296904,-0.000137746669,0.0554784909,0.0367036648,0.0783033445,0.0878004655,0.105193526,0.0553447604,0.617608726,0.133502334,-0.0704457685,-0.168455333,0.657942712
3.26695418,3.43535519,0.763321817,-0.122363254,-0.0122018168,0.935156822,-0.332204908,-0.659549892,-0.0696237013,0.0561500639,0.518861949,0.00620977022,-0.00384700322,-0.202159435,0.0598218143,0.0284230504,0.14659676,0.0331729203,-0.000149444502,0.0559713915,0.0363109112,0.0764753893,0.0987647548,0.106382817,0.0539364368,0.614246309,0.13302353,-0.0751157627,-0.170247987,0.661487937
3.25670385,3.42887998,0.762472928,-0.129166484,-0.0155352606,0.933261573,-0.334809631,-0.735780656,-0.0779161826,0.0474237166,0.525232911,0.0135075068,-0.00418579439,-0.201855361,0.0633752197,0.027005164,0.14175868,0.0302609745,-0.000182301126,0.0540464409,0.0374905467,0.0711828843,0.109931082,0.109318562,0.0552770682,0.612360001,0.135613441,-0.0794545561,-0.171223894,0.663474202
3.24469757,3.42125964,0.761908352,-0.132416531,-0.0156423151,0.932164729,-0.336585969,-0.788098156,-0.0857664347,0.0385653004,0.504563034,0.0286182761,-0.00421081902,-0.192116648,0.0648624152,0.0261899345,0.141936541,0.026718894,-0.00017127383,0.057518471,0.0388996601,0.0733638555,0.126021206,0.108377747,0.053884685,0.614080966,0.135761455,-0.0806395262,-0.170762956,0.662714183
3.2317462,3.41183662,0.759679437,-0.133943513,-0.0187945701,0.931037724,-0.338931561,-0.824306548,-0.0843104869,0.0273954421,0.462176949,0.0475810356,-0.0041696718,-0.177227482,0.0721998066,0.0240847468,0.14252232,0.0228279009,-0.000229683705,0.0547268912,0.0391503982,0.0752567872,0.13930504,0.111456133,0.0529866181,0.618345916,0.133750409,-0.0812642127,-0.169607922,0.661151171
3.21769285,3.40091658,0.756151199,-0.139056087,-0.0230555478,0.92928946,-0.341398597,-0.857218206,-0.0826682225,0.0189531669,0.40430811,0.0663969517,-0.00412552245,-0.16811423,0.0791927278,0.0222488549,0.140034914,0.0182368085,-0.000282797235,0.0536437593,0.0391426161,0.0689355657,0.151669264,0.110520102,0.0548380166,0.627193034,0.136268914,-0.0839017257,-0.169802085,0.659945369
3.2024703,3.38943028,0.75328666,-0.14172323,-0.0258549824,0.927637398,-0.344579458,-0.876439512,-0.0808895379,0.0126089007,0.34438619,0.0833204091,-0.00401633605,-0.152722776,0.0854402259,0.0207314007,0.140140012,0.0133279599,-0.000327488437,0.0506834276,0.0390466824,0.0670003369,0.167578951,0.108920529,0.0568545163,0.638312221,0.13373895,-0.0838842914,-0.168791413,0.65796119
3.18653846,3.37656665,0.750215352,-0.143427134,-0.0288652051,0.925751507,-0.348682702,-0.884979069,-0.0798848271,0.00887706783,0.288042039,0.0975565091,-0.00380386831,-0.133279577,0.0916348025,0.0193285309,0.141204908,0.00840509776,-0.000383693259,0.0444403626,0.038775079,0.0679234862,0.183541968,0.10695523,0.0588703193,0.649564922,0.128425032,-0.0823346302,-0.167378232,0.655317307
3.16928768,3.36155534,0.746574402,-0.14430058,-0.0324578248,0.923407078,-0.35417971,-0.885208368,-0.0802200586,0.00718704518,0.248908564,0.110370971,-0.0034362704,-0.112948634,0.0997276679,0.0179355703,0.144606307,0.00373568409,-0.000394750503,0.0363830961,0.0390545726,0.06888666,0.203010187,0.107227713,0.0618616864,0.661170959,0.124286592,-0.0805794224,-0.165909067,0.653432786
3.15063548,3.34334898,0.740470469,-0.144352585,-0.0364415348,0.920730889,-0.360678613,-0.875497818,-0.0814499632,0.00653536152,0.231089026,0.122422457,-0.00303636771,-0.0909528881,0.107421741,0.0177778807,0.148291513,0.00119621144,-0.000372145936,0.0267449152,0.0409905575,0.0662050769,0.221809193,0.103340991,0.063477844,0.672548175,0.122861266,-0.079929173,-0.165007845,0.651321888
3.13087583,3.3242147,0.738641798,-0.140755191,-0.0385646485,0.918868721,-0.366580188,-0.852075696,-0.0856542066,0.00623447029,0.235235363,0.13443689,-0.00246924302,-0.0568677224,0.113420323,0.0190474223,0.16071704,6.64498148e-05,-0.000363502244,0.0166921988,0.0435036235,0.0706374869,0.236244664,0.100583754,0.0652001947,0.682076812,0.12186683,-0.0790990144,-0.164178252,0.648329914
3.10883808,3.30243063,0.73585254,-0.14044787,-0.043331448,0.915877342,-0.373584569,-0.833765507,-0.0902673826,0.00510647241,0.246887073,0.145307735,-0.00178945553,-0.028529264,0.121850133,0.0205644555,0.172066674,0.000657553028,-0.000279601663,0.000501999282,0.0436733589,0.0628587529,0.251145661,0.10073214,0.0681791455,0.691313624,0.123779081,-0.0795636624,-0.163797408,0.646318138
3.08717537,3.27865791,0.73539257,-0.134504378,-0.044636976,0.912398458,-0.383985937,-0.807373464,-0.0988639295,0.00418103021,0.260208994,0.155602142,-0.00134914042,0.00513784494,0.126715228,0.0243538301,0.189074218,0.00399213517,-4.60052725e-05,-0.0187554155,0.0436786637,0.0656468049,0.264641196,0.0997144505,0.0710279793,0.699454248,0.127517164,-0.0795728415,-0.163623273,0.644446194
3.06225634,3.254637,0.735799849,-0.129215688,-0.0485150814,0.908148229,-0.395242304,-0.771547437,-0.101030283,0.000868665345,0.272912204,0.162378415,-0.000953757379,0.0275368188,0.139071092,0.0272628926,0.213884488,0.0104475254,8.7306471e-05,-0.0501645245,0.0435105376,0.0624273121,0.274061888,0.101929367,0.0745149404,0.704817593,0.131550714,-0.0770521089,-0.162461132,0.642778397
3.03940964,3.23169255,0.740323901,-0.130593359,-0.0518909879,0.901685297,-0.408921003,-0.744552433,-0.10740488,-0.00113086239,0.279150933,0.16625607,-0.000721885532,0.0227879249,0.145894274,0.0328825228,0.246550262,0.0196463894,0.000311783835,-0.0853199288,0.0423867702,0.0562238581,0.277942687,0.108532503,0.0799265653,0.707993746,0.134816974,-0.0748664066,-0.161432758,0.64016211
3.01561189,3.20772576,0.741325915,-0.125283778,-0.0546842068,0.896181166,-0.422105461,-0.701523066,-0.109427199,-0.00462923152,0.287878126,0.16780594,-0.000517352368,0.0111469124,0.15864791,0.037438944,0.299590439,0.0308503937,0.000497189059,-0.129344106,0.0429623313,0.0592494123,0.270284355,0.114489317,0.0842330083,0.707850754,0.135171011,-0.0706616193,-0.159917235,0.637963772
2.99308348,3.18388748,0.744054854,-0.120831028,-0.0534483306,0.890903354,-0.434550732,-0.653025925,-0.115348198,-0.00696596829,0.291679204,0.166600674,-0.000331510499,-0.0170850642,0.163931713,0.0431426466,0.370420903,0.0401227772,0.000856940867,-0.176872402,0.0428320505,0.0649592131,0.256179124,0.123563372,0.0895414203,0.704990506,0.134311944,-0.0662503764,-0.158327416,0.634407878
2.96917582,3.15995455,0.75265193,-0.115091085,-0.053182397,0.88619709,-0.445623606,-0.600432098,-0.11583256,-0.0108150942,0.293838024,0.163062379,-0.000123843987,-0.0614110231,0.166203082,0.0456203707,0.458889991,0.0433766432,0.000387607113,-0.226047128,0.0423504077,0.0652815849,0.238897324,0.13220571,0.0943587646,0.702800035,0.133078068,-0.0628455877,-0.157230169,0.632613897
2.94531751,3.13679886,0.760784566,-0.109150417,-0.0526899509,0.883131325,-0.453198761,-0.545233488,-0.112667248,-0.0158724394,0.293366015,0.157065868,8.85002519e-05,-0.123014227,0.171777636,0.0436553024,0.55694145,0.0399359576,-0.000148978012,-0.2695418,0.0430989452,0.0679715648,0.214467973,0.143554077,0.0999400988,0.698547184,0.131354764,-0.0576733612,-0.155353844,0.631437182
2.92382669,3.11313367,0.767417014,-0.103998333,-0.0518912189,0.882342815,-0.456029505,-0.491967559,-0.109106377,-0.020740347,0.28996253,0.149161905,0.00027772889,-0.203404248,0.171253219,0.0403650701,0.65865761,0.030426167,-0.000725996797,-0.301589906,0.0438514501,0.0687304214,0.183745056,0.155244306,0.105314769,0.691996872,0.132152736,-0.0550410561,-0.154090807,0.630652308
2.90291643,3.09188032,0.771574795,-0.100166894,-0.0514169596,0.884200811,-0.453334212,-0.444279939,-0.101351298,-0.0268071275,0.28566587,0.140475124,0.000451024796,-0.30644086,0.165882617,0.0366187692,0.75403285,0.0155063951,-0.00167844677,-0.318327963,0.0431637391,0.0707438588,0.145603776,0.167475104,0.110384174,0.681932628,0.134376243,-0.0530649014,-0.153344452,0.63035965
2.8831141,3.07164788,0.77597928,-0.0977620482,-0.051224567,0.888386786,-0.445631713,-0.401753366,-0.0916489884,-0.0328462571,0.281926364,0.13088423,0.000608180126,-0.424354136,0.152867898,0.035483636,0.836874843,-0.000204951473,-0.0032624884,-0.318793505,0.0434632078,0.0750795752,0.103408583,0.179798007,0.114504576,0.668529689,0.133590207,-0.0493898615,-0.151456013,0.629476309
2.86271238,3.05066514,0.778850496,-0.095547989,-0.049900651,0.894137442,-0.434624821,-0.358053446,-0.0855139792,-0.0376901031,0.280299723,0.120595954,0.000742463977,-0.539974272,0.139343306,0.0372382328,0.897976816,-0.0118393144,-0.00453901291,-0.302967161,0.0421622172,0.0774502903,0.0596193075,0.190899432,0.11710602,0.652288377,0.134976476,-0.048671823,-0.15087536,0.629521549
2.84208202,3.02878499,0.779900849,-0.0935890079,-0.048356358,0.899937689,-0.423101664,-0.312640101,-0.0818549991,-0.0413112231,0.27885744,0.109310828,0.00089095172,-0.646642745,0.130344614,0.0408686362,0.924600959,-0.016313022,-0.00512727723,-0.278534442,0.0415736884,0.0786270574,0.0183140673,0.201565281,0.118146889,0.632629752,0.138694674,-0.0495343134,-0.1510005,0.629761577
2.82091808,3.00697756,0.779974699,-0.0912453458,-0.0462530814,0.904809535,-0.413345635,-0.264660776,-0.0799683183,-0.0438825637,0.276576549,0.0970454589,0.00102987187,-0.732506871,0.127506733,0.0466462485,0.910807252,-0.0114458213,-0.00493350718,-0.249852404,0.0409731194,0.07738965,-0.0219094269,0.208654419,0.1171837,0.611639023,0.145724148,-0.0514186285,-0.151951537,0.631558061
2.80066943,2.98684788,0.779707551,-0.0914827138,-0.0456307828,0.908582568,-0.40500173,-0.222652644,-0.0781704858,-0.0451963022,0.2711851,0.0839113146,0.00113324123,-0.801527381,0.129120454,0.0555105843,0.852778196,0.00254311739,-0.0041020615,-0.222305357,0.0412666202,0.0789258778,-0.0602262244,0.213675261,0.114200585,0.588057756,0.151702687,-0.052313786,-0.152628899,0.633036256
2.77808285,2.96378469,0.777661145,-0.0901509523,-0.0434727632,0.911705554,-0.398466796,-0.172253415,-0.0793137327,-0.0449130386,0.266936064,0.0712653399,0.00123905088,-0.841983974,0.132220685,0.0660471916,0.76492244,0.0237872992,-0.00289225904,-0.200254306,0.0416692533,0.0771038681,-0.0922897905,0.216321871,0.110202327,0.56597513,0.160642445,-0.0530127138,-0.153713122,0.635155022
2.75478196,2.94121242,0.774945199,-0.0896440744,-0.0418603458,0.915016055,-0.391097546,-0.122981317,-0.0796852708,-0.0440674126,0.260316342,0.0586640313,0.00132819626,-0.86641109,0.133701012,0.0788567886,0.656717181,0.0489433222,-0.00139178801,-0.178478777,0.0421476662,0.0755835772,-0.116697267,0.215055048,0.104641698,0.544932663,0.170536354,-0.053136535,-0.154788002,0.638139069
2.72992349,2.9178586,0.769750297,-0.0901954696,-0.0398057587,0.919107497,-0.381473064,-0.074246265,-0.0828409195,-0.0420429297,0.253224432,0.0473918803,0.001349275,-0.878699958,0.134589151,0.0915231258,0.547115862,0.0719654039,3.14930548e-05,-0.156085864,0.0429784358,0.0703675002,-0.131436646,0.214609742,0.0999627709,0.527004838,0.181033418,-0.0531103909,-0.156071484,0.641048312
2.7061851,2.89322424,0.764505684,-0.0902681202,-0.0376707353,0.923524439,-0.370857447,-0.0261832457,-0.0881177858,-0.0389322937,0.247493163,0.0376199298,0.00138750859,-0.881197453,0.136134475,0.101193301,0.450209051,0.0877289325,0.000968131004,-0.12868543,0.0455340073,0.0723108947,-0.140215486,0.21195507,0.0946597606,0.512357295,0.1886632,-0.0531152822,-0.157221615,0.643071353
2.67949653,2.86903596,0.758546472,-0.0916382521,-0.0358703621,0.927714229,-0.360086262,0.016582178,-0.0918833464,-0.0367472991,0.243652523,0.0299636126,0.00137355435,-0.868913949,0.143192306,0.104709469,0.382257551,0.0998021662,0.00135087664,-0.0975332335,0.0462662503,0.0716946423,-0.141664699,0.208449781,0.0897339955,0.501959324,0.196446419,-0.0532651059,-0.158525646,0.645432472
2.65027809,2.842767,0.751499236,-0.0923354924,-0.0324874036,0.932157874,-0.348569095,0.0617866702,-0.0981472209,-0.0345471166,0.244273826,0.0253659561,0.00135569123,-0.840796828,0.151473224,0.106421299,0.357430845,0.114603221,0.00145911111,-0.06883955,0.0466291159,0.0724261627,-0.13097775,0.203422934,0.0850285441,0.497459739,0.204465657,-0.0542821325,-0.160248265,0.647683322
2.61919236,2.81402469,0.743851721,-0.0923536196,-0.027887512,0.937029481,-0.335661858,0.106216624,-0.109793484,-0.0319264419,0.250148565,0.0248859059,0.00126029504,-0.812917113,0.159028068,0.107786603,0.358618587,0.132744715,0.00162249967,-0.0424158797,0.0458011255,0.0722649023,-0.106919073,0.197034001,0.0814047307,0.501138389,0.212089047,-0.0571031123,-0.162822351,0.650822461
2.58660078,2.78491402,0.736862659,-0.0943472162,-0.0234176256,0.942241907,-0.320515901,0.139006987,-0.124470361,-0.030358227,0.26243937,0.0307857599,0.0009907278,-0.788436055,0.169259965,0.109413832,0.371529728,0.150870845,0.00178125314,-0.0150182843,0.0459800661,0.0688718632,-0.0725164339,0.190004483,0.0779667571,0.512652814,0.219633371,-0.0584652945,-0.165262163,0.652386606
2.55252862,2.75704813,0.735838592,-0.0945278779,-0.0192266684,0.948261559,-0.302481174,0.158338919,-0.139586002,-0.02954375,0.286395848,0.0415092185,0.000628222828,-0.757799327,0.184881479,0.10912542,0.396270245,0.165497065,0.00178442604,0.0168806873,0.0443527251,0.0678589121,-0.0334640853,0.180251881,0.0744291395,0.529804945,0.22261098,-0.0602083467,-0.167888135,0.653791964
2.52028918,2.72911239,0.730603874,-0.0942558125,-0.0160590708,0.954498172,-0.282473415,0.154247209,-0.156094193,-0.0279725231,0.321662664,0.0561746918,0.000244828145,-0.72197628,0.198175758,0.109985933,0.423784792,0.176293477,0.00175194535,0.0538388267,0.0430468805,0.067737028,0.00680509768,0.16889444,0.0718582794,0.551358163,0.220547423,-0.0636232048,-0.171052486,0.654141784
2.49050117,2.7033391,0.737480104,-0.0946170017,-0.0143975895,0.959749043,-0.26404959,0.117985204,-0.170044437,-0.0250199772,0.370205551,0.0650098771,-7.81652707e-05,-0.68560499,0.208957389,0.112031154,0.447236896,0.183200404,0.00172556017,0.0966638923,0.0408121124,0.0699245781,0.0499294102,0.159009874,0.0695380867,0.575739026,0.211779684,-0.0669139475,-0.173548877,0.652964592
2.46225858,2.67776036,0.746850193,-0.0949340314,-0.0139160259,0.96314621,-0.251283407,0.0570965819,-0.176291406,-0.0203559753,0.429375082,0.062952362,-8.43185335e-05,-0.646760404,0.215903804,0.115720257,0.464938462,0.186960682,0.00164736761,0.141698107,0.0380532965,0.069889009,0.0849574059,0.150356174,0.0681912825,0.598139763,0.201015234,-0.0708975717,-0.175714329,0.650297284
2.43390465,2.65312123,0.755170107,-0.0948862433,-0.0145978741,0.964569628,-0.245741576,-0.0226031505,-0.166497052,-0.0163141694,0.49226132,0.0510862023,0.000376360898,-0.603667617,0.218575805,0.121092662,0.476322442,0.18854253,0.00154082675,0.183989406,0.0368030891,0.0693168044,0.118159622,0.144465834,0.0679824799,0.620110393,0.191383764,-0.0748669878,-0.177378654,0.647437572
2.40679955,2.63034821,0.76256609,-0.0950734168,-0.0161134303,0.963963151,-0.24794443,-0.122444309,-0.144043595,-0.0131646255,0.553212285,0.031070333,0.00124027731,-0.560511172,0.218195051,0.127784595,0.48013714,0.18794407,0.00139190257,0.21704784,0.035940107,0.0657900944,0.148697168,0.141470879,0.0682241991,0.639262617,0.180947974,-0.0793511793,-0.178578138,0.643144608
2.38122058,2.60753512,0.768709064,-0.0966673493,-0.0184611864,0.961560965,-0.256349802,-0.240124553,-0.11198432,-0.0119078709,0.606445074,0.00689318962,0.00238620746,-0.51966244,0.212183505,0.136294916,0.477811813,0.185409546,0.0012258878,0.237793118,0.0371366739,0.0622124597,0.177445158,0.138790488,0.0679479241,0.656167448,0.170252368,-0.0863745436,-0.179817036,0.637067735
2.35638809,2.58623338,0.773948193,-0.0973058194,-0.0201740395,0.957930565,-0.26924631,-0.364131749,-0.0755726472,-0.012874213,0.647679269,-0.0166321825,0.00342039252,-0.475349307,0.203743801,0.144900098,0.472605795,0.180933103,0.00102869584,0.242917016,0.0371296294,0.061817605,0.202317998,0.136505529,0.0670364946,0.670145214,0.156983078,-0.0928619951,-0.179768652,0.629103839
2.33134341,2.56423116,0.776029766,-0.0983079523,-0.0250545405,0.953335643,-0.284357309,-0.48972097,-0.0380181707,-0.0183223169,0.67010659,-0.0347501822,0.00362486811,-0.431191385,0.201623231,0.149928316,0.462783694,0.174722269,0.000806681404,0.231854692,0.0387415178,0.0580596589,0.226952165,0.135167316,0.0668837801,0.681803226,0.141270027,-0.0998438746,-0.178641126,0.620264471
2.30592299,2.54315448,0.77703619,-0.0993892401,-0.0282072332,0.948701203,-0.298817933,-0.60478431,-0.0095212236,-0.024644183,0.667158544,-0.0429755636,0.0031565805,-0.384467334,0.198967248,0.154288337,0.450534135,0.166769087,0.000579156971,0.215658665,0.0408816896,0.0562964417,0.250608653,0.135395288,0.0666733608,0.690752983,0.122497648,-0.104251117,-0.17549713,0.609221041
2.28121281,2.52148724,0.777119458,-0.0999281481,-0.0309926197,0.944423199,-0.311638594,-0.702356517,0.0093536349,-0.0316795446,0.632480562,-0.0401291996,0.00220681028,-0.336046636,0.197371542,0.156786859,0.437865525,0.156602129,0.00035449717,0.19879669,0.0405354425,0.051838655,0.266679376,0.132350698,0.0669506267,0.696395278,0.104359157,-0.110382766,-0.172871098,0.600086212
2.25499582,2.49873447,0.774784803,-0.098986268,-0.0334477611,0.941474974,-0.320480704,-0.774370253,0.0190945994,-0.0389981568,0.572644055,-0.0267859884,0.00106853747,-0.282162696,0.198769376,0.157149628,0.425750822,0.145312831,0.000167769569,0.185079396,0.0407990329,0.0508337617,0.282064646,0.127523363,0.0666849762,0.700496376,0.0890458897,-0.114838816,-0.169961408,0.592057824
2.22802973,2.47263169,0.772631586,-0.0976936445,-0.0321580023,0.938264072,-0.330276221,-0.818203032,0.0162468553,-0.0426269062,0.496729583,-0.00786583684,0.000164124984,-0.222375751,0.191931009,0.159878686,0.415591806,0.133188352,5.06918104e-06,0.173817858,0.0399905965,0.0501171947,0.297439963,0.120527484,0.0658233985,0.70450455,0.0771486014,-0.118783437,-0.167871714,0.584708929
2.20082116,2.446738,0.767692745,-0.0969551951,-0.0357378013,0.934142828,-0.341613442,-0.850010455,0.0155212171,-0.0465409048,0.415049523,0.00950009562,-0.000399209734,-0.166528285,0.194052085,0.158293739,0.402114153,0.120615505,-0.000126482613,0.156360924,0.0398840345,0.0435560904,0.310204297,0.115856461,0.065961875,0.707087159,0.0675636455,-0.121300772,-0.165533543,0.57916218
2.17298198,2.4203763,0.761993408,-0.0945221633,-0.037350148,0.930142999,-0.352851957,-0.857589602,0.00716378912,-0.0449132882,0.345881283,0.0238772202,-0.000591472723,-0.109055795,0.196093485,0.156501248,0.391073287,0.108731255,-0.000199265807,0.135422006,0.04061139,0.0416144952,0.319184601,0.112394236,0.0665031523,0.708462238,0.0612051189,-0.121466666,-0.162782177,0.574790597
2.14548874,2.39238644,0.756541133,-0.091245845,-0.038072668,0.926225245,-0.363773912,-0.842920601,-0.00566643383,-0.0403172635,0.30710724,0.0391452275,-0.00052267604,-0.0512164347,0.196049884,0.155607179,0.383259296,0.0983075127,-0.000226565113,0.110640138,0.0406703502,0.0422746241,0.32600528,0.108387046,0.0666632876,0.709009826,0.0577855632,-0.120045878,-0.159662858,0.571812332
2.11615586,2.36590099,0.749437034,-0.0906673223,-0.0410938859,0.922006965,-0.374157637,-0.82492739,-0.0181081891,-0.0364595503,0.298151106,0.0558059849,-0.000103422091,-0.00623719906,0.204970375,0.152368516,0.376179516,0.0900733322,-0.000202828043,0.0850682631,0.0393115208,0.03859815,0.3292979,0.110038415,0.0688575357,0.707634032,0.0594188944,-0.114581533,-0.15554738,0.570463955
2.08742452,2.33024001,0.744576454,-0.0848559588,-0.0414084382,0.917742491,-0.385789394,-0.791374624,-0.0415964015,-0.0301134475,0.309982717,0.0734464228,0.000338198617,0.0493050069,0.204294503,0.153379247,0.381303102,0.0865835175,-5.10445097e-05,0.0598811209,0.0411128737,0.0381609648,0.331622362,0.107235536,0.0696712285,0.707172573,0.0704459324,-0.111487515,-0.153053507,0.572070241
2.05665231,2.29728556,0.741469681,-0.0804667473,-0.0425702557,0.91218555,-0.399537802,-0.762777984,-0.0599388033,-0.02772085,0.327533811,0.0900960639,0.000706363702,0.0908619687,0.210889682,0.152157187,0.39161858,0.0874569863,9.00577288e-05,0.0282525942,0.0412554257,0.0369460508,0.329519868,0.107379369,0.0715738907,0.70599252,0.0857895017,-0.105484024,-0.150139123,0.575416088
2.02597713,2.2644527,0.743274093,-0.0752332658,-0.040410839,0.90620625,-0.414122254,-0.723304808,-0.0799840912,-0.0254589356,0.353509545,0.10317561,0.00104418094,0.118181318,0.21579285,0.15085569,0.416040152,0.0930542499,0.000263147667,-0.00943491794,0.0404976048,0.0433513299,0.32051149,0.110077761,0.0745282918,0.703804195,0.102059305,-0.095698677,-0.146501452,0.578994572
1.99730814,2.23275828,0.742538095,-0.0723287165,-0.0419063382,0.899044991,-0.429802895,-0.685652554,-0.0944251046,-0.0262776315,0.377091587,0.11125508,0.00137239858,0.114018336,0.229535252,0.145750552,0.454076409,0.10065151,0.00035470142,-0.0598717704,0.0400766283,0.0451916009,0.30564335,0.113760896,0.0779556856,0.700841963,0.115490034,-0.0846344009,-0.14274621,0.583508313
1.96857226,2.20343542,0.751516938,-0.0695790946,-0.0421560891,0.892090678,-0.444472492,-0.645237625,-0.104162149,-0.028969286,0.3992351,0.115195379,0.00161082274,0.0860574991,0.244926438,0.137687102,0.513217032,0.106425352,0.000265332987,-0.116592884,0.0410826206,0.0502403304,0.283544272,0.120776154,0.0822683498,0.69682163,0.124555163,-0.0732651278,-0.138900191,0.58782059
1.94068813,2.17574167,0.762559474,-0.0674283132,-0.0425488055,0.886731982,-0.455356419,-0.600480497,-0.108205199,-0.0337773785,0.416163474,0.116011478,0.00177998212,0.0283631664,0.258374155,0.126559168,0.58666873,0.103807382,-0.000274407794,-0.176126853,0.0434487239,0.056860473,0.253797293,0.129845768,0.0871589109,0.69184792,0.129305691,-0.06148706,-0.134701431,0.592029512
1.9132688,2.1481607,0.77282089,-0.0648932979,-0.0426758491,0.884023249,-0.460945368,-0.551289499,-0.10539344,-0.041069936,0.426724255,0.11465694,0.00191223144,-0.0530104525,0.265257865,0.112278767,0.666080236,0.0911656022,-0.00150550366,-0.229693279,0.0451959074,0.0648973435,0.221016318,0.139846385,0.0915152654,0.685758471,0.133362263,-0.050361827,-0.130474865,0.595866084
1.88705099,2.12176394,0.781489968,-0.0630593821,-0.0420116112,0.884456396,-0.460429549,-0.50025928,-0.0998301581,-0.0493823849,0.430563152,0.111704186,0.00201966264,-0.152812243,0.258847386,0.0987413451,0.745489061,0.0727854297,-0.00342301186,-0.267978102,0.0463123247,0.0684663132,0.180294663,0.153112978,0.0973374844,0.677886963,0.137700647,-0.041529879,-0.127196461,0.59964478
1.86213541,2.09592152,0.788953364,-0.0619091988,-0.0410078652,0.887874842,-0.454052746,-0.447141886,-0.0917438939,-0.0577105768,0.428299457,0.107202776,0.00212429045,-0.266870916,0.240319356,0.0881297961,0.81678772,0.0521226004,-0.00579645205,-0.289630204,0.0471175238,0.0725583062,0.1362627,0.166952401,0.102707662,0.667500913,0.142271906,-0.0345063396,-0.124280758,0.602095783
1.83859599,2.07103419,0.794208407,-0.0622934923,-0.0400908254,0.893465757,-0.442979991,-0.39426437,-0.0834762082,-0.0647284165,0.418382913,0.10088478,0.00224278821,-0.391096622,0.213474974,0.081426166,0.872015834,0.032048218,-0.00820095092,-0.292584389,0.0474424697,0.0746508911,0.0907947421,0.182240233,0.107465044,0.653968811,0.146629751,-0.0308938976,-0.122291289,0.60385257
1.81561339,2.0466094,0.797482491,-0.0633487627,-0.0388265029,0.900215507,-0.429058939,-0.340495139,-0.0778013021,-0.0694721565,0.403350472,0.0928699002,0.00235187635,-0.510353327,0.186702579,0.0784488991,0.90171057,0.0185086485,-0.00967734121,-0.280628264,0.0471360385,0.0770908967,0.0438649505,0.196305618,0.110384993,0.636696875,0.151020616,-0.0299064796,-0.121203788,0.605061054
1.79214096,2.02283573,0.798936188,-0.0651772395,-0.0375871845,0.906668663,-0.415079534,-0.285913974,-0.0743928924,-0.0724896193,0.385741025,0.0834722146,0.00243932824,-0.620355368,0.165959865,0.0780079216,0.893571913,0.0135731688,-0.0100851441,-0.260122359,0.0469446518,0.0773958713,-0.00201222277,0.209919408,0.112312555,0.616806924,0.15613538,-0.0303907823,-0.120945588,0.606146932
1.7686305,1.99931002,0.798904657,-0.0663499311,-0.0366751663,0.912296295,-0.402452707,-0.232296631,-0.0721629336,-0.0735223442,0.367323428,0.0726361275,0.00250918348,-0.707045436,0.152191639,0.0811941996,0.847743332,0.0185965449,-0.00945055019,-0.236669049,0.0474393778,0.0781870484,-0.0464831553,0.220506608,0.112236708,0.594552755,0.161418021,-0.0319058076,-0.121259242,0.607522368
1.74472439,1.97534037,0.797066689,-0.0687515661,-0.0350084864,0.917121947,-0.391069025,-0.180052489,-0.0755506009,-0.0713590756,0.348810077,0.0609002933,0.00252723019,-0.772075891,0.142406434,0.0896062031,0.767773747,0.0317282565,-0.00794521999,-0.213339418,0.0474398211,0.0768768266,-0.0861703902,0.228369519,0.11044661,0.571098387,0.168861136,-0.0339809619,-0.122278087,0.609619558
1.71968019,1.95009887,0.793406546,-0.0703350455,-0.0328172259,0.921712041,-0.380030125,-0.124749258,-0.080007717,-0.0675901696,0.33269465,0.0492878184,0.00256364397,-0.812579453,0.135806471,0.10109017,0.667095363,0.0494239591,-0.00608447334,-0.193061307,0.0480581261,0.0758866593,-0.119051665,0.232068062,0.106729329,0.547504604,0.177188128,-0.0369274355,-0.123857632,0.611891389
1.69273257,1.92442751,0.787879586,-0.0714710206,-0.0309143923,0.926713169,-0.367612422,-0.0688207,-0.0838459507,-0.0637629181,0.317714959,0.0382456928,0.00257360819,-0.834874928,0.135248572,0.110555984,0.561332583,0.0663698465,-0.00447240938,-0.173484698,0.0493482053,0.0733720511,-0.141913861,0.233329564,0.102340452,0.52636987,0.186355293,-0.0391901694,-0.125666082,0.615028918
1.66469681,1.8983562,0.781573594,-0.0723287612,-0.0292369593,0.932163298,-0.353532702,-0.0150915282,-0.0870220438,-0.0601470098,0.30568108,0.0284234714,0.00258739595,-0.84131068,0.141967118,0.114977367,0.464837968,0.0776144192,-0.00347967818,-0.149513215,0.04978038,0.0727257803,-0.157043934,0.231241956,0.0972999483,0.507667542,0.196204156,-0.0415538922,-0.127908617,0.61869967
1.63546932,1.87147248,0.774440169,-0.0726914555,-0.025861552,0.937483668,-0.339369476,0.0365511961,-0.0959936529,-0.0549308211,0.298875421,0.0203987733,0.0025573438,-0.824831367,0.15326421,0.114552081,0.398286849,0.0872104242,-0.00302095199,-0.121535137,0.0505994558,0.0731010512,-0.163048729,0.225007668,0.0913004652,0.493202895,0.206057593,-0.0443509072,-0.130857676,0.622822642
1.60434103,1.84366107,0.765374422,-0.0735917985,-0.0217896923,0.942721069,-0.324632794,0.0845834613,-0.108115546,-0.049445834,0.298308283,0.0155626778,0.00250456412,-0.794335365,0.166598529,0.112308264,0.372958213,0.10146565,-0.00273376401,-0.0939666629,0.0509423018,0.0716181099,-0.158028215,0.21589312,0.0848917738,0.484119862,0.216737449,-0.0489070117,-0.135217965,0.628010809
1.57161033,1.81469595,0.757498026,-0.0758579895,-0.0170414094,0.948593557,-0.306798607,0.123478562,-0.123607576,-0.0449785925,0.30470556,0.015277423,0.0023296054,-0.773578107,0.178519666,0.112123787,0.368935287,0.12060111,-0.00226823636,-0.0670659766,0.0514718145,0.0700147972,-0.140952945,0.203388631,0.0780080557,0.483513236,0.226559818,-0.0519667007,-0.140094191,0.631964982
1.53814828,1.78515351,0.75162667,-0.0776568353,-0.0115066348,0.954943061,-0.286218077,0.150970757,-0.145166799,-0.0401865654,0.320527226,0.0206765197,0.00209297449,-0.75029242,0.190335646,0.112962693,0.387427568,0.138242006,-0.00184149179,-0.0391879156,0.0512418225,0.0716059506,-0.112791881,0.188186839,0.0715362579,0.48963514,0.232576758,-0.0576498508,-0.145965785,0.63574791
1.50452614,1.75669646,0.751514137,-0.0796647444,-0.00686624041,0.961278021,-0.263725013,0.157013386,-0.166362748,-0.0359399021,0.349565566,0.0309602451,0.00183108705,-0.724040031,0.204005525,0.113719538,0.415994555,0.151951045,-0.00155524199,-0.00561884325,0.0501826517,0.0729970187,-0.0732083097,0.17322427,0.0658603683,0.503773749,0.233156368,-0.0628790557,-0.151712,0.639409721
1.47324216,1.72962785,0.74656564,-0.0821786076,-0.00372072356,0.966937065,-0.241382644,0.131520271,-0.187112898,-0.0301904064,0.390189588,0.0399200395,0.00167580089,-0.695641279,0.215186566,0.115949087,0.445419014,0.162010789,-0.00134159042,0.0342120975,0.0484815277,0.0730124861,-0.0348734595,0.15874961,0.061566703,0.522491276,0.227462456,-0.0681643188,-0.157234594,0.642014384
1.44446945,1.70383704,0.751507044,-0.0855715945,-0.00249648769,0.970978975,-0.223318547,0.0741369277,-0.199583843,-0.0233548135,0.441479653,0.0398486406,0.00182042341,-0.667721331,0.222615853,0.119977377,0.470612288,0.168468162,-0.00117112009,0.0774437189,0.0462690331,0.0732038096,0.00112544955,0.146811664,0.0596052259,0.544104695,0.216817856,-0.0735699534,-0.162146911,0.642414927
1.41681588,1.6789552,0.760678351,-0.0893581435,-0.00248359004,0.973237514,-0.211701959,-0.00779324537,-0.197546005,-0.0169073399,0.497374028,0.0297058485,0.0025423253,-0.638630688,0.225218222,0.125930905,0.490163118,0.172092944,-0.00104204076,0.119579233,0.0439321548,0.0734819546,0.0347870477,0.135674402,0.0584010035,0.567540586,0.204192549,-0.0785880089,-0.165871352,0.641542077
1.38957357,1.65604448,0.76878649,-0.0936754197,-0.0035972551,0.97372669,-0.207529202,-0.113632567,-0.180306435,-0.0128881214,0.550080001,0.0116420342,0.00367394858,-0.608896971,0.224093169,0.133399904,0.502787888,0.173459485,-0.000958971505,0.153291523,0.0427042358,0.0710119158,0.0682984367,0.127761126,0.0586630143,0.591545403,0.190271288,-0.0835682601,-0.168516383,0.638928473
1.36400628,1.63372242,0.776103079,-0.0980270207,-0.00551932026,0.972615898,-0.210662216,-0.235078901,-0.153681546,-0.0112544056,0.59508127,-0.0095370058,0.00492568268,-0.576955676,0.218080133,0.142611533,0.507905602,0.17281355,-0.000925258442,0.175171256,0.0439820997,0.0688198581,0.101413161,0.122506358,0.0596948341,0.613654792,0.175763085,-0.0897141844,-0.170230046,0.633579731
1.33937812,1.6122781,0.782288969,-0.1031124,-0.00768307922,0.970300615,-0.218690515,-0.3660267,-0.121309131,-0.0129234353,0.625754535,-0.0297102313,0.00599739421,-0.544836819,0.207659885,0.153041527,0.506992877,0.170173481,-0.000940979808,0.186359048,0.0441636443,0.0638992265,0.134043217,0.121291757,0.0614342541,0.633537471,0.15996711,-0.0968805552,-0.17088224,0.626378298
1.31419587,1.59075737,0.786138237,-0.107303552,-0.0104279723,0.967462063,-0.228898183,-0.494130343,-0.0887830928,-0.0175126232,0.637900114,-0.0443421789,0.00633845478,-0.506902695,0.195936754,0.162421048,0.502230108,0.165813118,-0.0010188981,0.188099205,0.0449800864,0.0592287481,0.164728373,0.122793317,0.0637703016,0.650032997,0.144585773,-0.104659274,-0.170469552,0.617999315
1.28957248,1.56923532,0.790295064,-0.111548595,-0.0136512192,0.964426696,-0.239273384,-0.612726748,-0.0610172115,-0.0236725193,0.625694454,-0.0488907322,0.00580006139,-0.468546003,0.187378347,0.169366032,0.492271721,0.158495486,-0.00108400336,0.184789628,0.0463941358,0.0548346564,0.195161298,0.125907063,0.0662251636,0.664287806,0.128780931,-0.112659402,-0.169024065,0.608710825
1.26430273,1.54664612,0.791828513,-0.114792876,-0.0166772567,0.961369634,-0.249625415,-0.713457704,-0.0405334085,-0.0293528102,0.590492249,-0.0428678133,0.00462680776,-0.426076025,0.178610742,0.174881831,0.481710702,0.148995638,-0.00116613531,0.182665452,0.0478331782,0.0515109934,0.224816278,0.130063459,0.0685703307,0.675671399,0.114812762,-0.120611228,-0.167237148,0.599142551
1.2381258,1.52393234,0.791070282,-0.117055267,-0.0201207716,0.958591402,-0.258835644,-0.794341087,-0.024956895,-0.0340316929,0.536467612,-0.0284336694,0.00318748876,-0.381358594,0.173387811,0.177648336,0.471435249,0.1375411,-0.00123041437,0.182522997,0.0487024523,0.0475344062,0.251524359,0.134572238,0.0704656169,0.684302211,0.102977768,-0.126964688,-0.165150091,0.590326965
1.21168113,1.50010407,0.788752794,-0.118623935,-0.0236846246,0.955676734,-0.26842013,-0.858840525,-0.0132356556,-0.0374684222,0.4692249,-0.00729424832,0.00176560925,-0.333661348,0.169304535,0.179022342,0.461509496,0.124314502,-0.00128126913,0.185228989,0.0497221984,0.0441345535,0.277232826,0.13800706,0.0715084895,0.691521943,0.0925389081,-0.131757379,-0.162431166,0.58254832
1.18341792,1.47561026,0.783771515,-0.11865297,-0.0276758149,0.952390432,-0.279478461,-0.907094419,-0.00303557958,-0.0398780331,0.397219986,0.0161042642,0.000579179556,-0.282196939,0.168911412,0.17781347,0.452905178,0.10971567,-0.00132786611,0.18854396,0.0494357757,0.0375360176,0.300355166,0.140712202,0.0728745162,0.697245479,0.0826272219,-0.134864435,-0.159241542,0.576785386
1.15478265,1.45036483,0.777062535,-0.119062662,-0.0319474526,0.948543012,-0.291666746,-0.94610852,0.00476975041,-0.0397778116,0.327555835,0.0364330597,-0.000338762969,-0.229934424,0.169945911,0.175412446,0.445079893,0.0939334705,-0.00136928505,0.19008489,0.0496043414,0.0341605991,0.321104646,0.141979426,0.0735669732,0.701273501,0.0728898942,-0.136632144,-0.15532279,0.570784926
1.12530935,1.42539251,0.767839074,-0.120072939,-0.0370598249,0.944483161,-0.303579688,-0.976852894,0.0107384222,-0.0371612161,0.27026248,0.0543027148,-0.000888821727,-0.180141747,0.176521942,0.171022326,0.436771899,0.077354975,-0.00135855656,0.188120246,0.0497918725,0.0325383767,0.33975184,0.14324078,0.0737346038,0.703666389,0.0605796687,-0.13453874,-0.148950502,0.56346786
1.0955205,1.39953101,0.756683648,-0.122422807,-0.0433469899,0.940130115,-0.315101653,-1.00400627,0.0151752364,-0.0332284272,0.233756185,0.0724458545,-0.00119057496,-0.13387084,0.186457336,0.165600434,0.428477466,0.0608540326,-0.00132516481,0.184122548,0.0497631133,0.0325364619,0.357644707,0.144071952,0.0733611956,0.705124557,0.0446057245,-0.129451737,-0.139590621,0.553632438
1.06518996,1.37300086,0.74351877,-0.127020404,-0.0529991761,0.935472429,-0.325496912,-1.03307998,0.0188325457,-0.0296180155,0.213158816,0.0905749649,-0.00123345561,-0.0917701051,0.202244192,0.158520088,0.416816086,0.0457771756,-0.00126823981,0.177836299,0.0497775301,0.0324757509,0.371169329,0.144009724,0.0723630488,0.70480305,0.0249708239,-0.121647857,-0.127344251,0.540921748
1.03463459,1.34409845,0.730653822,-0.133219287,-0.0612643771,0.930481791,-0.335712433,-1.06064129,0.0166509878,-0.026263034,0.203704834,0.108028151,-0.00122248568,-0.0523605198,0.213181853,0.153847247,0.404129833,0.0324598327,-0.00120124023,0.172993869,0.0501490161,0.0349777974,0.380163908,0.141004011,0.0702280775,0.703769505,0.000587267219,-0.111724809,-0.112978533,0.525283873
1.00265241,1.31375563,0.717254341,-0.140372455,-0.0705545247,0.924688935,-0.346796632,-1.08343959,0.0112044076,-0.023756396,0.205119446,0.124449328,-0.00106145849,-0.0152900098,0.225601792,0.149021283,0.389907271,0.0222293902,-0.0011029765,0.167512938,0.0497459657,0.0382850803,0.38615337,0.136812285,0.0677408352,0.702654421,-0.0249300543,-0.0996592864,-0.0972283706,0.510143101
0.970034063,1.28194427,0.703381181,-0.149434671,-0.0820204094,0.916936398,-0.360790253,-1.10369182,0.00364250201,-0.0203175358,0.223029494,0.141586781,-0.000783224299,0.0144249005,0.240753919,0.144402206,0.374522358,0.0159302354,-0.000991892768,0.160218418,0.0497216992,0.0425414853,0.388216019,0.133642569,0.0657926351,0.700669289,-0.0514274091,-0.0867221951,-0.0817301273,0.493120253
0.93812573,1.24830365,0.691668272,-0.162903607,-0.094851099,0.906009376,-0.378962636,-1.13882768,-0.00950539112,-0.0165534038,0.25637576,0.155713797,-0.000612827367,0.0262771025,0.257059664,0.141106129,0.359846026,0.0145393051,-0.00079985027,0.152557597,0.0492809825,0.0523072854,0.38130039,0.130594388,0.0637372211,0.696593046,-0.0777114704,-0.0732159093,-0.0659583136,0.474524409
0.906512201,1.21483755,0.683619976,-0.181317538,-0.109995425,0.891794503,-0.399659216,-1.18486321,-0.0320315324,-0.0125186527,0.29886952,0.166512758,-0.000518190966,0.0137482155,0.279216826,0.136854336,0.350123554,0.0191481095,-0.000601920532,0.14862445,0.047239352,0.065423727,0.362169176,0.12927261,0.062357232,0.689562201,-0.102194592,-0.0608505197,-0.0507862456,0.453839391
0.872194052,1.18101048,0.679476559,-0.20129776,-0.125252947,0.875866473,-0.420296162,-1.226861,-0.0582228303,-0.00810339581,0.344752312,0.174768046,-0.000387599779,-0.0196952485,0.306970537,0.13064228,0.352908313,0.0297471844,-0.000498220907,0.145887837,0.0469154008,0.0813467577,0.338265598,0.129284382,0.0600767881,0.681928813,-0.121850327,-0.0486297682,-0.0351691954,0.430727571
0.837494075,1.14608335,0.684339762,-0.219724819,-0.137016028,0.859261394,-0.441154689,-1.26246727,-0.0846661776,-0.00463937968,0.399854302,0.178256914,-0.000181240277,-0.067645058,0.333011717,0.123578809,0.376315087,0.0417236462,-0.000449073879,0.13092339,0.0444432087,0.0944389775,0.316434145,0.126354128,0.0562884659,0.675480425,-0.138630703,-0.0384407006,-0.0205550734,0.411081463
0.801263571,1.11472797,0.679309011,-0.23649773,-0.148499727,0.843461096,-0.458900869,-1.29943931,-0.10493429,-0.00392091135,0.460998327,0.177348658,8.17632244e-05,-0.141804248,0.364478618,0.11188066,0.421694577,0.0460097305,-0.000762434385,0.104379408,0.0430171937,0.103328332,0.295258164,0.128850728,0.0544559658,0.668771267,-0.161259919,-0.0246802103,-0.00654205168,0.393170595
0.764471054,1.08178473,0.6854195,-0.25121358,-0.158330977,0.831009209,-0.470368683,-1.32855189,-0.124031276,-0.00425735582,0.528504431,0.172535285,0.000264579285,-0.247302935,0.387968838,0.0987939015,0.484752983,0.0331105776,-0.00190600986,0.0799038485,0.0409308001,0.117956012,0.269038707,0.134104088,0.054313492,0.66155982,-0.18548432,-0.00771812536,0.00590546522,0.378879279
0.729213774,1.04797888,0.692322493,-0.263673544,-0.167585984,0.824618697,-0.471587956,-1.34918809,-0.136130661,-0.00870452821,0.600260019,0.164515421,0.000383824867,-0.395581931,0.394994467,0.0888217986,0.560258389,-0.000567623647,-0.00511896238,0.0622113533,0.038872879,0.137451932,0.227698296,0.139521107,0.0548642986,0.650870085,-0.213741869,0.00753473025,0.0147705693,0.36734122
0.696497798,1.01498294,0.709577501,-0.273650676,-0.175540403,0.825140774,-0.461999506,-1.35885298,-0.133974999,-0.0196323022,0.673092067,0.154779434,0.000540367386,-0.592683315,0.374639779,0.0872763991,0.641418517,-0.0536965802,-0.0123156309,0.0548409559,0.038721934,0.159538016,0.167687476,0.153749093,0.0590724349,0.634461284,-0.256210148,0.0217187293,0.0226807632,0.355888784
0.663834512,0.983188987,0.727050245,-0.279800445,-0.180974856,0.830414534,-0.446510434,-1.35595751,-0.114155248,-0.0390811414,0.749108851,0.14350754,0.000935184886,-0.832593143,0.330191374,0.0960810855,0.720866978,-0.118200891,-0.0239828601,0.0568778254,0.0360124819,0.183456048,0.08621528,0.186834857,0.0718720704,0.609267354,-0.317274421,0.0262683202,0.0243817661,0.338628829
0.632058084,0.94993031,0.717232823,-0.279553145,-0.180456936,0.835935652,-0.436459661,-1.33430052,-0.0881170928,-0.0604426302,0.832911551,0.131084368,0.001730902,-1.09333146,0.274231791,0.113899246,0.788720071,-0.179445282,-0.0364335701,0.0658727288,0.0329847783,0.197970539,-0.0201590937,0.245472431,0.0958334208,0.573392987,-0.401697457,0.0150319338,0.0175530426,0.315580785
0.597424507,0.914779186,0.71979171,-0.272716731,-0.173870102,0.838361621,-0.438798994,-1.28970349,-0.0693350956,-0.0768218637,0.924463987,0.117417552,0.0027462265,-1.33181584,0.224926442,0.137254387,0.830950379,-0.214443892,-0.0437845439,0.06807708,0.0267231725,0.204693317,-0.150573567,0.332295448,0.131244019,0.52624017,-0.506830812,-0.01607248,-0.00170898996,0.289970487
0.558496892,0.876308918,0.721946597,-0.25919205,-0.1634323,0.837491035,-0.452457935,-1.21925974,-0.0618686751,-0.0879651979,1.01530945,0.10350287,0.00367101654,-1.50969768,0.180180728,0.167566314,0.829554856,-0.211342841,-0.0443648584,0.0561716929,0.0177289769,0.203239039,-0.299924463,0.437486351,0.170924813,0.469988614,-0.622095346,-0.0724941865,-0.0363044627,0.267816365
0.514318466,0.834751725,0.722718656,-0.242179245,-0.153657705,0.83434993,-0.470742702,-1.12074745,-0.056154117,-0.102064155,1.08387327,0.0913076177,0.00435143895,-1.62307286,0.133407608,0.206015393,0.776925325,-0.173537657,-0.0394115783,0.0303747635,0.00950710382,0.195329145,-0.460553259,0.54444319,0.201602027,0.404352456,-0.732534111,-0.15499185,-0.0831862763,0.255166471
0.465180129,0.789170444,0.725509286,-0.225854442,-0.14626497,0.83071208,-0.487353921,-0.999061406,-0.0420507714,-0.125089556,1.11099911,0.0823559538,0.00471408805,-1.69089627,0.0828417316,0.248011976,0.698911667,-0.117054373,-0.031185925,-0.000575834652,0.00267405785,0.180300862,-0.623019516,0.637820184,0.213165805,0.330114961,-0.829303443,-0.259324759,-0.137360662,0.25201413
0.413190573,0.737313807,0.731625915,-0.212460995,-0.138674587,0.828471661,-0.499263853,-0.851180375,-0.0224490035,-0.150541082,1.08438408,0.0772403628,0.00465908693,-1.72558749,0.0384302922,0.282217413,0.638480604,-0.0623009987,-0.0237423573,-0.0256311912,0.00092835055,0.161518916,-0.774975717,0.710688591,0.202110812,0.249069005,-0.91357404,-0.377845675,-0.190960452,0.25529623
0.357561707,0.678064644,0.741428673,-0.200533181,-0.127433777,0.828557611,-0.506990552,-0.673684478,-0.00285402942,-0.17244257,1.00625992,0.0764013156,0.00431515835,-1.7327019,0.00440989854,0.303563774,0.624015689,-0.0207307748,-0.0191862751,-0.0361438654,0.000598317885,0.141767353,-0.898965895,0.766339064,0.179477051,0.170878619,-0.975397825,-0.496315986,-0.235556364,0.265581518
0.299177051,0.612839818,0.756460965,-0.190000981,-0.111549377,0.828998148,-0.514021814,-0.484614342,0.00850656722,-0.18668884,0.894580722,0.0818954408,0.00391223701,-1.71531689,-0.0217013657,0.31681338,0.640547216,0.0142410714,-0.016024014,-0.0385825299,5.93631239e-06,0.119180568,-0.979530871,0.807564855,0.157410666,0.100319348,-1.00953639,-0.60603565,-0.274728775,0.282024264
0.237982079,0.5444507,0.782976031,-0.179890975,-0.0933823884,0.829400778,-0.520589411,-0.308276266,0.0154735278,-0.194101945,0.775653839,0.0978274271,0.00295585254,-1.67067873,-0.0529710166,0.330006182,0.652460337,0.0510642081,-0.0125677092,-0.0373638608,-0.00183439697,0.0999737605,-1.01428974,0.84470731,0.146803722,0.0387014672,-1.01814485,-0.708791554,-0.316145808,0.303966582
0.177345678,0.476150781,0.830610037,-0.171734259,-0.0766532719,0.829106987,-0.526510417,-0.154985681,0.0262914021,-0.201302215,0.676292837,0.116196007,0.00132602593,-1.61428905,-0.0892580003,0.344480425,0.64155519,0.0882053226,-0.00871751271,-0.0301528405,-0.0094971098,0.0814773142,-1.00812638,0.893788278,0.150392458,-0.00936323311,-0.995904028,-0.817386985,-0.370556176,0.336297303
0.119308256,0.410180509,0.872294545,-0.166703045,-0.0648534372,0.828276336,-0.531001329,-0.0147854341,0.0372161455,-0.202892214,0.614574313,0.13566418,-0.000192674052,-1.5625,-0.124495395,0.357177377,0.618686855,0.119918056,-0.00554579077,-0.00831609499,-0.015375792,0.0591247864,-0.968063712,0.960755289,0.174115241,-0.0274559781,-0.944883883,-0.937589169,-0.441436499,0.382175326
0.0578302927,0.346256852,0.904141843,-0.163493827,-0.0566194803,0.828185558,-0.533078492,0.0974314064,0.0397476815,-0.197412446,0.58494556,0.152640834,-0.000402749836,-1.50896561,-0.151843831,0.363831669,0.59670943,0.146092877,-0.00325150928,0.0237631183,-0.0218857024,0.0334722325,-0.895172954,1.0478636,0.226829961,-0.00345889013,-0.867836773,-1.0589155,-0.528351307,0.439962
-0.0054789111,0.281223118,0.927731395,-0.161886886,-0.0506536067,0.829642951,-0.531901717,0.183364347,0.0365977995,-0.188663065,0.586947262,0.165269986,-0.000130811168,-1.44930899,-0.169140592,0.364702523,0.574876428,0.170154944,-0.00141043111,0.0578150339,-0.0261483602,-0.00463890145,-0.801491141,1.1417377,0.302948833,0.0538384467,-0.778724432,-1.16653848,-0.625963271,0.506231189
-0.0693234429,0.214455783,0.917577744,-0.161257491,-0.0452373177,0.83290261,-0.527468324,0.258520156,0.0331610329,-0.177790061,0.614249825,0.174115583,-1.33063977e-05,-1.38840222,-0.176064759,0.36070469,0.550474107,0.190659627,0.000123901147,0.0861562788,-0.0263047237,-0.0506116264,-0.695798159,1.22045946,0.391019225,0.13701883,-0.689120591,-1.255808,-0.726921618,0.566532254
-0.133344546,0.146164924,0.889569998,-0.161082238,-0.0408215187,0.83778435,-0.520099521,0.326179624,0.0275297519,-0.163967475,0.656586289,0.180651888,-1.44710057e-07,-1.32749009,-0.176148742,0.353939533,0.525490761,0.206743017,0.00139380828,0.107572466,-0.0236096345,-0.09999495,-0.585618258,1.27381551,0.482910454,0.231940687,-0.600984216,-1.32023966,-0.82347399,0.618864298
-0.197448179,0.0780362338,0.863390803,-0.159205347,-0.0374502577,0.843916953,-0.510935724,0.386392862,0.0155961765,-0.146446213,0.70703876,0.185205653,5.4403572e-05,-1.26113999,-0.170671418,0.343925148,0.507300675,0.219822079,0.00254828529,0.119924963,-0.0203932188,-0.155216515,-0.478320301,1.30387986,0.576459229,0.32166931,-0.513804018,-1.35884845,-0.913262665,0.663910925
-0.261336386,0.0112123201,0.823905528,-0.157771736,-0.0345352367,0.849904001,-0.501576185,0.434758455,-0.00236664619,-0.125533074,0.762394309,0.18653293,0.000118237025,-1.18526733,-0.158090934,0.329009503,0.50274235,0.231067702,0.00360428658,0.129207715,-0.0173463691,-0.210816979,-0.374595881,1.31389737,0.667191148,0.396096289,-0.431514591,-1.38091743,-0.995357871,0.698693097
-0.323889554,-0.0530969203,0.779175758,-0.15789476,-0.0316503234,0.855974674,-0.491298974,0.46519354,-0.0236074552,-0.102761462,0.822393179,0.18400462,-4.10338544e-05,-1.10004544,-0.136721373,0.307851285,0.517481923,0.241818115,0.00486432575,0.144218519,-0.0167111382,-0.259362668,-0.265979767,1.30118036,0.745957613,0.457433075,-0.355552644,-1.38981438,-1.06849086,0.723315239
-0.38428244,-0.112941265,0.750486135,-0.161343008,-0.0303266086,0.864078164,-0.475833744,0.469481885,-0.0471497551,-0.0797254518,0.887234867,0.177127987,-0.000670897251,-1.03414273,-0.106611826,0.283202887,0.539610744,0.247862726,0.00608685985,0.165956855,-0.0122969933,-0.292983681,-0.145829856,1.25616848,0.809104681,0.514410973,-0.284273356,-1.38018024,-1.1313206,0.742588103
-0.438898027,-0.162595376,0.744404852,-0.168962285,-0.0341150053,0.87600255,-0.450452387,0.423408478,-0.0730399936,-0.0579443648,0.955303967,0.162552074,-0.00198583002,-1.02438402,-0.0763984993,0.26279369,0.563072979,0.2463727,0.0068591754,0.197102427,0.004347465,-0.299327105,-0.00709093222,1.16066945,0.855312645,0.578304231,-0.208450347,-1.33385324,-1.18285739,0.768205225
-0.479931295,-0.198981509,0.750376523,-0.183649436,-0.0428492464,0.887697756,-0.420035124,0.284073949,-0.107923783,-0.0355378278,1.01741612,0.133747205,-0.00358802616,-1.0547365,-0.0434828959,0.244961113,0.593022108,0.23969391,0.00711750099,0.233559176,0.0226291176,-0.262356281,0.153762311,0.980276644,0.885979891,0.661700487,-0.118825942,-1.23160875,-1.22193289,0.809316516
-0.51074481,-0.228980705,0.74881947,-0.19669567,-0.0562932044,0.895296156,-0.395710379,0.0434407964,-0.142285451,-0.016121285,1.06853974,0.0852321982,-0.00528054684,-1.08249652,-0.00352712069,0.221457198,0.632983923,0.232337981,0.00759014394,0.275808454,0.0285943877,-0.180697918,0.319760144,0.711247742,0.890962183,0.764772356,-0.0139858304,-1.06839263,-1.24004543,0.86666286
-0.536476076,-0.25495705,0.747488081,-0.204343379,-0.0706772655,0.895803332,-0.388310462,-0.312503099,-0.157744259,-0.00860179495,1.10390222,0.00706233364,-0.0083417343,-1.09928346,0.0401777104,0.191199049,0.685747504,0.223906815,0.00857229717,0.329095781,0.022423381,-0.0859776288,0.436967492,0.410092086,0.857388377,0.85931617,0.0751513988,-0.865189552,-1.22377837,0.928507149
-0.558609605,-0.27429682,0.745578289,-0.21445851,-0.0843231902,0.889325321,-0.394965351,-0.776561797,-0.134234264,-0.0268350579,1.12234068,-0.0965834111,-0.0099907387,-1.11020291,0.073437728,0.159783691,0.746809304,0.213420108,0.00978953298,0.378115118,0.0141335391,-0.0138661731,0.459015816,0.173355401,0.791878939,0.9052158,0.0769276917,-0.679522753,-1.16499329,0.960272431
-0.582878768,-0.290788442,0.746442616,-0.224859923,-0.100364275,0.884971321,-0.395209789,-1.21446049,-0.0808148682,-0.0718309209,1.1311841,-0.179703712,-0.00866627228,-1.13262558,0.0948134512,0.131626099,0.815434694,0.198361173,0.00978902262,0.381118715,0.0100196218,0.0263461508,0.379963368,0.037734881,0.705454409,0.889283299,-0.051958371,-0.546126068,-1.05990446,0.929230869
-0.609478593,-0.316221982,0.746553481,-0.224428117,-0.112814553,0.887209177,-0.386994541,-1.46205568,-0.0365462005,-0.122980736,1.09664106,-0.191210285,-0.00878666993,-1.12145233,0.122588485,0.0990908146,0.884352267,0.182749167,0.00908411108,0.348264456,0.0086575998,0.051778283,0.266233623,0.004970585,0.617310345,0.826095819,-0.244009182,-0.442739099,-0.913563967,0.844398737
-0.637086689,-0.354284406,0.749905765,-0.211045623,-0.1146321,0.89413017,-0.377955765,-1.52547741,0.00205792137,-0.172469884,0.99506402,-0.152466953,-0.010887038,-1.04752469,0.148089513,0.0778079256,0.931706727,0.170437515,0.00826471951,0.326546907,0.0110214604,0.0657318234,0.190801308,0.0433374234,0.551075995,0.754980862,-0.385301769,-0.339555711,-0.759480059,0.749256194
-0.667140067,-0.397585213,0.757253647,-0.194375679,-0.110856563,0.900977492,-0.371710092,-1.49566615,0.043111857,-0.213587701,0.861875594,-0.102596492,-0.0135557018,-0.936170399,0.168602914,0.0759323686,0.942473352,0.160996139,0.0072795325,0.308183014,0.0136629483,0.0668403134,0.159592792,0.095446296,0.501369119,0.695734024,-0.455199242,-0.243097365,-0.620992362,0.66658932
-0.700318277,-0.442959756,0.765225053,-0.176395923,-0.105102286,0.90671581,-0.368381113,-1.42479002,0.0841565281,-0.240268484,0.72731185,-0.0575286373,-0.0155489938,-0.79854095,0.183163092,0.0887250155,0.921688676,0.153052181,0.00623057131,0.287454844,0.0178751238,0.0608062707,0.160768256,0.138607368,0.460306704,0.649620235,-0.477900058,-0.153843045,-0.500080705,0.598729193
-0.733684123,-0.490509093,0.771039367,-0.158634141,-0.0977278203,0.911734819,-0.366093129,-1.34032452,0.119011402,-0.252949655,0.611555278,-0.0217043217,-0.0165395495,-0.646609426,0.183217555,0.113451958,0.879154027,0.145356759,0.0053442549,0.267314047,0.0231844578,0.0526678264,0.177173987,0.167459518,0.422911018,0.613417745,-0.472480983,-0.07462091,-0.394305497,0.542612135
-0.764455497,-0.539979041,0.772808433,-0.141156927,-0.0881420597,0.916766226,-0.363105237,-1.25140333,0.147121489,-0.256018102,0.525430024,0.00696207397,-0.016730465,-0.48898086,0.16666019,0.144958764,0.825393736,0.13677077,0.00458006514,0.247332588,0.0291783474,0.0457251556,0.198465124,0.183136374,0.385980338,0.582943261,-0.453064919,-0.0071238419,-0.300323009,0.49461332
-0.793299854,-0.589667559,0.768862307,-0.126159251,-0.0793067887,0.92008698,-0.362262726,-1.1693809,0.170334727,-0.254231304,0.479072958,0.0322346352,-0.0161585175,-0.339780658,0.141447708,0.174503818,0.771193266,0.126748621,0.00383778126,0.22238183,0.0353889391,0.039957691,0.224416479,0.193729207,0.352752924,0.554775596,-0.431355149,0.047612451,-0.214659184,0.451136708
-0.822098315,-0.636144459,0.75979054,-0.114789054,-0.0755173042,0.92147857,-0.363315016,-1.10727644,0.190707743,-0.252234787,0.465162516,0.054326836,-0.0150977699,-0.209947512,0.123081662,0.193255126,0.716531992,0.114970505,0.00323172286,0.190158278,0.0389613323,0.0383645855,0.247833103,0.20480369,0.323313415,0.52617836,-0.411638826,0.0911412835,-0.13519308,0.410185724
-0.847447991,-0.683183014,0.747489691,-0.108485393,-0.0751546398,0.921252251,-0.365891993,-1.06857872,0.197409794,-0.246595368,0.474757373,0.0719606653,-0.013841846,-0.103783511,0.106296003,0.20910269,0.666214168,0.102819748,0.00279975776,0.155112997,0.0413306244,0.0464682728,0.262660921,0.212655887,0.296078205,0.500449717,-0.389698029,0.115150675,-0.0656591281,0.371437401
-0.870149255,-0.734769762,0.733778775,-0.104316637,-0.0754815117,0.918145299,-0.374739796,-1.05600023,0.178901136,-0.233543739,0.501862705,0.0852342248,-0.0129182115,-0.0156797338,0.0864728317,0.224694371,0.629374146,0.0928803235,0.00260889903,0.123072855,0.0420173854,0.0610241219,0.262778074,0.215112746,0.270385325,0.483182669,-0.359983444,0.122807153,-0.00689066527,0.340307385
-0.890091717,-0.786553979,0.723189712,-0.105356365,-0.0774863064,0.910911202,-0.391326725,-1.05474722,0.143846542,-0.216469124,0.544887125,0.0938810483,-0.0123592122,0.0454714,0.0708734021,0.235187918,0.604824781,0.0864260867,0.0026922354,0.0931946635,0.0408967249,0.0807488039,0.238335609,0.215792835,0.245281518,0.472489804,-0.319848448,0.109006606,0.0365445912,0.319185585
-0.912315488,-0.83723861,0.719260931,-0.108907685,-0.0794113427,0.901743352,-0.410721183,-1.0481298,0.104926392,-0.197353199,0.599867642,0.0987933055,-0.0116900001,0.0846519992,0.069509998,0.236780539,0.596123874,0.0856247023,0.00291515258,0.063331008,0.0378230363,0.107454903,0.192194015,0.211941898,0.220357955,0.467953801,-0.269609541,0.0813689679,0.0628653169,0.30845511
-0.935426176,-0.885713995,0.730734944,-0.11098326,-0.0790475532,0.891937256,-0.431140512,-1.029724,0.0589014366,-0.174477473,0.658960104,0.1004849,-0.0111072818,0.0995534733,0.0774146616,0.232525691,0.609962106,0.0888780281,0.00317616598,0.0250190087,0.0380015746,0.128589898,0.133292347,0.202142775,0.195984945,0.470590591,-0.211625367,0.0499728248,0.0747203007,0.314313322
-0.958375514,-0.929297268,0.745169282,-0.113498315,-0.0767864883,0.882662594,-0.449587375,-0.99980855,0.0177868064,-0.155807406,0.71080631,0.100349002,-0.0102686649,0.082389079,0.0997776985,0.219109192,0.65191865,0.0877018124,0.00344963768,-0.0242493469,0.0402658843,0.141067952,0.0741989166,0.189395785,0.174392626,0.480892777,-0.156379253,0.0200768467,0.0727847591,0.336111695
-0.98205322,-0.970006943,0.760692716,-0.11368271,-0.0745286644,0.875700474,-0.463325411,-0.958034456,-0.0147530772,-0.144084111,0.748630106,0.0995755196,-0.00944587495,0.0324846618,0.132055894,0.19665195,0.718365133,0.0770183057,0.00371900015,-0.0831991658,0.0440085195,0.150347263,0.0253005717,0.176732793,0.157063425,0.494372904,-0.10527575,-0.00234961184,0.0609014034,0.368736655
-1.00472283,-1.00632834,0.775235593,-0.113358945,-0.0722521544,0.871497214,-0.471616447,-0.907758117,-0.0358074568,-0.139668092,0.768856466,0.099481605,-0.00867924374,-0.0507912189,0.162463084,0.168844372,0.799868107,0.0586067848,0.00414792961,-0.144993126,0.0484527498,0.155897215,-0.0158615317,0.166675195,0.143458784,0.507236183,-0.0576451011,-0.0207964405,0.0424026512,0.40803057
-1.02799904,-1.040061,0.790253758,-0.111940347,-0.0700716078,0.870809317,-0.473550975,-0.849071801,-0.0436033644,-0.142672509,0.774224401,0.100648753,-0.00803569146,-0.159800231,0.184374273,0.138364688,0.88312161,0.0359269045,0.004209748,-0.196690843,0.0514093824,0.156300351,-0.0521121807,0.164367795,0.134378925,0.516774595,-0.00969345588,-0.0363492668,0.0213717315,0.450549662
-1.05137837,-1.07271016,0.804787278,-0.110452816,-0.0674743429,0.874015808,-0.468341619,-0.783356071,-0.0443356708,-0.148935273,0.767838776,0.103077844,-0.00746809598,-0.285968781,0.193128571,0.11060176,0.955715597,0.0125436485,0.0039289589,-0.230522349,0.0527167283,0.149568379,-0.0845479965,0.16864039,0.128134966,0.521881759,0.0397616141,-0.0527732,-0.000457098475,0.493647665
-1.07403946,-1.10422373,0.818445086,-0.108928218,-0.0646071061,0.879862547,-0.458041966,-0.712740898,-0.0420394056,-0.155683458,0.751193106,0.106018879,-0.00688777491,-0.421359986,0.193419412,0.0882707834,1.00694728,-0.0081282137,0.00338538247,-0.249282122,0.0526487194,0.140421167,-0.111574166,0.179646686,0.125150636,0.521047533,0.0874456018,-0.0736557841,-0.0243428387,0.533384144
-1.0972867,-1.13482153,0.829885125,-0.106984839,-0.061659161,0.886384904,-0.446177304,-0.637402058,-0.0358980335,-0.162179813,0.727285504,0.109063983,-0.00633431785,-0.552337468,0.190129131,0.0706781968,1.02621996,-0.021823857,0.00255665998,-0.254857033,0.0510502495,0.129543975,-0.133735955,0.192213386,0.122569293,0.515082717,0.130280212,-0.0994666219,-0.0491079539,0.569053054
-1.121261,-1.1659981,0.838695288,-0.104003817,-0.0582771301,0.892138839,-0.435746819,-0.555160582,-0.0296848137,-0.165987402,0.696970522,0.11134316,-0.00578962639,-0.661471128,0.186979204,0.0580915324,1.00519288,-0.0240332577,0.0018388821,-0.253079206,0.0486929044,0.117078505,-0.150088176,0.205709577,0.120375223,0.504537702,0.171951786,-0.129082486,-0.0746068582,0.600421906
-1.14551342,-1.19710732,0.84428823,-0.100561872,-0.0548519492,0.896256983,-0.428487867,-0.472177356,-0.0248383079,-0.167471543,0.662805259,0.112143055,-0.00528061064,-0.744649708,0.185722634,0.0515590496,0.942974865,-0.0159696583,0.00154188671,-0.247853905,0.0459754132,0.103636123,-0.163902879,0.219683051,0.118963212,0.489987373,0.213764951,-0.157952189,-0.098682642,0.627297401
-1.17077398,-1.22837567,0.845938802,-0.09594661,-0.0509570986,0.899246454,-0.423737407,-0.388318688,-0.0205166396,-0.166569918,0.628881276,0.111316033,-0.00480882265,-0.799150109,0.181850165,0.0544718169,0.850439191,-0.000213394655,0.00191694568,-0.241594553,0.0429094881,0.093353115,-0.174855754,0.23239325,0.116738915,0.472617716,0.256098449,-0.183993012,-0.120819159,0.650338292
-1.19717801,-1.25980258,0.844820738,-0.0918589607,-0.0474583954,0.900981188,-0.421357989,-0.307510048,-0.0169702899,-0.164298251,0.597487509,0.108653329,-0.00436248118,-0.830231667,0.176091507,0.0649111047,0.741169572,0.0191206653,0.00282838219,-0.235086769,0.0403830819,0.0838587508,-0.183555976,0.244347006,0.115094177,0.454675525,0.298770368,-0.20203571,-0.138149485,0.670763314
-1.22529066,-1.29166281,0.840482295,-0.0873569548,-0.0443163961,0.903023779,-0.418273628,-0.2253488,-0.012093571,-0.161550283,0.569894373,0.104575895,-0.00394134875,-0.843567431,0.167080343,0.080315724,0.630491912,0.0383740701,0.00396394497,-0.224229664,0.0396541879,0.0777774528,-0.190081999,0.254849404,0.113040693,0.437624365,0.34126091,-0.212177649,-0.15224576,0.689284503
-1.25458395,-1.32408834,0.832633376,-0.0835447088,-0.040189974,0.906064034,-0.41285944,-0.142456874,-0.0117824003,-0.156794459,0.543282688,0.0997157544,-0.00357366935,-0.848332465,0.155202568,0.0969058275,0.529338777,0.0538764074,0.00482626073,-0.206958696,0.0395140313,0.0727856085,-0.19328633,0.262912661,0.110915549,0.424178571,0.380186588,-0.214512497,-0.163322583,0.706448495
-1.28381395,-1.35724342,0.822817564,-0.0806548893,-0.0340900421,0.909674525,-0.405986369,-0.0599809922,-0.0179057308,-0.149270892,0.518011928,0.0947286859,-0.00324280234,-0.845972836,0.142837569,0.110123873,0.446389198,0.0664069206,0.00513949385,-0.181735516,0.0398262218,0.0705088899,-0.192764685,0.267552584,0.108867191,0.415279448,0.411933988,-0.212617755,-0.173082292,0.721865356
-1.31623995,-1.39122355,0.810452104,-0.077043809,-0.0271390434,0.914111376,-0.39714998,0.0215387661,-0.0249286164,-0.14300184,0.49554792,0.0910860077,-0.00297672115,-0.830164313,0.138927221,0.116093427,0.395630777,0.0795326903,0.00505273789,-0.15456596,0.040617507,0.0709114745,-0.18262884,0.26886034,0.107416503,0.413277984,0.433759093,-0.205280378,-0.180604473,0.735682249
-1.35038781,-1.42713559,0.796247363,-0.0746987835,-0.0184271298,0.919267297,-0.38604176,0.0981182456,-0.0398549549,-0.135406107,0.476118833,0.0902161896,-0.00275957002,-0.805389285,0.14162536,0.118465297,0.379494697,0.0939816535,0.00472226273,-0.127443269,0.0419031717,0.0733348131,-0.158131331,0.266256005,0.107005075,0.420255661,0.441953897,-0.197920427,-0.187308073,0.746959746
-1.38603866,-1.46351886,0.782142401,-0.0722773746,-0.00797174964,0.926074207,-0.370268911,0.167591929,-0.0628748983,-0.126623183,0.463531792,0.0931448787,-0.00257143844,-0.77418524,0.142955616,0.120526947,0.390866578,0.113061823,0.00457963301,-0.0976946503,0.0426262915,0.0768645704,-0.122126386,0.2599006,0.10732618,0.436230272,0.437753379,-0.187988296,-0.191658005,0.753933549
-1.42139983,-1.49816072,0.770152211,-0.0709490627,0.00108916801,0.934063911,-0.349985242,0.212749541,-0.0914959908,-0.117363967,0.46045813,0.101171151,-0.00245193485,-0.745638251,0.144926265,0.122118838,0.42368865,0.129192337,0.00453446573,-0.0591275059,0.0436323844,0.0829217881,-0.0796227977,0.247568563,0.106191382,0.461144269,0.416818887,-0.175099418,-0.192479357,0.754759371
-1.45503533,-1.53059912,0.772116423,-0.0709877536,0.0100767938,0.942211032,-0.327257663,0.229253575,-0.127616882,-0.105933622,0.47477147,0.113187738,-0.00228380109,-0.715145528,0.15454036,0.121174566,0.467508405,0.140551776,0.00433445815,-0.013746229,0.0423400551,0.0913618803,-0.0348234661,0.225845516,0.102495953,0.494547427,0.377330869,-0.161961854,-0.191296279,0.747502327
-1.48785925,-1.56114268,0.783577621,-0.0688156039,0.0154539337,0.94996959,-0.304275244,0.219969496,-0.158051252,-0.0944254622,0.511828303,0.121772632,-0.00215368788,-0.675738811,0.170027345,0.119214803,0.510080755,0.148401409,0.0040833517,0.0375065207,0.0407589935,0.094920978,0.0118227443,0.203336194,0.098575376,0.532637537,0.323698401,-0.147575349,-0.188380554,0.735254049
-1.51838112,-1.58889866,0.795594871,-0.0651790649,0.018531099,0.956375659,-0.284172267,0.180286035,-0.178930536,-0.0814836398,0.566081762,0.120748095,-0.00184812699,-0.626801014,0.181298509,0.120157063,0.54307878,0.15346022,0.00382804452,0.0979902819,0.0394471884,0.098845318,0.0545599759,0.185696647,0.0964712873,0.570482373,0.26370132,-0.130824029,-0.183442295,0.720445037
-1.54720128,-1.61559224,0.806745291,-0.0608590692,0.0212608948,0.960885227,-0.269339442,0.114442065,-0.191196382,-0.0662470236,0.62772882,0.11133229,-0.00110198022,-0.569467545,0.184781224,0.12529923,0.563048661,0.156748369,0.00360094057,0.159672856,0.0387129486,0.104919039,0.093003571,0.169562027,0.0951562449,0.605500102,0.202562392,-0.116749391,-0.177930385,0.704194486
-1.57505822,-1.6400429,0.815765858,-0.0574684106,0.0204215366,0.963123679,-0.262055546,0.0232311729,-0.186522558,-0.0534856766,0.686823666,0.0950819552,-0.000252316881,-0.51185137,0.187458813,0.131575614,0.567023933,0.158402786,0.00338988076,0.211523056,0.0409541875,0.106244102,0.129802123,0.159808144,0.0958186164,0.636217952,0.140400246,-0.107277676,-0.172906846,0.684718251
-1.60184455,-1.66305888,0.823220372,-0.0552355051,0.0200312603,0.963312089,-0.261873305,-0.0848647058,-0.170264974,-0.0436143093,0.73799938,0.0759793222,0.000759136106,-0.454295844,0.183734089,0.140372828,0.559722185,0.158215687,0.0031425755,0.254115582,0.0426934175,0.110805199,0.165227309,0.155418307,0.0976331457,0.662218988,0.0815849975,-0.102620237,-0.169063389,0.662074387
-1.62770331,-1.68444324,0.829360664,-0.0538944192,0.0194346011,0.9618541,-0.267496467,-0.207741767,-0.143497288,-0.0385444984,0.772898555,0.0533996932,0.00184267759,-0.395862788,0.177865669,0.149496362,0.543880939,0.155848473,0.00284765894,0.279696345,0.0419982076,0.116184659,0.19846423,0.152552798,0.0978168473,0.683570683,0.0196742248,-0.102493852,-0.165584132,0.63588208
-1.65223539,-1.70582163,0.833130956,-0.0536282733,0.0178096332,0.958984613,-0.277768582,-0.336159855,-0.113164514,-0.038972307,0.78672421,0.0325337425,0.00244776462,-0.33834064,0.171024054,0.157842562,0.520832598,0.151147351,0.00251146825,0.288851082,0.0415296108,0.121288784,0.229794562,0.148131773,0.0962737724,0.701250374,-0.0420918651,-0.105996422,-0.161621094,0.607345164
-1.67682743,-1.72666931,0.835241735,-0.0538359731,0.0149415899,0.955483079,-0.28970781,-0.457101852,-0.0877690017,-0.0427586958,0.774595499,0.0185083784,0.00202670856,-0.281912148,0.166926876,0.163612068,0.494054496,0.14411281,0.00217424007,0.285202205,0.0403166488,0.126100406,0.256927818,0.14218995,0.0939183831,0.715367138,-0.100790739,-0.112120725,-0.156428456,0.578316271
-1.70244658,-1.74878895,0.835369408,-0.0535789356,0.012001724,0.951865196,-0.301559061,-0.558712542,-0.0707004517,-0.0480053127,0.730370164,0.015162657,0.00102299079,-0.223251238,0.164176315,0.166844964,0.466675818,0.134931326,0.00184622873,0.273161411,0.0383850038,0.122445554,0.2808685,0.135420144,0.0920779631,0.726724327,-0.153899923,-0.11962264,-0.150205761,0.552072167
-1.72880602,-1.77179408,0.833419859,-0.0529511049,0.00924270414,0.948195755,-0.31310612,-0.637041569,-0.0635774583,-0.052597031,0.656371355,0.02131976,-0.000205070464,-0.162897661,0.163686365,0.168017238,0.4395006,0.124209516,0.00156337221,0.257697165,0.0374666899,0.120931722,0.302822739,0.129277423,0.0905104578,0.73540163,-0.197907329,-0.125218615,-0.142440364,0.52765429
-1.75642049,-1.7946111,0.828571498,-0.0496081449,0.00862583425,0.943959534,-0.326198041,-0.687758327,-0.0635325313,-0.0560581461,0.564496458,0.0338067226,-0.00124993292,-0.0936074182,0.164721325,0.166964695,0.41427502,0.112600699,0.00131128822,0.241211176,0.0351107046,0.123715281,0.319853336,0.123016931,0.0886356905,0.739895284,-0.235582307,-0.128596902,-0.134254649,0.504970193
-1.78504193,-1.81912708,0.82085973,-0.0466606095,0.00274863373,0.939224362,-0.340107113,-0.726621628,-0.0603107326,-0.0609097295,0.467872441,0.0474848673,-0.0019881723,-0.0278001856,0.176742733,0.16116561,0.386600375,0.10052368,0.00110046065,0.218561426,0.0358588398,0.120966263,0.33139658,0.121562876,0.0889020935,0.742674291,-0.261426181,-0.131132603,-0.126717806,0.485652447
-1.8133713,-1.84399891,0.812855363,-0.0436136276,-0.000706481514,0.933709264,-0.355365276,-0.74610275,-0.065819867,-0.0602371283,0.382658541,0.0592979118,-0.00233078119,0.0352362134,0.188089952,0.154956952,0.361596316,0.0885645524,0.000954972755,0.190331951,0.0359637551,0.120467409,0.335094482,0.119802125,0.0890132934,0.742891073,-0.278723627,-0.130287975,-0.11911685,0.469911337
-1.84217453,-1.86986959,0.803925753,-0.0411672592,-0.00470913202,0.928253233,-0.369633675,-0.742932975,-0.0756774247,-0.0556203388,0.329487562,0.0702028126,-0.00225457456,0.0930813476,0.202083722,0.148108676,0.340371132,0.0781255364,0.000837388448,0.158712864,0.0354466215,0.121594757,0.33139798,0.120004289,0.0895187408,0.74076879,-0.284320235,-0.128840432,-0.111996226,0.458838105
-1.87211239,-1.89730632,0.794984639,-0.0380689055,-0.0092789419,0.922523797,-0.383946091,-0.724383354,-0.0869000107,-0.0505945459,0.313001245,0.0837076083,-0.00181877869,0.147670224,0.217789829,0.1412597,0.325308919,0.070978865,0.000754367211,0.123422854,0.0343354121,0.126980081,0.321873039,0.120616004,0.0899207443,0.737398446,-0.279670507,-0.124799423,-0.104689844,0.452243388
-1.9040215,-1.92730296,0.787132025,-0.0337118283,-0.0135118198,0.916702688,-0.397915989,-0.693187356,-0.0995824933,-0.0467192903,0.325502276,0.0970416069,-0.0012070107,0.200905755,0.235391691,0.13463971,0.318148404,0.0682249814,0.000721372024,0.0881405175,0.0335249305,0.131154314,0.30780673,0.124029048,0.0913004279,0.732904673,-0.259955108,-0.119655639,-0.0974756479,0.452690572
-1.93746805,-1.95968306,0.781277299,-0.0276400018,-0.0174308568,0.910495639,-0.412225604,-0.66593504,-0.114230908,-0.0449615382,0.340882778,0.110395268,-0.000674719748,0.248526827,0.253817767,0.129418701,0.320851505,0.0711086467,0.000753585307,0.051030919,0.034846928,0.135054052,0.291849524,0.12661472,0.0923402905,0.72830081,-0.225556836,-0.112664513,-0.0906277671,0.460821599
-1.96999502,-1.99271584,0.779435635,-0.022716146,-0.0206512045,0.902964711,-0.428616643,-0.629981995,-0.128235862,-0.0454131328,0.364730358,0.121940754,-0.000123015998,0.277663559,0.272675991,0.125808015,0.335215569,0.0798963904,0.000865160546,0.0081838863,0.0352497436,0.138557673,0.270194978,0.128324822,0.093101941,0.723117054,-0.18074666,-0.104930669,-0.084251307,0.475757271
-2.0015204,-2.02506185,0.785575271,-0.0192900728,-0.0237077661,0.893968403,-0.447086573,-0.593033552,-0.137317076,-0.0485660471,0.390532851,0.12920174,0.000274711405,0.2789101,0.289879382,0.123647302,0.365801573,0.0925942212,0.00103697216,-0.0433076583,0.0354370624,0.143555254,0.243162125,0.130236194,0.093841061,0.716335297,-0.129579753,-0.0953291804,-0.0790280998,0.495729804
-2.03204107,-2.05468082,0.797240436,-0.0176633596,-0.0272353869,0.884507358,-0.465395421,-0.555678427,-0.140641883,-0.0540813655,0.41283977,0.131939024,0.000594799523,0.248984963,0.308262646,0.119931318,0.415962815,0.102297775,0.000805932272,-0.104642995,0.0359128267,0.149010241,0.2083029,0.134475008,0.0952808186,0.707670808,-0.0774922371,-0.0836962387,-0.0753860921,0.519276857
-2.06217122,-2.08353066,0.808053255,-0.0162849724,-0.0292748753,0.876312077,-0.480577677,-0.516499043,-0.140474424,-0.0611787774,0.433310866,0.13148573,0.000836264691,0.193281218,0.322256327,0.113466419,0.482140809,0.100268289,-0.000328138005,-0.169832528,0.0382091627,0.15156588,0.168839216,0.140770152,0.0973411947,0.698248744,-0.0262815654,-0.0742238611,-0.0755947158,0.546318173
-2.09125185,-2.11082149,0.818852782,-0.0149496561,-0.0308202635,0.870664477,-0.490683138,-0.472627223,-0.134436101,-0.0707532391,0.448322237,0.128997043,0.000999805401,0.111843258,0.324780822,0.104724102,0.554405749,0.0873691961,-0.00254064309,-0.232273653,0.0414215885,0.150414482,0.126222163,0.149192452,0.100531764,0.688247561,0.0232099872,-0.0661201924,-0.0795493051,0.576268196
-2.11840272,-2.13626957,0.828035533,-0.0137634724,-0.0317466855,0.868367732,-0.494712263,-0.428444624,-0.124762721,-0.0817696676,0.45606795,0.125274852,0.00110119127,0.00837958511,0.309288979,0.0962502882,0.628958821,0.0660494193,-0.00603057072,-0.281244695,0.0446654521,0.14787671,0.0822179094,0.160677731,0.104451604,0.676195025,0.0720819458,-0.0604975745,-0.0866815746,0.608043492
-2.14595485,-2.16497707,0.836230159,-0.0122145005,-0.0304247402,0.869834423,-0.492253214,-0.374159604,-0.1154553,-0.0920899585,0.460559905,0.12045861,0.00123318436,-0.0969826281,0.281008899,0.0910368413,0.701899588,0.0438772514,-0.00947434362,-0.31402871,0.0464024395,0.139288902,0.0414888971,0.173652947,0.108413711,0.663162172,0.121661708,-0.0605459921,-0.0972467884,0.639175594
-2.1719892,-2.19051909,0.842306197,-0.012456743,-0.0297307018,0.874596119,-0.483779311,-0.323129296,-0.103030503,-0.102418654,0.456594288,0.114019424,0.00136528176,-0.21960339,0.239621237,0.0905293822,0.761778653,0.0201956257,-0.0134985829,-0.327525914,0.0474357232,0.131589726,0.0014398928,0.188882738,0.112338178,0.647030354,0.1688651,-0.06423527,-0.109447211,0.667440593
-2.19639778,-2.21586251,0.846255302,-0.0144136092,-0.0286550578,0.88153553,-0.471026778,-0.27198869,-0.0928951055,-0.110626094,0.446110249,0.10623087,0.00150055846,-0.34465909,0.196733892,0.0944073424,0.800164998,0.00176311645,-0.0162232108,-0.321870208,0.0472282134,0.124988347,-0.0387838967,0.203741163,0.115045287,0.627346396,0.211609662,-0.0713085905,-0.121971391,0.691314757
-2.22060657,-2.23980975,0.847901225,-0.0187013578,-0.0283919461,0.889077961,-0.4564915,-0.223724201,-0.0858465806,-0.116139747,0.430079788,0.0968645811,0.00163869129,-0.467067599,0.158773363,0.102303155,0.806611955,-0.00800953712,-0.0173995532,-0.301491022,0.0469649248,0.117928654,-0.0792166516,0.219236508,0.116837479,0.603078723,0.250496387,-0.0790025145,-0.133251593,0.710156977
-2.2451458,-2.26411366,0.848023891,-0.0234202277,-0.0269972719,0.895816922,-0.442983747,-0.174027741,-0.0821309686,-0.118883938,0.411132574,0.0860778317,0.00177577441,-0.569249213,0.128959075,0.113175794,0.77457571,-0.00617752224,-0.0166445784,-0.27243492,0.045394823,0.110984147,-0.115753531,0.23239623,0.116746008,0.576667666,0.287297785,-0.0843511596,-0.142385393,0.724607944
-2.27050018,-2.28849626,0.845980525,-0.0269215759,-0.0245219171,0.902012944,-0.430170357,-0.121168107,-0.0824175179,-0.118601941,0.391998649,0.0744370297,0.00186128169,-0.643677413,0.109864332,0.125341058,0.710837007,0.00580477342,-0.0147074172,-0.239428312,0.0428678989,0.103470013,-0.149207428,0.24377425,0.115669563,0.549264967,0.320985407,-0.0870049894,-0.149756491,0.736046374
-2.29662776,-2.31409478,0.842273474,-0.0304168072,-0.0244291611,0.90787816,-0.417415053,-0.0694888979,-0.0803697258,-0.117800593,0.373529762,0.0624041185,0.00194485288,-0.697533071,0.10270524,0.13620688,0.622685492,0.022628298,-0.0124366041,-0.21098882,0.0440825596,0.0940767974,-0.172890022,0.250443757,0.113171592,0.52488929,0.349917352,-0.0875539109,-0.155658364,0.744543374
-2.32367849,-2.3396306,0.8371315,-0.0335434787,-0.0241444111,0.91418618,-0.403181672,-0.0191017687,-0.0783061013,-0.116075896,0.357734889,0.0504752025,0.00203367509,-0.731824398,0.105596095,0.142653197,0.528446198,0.0396247543,-0.0104828989,-0.181996465,0.0448983535,0.0866308734,-0.187590182,0.254840374,0.110554919,0.503138661,0.372418463,-0.0854760036,-0.159879684,0.750673711
-2.35200572,-2.36489654,0.830427647,-0.0363177434,-0.0230378434,0.920961142,-0.38727361,0.0304654445,-0.0797383264,-0.112672091,0.345441878,0.0394705385,0.00204944494,-0.74675113,0.115389243,0.143435583,0.443633169,0.0527281053,-0.00907989778,-0.149986908,0.0462061875,0.0828605667,-0.193386003,0.258065581,0.108533986,0.485753447,0.386546046,-0.0806050524,-0.162610829,0.753504217
-2.38103437,-2.39086938,0.82279861,-0.0398549587,-0.0215160735,0.927469194,-0.371146262,0.0785282925,-0.0859957859,-0.107529953,0.33568415,0.0300180409,0.0020145888,-0.740124047,0.131094709,0.139115781,0.381416976,0.0642115623,-0.00814195443,-0.11755842,0.0475860387,0.0797669068,-0.190133199,0.259645909,0.106934674,0.473809868,0.391717255,-0.0760437101,-0.164639696,0.75361371
-2.41270137,-2.4179635,0.814399362,-0.0418817922,-0.0188733656,0.933680296,-0.35514909,0.123762213,-0.0947752893,-0.102145933,0.332402766,0.0231359228,0.0019464487,-0.715956092,0.151653677,0.131960392,0.355533421,0.0791544914,-0.00739522139,-0.0881823227,0.049109742,0.0770048946,-0.172344446,0.259440154,0.106071919,0.470556647,0.390212059,-0.073000744,-0.166504264,0.751718044
-2.44559789,-2.44673467,0.804779887,-0.0440355726,-0.0136184543,0.939913332,-0.338287503,0.169849694,-0.111166924,-0.09476199,0.332751483,0.0206929501,0.00186006702,-0.689264476,0.167854592,0.127475783,0.352558166,0.0976673216,-0.00667163497,-0.0608735308,0.0505260602,0.0772647783,-0.144909754,0.256055862,0.105701715,0.476496398,0.38030833,-0.0700153187,-0.168103859,0.747278988
-2.47965288,-2.4771812,0.797059238,-0.0452567674,-0.00919089559,0.946607769,-0.319062948,0.209010184,-0.128986597,-0.0881511346,0.338795692,0.0237986818,0.00169661455,-0.66505605,0.178768784,0.126353338,0.36491102,0.116895139,-0.00579349604,-0.0322488807,0.0497092642,0.0772389472,-0.108640552,0.248148367,0.105196677,0.491666079,0.362517983,-0.0689205006,-0.169315904,0.74194473
-2.51348925,-2.50657034,0.793079674,-0.0467580073,-0.00418960908,0.953270793,-0.298447579,0.228196338,-0.150048599,-0.0813623294,0.35546568,0.0328671709,0.00149899477,-0.634470463,0.189406544,0.125874847,0.390216321,0.131421253,-0.00517654931,0.00275817583,0.0490548238,0.0813472047,-0.0678986385,0.234719723,0.103810988,0.514706194,0.333418369,-0.0683533028,-0.17003049,0.734156549
-2.54645729,-2.53479147,0.786933422,-0.0480681993,-0.000293157093,0.959644139,-0.277078688,0.222058877,-0.16964823,-0.0750071928,0.384739399,0.0457217284,0.00130268256,-0.599887967,0.20047535,0.125884086,0.416924626,0.142563432,-0.00469795521,0.0436567739,0.04797538,0.0860074982,-0.0251986124,0.217246875,0.101469412,0.544267237,0.295538336,-0.0671963021,-0.169837281,0.724371314
-2.57753038,-2.56117392,0.797729731,-0.0489597358,0.00107337907,0.964932382,-0.257890195,0.18452628,-0.180570096,-0.0694615915,0.426956266,0.0518662669,0.00132212148,-0.561054707,0.209741682,0.126956239,0.439232618,0.150109544,-0.00427334011,0.0924607813,0.0458287261,0.092078276,0.0139539149,0.199087173,0.0994201973,0.576179385,0.249190167,-0.0646762103,-0.168319523,0.712069929
-2.60597634,-2.58684063,0.807228863,-0.0522548854,0.0016412338,0.968339622,-0.244100571,0.115592636,-0.183509648,-0.0627515689,0.479582459,0.0478915535,0.00189903344,-0.524956644,0.213087618,0.130811498,0.453728229,0.154808313,-0.00391158368,0.146548137,0.043676462,0.103125088,0.0490664989,0.179703668,0.0951353163,0.60598743,0.201225296,-0.0622740947,-0.16624552,0.69418025
-2.63428617,-2.61051297,0.815801144,-0.0538852327,-0.000173010005,0.969870627,-0.237586588,0.0282640513,-0.168352127,-0.0572187603,0.537257731,0.0339427814,0.00302671688,-0.486290663,0.215796083,0.135298297,0.461880088,0.157309294,-0.00359147228,0.19506672,0.0413089469,0.107736304,0.0747669712,0.164109141,0.0920051709,0.63203752,0.151228964,-0.0622883476,-0.164274648,0.675176024
-2.66172481,-2.63368583,0.822852612,-0.0548207797,-0.00225522905,0.969516695,-0.238803267,-0.0772154629,-0.142878115,-0.0519622788,0.593058467,0.0128920516,0.004490091,-0.446574956,0.215053886,0.141879007,0.464726567,0.158278883,-0.00333067006,0.230725721,0.0402333401,0.110410728,0.1045008,0.15179953,0.0888646096,0.655797422,0.101645388,-0.0654840022,-0.162596434,0.654918969
-2.68711352,-2.65531731,0.828318954,-0.0562545173,-0.00405741576,0.967726231,-0.245611489,-0.198013499,-0.108503915,-0.048335433,0.639647424,-0.0112914005,0.00614464795,-0.405685365,0.209554061,0.150039852,0.461098045,0.157610714,-0.00314563303,0.251132935,0.0395288691,0.114822179,0.135399535,0.143246129,0.0853172839,0.675539792,0.050763052,-0.0732164308,-0.161581859,0.631449938
-2.7139101,-2.67957902,0.832859576,-0.0572510138,-0.00395408226,0.964318633,-0.258449614,-0.321362913,-0.0766887739,-0.0453029126,0.672203064,-0.0329818688,0.0074938233,-0.359583527,0.197155207,0.159845501,0.45668757,0.154627562,-0.00306735071,0.256965011,0.0380044915,0.113509886,0.168878123,0.132118896,0.0803140178,0.693361878,0.00417670934,-0.0846499056,-0.160861135,0.607180297
-2.73873901,-2.70117164,0.835296929,-0.0599930026,-0.00797453523,0.960592568,-0.271291554,-0.44490099,-0.0415629596,-0.0469767563,0.680170834,-0.0458126254,0.00734596001,-0.317004591,0.191147566,0.16605708,0.444713742,0.14954339,-0.00297256163,0.248022184,0.0386437289,0.114194915,0.199133381,0.121943228,0.0748587325,0.70788908,-0.0434642024,-0.0973384008,-0.159035325,0.58210814
-2.76476073,-2.72496891,0.836738765,-0.0608619042,-0.00973439962,0.937853038,-0.341515332,-0.554694593,-0.0162588377,-0.0491796471,0.658062875,-0.0490344502,0.00666270358,-0.26817742,0.183066964,0.171535373,0.431437731,0.142813727,-0.0029042277,0.22838372,0.0403793938,0.116092719,0.225183547,0.111937679,0.069081299,0.722394586,-0.0885820165,-0.108547546,-0.155667648,0.55748713
